player_id,player,season_window,attempts,mean_sdi,actual_rate,expected_rate,residual,sport,position_group
201566,Russell Westbrook,2014-2024,13340,0.4374655140411694,0.44130434782608696,0.4696841316322826,-0.028379783806195658,NBA,G
203081,Damian Lillard,2014-2024,12796,0.4951223840031449,0.4394341981869334,0.43242877876781005,0.00700541941912336,NBA,G
201935,James Harden,2014-2024,12752,0.4746796209660197,0.43914680050188204,0.4335958646471244,0.005550935854757633,NBA,G
201942,DeMar DeRozan,2014-2024,12706,0.46730818791621626,0.47686132535809855,0.44491962599958146,0.031941699358517095,NBA,F
2544,LeBron James,2014-2024,12420,0.4113058132094503,0.519645732689211,0.4869992289670749,0.03264650372213607,NBA,F
201939,Stephen Curry,2014-2024,11832,0.5083997201007311,0.47549019607843135,0.40702884085257096,0.06846135522586039,NBA,G
203507,Giannis Antetokounmpo,2014-2024,11829,0.3453711792880305,0.5491588469016823,0.544608721788506,0.004550125113176318,NBA,F
203468,CJ McCollum,2014-2024,11644,0.47739723085008307,0.45439711439367914,0.4251112680680726,0.029285846325606546,NBA,G
202696,Nikola Vučević,2014-2024,11296,0.3995812000684323,0.49309490084985835,0.45773315989705615,0.0353617409528022,NBA,C
203078,Bradley Beal,2014-2024,11131,0.46145055506766014,0.4704878267900458,0.4438834730247081,0.026604353765337707,NBA,G
203076,Anthony Davis,2014-2024,10896,0.38027695573931397,0.5245961820851689,0.5124186695690945,0.012177512516074351,NBA,F
203952,Andrew Wiggins,2014-2024,10874,0.43454789404172045,0.44942063638035684,0.4601985166599592,-0.010777880279602359,NBA,F
1626164,Devin Booker,2014-2024,10805,0.48350247323560114,0.46385932438685795,0.42940936028245213,0.03444996410440582,NBA,G
202681,Kyrie Irving,2014-2024,10311,0.4669800684639792,0.4823004558238774,0.4310881133155385,0.05121234250833895,NBA,G
202331,Paul George,2014-2024,10296,0.48198128611515734,0.44376456876456877,0.4256131026852563,0.01815146607931245,NBA,F
202699,Tobias Harris,2014-2024,10163,0.42354532591819977,0.4810587424972941,0.4603491881295449,0.020709554367749183,NBA,F
203903,Jordan Clarkson,2014-2024,9682,0.4603665865879461,0.43823590167320803,0.43349217818054386,0.004743723492664165,NBA,G
203999,Nikola Jokić,2014-2024,9676,0.37943082179730486,0.5577718065316246,0.46895294361713696,0.08881886291448765,NBA,C
202691,Klay Thompson,2014-2024,9598,0.4843989904451387,0.45936653469472805,0.4102257896471727,0.049140745047555334,NBA,G
201142,Kevin Durant,2014-2024,9495,0.47097255990159254,0.5238546603475513,0.4420242066600169,0.08183045368753444,NBA,F
203944,Julius Randle,2014-2024,9445,0.4062938026467046,0.47019587083112757,0.4789307713584619,-0.008734900527334333,NBA,F
1626157,Karl-Anthony Towns,2014-2024,9208,0.3883092336730296,0.5235664639443962,0.48410596446636006,0.03946049947803615,NBA,C
201950,Jrue Holiday,2014-2024,9183,0.4377846924586483,0.47348361102036374,0.44884850625215295,0.02463510476821079,NBA,G
203897,Zach LaVine,2014-2024,9108,0.4592261993446583,0.4640974967061924,0.46078802842580713,0.0033094682803852526,NBA,G
1628378,Donovan Mitchell,2014-2024,9085,0.4706921291423964,0.45052283984589986,0.43483036774951195,0.01569247209638791,NBA,G
202710,Jimmy Butler III,2014-2024,8992,0.4351419109350009,0.47631227758007116,0.4767081268809528,-0.0003958493008816566,NBA,F
203471,Dennis Schröder,2014-2024,8915,0.4557708045575878,0.4348850252383623,0.44544552815741995,-0.010560502919057635,NBA,G
1628369,Jayson Tatum,2014-2024,8851,0.45846611151348243,0.4602869732233646,0.4559742064094827,0.004312766813881874,NBA,F
203114,Khris Middleton,2014-2024,8758,0.4817267587627403,0.46163507650148433,0.4209694901128219,0.04066558638866241,NBA,F
202689,Kemba Walker,2014-2024,8743,0.47110338971680066,0.4249113576575546,0.4260023159237955,-0.0010909582662408934,NBA,G
203084,Harrison Barnes,2014-2024,8513,0.4398182078299242,0.46211676259837897,0.45608163250405054,0.006035130094328434,NBA,F
1626156,D'Angelo Russell,2014-2024,8509,0.4776959652753313,0.4298977553178987,0.41104856100585274,0.018849194312045958,NBA,G
202711,Bojan Bogdanovic,2014-2024,8422,0.4571511663765502,0.4596295416765614,0.44010110391111523,0.01952843776544616,NBA,Unknown
202695,Kawhi Leonard,2014-2024,8418,0.461489383051406,0.4977429318127821,0.4465633209007674,0.05117961091201473,NBA,F
1629029,Luka Dončić,2014-2024,8152,0.4874640584888352,0.4697006869479882,0.4250893593316191,0.0446113276163691,NBA,G
101108,Chris Paul,2014-2024,8141,0.5039572132019893,0.469475494411006,0.39795011757613846,0.07152537683486754,NBA,G
1627741,Buddy Hield,2014-2024,8099,0.49443287672538,0.43412767008272624,0.41167441865359355,0.02245325142913268,NBA,G
202704,Reggie Jackson,2014-2024,8000,0.4522200963808402,0.422625,0.4345871154139437,-0.011962115413943708,NBA,G
201572,Brook Lopez,2014-2024,7891,0.3978529124946692,0.4873906982638449,0.46463133017028907,0.022759368093555832,NBA,C
203501,Tim Hardaway Jr.,2014-2024,7799,0.48565658125849925,0.41697653545326324,0.42053091827547806,-0.003554382822214819,NBA,G
203954,Joel Embiid,2014-2024,7797,0.4089664987257596,0.5036552520200077,0.46947846906979873,0.034176782950208984,NBA,C
1627759,Jaylen Brown,2014-2024,7756,0.4334905553642338,0.48104693140794225,0.4619247038059992,0.019122227601943043,NBA,G
200746,LaMarcus Aldridge,2014-2024,7722,0.42349370696494976,0.49844599844599846,0.4604926583716567,0.03795334007434176,NBA,F
1628368,De'Aaron Fox,2014-2024,7673,0.44439035761574985,0.4703505799556888,0.4460391553089373,0.02431142464675151,NBA,G
200768,Kyle Lowry,2014-2024,7665,0.4868106685577754,0.4277886497064579,0.4138816697475461,0.013906979958911825,NBA,G
1629027,Trae Young,2014-2024,7559,0.4758276946104273,0.43643339066014025,0.42359424095560716,0.012839149704533093,NBA,G
203484,Kentavious Caldwell-Pope,2014-2024,7432,0.47660050505829205,0.4290904198062433,0.4267548986106048,0.0023355211956385125,NBA,G
1626179,Terry Rozier,2014-2024,7409,0.47535079348920106,0.42029963557835065,0.4278265991756492,-0.007526963597298542,NBA,G
203083,Andre Drummond,2014-2024,7408,0.2741745967047192,0.531317494600432,0.5874125445634426,-0.056095049963010624,NBA,C
1627783,Pascal Siakam,2014-2024,7399,0.4073006819620619,0.49709420191917825,0.47370698183670623,0.023387220082472016,NBA,F
1627742,Brandon Ingram,2014-2024,7113,0.45598485468200184,0.46871924645016166,0.44891852895820805,0.019800717491953612,NBA,F
202694,Marcus Morris Sr.,2014-2024,7102,0.4890647247885623,0.43537031822021965,0.4094916410723825,0.025878677147837148,NBA,F
203932,Aaron Gordon,2014-2024,7098,0.3901503994922426,0.4805579036348267,0.5140952522464234,-0.033537348611596685,NBA,F
203095,Evan Fournier,2014-2024,7063,0.45973211625662097,0.4413138892821747,0.4293418577391235,0.01197203154305121,NBA,G
201144,Mike Conley,2014-2024,7046,0.465016770582086,0.4378370706783991,0.42270281682016786,0.01513425385823125,NBA,G
202685,Jonas Valančiūnas,2014-2024,6988,0.31689223841704217,0.563966800228964,0.5220070078407517,0.041959792388212236,NBA,C
2546,Carmelo Anthony,2014-2024,6970,0.4944751036796225,0.4279770444763271,0.4199751814410646,0.008001863035262513,NBA,F
202330,Gordon Hayward,2014-2024,6948,0.44685500793637806,0.4618595279217041,0.4460818579396266,0.01577766998207747,NBA,F
101150,Lou Williams,2014-2024,6940,0.48063976207318765,0.41887608069164267,0.4276172028772745,-0.008741122185631833,NBA,G
1628398,Kyle Kuzma,2014-2024,6862,0.4428881644909544,0.45118041387350627,0.44997555763020264,0.0012048562433036314,NBA,F
201569,Eric Gordon,2014-2024,6808,0.462981862788502,0.42303172737955347,0.42138812226172323,0.001643605117830238,NBA,G
204001,Kristaps Porziņģis,2014-2024,6788,0.4224245457160524,0.4591926929876252,0.45767394381953463,0.001518749168090583,NBA,F
201143,Al Horford,2014-2024,6771,0.4148706481156807,0.4934278540835918,0.4576517518161044,0.0357761022674874,NBA,F
1627750,Jamal Murray,2014-2024,6628,0.4736561125891761,0.45217260108630053,0.4307818657489863,0.021390735337314226,NBA,G
203924,Jerami Grant,2014-2024,6510,0.4206784577896973,0.4543778801843318,0.48418968779940225,-0.029811807615070463,NBA,F
1626162,Kelly Oubre Jr.,2014-2024,6463,0.4249593784424464,0.43478260869565216,0.4758010088140055,-0.04101840011835334,NBA,F
202339,Eric Bledsoe,2014-2024,6392,0.43097246988592275,0.4538485607008761,0.449921964058643,0.0039265966422331045,NBA,G
1627734,Domantas Sabonis,2014-2024,6373,0.32707185570335146,0.5556252942099482,0.5217432931684819,0.033882001041466325,NBA,C
201567,Kevin Love,2014-2024,6330,0.46086275928308773,0.4287519747235387,0.42607161418998307,0.002680360533555637,NBA,F
1627749,Dejounte Murray,2014-2024,6259,0.4444494108419125,0.4590190126218246,0.44467797694513833,0.014341035676686265,NBA,G
202322,John Wall,2014-2024,6232,0.44636481568645553,0.4321245186136072,0.4566566544745495,-0.024532135860942328,NBA,G
201609,Goran Dragic,2014-2024,6212,0.4401528949858253,0.4578235672891178,0.44548426901160926,0.01233929827750857,NBA,G
201152,Thaddeus Young,2014-2024,6164,0.35599057792259164,0.5069759896171318,0.5006448191491152,0.006331170468016567,NBA,F
201933,Blake Griffin,2014-2024,6158,0.4045526751972617,0.4655732380643066,0.4764841733340275,-0.010910935269720867,NBA,F
1628983,Shai Gilgeous-Alexander,2014-2024,6136,0.45080320130800683,0.49657757496740546,0.4600418343982983,0.036535740569107134,NBA,G
203506,Victor Oladipo,2014-2024,6131,0.44693752819544463,0.4390800848148752,0.45244495171397625,-0.013364866899101047,NBA,G
203115,Will Barton,2014-2024,6096,0.4392745771200448,0.43323490813648297,0.4519458936651399,-0.01871098552865691,NBA,G
1627832,Fred VanVleet,2014-2024,6054,0.5016565483590775,0.40370003303600926,0.4125505478337418,-0.008850514797732523,NBA,G
1626171,Bobby Portis,2014-2024,6029,0.42121087421594977,0.4791839442693647,0.4578742826072178,0.021309661662146928,NBA,F
1626167,Myles Turner,2014-2024,5802,0.3997323955709134,0.5017235436056532,0.47103761311285874,0.030685930492794444,NBA,C
201565,Derrick Rose,2014-2024,5761,0.429108804045709,0.4520048602673147,0.4585454650385509,-0.006540604771236247,NBA,G
203082,Terrence Ross,2014-2024,5751,0.5026497515962826,0.4192314380107807,0.40688725996749675,0.012344178043283971,NBA,F
202326,DeMarcus Cousins,2014-2024,5694,0.3676916329392951,0.4582016157358623,0.4906186952565272,-0.03241707952066486,NBA,C
201145,Jeff Green,2014-2024,5667,0.422130191636692,0.45738485971413445,0.47397567558403186,-0.016590815869897413,NBA,F
203915,Spencer Dinwiddie,2014-2024,5653,0.4721423670189224,0.41411639837254555,0.4375574906552915,-0.023441092282745934,NBA,G
200752,Rudy Gay,2014-2024,5644,0.44379387279079124,0.4528703047484054,0.4509665299500593,0.0019037747983460807,NBA,F
201586,Serge Ibaka,2014-2024,5636,0.41317282757597695,0.494499645138396,0.45852882274719325,0.03597082239120275,NBA,F
1630162,Anthony Edwards,2014-2024,5555,0.46241816651792295,0.44626462646264625,0.45710280495976696,-0.01083817849712071,NBA,G
203935,Marcus Smart,2014-2024,5536,0.46948758052650713,0.3885476878612717,0.41896048487937776,-0.030412797018106064,NBA,G
1628374,Lauri Markkanen,2014-2024,5507,0.42991302553650285,0.45905211548937713,0.4577106480556358,0.0013414674337413057,NBA,F
203109,Jae Crowder,2014-2024,5457,0.47824211502438846,0.41836173721825176,0.4222862931100606,-0.003924555891808845,NBA,F
1627747,Caris LeVert,2014-2024,5437,0.4465098171060649,0.4327754276255288,0.450976186391782,-0.01820075876625321,NBA,G
1628973,Jalen Brunson,2014-2024,5431,0.46662153985647414,0.4890443748849199,0.43240557063599994,0.05663880424891998,NBA,G
200755,JJ Redick,2014-2024,5423,0.5042995584190267,0.45509865388161536,0.39280918959060523,0.06228946429101012,NBA,G
203496,Robert Covington,2014-2024,5377,0.4578879667008436,0.4097080156220941,0.4243043074646925,-0.014596291842598419,NBA,F
203992,Bogdan Bogdanović,2014-2024,5344,0.49159789219458594,0.436938622754491,0.40735833694235346,0.029580285812137563,NBA,G
1626196,Josh Richardson,2014-2024,5323,0.46950547035402196,0.42908134510614315,0.42321411869049014,0.005867226415653015,NBA,G
203497,Rudy Gobert,2014-2024,5315,0.22523221653800737,0.6571966133584196,0.6901092122109821,-0.03291259885256248,NBA,C
1627763,Malcolm Brogdon,2014-2024,5293,0.44033796851748297,0.4643869261288494,0.4587194122283294,0.005667513900520005,NBA,G
201188,Marc Gasol,2014-2024,5272,0.4223924507747483,0.4554248861911988,0.4379932340034751,0.01743165218772369,NBA,C
203991,Clint Capela,2014-2024,5238,0.22297604718802866,0.6208476517754868,0.6506473235256144,-0.029799671750127543,NBA,C
201988,Patty Mills,2014-2024,5235,0.5202082276484358,0.4160458452722063,0.3973412925593214,0.018704552712884903,NBA,G
1628389,Bam Adebayo,2014-2024,5205,0.32454765556322684,0.5487031700288184,0.540980690009494,0.007722480019324407,NBA,C
203914,Gary Harris,2014-2024,5184,0.44751238448344827,0.44753086419753085,0.4550696517621655,-0.007538787564634664,NBA,G
201587,Nicolas Batum,2014-2024,5176,0.4847179671871666,0.42523183925811436,0.41746473002835044,0.007767109229763924,NBA,F
201568,Danilo Gallinari,2014-2024,5169,0.4689853691918743,0.4329657573998839,0.4302826025412821,0.0026831548586018217,NBA,F
203482,Kelly Olynyk,2014-2024,5146,0.42290020118782706,0.4879518072289157,0.4545869809669995,0.03336482626191617,NBA,F
1628415,Dillon Brooks,2014-2024,5135,0.44814178857639025,0.4169425511197663,0.4340756111336012,-0.01713306001383491,NBA,F
203110,Draymond Green,2014-2024,5074,0.38324248289108276,0.4619629483642097,0.4817902174495166,-0.01982726908530691,NBA,F
1628969,Mikal Bridges,2014-2024,5058,0.45473745204965715,0.4804270462633452,0.44704495613811296,0.033382090125232244,NBA,F
1629012,Collin Sexton,2014-2024,5054,0.42626347948910903,0.46853977047882867,0.45602001359794486,0.012519756880883803,NBA,G
1629628,RJ Barrett,2014-2024,5037,0.40846193494739924,0.4351796704387532,0.4774776773801658,-0.04229800694141256,NBA,F
1626181,Norman Powell,2014-2024,5024,0.44999147730982547,0.46894904458598724,0.4591449483021434,0.009804096283843822,NBA,F
203994,Jusuf Nurkić,2014-2024,5001,0.30846587741542353,0.5032993401319736,0.5391766514468176,-0.03587731131484395,NBA,C
202693,Markieff Morris,2014-2024,4978,0.4354368919080536,0.44656488549618323,0.451523371103624,-0.004958485607440777,NBA,F
202083,Wesley Matthews,2014-2024,4977,0.4967648543998994,0.3996383363471971,0.4042974343509474,-0.004659098003750306,NBA,G
200794,Paul Millsap,2014-2024,4971,0.4065635949323377,0.46710923355461675,0.47428669901005177,-0.007177465455435017,NBA,F
202397,Ish Smith,2014-2024,4970,0.44128365248036594,0.4340040241448692,0.44805329128873805,-0.014049267143868838,NBA,G
202340,Avery Bradley,2014-2024,4942,0.4634583740180951,0.43261837312828816,0.43101679593584424,0.0016015771924439148,NBA,G
2548,Dwyane Wade,2014-2024,4863,0.4381137433706868,0.44787168414558914,0.45842750654196734,-0.0105558223963782,NBA,G
1628381,John Collins,2014-2024,4849,0.35068862330528194,0.5477418024334915,0.5358193824111858,0.011922420022305702,NBA,F
202738,Isaiah Thomas,2014-2024,4801,0.4559925664153357,0.42741095605082274,0.43706987065807434,-0.0096589146072516,NBA,G
201952,Jeff Teague,2014-2024,4765,0.4162516334503044,0.44260230849947535,0.45840750925235035,-0.015805200752875004,NBA,G
202683,Enes Freedom,2014-2024,4749,0.3066988790755014,0.560328490208465,0.5375745829498958,0.022753907258569184,NBA,C
202692,Alec Burks,2014-2024,4727,0.4757168492192776,0.4034271207954305,0.42938705395373983,-0.0259599331583093,NBA,G
201937,Ricky Rubio,2014-2024,4709,0.47492593392604404,0.3935018050541516,0.42919165558515043,-0.03568985053099882,NBA,G
203200,Justin Holiday,2014-2024,4677,0.49237296918124085,0.4011118238186872,0.4215360567158352,-0.02042423289714801,NBA,F
203901,Elfrid Payton,2014-2024,4665,0.3749742221772332,0.44715969989281884,0.4887465435463183,-0.04158684365349946,NBA,G
1629636,Darius Garland,2014-2024,4644,0.4681392153709872,0.44810508182601205,0.4308083907977883,0.017296691028223732,NBA,G
1627736,Malik Beasley,2014-2024,4631,0.4911712292710347,0.4249622111854891,0.41576032669271384,0.009201884492775259,NBA,G
2772,Trevor Ariza,2014-2024,4617,0.46093311858458624,0.4080571799870045,0.4431737569570268,-0.035116576970022295,NBA,F
203926,Doug McDermott,2014-2024,4606,0.4416682319101078,0.4715588363004776,0.44371729051929626,0.027841545781181365,NBA,F
202355,Hassan Whiteside,2014-2024,4530,0.29306735128572803,0.5865342163355408,0.5750452008458576,0.011489015489683174,NBA,C
1629673,Jordan Poole,2014-2024,4498,0.4900151706294034,0.4192974655402401,0.41848430632246864,0.0008131592177714753,NBA,G
1628991,Jaren Jackson Jr.,2014-2024,4434,0.3908213566754884,0.4603067207938656,0.4736722939714317,-0.013365573177566092,NBA,F
204060,Joe Ingles,2014-2024,4432,0.4954642811991135,0.44765342960288806,0.41011822126042047,0.037535208342467596,NBA,F
202709,Cory Joseph,2014-2024,4418,0.45917166230145345,0.4416025350837483,0.43654860032103737,0.005053934762710932,NBA,G
1628370,Malik Monk,2014-2024,4413,0.4743870409037872,0.43258554271470656,0.43808312822147155,-0.00549758550676499,NBA,G
203500,Steven Adams,2014-2024,4399,0.25211924507077205,0.5908160945669471,0.5988825703719551,-0.008066475805008078,NBA,C
203933,T.J. Warren,2014-2024,4374,0.41160289342983297,0.5029721079103795,0.4717238525409412,0.031248255369438316,NBA,F
1629028,Deandre Ayton,2014-2024,4355,0.3276228357639651,0.5935706084959816,0.5320114031095969,0.06155920538638471,NBA,C
203085,Austin Rivers,2014-2024,4351,0.44758576071470024,0.4247299471385888,0.44513048577374814,-0.020400538635159338,NBA,G
1629630,Ja Morant,2014-2024,4318,0.40257681803920214,0.4745252431681334,0.4845409965677187,-0.010015753399585325,NBA,G
1628970,Miles Bridges,2014-2024,4310,0.42235009075409236,0.46960556844547563,0.48654624252285333,-0.016940674077377704,NBA,F
203490,Otto Porter Jr.,2014-2024,4283,0.45851543365702796,0.47980387578799905,0.4323850441686337,0.04741883161936533,NBA,F
201980,Danny Green,2014-2024,4277,0.49311793200079895,0.4133738601823708,0.4088464434926868,0.004527416689684038,NBA,G
1627752,Taurean Prince,2014-2024,4261,0.4676941025594085,0.42407885472893686,0.43243202069673947,-0.008353165967802612,NBA,F
1629639,Tyler Herro,2014-2024,4197,0.5007347947589508,0.4381701215153681,0.41542217792422503,0.02274794359114307,NBA,G
202324,Derrick Favors,2014-2024,4197,0.3204699730403714,0.5477722182511318,0.5467305225542437,0.0010416956968880564,NBA,F
1628989,Kevin Huerter,2014-2024,4184,0.47293116141457775,0.4435946462715105,0.41498922043630254,0.028605425835207976,NBA,G
203145,Kent Bazemore,2014-2024,4166,0.4478778411410033,0.41334613538166104,0.45126329410877614,-0.0379171587271151,NBA,G
203087,Jeremy Lamb,2014-2024,4164,0.4454145309889683,0.44188280499519694,0.4388041284573397,0.003078676537857261,NBA,G
1629632,Coby White,2014-2024,4141,0.4733455383264274,0.42743298720115913,0.4293250267422118,-0.0018920395410526591,NBA,G
1629018,Gary Trent Jr.,2014-2024,4053,0.505981393074754,0.41968911917098445,0.4089744045596081,0.010714714611376353,NBA,G
1626149,Montrezl Harrell,2014-2024,4049,0.28432362969186326,0.6189182514201037,0.6062141946575358,0.012704056762567917,NBA,G
201577,Robin Lopez,2014-2024,4045,0.3342524798586187,0.5414091470951793,0.510229591024101,0.03117955607107825,NBA,C
203486,Mason Plumlee,2014-2024,4025,0.2640631114595845,0.5893167701863354,0.6201957653188096,-0.030878995132474163,NBA,C
203918,Rodney Hood,2014-2024,4023,0.4744953426304035,0.41958737260750684,0.4142720874694105,0.005315285138096315,NBA,G
203967,Dario Šarić,2014-2024,3989,0.4148127653497897,0.4424667836550514,0.4437763256216425,-0.00130954196659111,NBA,F
204456,T.J. McConnell,2014-2024,3988,0.43588656817557025,0.5157973921765295,0.4534865789655367,0.062310813210992855,NBA,G
1717,Dirk Nowitzki,2014-2024,3986,0.4734626635139635,0.4420471650777722,0.3991964304436963,0.042850734634075904,NBA,G
201976,Patrick Beverley,2014-2024,3983,0.45872696812464286,0.4122520713030379,0.4253044420777757,-0.013052370774737754,NBA,G
1628384,OG Anunoby,2014-2024,3955,0.4267178522528679,0.47383059418457646,0.4929904350213617,-0.019159840836785236,NBA,F
1628401,Derrick White,2014-2024,3890,0.45595932246684373,0.44961439588688945,0.4321987291599979,0.017415666726891543,NBA,G
1626145,Tyus Jones,2014-2024,3881,0.4630773642014175,0.4449884050502448,0.42846166281284076,0.016526742237404024,NBA,G
200782,P.J. Tucker,2014-2024,3878,0.4578402551000017,0.41954615781330584,0.44166686531760924,-0.022120707504303394,NBA,F
203552,Seth Curry,2014-2024,3871,0.5153742159923561,0.4711960733660553,0.401997994874973,0.06919807849108228,NBA,G
203925,Joe Harris,2014-2024,3870,0.45865917997656375,0.475968992248062,0.42512465019309165,0.05084434205497035,NBA,F
1628386,Jarrett Allen,2014-2024,3850,0.2653305767780123,0.6298701298701299,0.6359943512998077,-0.006124221429677834,NBA,C
2037,Jamal Crawford,2014-2024,3821,0.49683312188646644,0.4056529704265899,0.39958299456713503,0.006069975859454846,NBA,G
201959,Taj Gibson,2014-2024,3761,0.3219136081621585,0.5432065939909598,0.5407611790526781,0.0024454149382817647,NBA,F
1630178,Tyrese Maxey,2014-2024,3756,0.4563211166180344,0.4680511182108626,0.4465931935447983,0.021457924666064276,NBA,G
201588,George Hill,2014-2024,3740,0.4603916321921336,0.4663101604278075,0.43717070483916254,0.029139455588644947,NBA,G
1629640,Keldon Johnson,2014-2024,3722,0.4207422158921236,0.4618484685652875,0.4654071805157015,-0.0035587119504140174,NBA,F
1626224,Cedi Osman,2014-2024,3711,0.46011908655343964,0.43249797898140663,0.4361194989969389,-0.003621520015532287,NBA,F
201571,D.J. Augustin,2014-2024,3690,0.46616152967284336,0.41897018970189703,0.42696245661001,-0.007992266908112944,NBA,G
1629014,Anfernee Simons,2014-2024,3668,0.5035473753598567,0.4326608505997819,0.41732263654465607,0.01533821405512581,NBA,G
1630224,Jalen Green,2014-2024,3645,0.47289187893923457,0.42112482853223593,0.45129551285309766,-0.03017068432086173,NBA,G
1626168,Trey Lyles,2014-2024,3643,0.43473543060949793,0.44331594839418065,0.45732654243838233,-0.014010594044201685,NBA,F
203937,Kyle Anderson,2014-2024,3641,0.40496587405806456,0.48036253776435045,0.46536706571328734,0.014995472051063108,NBA,F
201961,Wayne Ellington,2014-2024,3638,0.5072869177069353,0.4068169323804288,0.39339127829907633,0.01342565408135249,NBA,G
200765,Rajon Rondo,2014-2024,3633,0.42668047036344636,0.4307734654555464,0.46363378367753433,-0.03286031822198793,NBA,G
1627827,Dorian Finney-Smith,2014-2024,3609,0.44386416547465213,0.43474646716541976,0.46304091663183466,-0.028294449466414906,NBA,F
1629023,P.J. Washington,2014-2024,3596,0.4136395800012507,0.4471635150166852,0.46571052113543643,-0.018547006118751208,NBA,F
2216,Zach Randolph,2014-2024,3566,0.3940299774684031,0.47083567021873246,0.4691723404756138,0.0016633297431186689,NBA,F
203953,Jabari Parker,2014-2024,3548,0.376451388373269,0.4923900789177001,0.5200273133503773,-0.027637234432677238,NBA,F
201599,DeAndre Jordan,2014-2024,3530,0.2100263905735984,0.6872521246458924,0.7206820969603913,-0.03342997231449896,NBA,C
203504,Trey Burke,2014-2024,3521,0.4814888709238486,0.41777904004544164,0.41930792902065556,-0.0015288889752139156,NBA,G
203463,Ben McLemore,2014-2024,3515,0.47529570841908086,0.42076813655761025,0.42995154013700876,-0.009183403579398508,NBA,G
2200,Pau Gasol,2014-2024,3473,0.39162638685449586,0.480564353584797,0.46918589146707596,0.011378462117721033,NBA,C
1627732,Ben Simmons,2014-2024,3467,0.30784500179191066,0.5612921834438996,0.5681177380922927,-0.006825554648393073,NBA,G
101141,Ersan Ilyasova,2014-2024,3446,0.4301545055482805,0.4437028438769588,0.4463103054146588,-0.0026074615377000288,NBA,F
201158,Marco Belinelli,2014-2024,3444,0.5024196281695438,0.4169570267131243,0.398998243116747,0.017958783596377315,NBA,F
1628404,Josh Hart,2014-2024,3432,0.43809867582081236,0.4583333333333333,0.4547249810386285,0.0036083522947047975,NBA,F
1630169,Tyrese Haliburton,2014-2024,3417,0.4968920516901033,0.4781972490488733,0.42585068611460547,0.052346562934267815,NBA,G
101107,Marvin Williams,2014-2024,3409,0.4420962650245427,0.43649163977706074,0.4277514731225136,0.008740166654547132,NBA,F
202066,Garrett Temple,2014-2024,3399,0.47900164404031625,0.4039423359811709,0.428339516252525,-0.02439718027135407,NBA,G
2730,Dwight Howard,2014-2024,3395,0.2525242795340963,0.6067746686303387,0.6296338194094002,-0.022859150779061532,NBA,C
1630180,Saddiq Bey,2014-2024,3360,0.4670434170385237,0.4083333333333333,0.4357125428867025,-0.0273792095533692,NBA,F
201954,Darren Collison,2014-2024,3344,0.46368634633578293,0.479366028708134,0.4383745705573773,0.04099145815075672,NBA,G
203458,Alex Len,2014-2024,3333,0.3077433669705443,0.5118511851185118,0.574420484104135,-0.06256929898562325,NBA,C
201936,Tyreke Evans,2014-2024,3317,0.3986632116772969,0.43111245100994877,0.47845636794236757,-0.047343916932418795,NBA,G
1630217,Desmond Bane,2014-2024,3315,0.46238099685255346,0.46817496229260935,0.42938344173437276,0.03879152055823659,NBA,G
201949,James Johnson,2014-2024,3313,0.397793397725472,0.4862662239661938,0.49490347495050124,-0.008637250984307454,NBA,F
204038,Langston Galloway,2014-2024,3285,0.49056741506731777,0.39665144596651447,0.4076907818317627,-0.011039335865248245,NBA,G
203493,Reggie Bullock Jr.,2014-2024,3273,0.4953905665583079,0.4268255423159181,0.4042240396073955,0.022601502708522625,NBA,F
203210,JaMychal Green,2014-2024,3260,0.3847281009237984,0.47638036809815953,0.5045941605537655,-0.028213792455605957,NBA,F
203476,Gorgui Dieng,2014-2024,3252,0.39586614536084624,0.49661746617466174,0.4863055448620852,0.010311921312576522,NBA,F
1626174,Christian Wood,2014-2024,3252,0.3920501041985799,0.5138376383763837,0.5086739385975665,0.0051636997788172545,NBA,C
202684,Tristan Thompson,2014-2024,3234,0.2748118816946,0.5504019789734076,0.5878981711403632,-0.037496192166955655,NBA,C
203079,Dion Waiters,2014-2024,3228,0.4584096216038591,0.4055142503097893,0.4480735437333151,-0.04255929342352577,NBA,G
1628984,Devonte' Graham,2014-2024,3202,0.517689942956188,0.3713304184884447,0.3905164897194672,-0.01918607123102245,NBA,G
1630532,Franz Wagner,2014-2024,3189,0.40003632700956054,0.47851991219818124,0.4798241306931778,-0.0013042184949965674,NBA,F
202328,Greg Monroe,2014-2024,3152,0.3181235203364956,0.521256345177665,0.5290534138682136,-0.007797068690548636,NBA,G
202323,Evan Turner,2014-2024,3138,0.45268397165997665,0.441363926067559,0.44490481506902707,-0.003540889001468095,NBA,F
1630193,Immanuel Quickley,2014-2024,3134,0.49302989979934375,0.4211869814932993,0.41101792760750916,0.010169053885790147,NBA,G
1627854,Bryn Forbes,2014-2024,3119,0.5002604118563457,0.43571657582558515,0.39497161273245546,0.040744963093129694,NBA,G
1629008,Michael Porter Jr.,2014-2024,3101,0.4599396595414993,0.49693647210577235,0.4461603344462283,0.05077613765954403,NBA,F
1627751,Jakob Poeltl,2014-2024,3096,0.2681345449411668,0.6311369509043928,0.552647111313344,0.07848983959104883,NBA,C
202703,Nikola Mirotic,2014-2024,3082,0.46333959677291037,0.4227774172615185,0.4273003365989847,-0.00452291933746618,NBA,F
1628379,Luke Kennard,2014-2024,3077,0.5003749619215176,0.45433864153396164,0.39673843763192973,0.05760020390203191,NBA,G
101139,CJ Miles,2014-2024,3073,0.48254030435965123,0.3979824275951839,0.40992254334716355,-0.011940115751979674,NBA,G
1630163,LaMelo Ball,2014-2024,3070,0.45209166232645304,0.42671009771986973,0.4373723951252465,-0.010662297405376775,NBA,G
1628978,Donte DiVincenzo,2014-2024,3059,0.47227732015949575,0.42824452435436416,0.42473910167371454,0.003505422680649628,NBA,G
1629652,Luguentz Dort,2014-2024,3052,0.44777622726128313,0.4036697247706422,0.44651660926969344,-0.04284688449905122,NBA,F
1626204,Larry Nance Jr.,2014-2024,3048,0.35208663990627276,0.5403543307086615,0.5478427856547715,-0.007488454946110057,NBA,F
202734,E'Twaun Moore,2014-2024,3041,0.4372180795182357,0.4735284445905952,0.43751822091944265,0.03601022367115253,NBA,G
1628420,Monte Morris,2014-2024,3020,0.4742197882294804,0.4771523178807947,0.4294345966724361,0.0477177212083586,NBA,Unknown
1629130,Duncan Robinson,2014-2024,3014,0.5082734296112573,0.4316522893165229,0.3886110018445318,0.043041287471991097,NBA,G
1628971,Bruce Brown,2014-2024,3013,0.38163614515087285,0.48124792565549285,0.4947995737052466,-0.013551648049753728,NBA,G
1626144,Emmanuel Mudiay,2014-2024,3013,0.4395757568676198,0.4005974112180551,0.45088277149498057,-0.050285360276925484,NBA,G
1628372,Dennis Smith Jr.,2014-2024,3009,0.4303011078843315,0.4067796610169492,0.47224300831188254,-0.06546334729493336,NBA,G
1626163,Frank Kaminsky,2014-2024,3006,0.41713689183208436,0.43080505655355955,0.4438848802338672,-0.013079823680307634,NBA,F
201163,Wilson Chandler,2014-2024,3001,0.42985966185234564,0.43985338220593134,0.45029087395083106,-0.010437491744899718,NBA,F
1627826,Ivica Zubac,2014-2024,2997,0.2535844629801489,0.6109442776109443,0.6169507537311982,-0.006006476120253956,NBA,C
1629631,De'Andre Hunter,2014-2024,2991,0.45496262191465175,0.4470076897358743,0.44227558875136214,0.004732100984512155,NBA,F
201583,Ryan Anderson,2014-2024,2987,0.47084168704263907,0.41546702376966854,0.4192525543221231,-0.0037855305524545635,NBA,F
2225,Tony Parker,2014-2024,2962,0.419604895767159,0.47602970965563807,0.4584050630245761,0.017624646631061947,NBA,G
101162,Marcin Gortat,2014-2024,2958,0.3232437465293356,0.5581473968897904,0.5242462748324492,0.03390112205734119,NBA,C
2594,Kyle Korver,2014-2024,2957,0.5136267198340533,0.4504565437943862,0.38243251078949575,0.06802403300489046,NBA,G
201584,Courtney Lee,2014-2024,2952,0.4709364611560302,0.45223577235772355,0.42612643319294646,0.02610933916477709,NBA,G
1628367,Josh Jackson,2014-2024,2935,0.41915958467111125,0.41567291311754684,0.47622049184307713,-0.06054757872553029,NBA,G
101145,Monta Ellis,2014-2024,2924,0.458922847615064,0.4377564979480164,0.4428803537546998,-0.005123855806683397,NBA,G
1626220,Royce O'Neale,2014-2024,2918,0.4754060737420433,0.4266620973269363,0.42720832501533906,-0.0005462276884027895,NBA,F
202329,Al-Farouq Aminu,2014-2024,2901,0.4264818402101182,0.40641158221303,0.467365162801602,-0.06095358058857203,NBA,F
1628976,Wendell Carter Jr.,2014-2024,2893,0.3569139036017574,0.5174559281023159,0.519529873074315,-0.0020739449719990866,NBA,C
1629627,Zion Williamson,2014-2024,2892,0.30462138458023846,0.593015214384509,0.569735123043758,0.02328009134075104,NBA,F
1630567,Scottie Barnes,2014-2024,2890,0.3993978410112165,0.4737024221453287,0.48133820056865484,-0.007635778423326134,NBA,F
201960,DeMarre Carroll,2014-2024,2885,0.45129099589195076,0.4214904679376083,0.43636631769861206,-0.014875849761003757,NBA,F
2207,Joe Johnson,2014-2024,2871,0.47536134756056136,0.4329501915708812,0.407415805275424,0.025534386295457234,NBA,F
203939,Dwight Powell,2014-2024,2855,0.3050967731489961,0.6024518388791593,0.5883381107918788,0.014113728087280508,NBA,C
203459,Allen Crabbe,2014-2024,2854,0.49323203478674976,0.42536790469516467,0.40641536893581626,0.01895253575934841,NBA,G
1626161,Willie Cauley-Stein,2014-2024,2853,0.2950954469895029,0.5439887837364178,0.591548654112955,-0.047559870376537194,NBA,C
200826,J.J. Barea,2014-2024,2844,0.4592373201927082,0.42967651195499296,0.42973195698674704,-5.544503175408666e-05,NBA,G
204020,Tyler Johnson,2014-2024,2843,0.455839466413337,0.42666197678508616,0.4385158756966297,-0.011853898911543537,NBA,G
1630175,Cole Anthony,2014-2024,2837,0.4676623631745859,0.41769474797321116,0.4306078577905141,-0.012913109817302926,NBA,G
1626153,Delon Wright,2014-2024,2833,0.41190814956321814,0.4521708436286622,0.4687919055423934,-0.016621061913731194,NBA,G
1626166,Cameron Payne,2014-2024,2825,0.4710960086749389,0.42053097345132745,0.42507850643278394,-0.004547532981456492,NBA,G
202722,Davis Bertans,2014-2024,2810,0.5164762127255197,0.4220640569395018,0.38960221675620904,0.032461840183292734,NBA,F
1626192,Pat Connaughton,2014-2024,2773,0.47195585225778025,0.43562928236566895,0.43487828368240594,0.0007509986832630045,NBA,F
203469,Cody Zeller,2014-2024,2768,0.2850108693095027,0.5335982658959537,0.5727769454881745,-0.039178679592220766,NBA,C
203503,Tony Snell,2014-2024,2759,0.46914898358380513,0.43675244653860096,0.42771694865991117,0.009035497878689791,NBA,G
202688,Brandon Knight,2014-2024,2759,0.45940831353224787,0.40703153316418994,0.43146753418880424,-0.024436001024614296,NBA,G
1629060,Rui Hachimura,2014-2024,2745,0.4172506311732816,0.4961748633879781,0.479893286359735,0.01628157702824312,NBA,F
1628366,Lonzo Ball,2014-2024,2731,0.4684169564982404,0.40241669718052,0.42783792291850226,-0.025421225737982278,NBA,G
1629675,Naz Reid,2014-2024,2728,0.38689178278270614,0.4959677419354839,0.48333534881704776,0.012632393118436114,NBA,C
1630170,Devin Vassell,2014-2024,2718,0.49344070590133277,0.4444444444444444,0.4266876948979178,0.017756749546526618,NBA,G
1626159,Justise Winslow,2014-2024,2716,0.40910680547726685,0.41273932253313694,0.47140088746122677,-0.05866156492808983,NBA,G
1629001,De'Anthony Melton,2014-2024,2708,0.47290339911043927,0.4124815361890694,0.4328836527736973,-0.020402116584627872,NBA,G
1629022,Lonnie Walker IV,2014-2024,2705,0.47949642782824603,0.422550831792976,0.43770311684977853,-0.01515228505680255,NBA,G
202357,Nemanja Bjelica,2014-2024,2697,0.4094953972237905,0.46421950315165,0.45221154439964495,0.012007958752005055,NBA,F
1626158,Richaun Holmes,2014-2024,2672,0.302581974426753,0.6032934131736527,0.5766813196394573,0.026612093534195358,NBA,C
201580,JaVale McGee,2014-2024,2672,0.264582774012674,0.6119011976047904,0.6285809551584504,-0.016679757553659913,NBA,C
203487,Michael Carter-Williams,2014-2024,2658,0.3867605089464728,0.4006772009029345,0.4774434743777949,-0.07676627347486037,NBA,G
1630581,Josh Giddey,2014-2024,2635,0.38880175446259185,0.4637571157495256,0.46653011153613116,-0.002772995786605559,NBA,G
2747,JR Smith,2014-2024,2633,0.5105501412019214,0.40144322066084315,0.3997426314142888,0.0017005892465543626,NBA,G
202362,Lance Stephenson,2014-2024,2608,0.43798382875446346,0.43059815950920244,0.4492847297668707,-0.01868657025766829,NBA,G
1628963,Marvin Bagley III,2014-2024,2599,0.34956968288842827,0.5182762601000385,0.5253834141160745,-0.00710715401603601,NBA,F
1626169,Stanley Johnson,2014-2024,2599,0.44525218405575206,0.38976529434397844,0.43769957080366895,-0.047934276459690506,NBA,F
1627777,Georges Niang,2014-2024,2595,0.4937258907174755,0.44238921001926784,0.4060299415614778,0.03635926845779003,NBA,F
101123,Gerald Green,2014-2024,2587,0.4993919837721162,0.4047158871279474,0.41462076714199914,-0.009904880014051709,NBA,G
1628960,Grayson Allen,2014-2024,2576,0.47382799106960094,0.44992236024844723,0.423894757225112,0.026027603023335233,NBA,G
1631094,Paolo Banchero,2014-2024,2529,0.4508004491315466,0.4424673784104389,0.4635979257142254,-0.021130547303786495,NBA,F
1629661,Cameron Johnson,2014-2024,2508,0.4871656022279603,0.44537480063795853,0.42517843217291373,0.0201963684650448,NBA,F
203090,Maurice Harkless,2014-2024,2506,0.37284438376045326,0.47924980047885074,0.5335325627152234,-0.054282762236372684,NBA,F
203457,Nerlens Noel,2014-2024,2503,0.2845583326194895,0.5453455852976429,0.6010032778802274,-0.05565769258258457,NBA,C
1629645,Kevin Porter Jr.,2014-2024,2480,0.4727013624852252,0.4306451612903226,0.44626256264444003,-0.015617401354117433,NBA,G
1627739,Kris Dunn,2014-2024,2470,0.4186045977181126,0.4368421052631579,0.45953933662417135,-0.022697231361013426,NBA,G
203488,Mike Muscala,2014-2024,2434,0.4626447627546538,0.4519309778142975,0.4271498355367598,0.024781142277537693,NBA,G
1629013,Landry Shamet,2014-2024,2423,0.5050250770685633,0.4102352455633512,0.40544067703880693,0.004794568524544296,NBA,G
1630595,Cade Cunningham,2014-2024,2422,0.4544957328939662,0.4318744838976053,0.44321585021729387,-0.011341366319688573,NBA,G
203118,Mike Scott,2014-2024,2362,0.455769824922795,0.4419983065198984,0.4260135445910333,0.01598476192886511,NBA,F
203473,Dewayne Dedmon,2014-2024,2362,0.3396661973686495,0.5287891617273497,0.5322833250397393,-0.0034941633123896088,NBA,C
203382,Aron Baynes,2014-2024,2344,0.3322519362248828,0.492320819112628,0.5256559877839733,-0.03333516867134528,NBA,C
2738,Andre Iguodala,2014-2024,2336,0.44667184971351614,0.4700342465753425,0.48709988845018987,-0.01706564187484738,NBA,G
202391,Jeremy Lin,2014-2024,2335,0.4388874637082856,0.4261241970021413,0.4422461756577353,-0.01612197865559395,NBA,G
1630596,Evan Mobley,2014-2024,2329,0.33369123212779445,0.5440103048518677,0.5576471315936229,-0.013636826741755148,NBA,F
202687,Bismack Biyombo,2014-2024,2323,0.260960672444218,0.5510116229014206,0.6047814735793205,-0.053769850677899966,NBA,C
1630578,Alperen Sengun,2014-2024,2306,0.33420492107746486,0.5281873373807459,0.5200113859776702,0.008175951403075699,NBA,C
1713,Vince Carter,2014-2024,2293,0.48973389267190653,0.38290449193196685,0.4125058599515965,-0.029601368019629648,NBA,F
1630166,Deni Avdija,2014-2024,2273,0.4198894604512103,0.4571051473823141,0.46684814466989055,-0.009742997287576438,NBA,F
1629622,Max Strus,2014-2024,2272,0.4854320743000797,0.4242957746478873,0.41686700145517924,0.007428773192708071,NBA,G
1630183,Jaden McDaniels,2014-2024,2265,0.4310562126946275,0.4838852097130243,0.4791722623490328,0.004712947363991471,NBA,F
201167,Arron Afflalo,2014-2024,2263,0.4836170977210511,0.4326115775519222,0.4101643715576855,0.02244720599423672,NBA,G
202335,Patrick Patterson,2014-2024,2249,0.47488446154251257,0.41529568697198754,0.4204271199232807,-0.005131432951293147,NBA,F
1628365,Markelle Fultz,2014-2024,2226,0.4099036679013673,0.4748427672955975,0.47935772121714476,-0.004514953921547271,NBA,G
1628449,Chris Boucher,2014-2024,2220,0.3803278784807896,0.4864864864864865,0.5099649411985944,-0.023478454712107855,NBA,C
1626178,Rondae Hollis-Jefferson,2014-2024,2204,0.36587785149373503,0.4482758620689655,0.5125181436720108,-0.06424228160304524,NBA,F
1629638,Nickeil Alexander-Walker,2014-2024,2198,0.47893955036590546,0.40445859872611467,0.43024785690083733,-0.025789258174722662,NBA,G
2744,Al Jefferson,2014-2024,2194,0.3760926839688174,0.49088422971741114,0.4687433213814034,0.022140908336007736,NBA,F
202702,Kenneth Faried,2014-2024,2191,0.2766959698248562,0.539479689639434,0.582924328518594,-0.04344463887915995,NBA,F
1628988,Aaron Holiday,2014-2024,2169,0.4614402209091425,0.41770401106500693,0.43047897840415883,-0.0127749673391519,NBA,G
1630560,Cam Thomas,2014-2024,2149,0.4989712042955899,0.43973941368078173,0.41943934615074696,0.02030006753003477,NBA,G
101114,Deron Williams,2014-2024,2146,0.46477934977123725,0.4109972041006524,0.4265709027428637,-0.015573698642211309,NBA,G
201147,Corey Brewer,2014-2024,2140,0.4041314954707648,0.41869158878504675,0.4874717424160145,-0.06878015363096773,NBA,G
202718,Chandler Parsons,2014-2024,2136,0.44063721448143983,0.44897003745318353,0.4490843990470467,-0.00011436159386318812,NBA,F
203107,Tomas Satoransky,2014-2024,2132,0.4122149663512387,0.46763602251407127,0.4662620389920393,0.0013739835220319963,NBA,G
1628470,Torrey Craig,2014-2024,2126,0.43655214149902904,0.45296331138287865,0.4578289265732337,-0.004865615190355055,NBA,F
203077,Michael Kidd-Gilchrist,2014-2024,2113,0.35955317380569807,0.4784666351159489,0.5016587704915126,-0.02319213537556375,NBA,F
1629611,Terance Mann,2014-2024,2111,0.41301937760475677,0.502131691141639,0.4911406089672852,0.01099108217435385,NBA,G
1629659,Talen Horton-Tucker,2014-2024,2106,0.4336778851540487,0.42212725546058877,0.4651371546373612,-0.04300989917677245,NBA,G
1628467,Maxi Kleber,2014-2024,2105,0.4480601580339644,0.4451306413301663,0.45414815293590627,-0.009017511605739992,NBA,F
203524,Solomon Hill,2014-2024,2103,0.44271132769766325,0.3880171184022825,0.45003051095481666,-0.062013392552534186,NBA,F
2736,Luol Deng,2014-2024,2074,0.42817068036464767,0.44889103182256507,0.45923489416364527,-0.010343862341080201,NBA,F
1629003,Shake Milton,2014-2024,2072,0.44888832662794836,0.45125482625482627,0.4412947035709556,0.009960122683870642,NBA,G
1628995,Kevin Knox II,2014-2024,2061,0.45761775642030833,0.3915574963609898,0.4442347219800105,-0.05267722561902072,NBA,F
1627884,Derrick Jones Jr.,2014-2024,2045,0.37035468294013807,0.49926650366748165,0.5484710976050859,-0.04920459393760429,NBA,F
2734,Devin Harris,2014-2024,2039,0.46506830328072796,0.4119666503187837,0.43155768073360307,-0.019591030414819355,NBA,F
1628380,Zach Collins,2014-2024,2027,0.3853342734780023,0.4790330537740503,0.47727727167027273,0.0017557821037775811,NBA,C
203521,Matthew Dellavedova,2014-2024,2026,0.4679891736592656,0.3805528134254689,0.41202169924835197,-0.03146888582288304,NBA,G
1626209,Mario Hezonja,2014-2024,2018,0.43935535634569006,0.41774033696729435,0.4489894982999319,-0.031249161332637554,NBA,G
1626143,Jahlil Okafor,2014-2024,1998,0.32421452742126594,0.54004004004004,0.5206794116532613,0.019360628386778767,NBA,C
201578,Marreese Speights,2014-2024,1998,0.4198818899371837,0.44894894894894893,0.4503365775865233,-0.0013876286375743563,NBA,G
203526,Raul Neto,2014-2024,1994,0.4399274927759109,0.45787362086258776,0.4426569349862121,0.015216685876375646,NBA,G
203894,Shabazz Napier,2014-2024,1991,0.4872613386564736,0.39678553490708185,0.4162081845256676,-0.019422649618585752,NBA,G
101109,Raymond Felton,2014-2024,1987,0.4630607907648628,0.4126824358329139,0.4281924459990094,-0.01551001016609549,NBA,G
203917,Nik Stauskas,2014-2024,1977,0.47651935193216965,0.3889731917046029,0.4283331490336809,-0.03935995732907799,NBA,F
201229,Anthony Tolliver,2014-2024,1976,0.49299520448053924,0.4144736842105263,0.40514040155206593,0.009333282658460396,NBA,G
1628464,Daniel Theis,2014-2024,1975,0.34771551436298737,0.540759493670886,0.5313521010464011,0.009407392624484978,NBA,C
1629021,Moritz Wagner,2014-2024,1972,0.3628741917382139,0.5238336713995944,0.5110016283002701,0.012832043099324286,NBA,C
201156,Nick Young,2014-2024,1966,0.5106669893626851,0.39216683621566634,0.3922726793367571,-0.0001058431210907429,NBA,G
1629134,Kendrick Nunn,2014-2024,1958,0.46691840716859445,0.4550561797752809,0.4341546809503578,0.020901498824923093,NBA,G
1631093,Jaden Ivey,2014-2024,1956,0.44441964206180745,0.4222903885480573,0.44871731927776287,-0.02642693072970559,NBA,G
1629684,Grant Williams,2014-2024,1952,0.46581102423191345,0.45338114754098363,0.43400960612161216,0.019371541419371474,NBA,F
1627936,Alex Caruso,2014-2024,1937,0.45039261702622996,0.4414042333505421,0.45055786151741695,-0.009153628166874872,NBA,F
201945,Gerald Henderson,2014-2024,1927,0.45956614117929284,0.43331603528801244,0.44374020369278816,-0.010424168404775724,NBA,G
1938,Manu Ginobili,2014-2024,1926,0.4776102881705711,0.4257528556593977,0.4368057840377067,-0.011052928378309013,NBA,G
203516,James Ennis III,2014-2024,1918,0.41076518586751004,0.4556830031282586,0.48186527675692226,-0.026182273628663655,NBA,F
1626172,Kevon Looney,2014-2024,1911,0.2844192590673117,0.5834641548927263,0.5888273470737307,-0.00536319218100445,NBA,C
202714,Shelvin Mack,2014-2024,1905,0.44864660495957637,0.4251968503937008,0.441122086299096,-0.015925235905395185,NBA,G
1627814,Damion Lee,2014-2024,1899,0.4760853551039085,0.43601895734597157,0.41633438804517525,0.019684569300796317,NBA,G
1630557,Corey Kispert,2014-2024,1893,0.46740627275334534,0.48124669836238776,0.4268071579666225,0.05443954039576526,NBA,G
202325,Wesley Johnson,2014-2024,1890,0.4873045908588902,0.4,0.42589976837169485,-0.02589976837169483,NBA,F
1629006,Josh Okogie,2014-2024,1884,0.41555059410886863,0.4023354564755839,0.4844061082946772,-0.08207065181909329,NBA,F
1628964,Mo Bamba,2014-2024,1882,0.37677008570739895,0.47874601487778956,0.5062901989472539,-0.02754418406946435,NBA,C
1627788,Furkan Korkmaz,2014-2024,1868,0.4933307607237374,0.4057815845824411,0.4174026817225423,-0.011621097140101178,NBA,F
203498,Shabazz Muhammad,2014-2024,1864,0.38121750316422176,0.4737124463519313,0.5019563394388623,-0.028243893086930982,NBA,G
1628997,Caleb Martin,2014-2024,1857,0.438868334192567,0.4501884760366182,0.46355687394515943,-0.013368397908541219,NBA,F
203584,Troy Daniels,2014-2024,1855,0.5293231664236004,0.3994609164420485,0.3774518436901135,0.022009072751935033,NBA,G
202697,Iman Shumpert,2014-2024,1835,0.4894289037875621,0.3912806539509537,0.42398163289054386,-0.032700978939590175,NBA,G
1628972,Troy Brown Jr.,2014-2024,1833,0.4631331840151661,0.425531914893617,0.4437103751533314,-0.01817846025971437,NBA,F
1626195,Willy Hernangomez,2014-2024,1827,0.30691196984616426,0.5331143951833607,0.5508346565280499,-0.01772026134468918,NBA,C
977,Kobe Bryant,2014-2024,1826,0.49236804145030444,0.36363636363636365,0.4085282100521167,-0.044891846415753056,NBA,G
1630245,Ayo Dosunmu,2014-2024,1824,0.43000289642278267,0.5038377192982456,0.4742695776991939,0.02956814159905169,NBA,G
1630171,Isaac Okoro,2014-2024,1824,0.4040531979955705,0.46710526315789475,0.49870840058795635,-0.0316031374300616,NBA,F
1627737,Marquese Chriss,2014-2024,1822,0.3534453998867929,0.45554335894621295,0.5475633960899702,-0.09202003714375723,NBA,F
1630228,Jonathan Kuminga,2014-2024,1819,0.3841724134722308,0.5239142385926333,0.5257866645156688,-0.0018724259230354923,NBA,F
1630256,Jae'Sean Tate,2014-2024,1812,0.3687015206595295,0.49503311258278143,0.498886067713816,-0.0038529551310345633,NBA,F
201951,Ty Lawson,2014-2024,1802,0.45669313210293083,0.4328523862375139,0.4371970171500983,-0.004344630912584413,NBA,G
1628975,Jevon Carter,2014-2024,1796,0.5326985727957538,0.39365256124721604,0.3945337259772737,-0.0008811647300576708,NBA,G
1631114,Jalen Williams,2014-2024,1787,0.40518694466337624,0.5316172355903749,0.48596235274911487,0.045654882841260014,NBA,F
2440,Matt Barnes,2014-2024,1787,0.45103246246837253,0.4051482932288752,0.4405905369150403,-0.03544224368616511,NBA,F
202344,Trevor Booker,2014-2024,1786,0.36356630802625467,0.5027995520716685,0.5202546075879755,-0.017455055516306994,NBA,G
201563,Michael Beasley,2014-2024,1783,0.39977343821220035,0.504206393718452,0.47671865434757926,0.027487739370872732,NBA,F
1629647,Darius Bazley,2014-2024,1782,0.4047489271794593,0.41301907968574636,0.49503820958521927,-0.08201912989947291,NBA,F
1629026,Kenrich Williams,2014-2024,1776,0.4341004936791178,0.46790540540540543,0.459460085812574,0.008445319592831402,NBA,F
203613,Jonathon Simmons,2014-2024,1774,0.41691527174762044,0.44306651634723787,0.47538721102181264,-0.03232069467457477,NBA,G
1629629,Cam Reddish,2014-2024,1771,0.44704287437027646,0.39751552795031053,0.4534863640243458,-0.055970836074035246,NBA,F
2561,David West,2014-2024,1764,0.3817646564191904,0.5204081632653061,0.4611822926186125,0.05922587064669366,NBA,F
2585,Zaza Pachulia,2014-2024,1763,0.3102465073871877,0.48610323312535453,0.518813062586218,-0.03270982946086343,NBA,C
1630200,Tre Jones,2014-2024,1760,0.4165983779935392,0.48125,0.4663717553502229,0.014878244649777106,NBA,G
1629634,Brandon Clarke,2014-2024,1758,0.32576919501814083,0.602957906712173,0.5444623925101639,0.05849551420200905,NBA,F
1630165,Killian Hayes,2014-2024,1758,0.4765103642555786,0.38168373151308305,0.4215380482245808,-0.03985431671149775,NBA,G
1631099,Keegan Murray,2014-2024,1757,0.46690657597710933,0.45361411496869664,0.44011907876064,0.013495036208056643,NBA,F
1628977,Hamidou Diallo,2014-2024,1757,0.36698228997701954,0.49800796812749004,0.522495050131164,-0.024487082003674,NBA,F
1630559,Austin Reaves,2014-2024,1748,0.47270275006240114,0.4931350114416476,0.42727251149486645,0.06586249994678117,NBA,G
1630231,KJ Martin,2014-2024,1742,0.3434117899205744,0.5442020665901263,0.5731825946560493,-0.028980528065922995,NBA,F
2403,Nene,2014-2024,1737,0.3303788927438175,0.5509499136442142,0.550478102501121,0.0004718111430932481,NBA,Unknown
201585,Kosta Koufos,2014-2024,1736,0.2923992430316072,0.5351382488479263,0.5198564522673773,0.015281796580548956,NBA,G
101161,Amir Johnson,2014-2024,1732,0.31312706931523776,0.565242494226328,0.5410943196745632,0.024148174551764767,NBA,F
1627756,Denzel Valentine,2014-2024,1728,0.4829717200904176,0.39351851851851855,0.3999525085122898,-0.006433989993771261,NBA,F
1631095,Jabari Smith Jr.,2014-2024,1725,0.4488518130162329,0.4301449275362319,0.43872385988885165,-0.00857893235261975,NBA,F
1630191,Isaiah Stewart,2014-2024,1722,0.3382821195292881,0.49767711962833916,0.5112053041722586,-0.013528184543919464,NBA,C
1630591,Jalen Suggs,2014-2024,1706,0.4521928687837977,0.4220398593200469,0.44660530833864504,-0.02456544901859814,NBA,G
1630173,Precious Achiuwa,2014-2024,1704,0.3554552045437354,0.4812206572769953,0.5401653066969585,-0.05894464941996319,NBA,C
1627812,Yogi Ferrell,2014-2024,1702,0.4878764326620337,0.41774383078730903,0.41377072858241387,0.0039731022048951625,NBA,G
1630530,Trey Murphy III,2014-2024,1698,0.48262488327334807,0.4540636042402827,0.44119309765757964,0.012870506582703056,NBA,F
203089,John Henson,2014-2024,1685,0.2942020169548346,0.5531157270029674,0.574302580985108,-0.021186853982140597,NBA,C
101112,Channing Frye,2014-2024,1683,0.47636503631921456,0.4325609031491384,0.405059487688575,0.027501415460563394,NBA,F
1630167,Obi Toppin,2014-2024,1680,0.39536007219921904,0.5202380952380953,0.5268287704046936,-0.006590675166598281,NBA,F
201162,Jared Dudley,2014-2024,1675,0.4757249850199514,0.45313432835820894,0.4086121195275451,0.04452220883066382,NBA,F
1630202,Payton Pritchard,2014-2024,1671,0.5078186104442031,0.4440454817474566,0.4010908761705887,0.04295460557686792,NBA,G
1630172,Patrick Williams,2014-2024,1666,0.4286750408284982,0.46938775510204084,0.4796549156584189,-0.010267160556378052,NBA,F
1630529,Herbert Jones,2014-2024,1665,0.397479375985793,0.4816816816816817,0.4960777318093956,-0.014396050127713889,NBA,G
2749,Jameer Nelson,2014-2024,1658,0.48633110685889025,0.41073582629674305,0.41208459306924095,-0.0013487667724979002,NBA,G
201166,Aaron Brooks,2014-2024,1654,0.4503511418265795,0.4117291414752116,0.4334847645269459,-0.021755623051734285,NBA,G
1629655,Daniel Gafford,2014-2024,1645,0.24143376610136066,0.7112462006079028,0.6683451093381099,0.04290109126979291,NBA,C
2733,Shaun Livingston,2014-2024,1644,0.4068660587981886,0.5200729927007299,0.4835927144091317,0.03648027829159822,NBA,G
203086,Meyers Leonard,2014-2024,1636,0.44067497200707023,0.47493887530562345,0.4467765149155343,0.02816236039008918,NBA,G
202334,Ed Davis,2014-2024,1636,0.2599644511207812,0.5886308068459658,0.6011161677738677,-0.012485360927901867,NBA,F
1627863,Danuel House Jr.,2014-2024,1635,0.46754396119464003,0.43425076452599387,0.4549538762566935,-0.020703111730699608,NBA,F
201967,Dante Cunningham,2014-2024,1631,0.43488993060022996,0.4616799509503372,0.46529973900811855,-0.003619788057781348,NBA,G
1629651,Nic Claxton,2014-2024,1626,0.255166880551419,0.6611316113161132,0.6465279475488055,0.014603663767307706,NBA,C
201973,Jonas Jerebko,2014-2024,1623,0.43146437589640013,0.4454713493530499,0.45203381355297373,-0.006562464199923845,NBA,F
101127,Jarrett Jack,2014-2024,1621,0.4548840631764288,0.4256631708821715,0.41690522049471157,0.008757950387459912,NBA,G
1631097,Bennedict Mathurin,2014-2024,1614,0.42639111748085656,0.4392812887236679,0.46595554804238537,-0.026674259318717475,NBA,F
2754,Tony Allen,2014-2024,1610,0.32317350832966896,0.47080745341614905,0.5374734872343638,-0.06666603381821479,NBA,G
201160,Jason Smith,2014-2024,1597,0.44244555020126075,0.4633688165309956,0.4302371689766626,0.03313164755433301,NBA,F
203585,Rodney McGruder,2014-2024,1596,0.4516012811620052,0.4191729323308271,0.4335701128403233,-0.014397180509496232,NBA,F
1629004,Svi Mykhailiuk,2014-2024,1595,0.48650603069952575,0.4043887147335423,0.42177578794407744,-0.01738707321053512,NBA,G
1628418,Thomas Bryant,2014-2024,1587,0.33162198219272315,0.6005040957781979,0.5606192372761564,0.03988485850204149,NBA,C
1630174,Aaron Nesmith,2014-2024,1585,0.4640053070660686,0.4523659305993691,0.4473737656855559,0.004992164913813157,NBA,F
201956,Omri Casspi,2014-2024,1581,0.3715737594698905,0.5003162555344719,0.4881936339888278,0.012122621545644086,NBA,G
1627789,Timothe Luwawu-Cabarrot,2014-2024,1578,0.4608870626051633,0.38593155893536124,0.4429189640352455,-0.05698740509988426,NBA,G
203477,Isaiah Canaan,2014-2024,1574,0.4891084880627408,0.37166454891994916,0.4106160803825371,-0.03895153146258795,NBA,G
201601,Luc Mbah a Moute,2014-2024,1571,0.3963383498668465,0.45066836409929983,0.4839106330996969,-0.03324226900039706,NBA,F
203141,Mirza Teletovic,2014-2024,1570,0.48520997233239543,0.40445859872611467,0.40808852653967886,-0.0036299278135641933,NBA,G
203546,Ian Clark,2014-2024,1567,0.47110406649851216,0.4409700063816209,0.42131465349252417,0.019655352889096755,NBA,G
1630558,Davion Mitchell,2014-2024,1565,0.4916346102839725,0.4338658146964856,0.42608409037038414,0.007781724326101469,NBA,G
203096,Jared Sullinger,2014-2024,1561,0.39913351602779573,0.4336963484945548,0.45586439618988717,-0.02216804769533237,NBA,C
1629011,Mitchell Robinson,2014-2024,1558,0.2068048443529053,0.7008985879332478,0.7465929952534637,-0.0456944073202159,NBA,C
1628373,Frank Ntilikina,2014-2024,1558,0.47483831089849093,0.36906290115532736,0.4176511706237529,-0.04858826946842554,NBA,G
203957,Danté Exum,2014-2024,1554,0.42692298780441174,0.43114543114543114,0.4727069889119796,-0.04156155776654846,NBA,G
201596,Mario Chalmers,2014-2024,1550,0.4519508215444057,0.39806451612903226,0.4428900405372906,-0.04482552440825832,NBA,G
202720,Jon Leuer,2014-2024,1534,0.4026210654221477,0.47979139504563234,0.4719372675305509,0.007854127515081466,NBA,F
202498,Lance Thomas,2014-2024,1531,0.4395792083250693,0.41018941868060094,0.44729406404698074,-0.03710464536637981,NBA,F
1627761,DeAndre' Bembry,2014-2024,1519,0.3673175112044314,0.4739960500329164,0.5226435063354719,-0.04864745630255546,NBA,F
203124,Kyle O'Quinn,2014-2024,1517,0.3675434486194206,0.5214238628872775,0.4911857317228513,0.030238131164426196,NBA,F
2547,Chris Bosh,2014-2024,1512,0.44167989969935084,0.4636243386243386,0.4374122178733385,0.0262121207510001,NBA,G
1629669,Jaylen Nowell,2014-2024,1504,0.4587730729869964,0.4461436170212766,0.4369496213148186,0.009193995706457958,NBA,G
200757,Thabo Sefolosha,2014-2024,1495,0.4345274535112089,0.462876254180602,0.47290614423051924,-0.010029890049917223,NBA,F
203922,Glenn Robinson III,2014-2024,1493,0.4380645258900903,0.45679839249832555,0.4585517032218709,-0.0017533107235453427,NBA,G
1628402,Frank Jackson,2014-2024,1483,0.46420310262040915,0.418745785569791,0.4358738520895986,-0.01712806651980764,NBA,G
1628382,Justin Jackson,2014-2024,1478,0.4643653337351691,0.4242219215155616,0.42656984104600687,-0.002347919530445275,NBA,F
1629056,Terence Davis,2014-2024,1478,0.4627326077903996,0.43504736129905275,0.44253684090404477,-0.007489479604992022,NBA,G
201573,Jerryd Bayless,2014-2024,1472,0.4660286008748084,0.4110054347826087,0.42724739926052224,-0.01624196447791354,NBA,G
201943,Brandon Jennings,2014-2024,1454,0.4620353260050257,0.3775790921595598,0.425170622744174,-0.04759153058461418,NBA,G
1628422,Damyean Dotson,2014-2024,1446,0.49415168529745823,0.4170124481327801,0.41115777615691446,0.005854671975865644,NBA,G
201155,Rodney Stuckey,2014-2024,1439,0.44577793719745906,0.4197359277275886,0.44482113293941855,-0.025085205211829942,NBA,G
203092,Tyler Zeller,2014-2024,1431,0.3283431152100586,0.5303983228511531,0.5256187650477098,0.004779557803443302,NBA,C
203138,Hollis Thompson,2014-2024,1422,0.4849099451137931,0.4015471167369902,0.4163774132777495,-0.014830296540759347,NBA,G
1628407,Dwayne Bacon,2014-2024,1419,0.42926681840738196,0.4023960535588443,0.4510157637255946,-0.04861971016675032,NBA,G
1628371,Jonathan Isaac,2014-2024,1417,0.4094100613780863,0.44742413549753,0.493790050137122,-0.046365914639592,NBA,F
1630230,Naji Marshall,2014-2024,1416,0.44045187731361946,0.4293785310734463,0.45529996583130833,-0.025921434757862016,NBA,F
1626170,Jerian Grant,2014-2024,1415,0.47459878411837714,0.4120141342756184,0.42974646287213364,-0.017732328596515246,NBA,G
1629667,Jalen McDaniels,2014-2024,1414,0.4092263300825783,0.4490806223479491,0.47948151519685617,-0.03040089284890707,NBA,F
203943,Noah Vonleh,2014-2024,1413,0.35101125115943477,0.4585987261146497,0.52353827510076,-0.06493954898611032,NBA,F
1630544,Tre Mann,2014-2024,1405,0.4793754828460539,0.4078291814946619,0.4239953068396457,-0.016166125344983795,NBA,G
1630538,Bones Hyland,2014-2024,1393,0.5011717341339875,0.39842067480258436,0.4108452013013287,-0.012424526498744315,NBA,G
2449,Luis Scola,2014-2024,1390,0.3800702644065771,0.460431654676259,0.46891220605225414,-0.008480551375995127,NBA,F
1629216,Gabe Vincent,2014-2024,1381,0.5088839829457528,0.39753801593048516,0.40438385305664,-0.00684583712615483,NBA,G
1627823,Juancho Hernangomez,2014-2024,1379,0.42605336643275477,0.4278462654097172,0.45920743015633364,-0.03136116474661643,NBA,F
1629680,Matisse Thybulle,2014-2024,1347,0.4495318923629065,0.4335560504825538,0.472938350523673,-0.0393823000411192,NBA,F
202389,Timofey Mozgov,2014-2024,1346,0.2954697937628748,0.5482912332838039,0.5898551185406007,-0.04156388525679677,NBA,C
2564,Boris Diaw,2014-2024,1341,0.3993783099353012,0.47651006711409394,0.46490851686539797,0.011601550248695969,NBA,G
1629670,Jordan Nwora,2014-2024,1341,0.47520777108958073,0.4325130499627144,0.4410838477411653,-0.008570797778450934,NBA,F
201941,Jordan Hill,2014-2024,1339,0.3736949599371165,0.47796863330843914,0.4837627995249225,-0.005794166216483376,NBA,G
2746,Josh Smith,2014-2024,1339,0.39876124673196,0.40477968633308437,0.4682041271782356,-0.06342444084515125,NBA,F
1628392,Isaiah Hartenstein,2014-2024,1337,0.27897022376930486,0.5961106955871354,0.5840919800683909,0.01201871551874445,NBA,C
101133,Ian Mahinmi,2014-2024,1333,0.2783697083658778,0.5513878469617405,0.5720173894637249,-0.020629542501984455,NBA,C
1631110,Jeremy Sochan,2014-2024,1328,0.38224108903774867,0.4442771084337349,0.49979126061812873,-0.05551415218439382,NBA,F
203930,Sean Kilpatrick,2014-2024,1319,0.4522570834466408,0.4131918119787718,0.43676360671317155,-0.023571794734399742,NBA,G
1628966,Keita Bates-Diop,2014-2024,1311,0.39358675865576004,0.475209763539283,0.488156470556056,-0.012946707016772974,NBA,F
201196,Ramon Sessions,2014-2024,1305,0.3837648139724118,0.4191570881226054,0.47825878158707497,-0.059101693464469585,NBA,F
1630198,Isaiah Joe,2014-2024,1303,0.551245367718154,0.42670759785111284,0.38682567682495383,0.039881921026159006,NBA,G
1630188,Jalen Smith,2014-2024,1303,0.38414865072260124,0.5172678434382195,0.4972014821560125,0.020066361282207013,NBA,F
202682,Derrick Williams,2014-2024,1297,0.4028711011481102,0.4464148033924441,0.49614821356095995,-0.049733410168515846,NBA,F
204025,Tim Frazier,2014-2024,1286,0.4397286870265817,0.4004665629860031,0.43996687016674796,-0.039500307180744876,NBA,G
2199,Tyson Chandler,2014-2024,1286,0.2181787678555591,0.6415241057542769,0.6903587920448199,-0.048834686290542995,NBA,C
201579,Roy Hibbert,2014-2024,1268,0.3580392117276572,0.45662460567823343,0.4920092042775774,-0.03538459859934395,NBA,C
1495,Tim Duncan,2014-2024,1260,0.3499694532470041,0.5031746031746032,0.4997935397862107,0.003381063388392447,NBA,F
1630177,Theo Maledon,2014-2024,1255,0.4670478770628237,0.37211155378486055,0.4213401775350675,-0.049228623750206923,NBA,G
101181,Jose Calderon,2014-2024,1248,0.49234605331291886,0.43990384615384615,0.40303707897234314,0.036866767181503,NBA,G
1629637,Jaxson Hayes,2014-2024,1244,0.28846135134484857,0.632636655948553,0.6304218877015412,0.0022147682470118335,NBA,F
201975,Jodie Meeks,2014-2024,1242,0.45469194207031116,0.4106280193236715,0.4174964500364776,-0.006868430712806128,NBA,F
1631103,Malaki Branham,2014-2024,1239,0.4677553040454309,0.4358353510895884,0.4322818779856961,0.0035534731038922573,NBA,G
1630168,Onyeka Okongwu,2014-2024,1237,0.27335306367025397,0.6402586903799515,0.6002977384583235,0.039960951921628074,NBA,C
1630197,Aleksej Pokusevski,2014-2024,1234,0.44210600055615473,0.3905996758508914,0.44616777408982705,-0.05556809823893566,NBA,F
1628021,David Nwaba,2014-2024,1230,0.3457673359359861,0.4902439024390244,0.5262046559786845,-0.035960753539660106,NBA,F
1628425,Sterling Brown,2014-2024,1229,0.46722463770100475,0.41985353946297804,0.44438108690548567,-0.024527547442507625,NBA,G
1630583,Santi Aldama,2014-2024,1225,0.4398980455836453,0.446530612244898,0.4680001434643434,-0.021469531219445392,NBA,F
1629234,Drew Eubanks,2014-2024,1217,0.3075748609480793,0.6072308956450287,0.5893386573071903,0.017892238337838484,NBA,C
1891,Jason Terry,2014-2024,1215,0.5192881604852253,0.41316872427983536,0.39550067177213705,0.017668052507698317,NBA,G
200751,Randy Foye,2014-2024,1208,0.4890185242446796,0.35927152317880795,0.4093717901115699,-0.05010026693276193,NBA,G
201627,Anthony Morrow,2014-2024,1200,0.4935933672757394,0.4325,0.39786807818437925,0.03463192181562075,NBA,F
1629020,Jarred Vanderbilt,2014-2024,1189,0.2670287345456851,0.567703952901598,0.6080249993091473,-0.0403210464075493,NBA,F
101138,Brandon Bass,2014-2024,1186,0.34175386839998606,0.5269814502529511,0.5473742353021156,-0.02039278504916453,NBA,G
1641705,Victor Wembanyama,2014-2024,1186,0.39308989938933436,0.4645868465430017,0.4999161147563515,-0.03532926821334981,NBA,C
1629002,Chimezie Metu,2014-2024,1184,0.3986341416618684,0.49408783783783783,0.5212852963850331,-0.02719745854719524,NBA,F
1629726,Garrison Mathews,2014-2024,1181,0.5239005377832318,0.4072819644369179,0.38477785207789056,0.02250411235902733,NBA,F
1626246,Boban Marjanovic,2014-2024,1173,0.3278783363121341,0.5754475703324808,0.544339312287056,0.03110825804542483,NBA,Unknown
1629672,Eric Paschall,2014-2024,1173,0.403509187025336,0.49445865302642794,0.49012011174964,0.004338541276787955,NBA,F
1629614,Andrew Nembhard,2014-2024,1166,0.46197680718557776,0.4665523156089194,0.4282979199572091,0.03825439565171029,NBA,G
1629656,Quentin Grimes,2014-2024,1165,0.49700743506494793,0.42832618025751074,0.4228084513173806,0.00551772894013014,NBA,G
1629052,Oshae Brissett,2014-2024,1165,0.4184217777453134,0.41630901287553645,0.4825702282839063,-0.06626121540836982,NBA,F
1630537,Chris Duarte,2014-2024,1164,0.49066932387275114,0.40463917525773196,0.4300258095429356,-0.025386634285203658,NBA,G
2590,Mo Williams,2014-2024,1162,0.50249050824149,0.4070567986230637,0.39278845454801636,0.014268344075047346,NBA,G
203093,Terrence Jones,2014-2024,1161,0.3533999392220634,0.4780361757105943,0.5173602180695959,-0.039324042359001554,NBA,F
203499,Shane Larkin,2014-2024,1153,0.4329482117221894,0.42758022549869906,0.45004521466736636,-0.022464989168667293,NBA,G
2571,Leandro Barbosa,2014-2024,1148,0.4204566725560726,0.45818815331010454,0.459806553924977,-0.0016184006148724506,NBA,F
201589,Darrell Arthur,2014-2024,1135,0.4620707319723179,0.4343612334801762,0.43030125760199195,0.004059975878184241,NBA,G
1629643,Chuma Okeke,2014-2024,1133,0.4924289479885598,0.383053839364519,0.42177288067437957,-0.03871904130986059,NBA,F
1630631,Jose Alvarado,2014-2024,1128,0.4746187037269503,0.42021276595744683,0.4287428956568541,-0.008530129699407252,NBA,G
1718,Paul Pierce,2014-2024,1120,0.47009977382283785,0.4142857142857143,0.4114225067162098,0.0028632075695045334,NBA,F
203460,Andre Roberson,2014-2024,1113,0.35633217422471947,0.4779874213836478,0.5412871812987244,-0.06329975991507664,NBA,G
1630182,Josh Green,2014-2024,1105,0.4270699062170244,0.5031674208144796,0.48432643457949265,0.01884098623498698,NBA,F
1630214,Xavier Tillman,2014-2024,1100,0.3554527801800915,0.5218181818181818,0.5127951885376352,0.009022993280546676,NBA,C
1629599,Amir Coffey,2014-2024,1099,0.4663343206745747,0.4467697907188353,0.43202326221703585,0.014746528501799472,NBA,G
203112,Quincy Acy,2014-2024,1097,0.43840397955520566,0.43299908842297175,0.46211719238357674,-0.02911810396060499,NBA,F
1628436,Luke Kornet,2014-2024,1096,0.3764933081804821,0.5018248175182481,0.5224552844258618,-0.02063046690761361,NBA,C
201977,Marcus Thornton,2014-2024,1096,0.4570010152279205,0.40145985401459855,0.4236066600213535,-0.02214680600675495,NBA,G
202708,Norris Cole,2014-2024,1093,0.4553136279200689,0.40347666971637697,0.43661006061008206,-0.033133390893705095,NBA,G
1630201,Malachi Flynn,2014-2024,1090,0.5065050462417344,0.3871559633027523,0.4099721308934053,-0.02281616759065297,NBA,G
1641706,Brandon Miller,2014-2024,1083,0.46304094551045544,0.43951985226223456,0.4280254249305762,0.011494427331658341,NBA,G
1631101,Shaedon Sharpe,2014-2024,1082,0.46533173094565794,0.4454713493530499,0.4692821901666525,-0.02381084081360263,NBA,G
1630598,Aaron Wiggins,2014-2024,1077,0.39800484601571506,0.5143918291550603,0.4837729745031489,0.030618854651911442,NBA,F
1626147,Justin Anderson,2014-2024,1074,0.4467519728755789,0.4143389199255121,0.4650059529340718,-0.050667033008559736,NBA,F
1628998,Cody Martin,2014-2024,1069,0.4199106803556552,0.441534144059869,0.4901889612847257,-0.048654817224856706,NBA,G
101135,David Lee,2014-2024,1068,0.33049290222673855,0.548689138576779,0.5483646637524124,0.00032447482436659403,NBA,G
1630552,Jalen Johnson,2014-2024,1065,0.3707711571759386,0.5061032863849765,0.5179832645266791,-0.011879978141702607,NBA,F
1629642,Nassir Little,2014-2024,1060,0.45507153916712306,0.4518867924528302,0.46714959253469984,-0.015262800081869643,NBA,F
202700,Donatas Motiejunas,2014-2024,1049,0.37495557138130875,0.47950428979980936,0.46648713676328785,0.013017153036521512,NBA,F
2755,Kevin Martin,2014-2024,1043,0.4650667335497111,0.4055608820709492,0.4197659601723127,-0.01420507810136351,NBA,G
203121,Darius Miller,2014-2024,1026,0.5198676750516249,0.4171539961013645,0.37569081589247666,0.04146318020888784,NBA,F
1630181,R.J. Hampton,2014-2024,1021,0.45147586720775035,0.40842311459353575,0.4474528182698816,-0.03902970367634584,NBA,G
201564,O.J. Mayo,2014-2024,1017,0.46501952740207614,0.408062930186824,0.42421619980341635,-0.01615326961659236,NBA,G
1630164,James Wiseman,2014-2024,1012,0.3237053820243519,0.5602766798418972,0.5776510387597397,-0.017374358917842447,NBA,C
1630573,Sam Hauser,2014-2024,1004,0.5235345869359547,0.450199203187251,0.386266953462771,0.06393224972447997,NBA,F
2210,Richard Jefferson,2014-2024,1004,0.43815085244430274,0.449203187250996,0.4616159003719441,-0.012412713120948105,NBA,G
203920,Khem Birch,2014-2024,1004,0.3020940105235987,0.5179282868525896,0.5529165530960031,-0.034988266243413446,NBA,C
1626188,Quinn Cook,2014-2024,998,0.4990116164872164,0.4649298597194389,0.4129473240113031,0.051982535708135824,NBA,G
1630533,Ziaire Williams,2014-2024,998,0.471992393803932,0.4258517034068136,0.4599585202641211,-0.03410681685730749,NBA,F
201150,Spencer Hawes,2014-2024,997,0.4135438320155722,0.4222668004012036,0.454933120709253,-0.03266632030804939,NBA,G
1627774,Jake Layman,2014-2024,996,0.4248478927839528,0.4598393574297189,0.489731523253744,-0.029892165824025152,NBA,F
203530,Joffrey Lauvergne,2014-2024,995,0.34990589596859145,0.4793969849246231,0.5211497187881412,-0.04175273386351808,NBA,G
203960,JaKarr Sampson,2014-2024,990,0.36486640012027527,0.4676767676767677,0.5150890254904689,-0.047412257813701175,NBA,F
1627755,Tyler Ulis,2014-2024,988,0.4782684964867748,0.402834008097166,0.4151792434179196,-0.0123452353207536,NBA,G
201149,Joakim Noah,2014-2024,985,0.28692204456853615,0.4619289340101523,0.5754243423874955,-0.11349540837734323,NBA,C
1630205,Lamar Stevens,2014-2024,983,0.41345356897643054,0.46286876907426244,0.49656106922971355,-0.033692300155451105,NBA,F
202337,Luke Babbitt,2014-2024,976,0.4714223536593158,0.42827868852459017,0.4044890879993043,0.023789600525285892,NBA,F
1627748,Thon Maker,2014-2024,974,0.4123177816710903,0.4342915811088296,0.48621081067831573,-0.051919229569486136,NBA,C
1629660,Ty Jerome,2014-2024,967,0.48727498560160953,0.42295760082730094,0.40615709397488975,0.01680050685241119,NBA,G
1629723,John Konchar,2014-2024,963,0.4287338304967188,0.470404984423676,0.467582863628424,0.0028221207952520144,NBA,G
1631105,Jalen Duren,2014-2024,962,0.26905440400900504,0.6309771309771309,0.6439989654064887,-0.013021834429357781,NBA,C
2743,Kris Humphries,2014-2024,955,0.39749939069478457,0.4387434554973822,0.47800508535426545,-0.03926162985688325,NBA,F
1631096,Chet Holmgren,2014-2024,953,0.3789253524278857,0.5299055613850997,0.5017887791778024,0.028116782207297297,NBA,C
1629731,Dean Wade,2014-2024,950,0.48808348601900253,0.4326315789473684,0.42186890627187124,0.010762672675497187,NBA,F
1626155,Sam Dekker,2014-2024,944,0.36326661168387836,0.4777542372881356,0.5232972387131799,-0.045543001425044305,NBA,F
1629057,Robert Williams III,2014-2024,935,0.2390525754063462,0.7262032085561497,0.6800140495761675,0.046189158979982214,NBA,C
1627733,Dragan Bender,2014-2024,933,0.4436133201062451,0.39978563772775993,0.43888183452693397,-0.03909619679917403,NBA,F
1629633,Jarrett Culver,2014-2024,915,0.39891646246300894,0.4010928961748634,0.48561381559157724,-0.08452091941671386,NBA,G
1629162,Jordan McLaughlin,2014-2024,910,0.4426243851709993,0.4461538461538462,0.4529006362098345,-0.006746790055988328,NBA,G
1629048,Goga Bitadze,2014-2024,909,0.3337405286517251,0.517051705170517,0.5330192260233818,-0.01596752085286479,NBA,C
1629676,Isaiah Roby,2014-2024,908,0.3785256658667167,0.4845814977973568,0.5074157793339167,-0.022834281536559864,NBA,C
1630570,Trendon Watford,2014-2024,901,0.375376497936956,0.5405105438401776,0.486536270458131,0.05397427338204658,NBA,F
2757,Beno Udrih,2014-2024,899,0.4544781621020322,0.47163515016685204,0.4260346759737572,0.04560047419309482,NBA,G
2399,Mike Dunleavy,2014-2024,888,0.4621002998854661,0.42680180180180183,0.4201622171184282,0.006639584683373612,NBA,F
1627746,Skal Labissiere,2014-2024,872,0.3555342640922001,0.4919724770642202,0.5063378105749212,-0.014365333510701017,NBA,F
202349,Greivis Vasquez,2014-2024,871,0.4597776949085934,0.39380022962112515,0.41422908962609606,-0.020428860004970906,NBA,G
1626185,Jarell Martin,2014-2024,867,0.40235617228727016,0.43367935409457903,0.49513731240431275,-0.06145795830973372,NBA,F
1630194,Paul Reed,2014-2024,863,0.3098689190047342,0.5550405561993047,0.5547424117335742,0.0002981444657305099,NBA,C
1631323,Simone Fontecchio,2014-2024,860,0.47624421034789993,0.42674418604651165,0.43291267562707825,-0.006168489580566594,NBA,F
202338,Kevin Seraphin,2014-2024,853,0.3809989908298012,0.4970691676436108,0.4762356224644763,0.020833545179134494,NBA,G
1627853,Ryan Arcidiacono,2014-2024,851,0.47370053951467755,0.4206815511163337,0.409770653041116,0.010910898075217723,NBA,G
1631106,Tari Eason,2014-2024,849,0.3611766206212765,0.45229681978798586,0.5251062582404016,-0.07280943845241572,NBA,F
1626150,Andrew Harrison,2014-2024,842,0.4549339810251117,0.37292161520190026,0.4406551449237868,-0.06773352972188657,NBA,G
202730,Lavoy Allen,2014-2024,837,0.3643055176007106,0.4886499402628435,0.49502863162485444,-0.006378691362010969,NBA,G
1627885,Shaquille Harrison,2014-2024,837,0.38265228891472997,0.4348864994026284,0.5061673386449071,-0.07128083924227874,NBA,F
202390,Gary Neal,2014-2024,834,0.4769474886146369,0.4064748201438849,0.40604687299334563,0.00042794715053928734,NBA,G
1630625,Dalano Banton,2014-2024,832,0.4317766513209703,0.40865384615384615,0.4591173746951371,-0.050463528541290936,NBA,G
1630541,Moses Moody,2014-2024,830,0.46696074252388287,0.4602409638554217,0.4464518832212044,0.013789080634217299,NBA,F
1627780,Gary Payton II,2014-2024,829,0.38147467432513876,0.5512665862484921,0.5256011055687068,0.025665480679785357,NBA,G
1630528,Josh Christopher,2014-2024,829,0.4274193057753164,0.45476477683956573,0.46675020842230064,-0.011985431582734907,NBA,F
1631223,David Roddy,2014-2024,829,0.43399209224306323,0.4161640530759952,0.46565446167682834,-0.04949040860083315,NBA,F
1628400,Semi Ojeleye,2014-2024,825,0.4789348426888501,0.38303030303030305,0.42834600397039985,-0.04531570094009679,NBA,F
201582,Alexis Ajinca,2014-2024,822,0.3503433934296611,0.5109489051094891,0.5075199519446663,0.0034289531648228344,NBA,G
1630534,Ochai Agbaji,2014-2024,819,0.45020701728144974,0.4188034188034188,0.460121582583542,-0.04131816378012321,NBA,F
1627745,Damian Jones,2014-2024,817,0.289077229369894,0.6560587515299877,0.6326403798711401,0.023418371658847636,NBA,C
1641718,Keyonte George,2014-2024,815,0.5008377622576944,0.3914110429447853,0.40847439356873894,-0.017063350623953644,NBA,G
1627782,Wayne Selden,2014-2024,814,0.45367399490785804,0.4152334152334152,0.44923533924651204,-0.03400192401309682,NBA,F
1630702,Jaden Hardy,2014-2024,812,0.47660578275512644,0.41995073891625617,0.430996542111253,-0.011045803194996817,NBA,G
203101,Miles Plumlee,2014-2024,807,0.2647795753383763,0.5662949194547707,0.6258526672601866,-0.059557747805415895,NBA,C
1628390,Terrance Ferguson,2014-2024,806,0.4856923655715166,0.4094292803970223,0.43304599476837075,-0.023616714371348435,NBA,G
1628411,Wes Iwundu,2014-2024,806,0.41964666438155823,0.4032258064516129,0.47684923254564787,-0.073623426094035,NBA,F
201228,C.J. Watson,2014-2024,802,0.4755359873709309,0.40399002493765584,0.417700246937763,-0.01371022200010713,NBA,G
202954,Brad Wanamaker,2014-2024,799,0.42299541225285264,0.4117647058823529,0.45467658830509533,-0.04291188242274241,NBA,G
204028,Tarik Black,2014-2024,798,0.26428625605170974,0.550125313283208,0.6188465696065516,-0.06872125632334358,NBA,G
1630703,Scoot Henderson,2014-2024,797,0.460586326876665,0.3851944792973651,0.4461361252885625,-0.06094164599119739,NBA,G
1630208,Nick Richards,2014-2024,788,0.2418454778581502,0.6611675126903553,0.6537871419087626,0.007380370781592704,NBA,C
203518,Alex Abrines,2014-2024,788,0.5040741773248134,0.38578680203045684,0.3979015508300472,-0.012114748799590347,NBA,G
1630540,Miles McBride,2014-2024,777,0.5041164904300441,0.4041184041184041,0.419758058307438,-0.015639654189033902,NBA,G
101106,Andrew Bogut,2014-2024,776,0.2533584356667834,0.5773195876288659,0.6012871209516124,-0.02396753332274648,NBA,C
1631128,Christian Braun,2014-2024,772,0.39860841855551327,0.4727979274611399,0.4983667406261177,-0.025568813164977777,NBA,F
202713,Kyle Singler,2014-2024,771,0.4541562404573126,0.38780804150453957,0.43425618996222887,-0.0464481484576893,NBA,F
1631117,Walker Kessler,2014-2024,764,0.24840445167318348,0.6897905759162304,0.662165930331065,0.02762464558516542,NBA,C
203898,Tyler Ennis,2014-2024,763,0.4056149975333696,0.41939711664482304,0.461612966272104,-0.04221584962728098,NBA,G
1630543,Isaiah Jackson,2014-2024,757,0.2715926065045746,0.5944517833553501,0.6284862722772444,-0.03403448892189431,NBA,C
1626245,Cristiano Felicio,2014-2024,754,0.2803374028029781,0.5716180371352785,0.5792220331493125,-0.0076039960140340535,NBA,G
1629111,Jock Landale,2014-2024,747,0.36014874908537087,0.5153949129852744,0.5150794431512308,0.0003154698340436246,NBA,C
203080,Thomas Robinson,2014-2024,747,0.3108332688211704,0.48326639892904955,0.5584206983797518,-0.07515429945070229,NBA,G
1629139,Yuta Watanabe,2014-2024,746,0.4743740011577434,0.4249329758713137,0.442991552932372,-0.018058577061058345,NBA,F
2430,Carlos Boozer,2014-2024,743,0.36922100080835796,0.4993270524899058,0.4821845076764627,0.017142544813443072,NBA,F
203148,Brian Roberts,2014-2024,739,0.4759492833575226,0.40054127198917455,0.4069556140000074,-0.006414342010832852,NBA,G
1630692,Jordan Goodwin,2014-2024,738,0.45482734754398574,0.4051490514905149,0.4413089726069609,-0.036159921116446,NBA,G
1627846,Abdel Nader,2014-2024,735,0.42837171974146926,0.4217687074829932,0.45942193181414237,-0.03765322433114915,NBA,F
1628410,Edmond Sumner,2014-2024,727,0.40335454830409356,0.47042640990371387,0.4893725019307723,-0.018946092027058437,NBA,G
203895,Jordan McRae,2014-2024,724,0.47834662724369464,0.4171270718232044,0.44016672515059474,-0.02303965332739033,NBA,G
1629626,Bol Bol,2014-2024,714,0.4111325561885202,0.5518207282913166,0.5007108072987743,0.0511099209925423,NBA,F
2405,Amar'e Stoudemire,2014-2024,711,0.3044775642661731,0.559774964838256,0.558985565622602,0.0007893992156539076,NBA,F
1629750,Javonte Green,2014-2024,708,0.35859684349910376,0.5423728813559322,0.5545563135960483,-0.012183432240116088,NBA,F
1631133,Jabari Walker,2014-2024,707,0.3787697233636928,0.44837340876944837,0.5005725038341757,-0.05219909506472736,NBA,F
202388,Donald Sloan,2014-2024,704,0.4406188087772725,0.42329545454545453,0.454579397799254,-0.03128394325379946,NBA,G
1628385,Harry Giles III,2014-2024,702,0.34643581069195367,0.5071225071225072,0.5238070112044427,-0.01668450408193556,NBA,C
1631170,Jaime Jaquez Jr.,2014-2024,697,0.4120998011762652,0.48923959827833574,0.4773083590942467,0.01193123918408906,NBA,F
1627775,Patrick McCaw,2014-2024,696,0.43754110694603326,0.41954022988505746,0.4610477038374942,-0.04150747395243676,NBA,F
1626203,Treveon Graham,2014-2024,694,0.4427016838213016,0.38328530259365995,0.4275724902261293,-0.04428718763246936,NBA,F
201600,Omer Asik,2014-2024,694,0.23044150721990603,0.5144092219020173,0.645433363990113,-0.13102414208809565,NBA,C
101111,Charlie Villanueva,2014-2024,688,0.4800694949437666,0.39825581395348836,0.42427044798135427,-0.026014634027865913,NBA,G
203462,Archie Goodwin,2014-2024,688,0.37863322415117673,0.42296511627906974,0.5138417761766546,-0.09087665989758487,NBA,G
1630613,Duane Washington Jr.,2014-2024,683,0.5024828236315587,0.39092240117130306,0.4241196476575674,-0.03319724648626432,NBA,G
203798,PJ Hairston,2014-2024,677,0.4591971605384797,0.34268833087149186,0.42042055159027103,-0.07773222071877917,NBA,F
203909,KJ McDaniels,2014-2024,675,0.4030048977965693,0.41185185185185186,0.4974626633505892,-0.08561081149873734,NBA,G
1627098,Malcolm Delaney,2014-2024,673,0.51132682502409,0.3774145616641902,0.41293047424006674,-0.03551591257587655,NBA,G
1627767,Cheick Diallo,2014-2024,668,0.3413800795217165,0.5958083832335329,0.5336256666775253,0.0621827165560076,NBA,G
1630526,Jeremiah Robinson-Earl,2014-2024,667,0.4091857857477282,0.4332833583208396,0.4742674106315938,-0.04098405231075419,NBA,C
1630184,Kira Lewis Jr.,2014-2024,663,0.4463237741393911,0.39668174962292607,0.45057178763921835,-0.053890038016292274,NBA,Unknown
1629308,Juan Toscano-Anderson,2014-2024,662,0.39740690424534736,0.5015105740181269,0.4958693854233688,0.005641188594758151,NBA,F
201148,Brandan Wright,2014-2024,652,0.26799182056436416,0.6288343558282209,0.6100469137856457,0.01878744204257521,NBA,G
1628416,Tyler Dorsey,2014-2024,651,0.4824777447619536,0.391705069124424,0.41946062596969697,-0.027755556845272977,NBA,G
200745,Andrea Bargnani,2014-2024,640,0.4250766311633514,0.4546875,0.42654970123977815,0.028137798760221877,NBA,F
1630192,Zeke Nnaji,2014-2024,635,0.36773296070050543,0.5118110236220472,0.5232287012182046,-0.011417677596157416,NBA,F
2419,Tayshaun Prince,2014-2024,631,0.4565651891027458,0.4421553090332805,0.43339938138366707,0.008755927649613415,NBA,F
201978,Chase Budinger,2014-2024,629,0.42200156736629535,0.43402225755166934,0.46224824625804856,-0.028225988706379213,NBA,F
202332,Cole Aldrich,2014-2024,627,0.2829043104679979,0.5231259968102073,0.5464793725096532,-0.023353375699445844,NBA,G
1629019,Allonzo Trier,2014-2024,624,0.44366754453618956,0.453525641025641,0.4593153757503923,-0.00578973472475125,NBA,F
1630267,Facundo Campazzo,2014-2024,624,0.499037131715713,0.3685897435897436,0.40149883184241697,-0.03290908825267336,NBA,G
2446,Rasual Butler,2014-2024,621,0.48498227579332165,0.42995169082125606,0.4238967058185554,0.006054985002700686,NBA,G
201171,Carl Landry,2014-2024,619,0.3741904966589491,0.531502423263328,0.4893848306954113,0.042117592567916695,NBA,G
203492,Ray McCallum,2014-2024,616,0.44220408265651445,0.4237012987012987,0.4587251516428516,-0.03502385294155291,NBA,G
1628035,Alfonzo McKinnie,2014-2024,615,0.43045640273096153,0.4666666666666667,0.49280935420325483,-0.02614268753658816,NBA,F
1629066,Rodions Kurucs,2014-2024,615,0.39407385575590803,0.44390243902439025,0.4997648006454671,-0.05586236162107683,NBA,F
1630549,Day'Ron Sharpe,2014-2024,614,0.27696125762230045,0.5651465798045603,0.6006835737242637,-0.03553699391970344,NBA,C
201581,JJ Hickson,2014-2024,614,0.30630522496286233,0.48534201954397393,0.5670274914109245,-0.08168547186695052,NBA,F
203094,Andrew Nicholson,2014-2024,611,0.4227746525253171,0.4451718494271686,0.4507675797918389,-0.005595730364670315,NBA,G
201962,Toney Douglas,2014-2024,611,0.4714499378083638,0.3993453355155483,0.4195103547011227,-0.020165019185574395,NBA,G
1630527,Brandon Boston,2014-2024,608,0.46732528155099007,0.3963815789473684,0.4525854342741054,-0.056203855326736996,NBA,G
1629312,Haywood Highsmith,2014-2024,601,0.458425747877515,0.4425956738768719,0.44896429907817265,-0.0063686252013007705,NBA,F
1628408,PJ Dozier,2014-2024,601,0.4603861398414625,0.39767054908485855,0.4433504406626624,-0.04567989157780383,NBA,G
1641764,Brandin Podziemski,2014-2024,597,0.4477472106484879,0.4539363484087102,0.4352588126522665,0.01867753575644371,NBA,G
1628981,Bruno Fernando,2014-2024,597,0.29263476136302824,0.5443886097152428,0.5978878166219741,-0.05349920690673127,NBA,C
1631100,AJ Griffin,2014-2024,595,0.4834473005366633,0.4470588235294118,0.41359230653123674,0.033466516998175044,NBA,F
1627785,Isaiah Whitehead,2014-2024,593,0.4216796430180154,0.4114671163575042,0.46998317288068847,-0.05851605652318426,NBA,G
2549,Chris Kaman,2014-2024,592,0.36667353174906797,0.5118243243243243,0.4951245612401873,0.016699763084137065,NBA,G
1628412,Frank Mason III,2014-2024,592,0.4345807713469809,0.38682432432432434,0.4442052587148188,-0.057380934390494465,NBA,G
1629164,Brandon Goodwin,2014-2024,590,0.46123950535969965,0.3898305084745763,0.4286446815713016,-0.0388141730967253,NBA,G
101187,Alan Anderson,2014-2024,579,0.46871786725455356,0.42487046632124353,0.42968625577088054,-0.004815789449637009,NBA,G
203156,Henry Sims,2014-2024,579,0.38340246059756355,0.4680483592400691,0.47750650096807185,-0.009458141728002745,NBA,G
1629641,Romeo Langford,2014-2024,573,0.4168667709352383,0.43455497382198954,0.4755184367231926,-0.04096346290120306,NBA,G
2581,Steve Blake,2014-2024,566,0.5242351311159807,0.37809187279151946,0.38194072116877714,-0.0038488483772576854,NBA,G
1641713,GG Jackson,2014-2024,563,0.461666198152144,0.4280639431616341,0.4591442578200448,-0.031080314658410713,NBA,F
1630240,Saben Lee,2014-2024,563,0.38680552821473074,0.42095914742451157,0.5013474201982989,-0.08038827277378735,NBA,G
203120,Justin Hamilton,2014-2024,557,0.4088529155468883,0.4649910233393178,0.47148399211333664,-0.006492968774018837,NBA,G
1628391,D.J. Wilson,2014-2024,557,0.45494460326278985,0.4236983842010772,0.45845516797342056,-0.03475678377234337,NBA,F
1626184,Chasson Randle,2014-2024,556,0.4651064939515978,0.4010791366906475,0.42921694652942743,-0.028137809838779948,NBA,G
202347,Quincy Pondexter,2014-2024,554,0.45302458886803426,0.41696750902527074,0.4458065926423082,-0.028839083617037464,NBA,G
101179,Ronnie Price,2014-2024,547,0.4797349196583072,0.3583180987202925,0.4145090902347502,-0.05619099151445767,NBA,G
1629650,Moses Brown,2014-2024,547,0.24066284195342966,0.5630712979890311,0.6638318239647454,-0.10076052597571428,NBA,C
203186,Willie Reed,2014-2024,539,0.27618805139703406,0.5918367346938775,0.594429860433198,-0.0025931257393204676,NBA,G
1628469,Antonio Blakeney,2014-2024,539,0.4604263669329912,0.40630797773654914,0.4287541611603732,-0.02244618342382404,NBA,G
1629016,Omari Spellman,2014-2024,539,0.4116612802786023,0.4174397031539889,0.481197948574572,-0.06375824542058312,NBA,F
203900,Markel Brown,2014-2024,539,0.4440104630305949,0.3803339517625232,0.4582045566970296,-0.07787060493450637,NBA,G
201574,Jason Thompson,2014-2024,536,0.34808621524521277,0.47201492537313433,0.5040182694085096,-0.03200334403537525,NBA,G
200771,Sergio Rodriguez,2014-2024,535,0.4815092670107739,0.39065420560747666,0.4103211710314256,-0.019666965423948968,NBA,G
1630577,Julian Champagnie,2014-2024,532,0.46897225387000213,0.4191729323308271,0.4354919312152577,-0.016318998884430613,NBA,F
203948,Johnny O'Bryant III,2014-2024,530,0.40644605876956397,0.4018867924528302,0.46188743694661,-0.06000064449377979,NBA,G
1627820,Tyrone Wallace,2014-2024,528,0.37154053091958716,0.42234848484848486,0.4810387551672494,-0.05869027031876456,NBA,G
1629717,Armoni Brooks,2014-2024,527,0.530018584841127,0.36242884250474383,0.3858758552330353,-0.023447012728291472,NBA,G
1629635,Sekou Doumbouya,2014-2024,526,0.39341798663164684,0.38783269961977185,0.48995260302905785,-0.102119903409286,NBA,F
1630700,Dyson Daniels,2014-2024,519,0.4301443054691321,0.43545279383429675,0.45737800763079495,-0.0219252137964982,NBA,G
1628396,Tony Bradley,2014-2024,514,0.2742464917665918,0.6284046692607004,0.5766162270997671,0.05178844216093326,NBA,C
1631204,Marcus Sasser,2014-2024,512,0.5134281200180326,0.427734375,0.40295123060562255,0.024783144394377454,NBA,G
1630241,Sam Merrill,2014-2024,511,0.5415331690191287,0.4050880626223092,0.3762208592782187,0.028867203344090486,NBA,G
2550,Kirk Hinrich,2014-2024,510,0.47903122202286214,0.37450980392156863,0.40951221446073305,-0.03500241053916442,NBA,G
1631212,Peyton Watson,2014-2024,506,0.4059876257277902,0.4683794466403162,0.5021888736364153,-0.03380942699609907,NBA,F
1630572,Sandro Mamukelashvili,2014-2024,500,0.41683776868314887,0.454,0.4726390971611377,-0.018639097161137708,NBA,C
201575,Brandon Rush,2014-2024,500,0.48968105531963657,0.382,0.4291886560426551,-0.0471886560426551,NBA,G
1641871,Duop Reath,2014-2024,499,0.40571138770410936,0.46092184368737477,0.45819907683483996,0.002722766852534808,NBA,C
203100,Tony Wroten,2014-2024,499,0.38161361537695665,0.39478957915831664,0.4924054819304257,-0.09761590277210908,NBA,G
1629117,Wenyen Gabriel,2014-2024,498,0.3402932430947502,0.5240963855421686,0.5318162435281115,-0.0077198579859428795,NBA,F
1630587,Isaiah Livers,2014-2024,494,0.521201398095216,0.4068825910931174,0.4059457776727136,0.0009368134204038037,NBA,F
1629103,Kelan Martin,2014-2024,490,0.46190871290401264,0.4142857142857143,0.4382176134340069,-0.02393189914829258,NBA,F
201168,Tiago Splitter,2014-2024,489,0.2986157862542758,0.5398773006134969,0.5553180482309726,-0.015440747617475714,NBA,C
1628990,Chandler Hutchison,2014-2024,489,0.3685980234784591,0.44171779141104295,0.5168880128664056,-0.07517022145536267,NBA,F
203527,Ryan Kelly,2014-2024,486,0.4426767269093589,0.3436213991769547,0.4317869498744952,-0.08816555069754045,NBA,F
1641709,Ausar Thompson,2014-2024,480,0.37244160042014834,0.48333333333333334,0.5387414214010476,-0.0554080880677143,NBA,F
1626173,Rashad Vaughn,2014-2024,477,0.48944689496632726,0.33752620545073375,0.41465158692140985,-0.0771253814706761,NBA,G
1630550,JT Thor,2014-2024,476,0.45741096388109415,0.4180672268907563,0.4641649001809056,-0.0460976732901493,NBA,F
1629109,Gary Clark,2014-2024,472,0.5200496842777278,0.3411016949152542,0.39236764181518496,-0.05126594689993075,NBA,F
1629059,Elie Okobo,2014-2024,471,0.4653224763735953,0.39490445859872614,0.4438911428124132,-0.04898668421368707,NBA,G
1630553,Keon Johnson,2014-2024,471,0.4668743002061003,0.3630573248407643,0.44940899675232765,-0.08635167191156334,NBA,G
1627790,Ante Zizic,2014-2024,470,0.29926794595437245,0.5808510638297872,0.5454127191153569,0.0354383447144303,NBA,C
1641715,Cam Whitmore,2014-2024,467,0.4403062817514342,0.4539614561027837,0.4744456478640321,-0.020484191761248383,NBA,F
1628395,Jordan Bell,2014-2024,466,0.32826153869097324,0.5515021459227468,0.5788496739702671,-0.027347528047520275,NBA,F
1626257,Salah Mejri,2014-2024,464,0.2891987441459912,0.603448275862069,0.6228488074407005,-0.01940053157863153,NBA,G
1631119,Jaylin Williams,2014-2024,462,0.44244839368837563,0.4264069264069264,0.4334591114671668,-0.007052185060240412,NBA,C
1630264,Anthony Gill,2014-2024,461,0.3774035244692733,0.5162689804772235,0.4883124466565337,0.027956533820689744,NBA,F
1630209,Omer Yurtseven,2014-2024,458,0.32829935121062587,0.5349344978165939,0.5453084290161347,-0.010373931199540887,NBA,C
1630322,Lindy Waters III,2014-2024,457,0.535887380846452,0.41575492341356673,0.3802658189156609,0.03548910449790582,NBA,G
1641722,Jordan Hawkins,2014-2024,456,0.5258516624782861,0.3815789473684211,0.39757286098778927,-0.015993913619368194,NBA,G
2406,Caron Butler,2014-2024,455,0.5018459820710612,0.4087912087912088,0.3866468631562404,0.022144345634968365,NBA,G
1627835,Paul Zipser,2014-2024,455,0.4610847139060437,0.37142857142857144,0.42501318720478287,-0.05358461577621143,NBA,F
202087,Alonzo Gee,2014-2024,455,0.3529045937518995,0.4879120879120879,0.5786571416236932,-0.0907450537116053,NBA,F
1629010,Jerome Robinson,2014-2024,454,0.5022144250430884,0.34801762114537443,0.41644809734815846,-0.06843047620278403,NBA,G
1641708,Amen Thompson,2014-2024,446,0.3235334205189328,0.5358744394618834,0.576894033185436,-0.04101959372355257,NBA,F
1641711,Gradey Dick,2014-2024,445,0.4915230502776893,0.4247191011235955,0.43188551317791224,-0.007166412054316729,NBA,F
1641717,Cason Wallace,2014-2024,442,0.4783239110455227,0.49095022624434387,0.44925161347430775,0.041698612770036114,NBA,F
1630556,Kessler Edwards,2014-2024,442,0.46387188193034906,0.4072398190045249,0.4523184568344935,-0.045078637829968626,NBA,F
2617,Udonis Haslem,2014-2024,439,0.3914284010815608,0.4145785876993166,0.48392443077731817,-0.06934584307800157,NBA,G
1641739,Toumani Camara,2014-2024,438,0.396001241201623,0.4497716894977169,0.49210916200882526,-0.042337472511108365,NBA,F
2592,James Jones,2014-2024,435,0.5343415873848641,0.4045977011494253,0.3739622448897188,0.030635456259706484,NBA,F
1630237,Anthony Lamb,2014-2024,434,0.4700544736701519,0.4470046082949309,0.43168467940526944,0.015319928889661438,NBA,F
1631121,Bryce McGowens,2014-2024,432,0.43579630067310754,0.41898148148148145,0.4688633736610818,-0.04988189217960032,NBA,F
1641731,Bilal Coulibaly,2014-2024,432,0.4306219636663202,0.4351851851851852,0.49839087439784363,-0.06320568921265846,NBA,F
1631104,Blake Wesley,2014-2024,430,0.4209675002318741,0.39767441860465114,0.4960879945001215,-0.09841357589547034,NBA,G
203940,Adreian Payne,2014-2024,429,0.39899653751316394,0.40559440559440557,0.47480978628251236,-0.06921538068810679,NBA,G
1626202,Joe Young,2014-2024,426,0.48022431685642736,0.39436619718309857,0.4263091533366991,-0.031942956153600544,NBA,F
708,Kevin Garnett,2014-2024,421,0.42114619863747005,0.4679334916864608,0.435000158887877,0.03293333279858379,NBA,F
1631246,Vince Williams Jr.,2014-2024,419,0.4639316995539602,0.431980906921241,0.4406471989126015,-0.008666291991360486,NBA,F
1629740,Nicolo Melli,2014-2024,419,0.4775865814793059,0.4033412887828162,0.41702501721467744,-0.01368372843186122,NBA,F
203461,Anthony Bennett,2014-2024,416,0.4031600504299849,0.4110576923076923,0.4870570937391443,-0.07599940143145201,NBA,G
204014,Damjan Rudez,2014-2024,413,0.5022636532603795,0.423728813559322,0.39278187359611294,0.030946939963209075,NBA,F
2756,Sasha Vujacic,2014-2024,413,0.4998144760490898,0.3583535108958838,0.39425387243487875,-0.03590036153899495,NBA,G
1628455,Mike James,2014-2024,413,0.4651789412744389,0.3801452784503632,0.44611392287301604,-0.06596864442265282,NBA,G
1628539,Mychal Mulder,2014-2024,409,0.5149830240078642,0.4132029339853301,0.4115017775337593,0.0017011564515707622,NBA,G
1630699,MarJon Beauchamp,2014-2024,409,0.48196642841757914,0.43276283618581907,0.4527226919069071,-0.01995985572108805,NBA,F
2555,Nick Collison,2014-2024,404,0.35407374595395313,0.452970297029703,0.5056616602576443,-0.05269136322794127,NBA,G
1631109,Mark Williams,2014-2024,402,0.2396639908309506,0.6417910447761194,0.6428416365215773,-0.0010505917454579627,NBA,C
1628462,Milos Teodosic,2014-2024,400,0.4918112968940517,0.42,0.38709673393566335,0.032903266064336634,NBA,G
1630647,Eugene Omoruyi,2014-2024,400,0.39687953959646904,0.46,0.49355897747667077,-0.03355897747667075,NBA,F
1628388,T.J. Leaf,2014-2024,398,0.36175058187498327,0.49748743718592964,0.5032264175452664,-0.005738980359336787,NBA,F
1631222,Jake LaRavia,2014-2024,398,0.46302184411324226,0.38944723618090454,0.43480924543315,-0.04536200925224548,NBA,F
1627819,Isaiah Taylor,2014-2024,397,0.39183154972697437,0.41309823677581864,0.47651102131507905,-0.06341278453926041,NBA,G
1889,Andre Miller,2014-2024,396,0.3827368951073736,0.5151515151515151,0.4713286620549748,0.043822853096540326,NBA,G
203998,Bruno Caboclo,2014-2024,390,0.4440111415032174,0.4,0.4654566468900412,-0.06545664689004116,NBA,F
1630219,Skylar Mays,2014-2024,389,0.44319474502372885,0.44473007712082263,0.45732710541894633,-0.012597028298123703,NBA,G
1631216,Caleb Houstan,2014-2024,388,0.5272840740795451,0.37628865979381443,0.3889909965926189,-0.012702336798804448,NBA,F
1630215,Jared Butler,2014-2024,384,0.5008032342113745,0.453125,0.4206779861590961,0.03244701384090393,NBA,G
203135,Robert Sacre,2014-2024,381,0.39125865726848164,0.4120734908136483,0.46132303757812887,-0.04924954676448057,NBA,G
203648,Thanasis Antetokounmpo,2014-2024,381,0.3349662096536806,0.5118110236220472,0.5893466825406064,-0.07753565891855918,NBA,F
2400,Drew Gooden,2014-2024,379,0.45366474001886004,0.37730870712401055,0.43551295907161497,-0.058204251947604424,NBA,F
201593,Nikola Pekovic,2014-2024,378,0.31438056703971196,0.41798941798941797,0.5111494728657497,-0.09316005487633178,NBA,C
1630235,Trent Forrest,2014-2024,376,0.39789280116907805,0.4441489361702128,0.4736808269430935,-0.02953189077288071,NBA,G
1630547,James Bouknight,2014-2024,375,0.48276667616087265,0.3626666666666667,0.43279354964072136,-0.07012688297405467,NBA,Unknown
203143,Pablo Prigioni,2014-2024,374,0.4927121511725045,0.3877005347593583,0.3948917462527208,-0.007191211493362493,NBA,G
1627786,Troy Williams,2014-2024,374,0.39151584679217416,0.44919786096256686,0.5106336930274978,-0.06143583206493097,NBA,G
1629604,CJ Elleby,2014-2024,374,0.4340908924447705,0.39037433155080214,0.456240369442346,-0.06586603789154388,NBA,F
1629744,Matt Thomas,2014-2024,372,0.5385188856109183,0.4274193548387097,0.3792264284187421,0.048192926419967586,NBA,G
1627851,Mindaugas Kuzminskas,2014-2024,371,0.40101244508466827,0.42587601078167114,0.4827019218894299,-0.05682591110775875,NBA,G
203995,Vasilije Micic,2014-2024,370,0.46842702167869094,0.4297297297297297,0.4397800400504146,-0.010050310320684874,NBA,Unknown
203098,John Jenkins,2014-2024,369,0.49609758453116637,0.4444444444444444,0.4043228055366642,0.0401216389077802,NBA,F
203105,Festus Ezeli,2014-2024,367,0.28456640342504275,0.547683923705722,0.6197659978373552,-0.07208207413163314,NBA,G
1631200,Kris Murray,2014-2024,366,0.42567386415683783,0.39617486338797814,0.4666498412235258,-0.07047497783554768,NBA,F
1628397,Ivan Rabb,2014-2024,364,0.34323761139306735,0.554945054945055,0.5304426605372045,0.024502394407850514,NBA,C
1629033,Theo Pinson,2014-2024,363,0.4819719495557626,0.31955922865013775,0.41756617228516646,-0.09800694363502871,NBA,F
203142,Chris Copeland,2014-2024,361,0.4598445699124945,0.3573407202216066,0.42397714571282513,-0.06663642549121851,NBA,F
1628427,Vlatko Čančar,2014-2024,355,0.43381899825657566,0.4788732394366197,0.4549760273600161,0.023897212076603613,NBA,F
1630688,Ish Wainright,2014-2024,355,0.492346878763644,0.37183098591549296,0.41791177247449374,-0.046080786559000775,NBA,F
2760,Anderson Varejao,2014-2024,354,0.3321146496143379,0.4887005649717514,0.4969561582643313,-0.00825559329257991,NBA,G
1629678,Admiral Schofield,2014-2024,352,0.46864060994693496,0.42329545454545453,0.42855784242306316,-0.005262387877608632,NBA,F
1631107,Nikola Jović,2014-2024,350,0.4427710739416123,0.44285714285714284,0.429037457473268,0.013819685383874847,NBA,F
203187,Chris Johnson,2014-2024,348,0.4874574403361356,0.3850574712643678,0.43659762081957,-0.0515401495552022,NBA,G
1631108,Max Christie,2014-2024,347,0.4867117844437266,0.42363112391930835,0.43697198722297503,-0.013340863303666683,NBA,G
203481,Jeff Withey,2014-2024,345,0.2982782083354055,0.5217391304347826,0.574323723574524,-0.0525845931397414,NBA,G
1630568,Luka Garza,2014-2024,338,0.4115774049790288,0.4881656804733728,0.45701465023049326,0.03115103024287952,NBA,C
1630314,Brandon Williams,2014-2024,336,0.4576182334867763,0.37202380952380953,0.44186106121627844,-0.0698372516924689,NBA,G
203144,Alexey Shved,2014-2024,335,0.4484994861503646,0.3970149253731343,0.4470089616168211,-0.04999403624368676,NBA,G
1630678,Terry Taylor,2014-2024,334,0.35156834123309155,0.5808383233532934,0.5202709457249538,0.060567377628339636,NBA,F
1627738,Deyonta Davis,2014-2024,334,0.3053750051971476,0.5988023952095808,0.5831815295596353,0.01562086564994547,NBA,G
1628432,Davon Reed,2014-2024,333,0.4865423982987448,0.4084084084084084,0.4138494617357308,-0.005441053327322365,NBA,F
1631218,Trayce Jackson-Davis,2014-2024,332,0.241612768727314,0.7018072289156626,0.6672867532351653,0.03452047568049732,NBA,C
1630227,Daishen Nix,2014-2024,328,0.470094424178377,0.3567073170731707,0.42970518340502006,-0.07299786633184935,NBA,G
1628414,Sindarius Thornwell,2014-2024,328,0.40607592275478344,0.4024390243902439,0.47646927835977565,-0.07403025396953172,NBA,F
1627740,Henry Ellenson,2014-2024,326,0.46591525436024606,0.37116564417177916,0.423357512126151,-0.05219186795437186,NBA,F
1631098,Johnny Davis,2014-2024,325,0.45568065595726676,0.39384615384615385,0.45029408017605527,-0.05644792632990142,NBA,G
1629677,Luka Samanic,2014-2024,324,0.41299684733063546,0.4104938271604938,0.4671987588439347,-0.05670493168344087,NBA,F
1626210,Alan Williams,2014-2024,322,0.3196080611313383,0.5062111801242236,0.5087198320353733,-0.002508651911149684,NBA,G
1631260,AJ Green,2014-2024,321,0.5489165496869474,0.4236760124610592,0.36794577930433453,0.05573023315672465,NBA,G
1629065,Ky Bowman,2014-2024,321,0.4560091898257705,0.4174454828660436,0.44582450390238,-0.028379021036336383,NBA,G
201177,Josh McRoberts,2014-2024,320,0.3985737152994788,0.396875,0.4725587251247843,-0.07568372512478433,NBA,F
1629067,Isaac Bonga,2014-2024,311,0.39290488126119855,0.43086816720257237,0.4782079844042086,-0.047339817201636214,NBA,F
1630249,Vít Krejčí,2014-2024,308,0.47524569391479654,0.43506493506493504,0.4234565230801798,0.011608411984755262,NBA,F
200811,Lou Amundson,2014-2024,308,0.3042553342645573,0.4155844155844156,0.5317771167850235,-0.11619270120060787,NBA,F
2584,Willie Green,2014-2024,306,0.45982726496353926,0.38562091503267976,0.4287402144833929,-0.04311929945071313,NBA,G
2570,Kendrick Perkins,2014-2024,304,0.3122567168409954,0.47039473684210525,0.5258509043446037,-0.05545616750249843,NBA,G
2365,Chris Andersen,2014-2024,301,0.29311016842457704,0.5548172757475083,0.5972868481577078,-0.04246957241019955,NBA,F
200761,Shawne Williams,2014-2024,300,0.49081144148553807,0.4033333333333333,0.41640725728843897,-0.013073923955105649,NBA,F
1630563,Joshua Primo,2014-2024,299,0.46906913814241624,0.3712374581939799,0.43825017171887265,-0.06701271352489274,NBA,G
1626273,Marcelo Huertas,2014-2024,298,0.4409080188160564,0.40939597315436244,0.43401800584279454,-0.024622032688432105,NBA,G
1631172,Ousmane Dieng,2014-2024,297,0.4730298811429261,0.4208754208754209,0.4568471743435603,-0.03597175346813941,NBA,F
1641726,Dereck Lively II,2014-2024,296,0.22903481556177133,0.7466216216216216,0.7217157794377453,0.02490584218387626,NBA,C
203544,Pero Antic,2014-2024,296,0.4842657606741526,0.36486486486486486,0.42984641580872496,-0.0649815509438601,NBA,G
2732,Ben Gordon,2014-2024,295,0.47192923337682074,0.43728813559322033,0.41059076581798826,0.02669736977523207,NBA,G
1627758,Ron Baker,2014-2024,295,0.45115598337992024,0.3559322033898305,0.44638156953041974,-0.09044936614058924,NBA,G
1629649,Ignas Brazdeikis,2014-2024,293,0.4480974485604699,0.41638225255972694,0.4451405739223489,-0.028758321362621964,NBA,F
1641733,Nick Smith Jr.,2014-2024,289,0.5070721172423852,0.39100346020761245,0.3992462929258641,-0.008242832718251658,NBA,Unknown
203512,Lucas Nogueira,2014-2024,288,0.25632384535953406,0.6319444444444444,0.663875124289321,-0.03193067984487663,NBA,C
2588,Matt Bonner,2014-2024,286,0.47059164131859027,0.43006993006993005,0.39423325608183096,0.03583667398809909,NBA,F
202407,Elijah Millsap,2014-2024,284,0.42686273463998703,0.3274647887323944,0.46595680735840384,-0.13849201862600946,NBA,G
204037,Travis Wear,2014-2024,281,0.4896221582725165,0.3879003558718861,0.4071704251679226,-0.01927006929603653,NBA,F
1626199,Darrun Hilliard,2014-2024,276,0.46073716249356766,0.37681159420289856,0.41661085294684524,-0.039799258743946686,NBA,F
202705,MarShon Brooks,2014-2024,271,0.4515252687792104,0.46863468634686345,0.438069253268149,0.030565433078714455,NBA,F
200770,Jordan Farmar,2014-2024,270,0.4844651543799425,0.3962962962962963,0.40783341934904066,-0.011537123052744347,NBA,G
1630233,Nathan Knight,2014-2024,269,0.3534595368109333,0.4758364312267658,0.5509470300284218,-0.07511059880165605,NBA,C
1890,Shawn Marion,2014-2024,267,0.35723411259246884,0.44569288389513106,0.5199015183477353,-0.07420863445260428,NBA,G
1628393,Jawun Evans,2014-2024,267,0.4236690918481805,0.3445692883895131,0.4461848933460903,-0.10161560495657718,NBA,G
1631116,Patrick Baldwin Jr.,2014-2024,264,0.48315928831326393,0.38636363636363635,0.41638641344909294,-0.030022777085456587,NBA,F
203123,Kostas Papanikolaou,2014-2024,263,0.44822405348506694,0.35361216730038025,0.4434152124140187,-0.08980304511363846,NBA,G
1629685,Dylan Windler,2014-2024,261,0.48039795158725934,0.42528735632183906,0.42976358662064784,-0.004476230298808781,NBA,Unknown
1629185,Chris Chiozza,2014-2024,256,0.5003652966098381,0.34765625,0.4151117281203032,-0.06745547812030322,NBA,G
101126,Nate Robinson,2014-2024,256,0.45604923414813414,0.34375,0.417573776994849,-0.07382377699484899,NBA,F
201175,Glen Davis,2014-2024,255,0.33872342526616106,0.4588235294117647,0.5043106874055076,-0.045487157993742866,NBA,G
1629035,Carsen Edwards,2014-2024,254,0.49131098461389533,0.3661417322834646,0.41060381839066795,-0.04446208610720337,NBA,G
203921,Cleanthony Early,2014-2024,254,0.44645472253411306,0.3464566929133858,0.4548998217503655,-0.10844312883697965,NBA,F
203949,James Michael McAdoo,2014-2024,252,0.30484873411483426,0.5277777777777778,0.5950506965862424,-0.06727291880846464,NBA,G
203485,Lorenzo Brown,2014-2024,252,0.44672108533719784,0.38492063492063494,0.4553250525229714,-0.07040441760233646,NBA,G
203515,Phil Pressey,2014-2024,252,0.415804906465455,0.373015873015873,0.45857478649296196,-0.08555891347708894,NBA,G
1631165,Keon Ellis,2014-2024,248,0.5182871629357725,0.4596774193548387,0.40439807732215477,0.05527934203268392,NBA,G
202732,DeAndre Liggins,2014-2024,248,0.4450174996954947,0.38306451612903225,0.45029846919699035,-0.0672339530679581,NBA,G
1641710,Anthony Black,2014-2024,247,0.42472756652566074,0.46558704453441296,0.4945836223777143,-0.02899657784330134,NBA,G
201979,Nick Calathes,2014-2024,247,0.3833252044670872,0.42105263157894735,0.4740565691767913,-0.05300393759784394,NBA,F
202348,Jordan Crawford,2014-2024,245,0.48134338825193607,0.4775510204081633,0.4017617199853499,0.0757893004228134,NBA,F
1897,Metta World Peace,2014-2024,245,0.47928711722794787,0.3020408163265306,0.42325847533603284,-0.12121765900950221,NBA,G
1641707,Taylor Hendricks,2014-2024,240,0.45983298941476264,0.45,0.4570923281457875,-0.007092328145787474,NBA,F
202779,Dwight Buycks,2014-2024,238,0.4532355126174216,0.42016806722689076,0.44476337005756994,-0.024595302830679178,NBA,G
201946,Tyler Hansbrough,2014-2024,236,0.2969232765737353,0.5,0.5837734430131761,-0.08377344301317613,NBA,C
203710,C.J. Williams,2014-2024,232,0.46034084870900266,0.4482758620689655,0.43908282360359946,0.009193038465366066,NBA,F
1641767,Ben Sheppard,2014-2024,229,0.49423914181941575,0.3930131004366812,0.4272473232324486,-0.03423422279576738,NBA,F
1631207,Dalen Terry,2014-2024,229,0.4345250667323633,0.4410480349344978,0.49040460335933783,-0.04935656842484004,NBA,F
1630535,Greg Brown III,2014-2024,229,0.3824532642686498,0.42358078602620086,0.5664494425627563,-0.14286865653655545,NBA,F
1641854,Craig Porter Jr.,2014-2024,228,0.42133927452377756,0.5087719298245614,0.4775870654532451,0.031184864371316345,NBA,G
1627770,Kay Felder,2014-2024,228,0.45290929227471133,0.36403508771929827,0.4475037498282372,-0.08346866210893894,NBA,G
1630586,Usman Garuba,2014-2024,227,0.36028835450980634,0.4669603524229075,0.5055642995175075,-0.038603947094599966,NBA,C
1630346,Matt Ryan,2014-2024,226,0.5489353771867137,0.39823008849557523,0.37663792624797887,0.021592162247596358,NBA,F
203902,Semaj Christon,2014-2024,223,0.45151106073328895,0.3452914798206278,0.43530296015423503,-0.09001148033360723,NBA,G
1629646,Charles Bassey,2014-2024,222,0.3063753916626387,0.6576576576576577,0.5854420297775124,0.07221562788014535,NBA,C
1631124,Julian Strawther,2014-2024,222,0.4708234459501117,0.36936936936936937,0.411648387020051,-0.04227901765068165,NBA,Unknown
203088,Kendall Marshall,2014-2024,219,0.45894766830683337,0.4063926940639269,0.4200400836740569,-0.013647389610129956,NBA,G
1641729,Brice Sensabaugh,2014-2024,218,0.5028888723623194,0.38990825688073394,0.4050070128894668,-0.015098756008732839,NBA,F
202327,Ekpe Udoh,2014-2024,216,0.29850715302672265,0.5601851851851852,0.5552459490363629,0.004939236148822301,NBA,C
1630579,Jericho Sims,2014-2024,216,0.23887163945163417,0.7407407407407407,0.751620203680359,-0.010879462939618278,NBA,C
1628424,Kobi Simmons,2014-2024,216,0.4277109528241742,0.4166666666666667,0.46864315269262874,-0.051976486025962054,NBA,G
1630590,Scotty Pippen Jr.,2014-2024,215,0.4106845361790047,0.48372093023255813,0.46267662974784024,0.021044300484717893,NBA,G
1630548,Johnny Juzang,2014-2024,214,0.5170763421499787,0.40186915887850466,0.39702557784043047,0.004843581038074196,NBA,G
1629658,Jaylen Hoard,2014-2024,210,0.3569150983118345,0.49047619047619045,0.5127573287264008,-0.02228113825021033,NBA,F
203923,James Young,2014-2024,209,0.5033256186366893,0.36363636363636365,0.40403868558427963,-0.04040232194791599,NBA,G
203508,Sergey Karasev,2014-2024,208,0.4484034527906272,0.40384615384615385,0.4339534880647272,-0.030107334218573367,NBA,G
1629644,KZ Okpala,2014-2024,208,0.4414534910747633,0.40865384615384615,0.47616627073056095,-0.0675124245767148,NBA,F
1630210,Markus Howard,2014-2024,207,0.5463533526267154,0.38164251207729466,0.3909315794864491,-0.009289067409154417,NBA,G
1628443,Kadeem Allen,2014-2024,207,0.44218176265122355,0.43478260869565216,0.4459634540316174,-0.01118084533596525,NBA,G
203962,Josh Huestis,2014-2024,205,0.436564504314526,0.3463414634146341,0.47144675014097764,-0.12510528672634352,NBA,G
1630561,David Duke Jr.,2014-2024,204,0.38862134599044795,0.4166666666666667,0.510681925166221,-0.09401525849955433,NBA,F
202690,Jimmer Fredette,2014-2024,200,0.4431532455009253,0.365,0.42500124132473516,-0.060001241324735166,NBA,F
1631230,Dominick Barlow,2014-2024,199,0.3529820755619155,0.5125628140703518,0.5330987069173168,-0.020535892846964998,NBA,C
2034,Mike Miller,2014-2024,199,0.5222599184670308,0.3417085427135678,0.37335829742599663,-0.03164975471242881,NBA,G
101131,Jason Maxiell,2014-2024,192,0.33958313866390916,0.421875,0.49524649438047535,-0.07337149438047535,NBA,G
1628426,Sasha Vezenkov,2014-2024,191,0.46345656666976404,0.4397905759162304,0.4172637718443718,0.022526804071858586,NBA,Unknown
2748,Dorell Wright,2014-2024,190,0.47659974821776574,0.37894736842105264,0.42406006524237333,-0.045112696821320686,NBA,F
1626208,Keifer Sykes,2014-2024,190,0.505776934648094,0.3631578947368421,0.42445155583563393,-0.06129366109879181,NBA,G
1629713,Justin James,2014-2024,189,0.44809890872901637,0.4497354497354497,0.46314270936122653,-0.013407259625776824,NBA,Unknown
203928,Cory Jefferson,2014-2024,189,0.360060611590462,0.4444444444444444,0.5294868001911507,-0.08504235574670627,NBA,G
1629126,Deonte Burton,2014-2024,189,0.42598004148486995,0.38095238095238093,0.4700395164427797,-0.08908713549039876,NBA,Unknown
2045,Hedo Turkoglu,2014-2024,188,0.4984205900713744,0.44148936170212766,0.3917683840121541,0.04972097768997358,NBA,G
203956,Mitch McGary,2014-2024,188,0.33683458497853086,0.526595744680851,0.5349133149879876,-0.008317570307136535,NBA,G
1627781,Malachi Richardson,2014-2024,187,0.490133935369571,0.3582887700534759,0.41198937257827595,-0.05370060252480002,NBA,F
1628980,Jacob Evans,2014-2024,187,0.4886787186463141,0.33689839572192515,0.41458628208813725,-0.0776878863662121,NBA,G
1629151,Ryan Broekhoff,2014-2024,185,0.5074078264865878,0.42702702702702705,0.39780625051746465,0.029220776509562396,NBA,F
1630531,Jaden Springer,2014-2024,184,0.42392014297603947,0.41847826086956524,0.4654598048243053,-0.04698154395474008,NBA,G
1629681,Killian Tillie,2014-2024,184,0.4933529295090941,0.33695652173913043,0.4139843638255106,-0.0770278420863802,NBA,F
203103,Perry Jones III,2014-2024,183,0.4422289525166407,0.3989071038251366,0.4436757984788363,-0.0447686946536997,NBA,F
1626191,Chris McCullough,2014-2024,183,0.3996952729772276,0.4262295081967213,0.49534275972766484,-0.06911325153094355,NBA,F
1631102,TyTy Washington Jr.,2014-2024,180,0.495373063796938,0.35555555555555557,0.4037522915284963,-0.04819673597294072,NBA,G
1630592,Jalen Wilson,2014-2024,179,0.44001548370564136,0.4245810055865922,0.439663311656214,-0.015082306069621798,NBA,F
2202,Jason Richardson,2014-2024,178,0.4584448269225704,0.34831460674157305,0.4154997051602831,-0.06718509841871007,NBA,G
202341,James Anderson,2014-2024,178,0.45326744415255726,0.37640449438202245,0.4500750996742439,-0.07367060529222147,NBA,G
1626148,Anthony Brown,2014-2024,177,0.4915989491417704,0.327683615819209,0.40844523329149435,-0.08076161747228533,NBA,G
2557,Luke Ridnour,2014-2024,176,0.49558227610358396,0.42613636363636365,0.4045042990614215,0.021632064574942156,NBA,F
202336,Larry Sanders,2014-2024,176,0.24329576598154273,0.4943181818181818,0.6181890992248898,-0.12387091740670803,NBA,C
203475,Erick Green,2014-2024,175,0.4904042971936077,0.37714285714285717,0.40288046696616076,-0.025737609823303587,NBA,G
1630190,Elijah Hughes,2014-2024,174,0.5253404524190742,0.3275862068965517,0.39252113149168066,-0.06493492459512895,NBA,F
1628413,Jonah Bolden,2014-2024,173,0.41478042157089845,0.48554913294797686,0.47089795506833126,0.014651177879645594,NBA,C
203133,Robbie Hummel,2014-2024,172,0.47522009650879155,0.45930232558139533,0.4262721815214727,0.033030144059922606,NBA,F
1631254,Kenneth Lofton Jr.,2014-2024,171,0.41401590254436205,0.49707602339181284,0.47252205947447895,0.024553963917333888,NBA,C
203913,Jabari Brown,2014-2024,170,0.4353347432645371,0.4117647058823529,0.4474843451876369,-0.03571963930528399,NBA,G
1627735,Wade Baldwin IV,2014-2024,169,0.4359307801108037,0.35502958579881655,0.46547069191434065,-0.1104411061155241,NBA,G
201611,Henry Walker,2014-2024,168,0.49088306501703,0.34523809523809523,0.39640542413654434,-0.051167328898449105,NBA,F
1882,Elton Brand,2014-2024,167,0.42519554596634734,0.437125748502994,0.43359517832033967,0.0035305701826543467,NBA,G
1630639,A.J. Lawson,2014-2024,165,0.4355350204018594,0.46060606060606063,0.4977236405516731,-0.03711757994561249,NBA,Unknown
1628405,Johnathan Motley,2014-2024,163,0.3361376362718756,0.5521472392638037,0.543807815876109,0.008339423387694667,NBA,F
1628463,Tyler Cavanaugh,2014-2024,162,0.4543344946845442,0.43209876543209874,0.4337963255594952,-0.0016975601273964691,NBA,C
101122,Danny Granger,2014-2024,162,0.48955394771743194,0.4012345679012346,0.41010906446908824,-0.008874496567853662,NBA,F
200797,Ryan Hollins,2014-2024,161,0.263464669474138,0.6335403726708074,0.6261115895450794,0.0074287831257280335,NBA,C
1631115,Orlando Robinson,2014-2024,161,0.3371505702944082,0.515527950310559,0.5260448307336861,-0.01051688042312715,NBA,C
1627816,Alex Poythress,2014-2024,161,0.37769619389001585,0.4720496894409938,0.5314426899154501,-0.05939300047445628,NBA,F
1629058,Dzanan Musa,2014-2024,161,0.4511591872369798,0.36645962732919257,0.4487410123752954,-0.08228138504610283,NBA,Unknown
1641712,Rayan Rupert,2014-2024,161,0.4625524707815409,0.33540372670807456,0.42614632931555346,-0.0907426026074789,NBA,G
1630551,Justin Champagnie,2014-2024,160,0.4282044870403735,0.425,0.46541830658939665,-0.04041830658939666,NBA,F
1628403,Caleb Swanigan,2014-2024,160,0.3365091221478982,0.4375,0.5064709616790919,-0.06897096167909189,NBA,F
1629617,Reggie Perry,2014-2024,157,0.3717438587453838,0.4585987261146497,0.5091435106329525,-0.0505447845183028,NBA,C
1629657,Kyle Guy,2014-2024,155,0.49299438829682035,0.36129032258064514,0.4166964895602351,-0.055406166979589944,NBA,Unknown
1629741,Marko Guduric,2014-2024,154,0.491079410104984,0.3961038961038961,0.43039977268991453,-0.0342958765860184,NBA,Unknown
1628962,Udoka Azubuike,2014-2024,153,0.24918598841675263,0.7581699346405228,0.7302796460437735,0.027890288596749357,NBA,C
1631367,Jacob Gilyard,2014-2024,153,0.5470820796189027,0.39869281045751637,0.37146055861199306,0.027232251845523303,NBA,G
1629017,Khyri Thomas,2014-2024,152,0.49064235214599483,0.3881578947368421,0.42976673718150743,-0.04160884244466534,NBA,G
200777,Joel Freeland,2014-2024,151,0.3809636018207152,0.4900662251655629,0.49445208576142524,-0.004385860595862323,NBA,G
202706,Jordan Hamilton,2014-2024,151,0.4436161633006864,0.41721854304635764,0.43097505153458626,-0.013756508488228625,NBA,G
1629674,Neemias Queta,2014-2024,151,0.2778448713497495,0.5960264900662252,0.6099840723422608,-0.013957582276035607,NBA,Unknown
1629076,Tyler Cook,2014-2024,151,0.2710119043957615,0.6556291390728477,0.6745089547673254,-0.01887981569447772,NBA,F
1630846,Olivier Sarr,2014-2024,150,0.34513070455190814,0.56,0.5683825310283536,-0.008382531028353513,NBA,C
1631132,Christian Koloko,2014-2024,150,0.26495502623704054,0.48,0.6311060099895796,-0.15110600998957957,NBA,C
