player_id,player,season_window,attempts,mean_sdi,actual_rate,expected_rate,residual,sport,position_group
201566,Russell Westbrook,2014-2024,13340,0.4374655140411694,0.44130434782608696,0.46948498094361685,-0.028180633117529885,NBA,G
203081,Damian Lillard,2014-2024,12796,0.4951223840031449,0.4394341981869334,0.4324924476580143,0.0069417505289190995,NBA,G
201935,James Harden,2014-2024,12752,0.4746796209660197,0.43914680050188204,0.433574882494679,0.005571918007203025,NBA,G
201942,DeMar DeRozan,2014-2024,12706,0.46730818791621626,0.47686132535809855,0.4443274643910732,0.032533860967025374,NBA,F
2544,LeBron James,2014-2024,12420,0.4113058132094503,0.519645732689211,0.4869158689736238,0.03272986371558717,NBA,F
201939,Stephen Curry,2014-2024,11832,0.5083997201007311,0.47549019607843135,0.40719610185537775,0.0682940942230536,NBA,G
203507,Giannis Antetokounmpo,2014-2024,11829,0.3453711792880305,0.5491588469016823,0.5446054769526639,0.004553369949018338,NBA,F
203468,CJ McCollum,2014-2024,11644,0.47739723085008307,0.45439711439367914,0.42465588861136877,0.029741225782310365,NBA,G
202696,Nikola Vučević,2014-2024,11296,0.3995812000684323,0.49309490084985835,0.458451772880573,0.03464312796928537,NBA,C
203078,Bradley Beal,2014-2024,11131,0.46145055506766014,0.4704878267900458,0.44364236276449576,0.026845464025550048,NBA,G
203076,Anthony Davis,2014-2024,10896,0.38027695573931397,0.5245961820851689,0.5123646197671643,0.012231562318004596,NBA,F
203952,Andrew Wiggins,2014-2024,10874,0.43454789404172045,0.44942063638035684,0.45997475345975647,-0.010554117079399628,NBA,F
1626164,Devin Booker,2014-2024,10805,0.48350247323560114,0.46385932438685795,0.42919239510144225,0.034666929285415704,NBA,G
202681,Kyrie Irving,2014-2024,10311,0.4669800684639792,0.4823004558238774,0.430799914217149,0.0515005416067284,NBA,G
202331,Paul George,2014-2024,10296,0.48198128611515734,0.44376456876456877,0.4253543218212563,0.018410246943312447,NBA,F
202699,Tobias Harris,2014-2024,10163,0.42354532591819977,0.4810587424972941,0.46002203960761284,0.021036702889681236,NBA,F
203903,Jordan Clarkson,2014-2024,9682,0.4603665865879461,0.43823590167320803,0.4332197916254864,0.0050161100477216225,NBA,G
203999,Nikola Jokić,2014-2024,9676,0.37943082179730486,0.5577718065316246,0.46921705393177954,0.08855475259984508,NBA,C
202691,Klay Thompson,2014-2024,9598,0.4843989904451387,0.45936653469472805,0.4099166998361018,0.04944983485862625,NBA,G
201142,Kevin Durant,2014-2024,9495,0.47097255990159254,0.5238546603475513,0.4417158188573105,0.08213884149024087,NBA,F
203944,Julius Randle,2014-2024,9445,0.4062938026467046,0.47019587083112757,0.47889443157578643,-0.008698560744658856,NBA,F
1626157,Karl-Anthony Towns,2014-2024,9208,0.3883092336730296,0.5235664639443962,0.48451857099288037,0.03904789295151584,NBA,C
201950,Jrue Holiday,2014-2024,9183,0.4377846924586483,0.47348361102036374,0.44863840736670285,0.024845203653660886,NBA,G
203897,Zach LaVine,2014-2024,9108,0.4592261993446583,0.4640974967061924,0.46068364209789797,0.003413854608294409,NBA,G
1628378,Donovan Mitchell,2014-2024,9085,0.4706921291423964,0.45052283984589986,0.4346686460740405,0.01585419377185937,NBA,G
202710,Jimmy Butler III,2014-2024,8992,0.4351419109350009,0.47631227758007116,0.4765123062955732,-0.00020002871550200974,NBA,F
203471,Dennis Schröder,2014-2024,8915,0.4557708045575878,0.4348850252383623,0.44501580722564943,-0.010130781987287119,NBA,G
1628369,Jayson Tatum,2014-2024,8851,0.45846611151348243,0.4602869732233646,0.45591492431992325,0.004372048903441339,NBA,F
203114,Khris Middleton,2014-2024,8758,0.4817267587627403,0.46163507650148433,0.4207516788603613,0.04088339764112303,NBA,F
202689,Kemba Walker,2014-2024,8743,0.47110338971680066,0.4249113576575546,0.4258080749466921,-0.000896717289137483,NBA,G
203084,Harrison Barnes,2014-2024,8513,0.4398182078299242,0.46211676259837897,0.455944701324974,0.006172061273404972,NBA,F
1626156,D'Angelo Russell,2014-2024,8509,0.4776959652753313,0.4298977553178987,0.41075852720666084,0.01913922811123786,NBA,G
202711,Bojan Bogdanovic,2014-2024,8422,0.4571511663765502,0.4596295416765614,0.4399665292345879,0.019663012441973493,NBA,Unknown
202695,Kawhi Leonard,2014-2024,8418,0.461489383051406,0.4977429318127821,0.4463530895627197,0.051389842250062434,NBA,F
1629029,Luka Dončić,2014-2024,8152,0.4874640584888352,0.4697006869479882,0.42493258992957755,0.04476809701841067,NBA,G
101108,Chris Paul,2014-2024,8141,0.5039572132019893,0.469475494411006,0.3974303099655014,0.07204518444550462,NBA,G
1627741,Buddy Hield,2014-2024,8099,0.49443287672538,0.43412767008272624,0.4116342575159779,0.02249341256674836,NBA,G
202704,Reggie Jackson,2014-2024,8000,0.4522200963808402,0.422625,0.43428862061156187,-0.011663620611561898,NBA,G
201572,Brook Lopez,2014-2024,7891,0.3978529124946692,0.4873906982638449,0.4650355214014757,0.022355176862369208,NBA,C
203501,Tim Hardaway Jr.,2014-2024,7799,0.48565658125849925,0.41697653545326324,0.42041004458747944,-0.003433509134216195,NBA,G
203954,Joel Embiid,2014-2024,7797,0.4089664987257596,0.5036552520200077,0.46937262223693393,0.03428262978307378,NBA,C
1627759,Jaylen Brown,2014-2024,7756,0.4334905553642338,0.48104693140794225,0.4617431573378468,0.019303774070095425,NBA,G
200746,LaMarcus Aldridge,2014-2024,7722,0.42349370696494976,0.49844599844599846,0.46046695014309924,0.03797904830289922,NBA,F
1628368,De'Aaron Fox,2014-2024,7673,0.44439035761574985,0.4703505799556888,0.4456648866280507,0.024685693327638092,NBA,G
200768,Kyle Lowry,2014-2024,7665,0.4868106685577754,0.4277886497064579,0.41382365333482757,0.013964996371630345,NBA,G
1629027,Trae Young,2014-2024,7559,0.4758276946104273,0.43643339066014025,0.42339854976656277,0.013034840893577482,NBA,G
203484,Kentavious Caldwell-Pope,2014-2024,7432,0.47660050505829205,0.4290904198062433,0.42659159811151093,0.002498821694732367,NBA,G
1626179,Terry Rozier,2014-2024,7409,0.47535079348920106,0.42029963557835065,0.4275866092117504,-0.0072869736333997515,NBA,G
203083,Andre Drummond,2014-2024,7408,0.2741745967047192,0.531317494600432,0.5883608648717475,-0.05704337027131556,NBA,C
1627783,Pascal Siakam,2014-2024,7399,0.4073006819620619,0.49709420191917825,0.47370586430874884,0.02338833761042941,NBA,F
1627742,Brandon Ingram,2014-2024,7113,0.45598485468200184,0.46871924645016166,0.44848001204362853,0.020239234406533135,NBA,F
202694,Marcus Morris Sr.,2014-2024,7102,0.4890647247885623,0.43537031822021965,0.4091512929882762,0.02621902523194347,NBA,F
203932,Aaron Gordon,2014-2024,7098,0.3901503994922426,0.4805579036348267,0.5140500766275995,-0.033492172992772795,NBA,F
203095,Evan Fournier,2014-2024,7063,0.45973211625662097,0.4413138892821747,0.42917014773004486,0.012143741552129828,NBA,G
201144,Mike Conley,2014-2024,7046,0.465016770582086,0.4378370706783991,0.4224551071336151,0.015381963544783994,NBA,G
202685,Jonas Valančiūnas,2014-2024,6988,0.31689223841704217,0.563966800228964,0.5224575641873035,0.04150923604166046,NBA,C
2546,Carmelo Anthony,2014-2024,6970,0.4944751036796225,0.4279770444763271,0.4197939671236707,0.008183077352656443,NBA,F
202330,Gordon Hayward,2014-2024,6948,0.44685500793637806,0.4618595279217041,0.4456953872104722,0.0161641407112319,NBA,F
101150,Lou Williams,2014-2024,6940,0.48063976207318765,0.41887608069164267,0.4272129855113818,-0.008336904819739144,NBA,G
1628398,Kyle Kuzma,2014-2024,6862,0.4428881644909544,0.45118041387350627,0.4500656088615883,0.001114805011917963,NBA,F
201569,Eric Gordon,2014-2024,6808,0.462981862788502,0.42303172737955347,0.42133584546126085,0.0016958819182926188,NBA,G
204001,Kristaps Porziņģis,2014-2024,6788,0.4224245457160524,0.4591926929876252,0.45773787472265615,0.001454818264969071,NBA,F
201143,Al Horford,2014-2024,6771,0.4148706481156807,0.4934278540835918,0.45790842062220627,0.03551943346138553,NBA,F
1627750,Jamal Murray,2014-2024,6628,0.4736561125891761,0.45217260108630053,0.4305162556402784,0.02165634544602213,NBA,G
203924,Jerami Grant,2014-2024,6510,0.4206784577896973,0.4543778801843318,0.48403513991761116,-0.029657259733279373,NBA,F
1626162,Kelly Oubre Jr.,2014-2024,6463,0.4249593784424464,0.43478260869565216,0.4756516113847756,-0.04086900268912341,NBA,F
202339,Eric Bledsoe,2014-2024,6392,0.43097246988592275,0.4538485607008761,0.4495643198344907,0.004284240866385403,NBA,G
1627734,Domantas Sabonis,2014-2024,6373,0.32707185570335146,0.5556252942099482,0.5221807872950528,0.03344450691489542,NBA,C
201567,Kevin Love,2014-2024,6330,0.46086275928308773,0.4287519747235387,0.4265916690474649,0.0021603056760737815,NBA,F
1627749,Dejounte Murray,2014-2024,6259,0.4444494108419125,0.4590190126218246,0.4441234450640865,0.014895567557738076,NBA,G
202322,John Wall,2014-2024,6232,0.44636481568645553,0.4321245186136072,0.45629148757649995,-0.024166968962892776,NBA,G
201609,Goran Dragic,2014-2024,6212,0.4401528949858253,0.4578235672891178,0.44524902360191915,0.01257454368719868,NBA,G
201152,Thaddeus Young,2014-2024,6164,0.35599057792259164,0.5069759896171318,0.5010675436665438,0.005908445950587926,NBA,F
201933,Blake Griffin,2014-2024,6158,0.4045526751972617,0.4655732380643066,0.47673141559115173,-0.011158177526845114,NBA,F
1628983,Shai Gilgeous-Alexander,2014-2024,6136,0.45080320130800683,0.49657757496740546,0.45981372768325,0.03676384728415544,NBA,G
203506,Victor Oladipo,2014-2024,6131,0.44693752819544463,0.4390800848148752,0.4520899678354355,-0.013009883020560276,NBA,G
203115,Will Barton,2014-2024,6096,0.4392745771200448,0.43323490813648297,0.45169784239542543,-0.018462934258942465,NBA,G
1627832,Fred VanVleet,2014-2024,6054,0.5016565483590775,0.40370003303600926,0.41252243748728906,-0.008822404451279797,NBA,G
1626171,Bobby Portis,2014-2024,6029,0.42121087421594977,0.4791839442693647,0.45811610526955193,0.021067838999812794,NBA,F
1626167,Myles Turner,2014-2024,5802,0.3997323955709134,0.5017235436056532,0.47100279656659627,0.030720747039056917,NBA,C
201565,Derrick Rose,2014-2024,5761,0.429108804045709,0.4520048602673147,0.4581753773831733,-0.0061705171158586425,NBA,G
203082,Terrence Ross,2014-2024,5751,0.5026497515962826,0.4192314380107807,0.40658756192203327,0.012643876088747452,NBA,F
202326,DeMarcus Cousins,2014-2024,5694,0.3676916329392951,0.4582016157358623,0.49047736954131593,-0.03227575380545361,NBA,C
201145,Jeff Green,2014-2024,5667,0.422130191636692,0.45738485971413445,0.4739641946145465,-0.016579334900412024,NBA,F
203915,Spencer Dinwiddie,2014-2024,5653,0.4721423670189224,0.41411639837254555,0.43749309939649333,-0.023376701023947788,NBA,G
200752,Rudy Gay,2014-2024,5644,0.44379387279079124,0.4528703047484054,0.45069305446514135,0.002177250283264043,NBA,F
201586,Serge Ibaka,2014-2024,5636,0.41317282757597695,0.494499645138396,0.45880931244921425,0.03569033268918176,NBA,F
1630162,Anthony Edwards,2014-2024,5555,0.46241816651792295,0.44626462646264625,0.4570666222126693,-0.010801995750023052,NBA,G
203935,Marcus Smart,2014-2024,5536,0.46948758052650713,0.3885476878612717,0.4187756811586898,-0.0302279932974181,NBA,G
1628374,Lauri Markkanen,2014-2024,5507,0.42991302553650285,0.45905211548937713,0.457898241881049,0.0011538736083281376,NBA,F
203109,Jae Crowder,2014-2024,5457,0.47824211502438846,0.41836173721825176,0.42226264584423295,-0.003900908625981192,NBA,F
1627747,Caris LeVert,2014-2024,5437,0.4465098171060649,0.4327754276255288,0.45063297583974116,-0.01785754821421237,NBA,G
1628973,Jalen Brunson,2014-2024,5431,0.46662153985647414,0.4890443748849199,0.4319177862995395,0.057126588585380444,NBA,G
200755,JJ Redick,2014-2024,5423,0.5042995584190267,0.45509865388161536,0.3925579344929049,0.06254071938871048,NBA,G
203496,Robert Covington,2014-2024,5377,0.4578879667008436,0.4097080156220941,0.42428900760248983,-0.014580991980395752,NBA,F
203992,Bogdan Bogdanović,2014-2024,5344,0.49159789219458594,0.436938622754491,0.40712672730805194,0.029811895446439085,NBA,G
1626196,Josh Richardson,2014-2024,5323,0.46950547035402196,0.42908134510614315,0.42297528839024046,0.006106056715902697,NBA,G
203497,Rudy Gobert,2014-2024,5315,0.22523221653800737,0.6571966133584196,0.6904925042244151,-0.03329589086599549,NBA,C
1627763,Malcolm Brogdon,2014-2024,5293,0.44033796851748297,0.4643869261288494,0.45861161242132226,0.005775313707527152,NBA,G
201188,Marc Gasol,2014-2024,5272,0.4223924507747483,0.4554248861911988,0.43803607521315635,0.017388810978042457,NBA,C
203991,Clint Capela,2014-2024,5238,0.22297604718802866,0.6208476517754868,0.6512741956771976,-0.030426543901710734,NBA,C
201988,Patty Mills,2014-2024,5235,0.5202082276484358,0.4160458452722063,0.3971776183206522,0.0188682269515541,NBA,G
1628389,Bam Adebayo,2014-2024,5205,0.32454765556322684,0.5487031700288184,0.5407792476215632,0.007923922407255257,NBA,C
203914,Gary Harris,2014-2024,5184,0.44751238448344827,0.44753086419753085,0.4548780970764495,-0.007347232878918641,NBA,G
201587,Nicolas Batum,2014-2024,5176,0.4847179671871666,0.42523183925811436,0.4174293723913175,0.007802466866796864,NBA,F
201568,Danilo Gallinari,2014-2024,5169,0.4689853691918743,0.4329657573998839,0.4301577146923056,0.0028080427075782843,NBA,F
203482,Kelly Olynyk,2014-2024,5146,0.42290020118782706,0.4879518072289157,0.45458434463618635,0.033367462592729324,NBA,F
1628415,Dillon Brooks,2014-2024,5135,0.44814178857639025,0.4169425511197663,0.4337179304681384,-0.016775379348372088,NBA,F
203110,Draymond Green,2014-2024,5074,0.38324248289108276,0.4619629483642097,0.48175077580764786,-0.019787827443438155,NBA,F
1628969,Mikal Bridges,2014-2024,5058,0.45473745204965715,0.4804270462633452,0.4467256759304927,0.033701370332852476,NBA,F
1629012,Collin Sexton,2014-2024,5054,0.42626347948910903,0.46853977047882867,0.4556558679803973,0.012883902498431354,NBA,G
1629628,RJ Barrett,2014-2024,5037,0.40846193494739924,0.4351796704387532,0.47724888767024376,-0.04206921723149054,NBA,F
1626181,Norman Powell,2014-2024,5024,0.44999147730982547,0.46894904458598724,0.45896849140057044,0.009980553185416796,NBA,F
203994,Jusuf Nurkić,2014-2024,5001,0.30846587741542353,0.5032993401319736,0.5398078615324279,-0.03650852140045424,NBA,C
202693,Markieff Morris,2014-2024,4978,0.4354368919080536,0.44656488549618323,0.4513492271647281,-0.004784341668544856,NBA,F
202083,Wesley Matthews,2014-2024,4977,0.4967648543998994,0.3996383363471971,0.4041616884719711,-0.004523352124774005,NBA,G
200794,Paul Millsap,2014-2024,4971,0.4065635949323377,0.46710923355461675,0.4740826892458247,-0.0069734556912079415,NBA,F
202397,Ish Smith,2014-2024,4970,0.44128365248036594,0.4340040241448692,0.4474582268128774,-0.013454202668008175,NBA,G
202340,Avery Bradley,2014-2024,4942,0.4634583740180951,0.43261837312828816,0.4305547992853433,0.002063573842944866,NBA,G
2548,Dwyane Wade,2014-2024,4863,0.4381137433706868,0.44787168414558914,0.45822905717393697,-0.010357373028347827,NBA,G
1628381,John Collins,2014-2024,4849,0.35068862330528194,0.5477418024334915,0.5359415395207751,0.011800262912716408,NBA,F
202738,Isaiah Thomas,2014-2024,4801,0.4559925664153357,0.42741095605082274,0.43685709055846667,-0.009446134507643922,NBA,G
201952,Jeff Teague,2014-2024,4765,0.4162516334503044,0.44260230849947535,0.457974110338241,-0.01537180183876563,NBA,G
202683,Enes Freedom,2014-2024,4749,0.3066988790755014,0.560328490208465,0.5376733720515873,0.022655118156877707,NBA,C
202692,Alec Burks,2014-2024,4727,0.4757168492192776,0.4034271207954305,0.42914964532949396,-0.02572252453406343,NBA,G
201937,Ricky Rubio,2014-2024,4709,0.47492593392604404,0.3935018050541516,0.4288067997027215,-0.0353049946485699,NBA,G
203200,Justin Holiday,2014-2024,4677,0.49237296918124085,0.4011118238186872,0.4214447533149274,-0.020332929496240215,NBA,F
203901,Elfrid Payton,2014-2024,4665,0.3749742221772332,0.44715969989281884,0.48818793651716647,-0.041028236624347625,NBA,G
1629636,Darius Garland,2014-2024,4644,0.4681392153709872,0.44810508182601205,0.4305042397795035,0.01760084204650858,NBA,G
1627736,Malik Beasley,2014-2024,4631,0.4911712292710347,0.4249622111854891,0.41565454482570535,0.00930766635978375,NBA,G
2772,Trevor Ariza,2014-2024,4617,0.46093311858458624,0.4080571799870045,0.44315460604792256,-0.035097426060918036,NBA,F
203926,Doug McDermott,2014-2024,4606,0.4416682319101078,0.4715588363004776,0.44349676733411764,0.028062068966359988,NBA,F
202355,Hassan Whiteside,2014-2024,4530,0.29306735128572803,0.5865342163355408,0.5757522595155171,0.010781956820023697,NBA,C
1629673,Jordan Poole,2014-2024,4498,0.4900151706294034,0.4192974655402401,0.41849796952640084,0.0007994960138392737,NBA,G
1628991,Jaren Jackson Jr.,2014-2024,4434,0.3908213566754884,0.4603067207938656,0.47410021248611306,-0.013793491692247473,NBA,F
204060,Joe Ingles,2014-2024,4432,0.4954642811991135,0.44765342960288806,0.41014224705450836,0.03751118254837971,NBA,F
202709,Cory Joseph,2014-2024,4418,0.45917166230145345,0.4416025350837483,0.43610359128709875,0.005498943796649558,NBA,G
1628370,Malik Monk,2014-2024,4413,0.4743870409037872,0.43258554271470656,0.4380535232686842,-0.005467980553977625,NBA,G
203500,Steven Adams,2014-2024,4399,0.25211924507077205,0.5908160945669471,0.5996141421522864,-0.008798047585339308,NBA,C
203933,T.J. Warren,2014-2024,4374,0.41160289342983297,0.5029721079103795,0.4712213044420215,0.03175080346835801,NBA,F
1629028,Deandre Ayton,2014-2024,4355,0.3276228357639651,0.5935706084959816,0.5323217582510055,0.06124885024497617,NBA,C
203085,Austin Rivers,2014-2024,4351,0.44758576071470024,0.4247299471385888,0.44485152466641015,-0.020121577527821344,NBA,G
1629630,Ja Morant,2014-2024,4318,0.40257681803920214,0.4745252431681334,0.4843568616849515,-0.00983161851681813,NBA,G
1628970,Miles Bridges,2014-2024,4310,0.42235009075409236,0.46960556844547563,0.4867059233077602,-0.01710035486228456,NBA,F
203490,Otto Porter Jr.,2014-2024,4283,0.45851543365702796,0.47980387578799905,0.43206991959552177,0.04773395619247728,NBA,F
201980,Danny Green,2014-2024,4277,0.49311793200079895,0.4133738601823708,0.4087742165751521,0.004599643607218706,NBA,G
1627752,Taurean Prince,2014-2024,4261,0.4676941025594085,0.42407885472893686,0.4322252357605098,-0.008146381031572947,NBA,F
1629639,Tyler Herro,2014-2024,4197,0.5007347947589508,0.4381701215153681,0.41522757244050884,0.022942549074859264,NBA,G
202324,Derrick Favors,2014-2024,4197,0.3204699730403714,0.5477722182511318,0.5464529751147654,0.0013192431363663326,NBA,F
1628989,Kevin Huerter,2014-2024,4184,0.47293116141457775,0.4435946462715105,0.4147908076646533,0.0288038386068572,NBA,G
203145,Kent Bazemore,2014-2024,4166,0.4478778411410033,0.41334613538166104,0.45099081688150205,-0.037644681499841015,NBA,G
203087,Jeremy Lamb,2014-2024,4164,0.4454145309889683,0.44188280499519694,0.4384819691369963,0.003400835858200668,NBA,G
1629632,Coby White,2014-2024,4141,0.4733455383264274,0.42743298720115913,0.4291066706747976,-0.0016736834736384432,NBA,G
1629018,Gary Trent Jr.,2014-2024,4053,0.505981393074754,0.41968911917098445,0.40875986104775064,0.01092925812323381,NBA,G
1626149,Montrezl Harrell,2014-2024,4049,0.28432362969186326,0.6189182514201037,0.6065765534559875,0.012341697964116216,NBA,G
201577,Robin Lopez,2014-2024,4045,0.3342524798586187,0.5414091470951793,0.511825216323086,0.029583930772093314,NBA,C
203486,Mason Plumlee,2014-2024,4025,0.2640631114595845,0.5893167701863354,0.6207242625913897,-0.03140749240505425,NBA,C
203918,Rodney Hood,2014-2024,4023,0.4744953426304035,0.41958737260750684,0.41399521231025593,0.005592160297250903,NBA,G
203967,Dario Šarić,2014-2024,3989,0.4148127653497897,0.4424667836550514,0.4438046298516823,-0.0013378461966309096,NBA,F
204456,T.J. McConnell,2014-2024,3988,0.43588656817557025,0.5157973921765295,0.45267671739306214,0.06312067478346739,NBA,G
1717,Dirk Nowitzki,2014-2024,3986,0.4734626635139635,0.4420471650777722,0.39877190408886704,0.04327526098890516,NBA,G
201976,Patrick Beverley,2014-2024,3983,0.45872696812464286,0.4122520713030379,0.4251540138411261,-0.012901942538088185,NBA,G
1628384,OG Anunoby,2014-2024,3955,0.4267178522528679,0.47383059418457646,0.4929730310405681,-0.01914243685599165,NBA,F
1628401,Derrick White,2014-2024,3890,0.45595932246684373,0.44961439588688945,0.4319533942768111,0.01766100161007833,NBA,G
1626145,Tyus Jones,2014-2024,3881,0.4630773642014175,0.4449884050502448,0.42811619135318874,0.01687221369705605,NBA,G
200782,P.J. Tucker,2014-2024,3878,0.4578402551000017,0.41954615781330584,0.44156961699449,-0.022023459181184146,NBA,F
203552,Seth Curry,2014-2024,3871,0.5153742159923561,0.4711960733660553,0.40174843897292617,0.06944763439312912,NBA,G
203925,Joe Harris,2014-2024,3870,0.45865917997656375,0.475968992248062,0.42502590099119986,0.05094309125686214,NBA,F
1628386,Jarrett Allen,2014-2024,3850,0.2653305767780123,0.6298701298701299,0.6368764050068952,-0.0070062751367653275,NBA,C
2037,Jamal Crawford,2014-2024,3821,0.49683312188646644,0.4056529704265899,0.399004713048589,0.006648257378000899,NBA,G
201959,Taj Gibson,2014-2024,3761,0.3219136081621585,0.5432065939909598,0.5407868338614807,0.002419760129479087,NBA,F
1630178,Tyrese Maxey,2014-2024,3756,0.4563211166180344,0.4680511182108626,0.44629337329745816,0.02175774491340443,NBA,G
201588,George Hill,2014-2024,3740,0.4603916321921336,0.4663101604278075,0.43694948147376106,0.029360678954046426,NBA,G
1629640,Keldon Johnson,2014-2024,3722,0.4207422158921236,0.4618484685652875,0.46536047455367957,-0.003512005988392075,NBA,F
1626224,Cedi Osman,2014-2024,3711,0.46011908655343964,0.43249797898140663,0.43607860909054474,-0.0035806301091381165,NBA,F
201571,D.J. Augustin,2014-2024,3690,0.46616152967284336,0.41897018970189703,0.426734442822435,-0.007764253120537967,NBA,G
1629014,Anfernee Simons,2014-2024,3668,0.5035473753598567,0.4326608505997819,0.41724990692180425,0.015410943677977629,NBA,G
1630224,Jalen Green,2014-2024,3645,0.47289187893923457,0.42112482853223593,0.45132446871800086,-0.03019964018576493,NBA,G
1626168,Trey Lyles,2014-2024,3643,0.43473543060949793,0.44331594839418065,0.45721570958721836,-0.013899761193037707,NBA,F
203937,Kyle Anderson,2014-2024,3641,0.40496587405806456,0.48036253776435045,0.4650695999076228,0.01529293785672764,NBA,F
201961,Wayne Ellington,2014-2024,3638,0.5072869177069353,0.4068169323804288,0.39325777740707857,0.013559154973350251,NBA,G
200765,Rajon Rondo,2014-2024,3633,0.42668047036344636,0.4307734654555464,0.4633467626263051,-0.032573297170758686,NBA,G
1627827,Dorian Finney-Smith,2014-2024,3609,0.44386416547465213,0.43474646716541976,0.4630347130920025,-0.028288245926582745,NBA,F
1629023,P.J. Washington,2014-2024,3596,0.4136395800012507,0.4471635150166852,0.46591075251006947,-0.01874723749338425,NBA,F
2216,Zach Randolph,2014-2024,3566,0.3940299774684031,0.47083567021873246,0.46927575503897817,0.0015599151797542898,NBA,F
203953,Jabari Parker,2014-2024,3548,0.376451388373269,0.4923900789177001,0.5199109390990342,-0.027520860181334095,NBA,F
201599,DeAndre Jordan,2014-2024,3530,0.2100263905735984,0.6872521246458924,0.7213517560662285,-0.03409963142033612,NBA,C
203504,Trey Burke,2014-2024,3521,0.4814888709238486,0.41777904004544164,0.41895470897083664,-0.0011756689253950015,NBA,G
203463,Ben McLemore,2014-2024,3515,0.47529570841908086,0.42076813655761025,0.4297893211461508,-0.009021184588540565,NBA,G
2200,Pau Gasol,2014-2024,3473,0.39162638685449586,0.480564353584797,0.469137821404066,0.011426532180730975,NBA,C
1627732,Ben Simmons,2014-2024,3467,0.30784500179191066,0.5612921834438996,0.5685431765615526,-0.007250993117652982,NBA,G
101141,Ersan Ilyasova,2014-2024,3446,0.4301545055482805,0.4437028438769588,0.44617763872981714,-0.002474794852858342,NBA,F
201158,Marco Belinelli,2014-2024,3444,0.5024196281695438,0.4169570267131243,0.3987248596786679,0.018232167034456404,NBA,F
1628404,Josh Hart,2014-2024,3432,0.43809867582081236,0.4583333333333333,0.45454643525224536,0.0037868980810879527,NBA,F
1630169,Tyrese Haliburton,2014-2024,3417,0.4968920516901033,0.4781972490488733,0.4257964076156299,0.05240084143324336,NBA,G
101107,Marvin Williams,2014-2024,3409,0.4420962650245427,0.43649163977706074,0.4276840595291027,0.008807580247958025,NBA,F
202066,Garrett Temple,2014-2024,3399,0.47900164404031625,0.4039423359811709,0.42817373033358547,-0.02423139435241456,NBA,G
2730,Dwight Howard,2014-2024,3395,0.2525242795340963,0.6067746686303387,0.6305334958008981,-0.023758827170559438,NBA,C
1630180,Saddiq Bey,2014-2024,3360,0.4670434170385237,0.4083333333333333,0.4356835743757304,-0.027350241042397083,NBA,F
201954,Darren Collison,2014-2024,3344,0.46368634633578293,0.479366028708134,0.43792877404670816,0.04143725466142584,NBA,G
203458,Alex Len,2014-2024,3333,0.3077433669705443,0.5118511851185118,0.5746852589647247,-0.06283407384621287,NBA,C
201936,Tyreke Evans,2014-2024,3317,0.3986632116772969,0.43111245100994877,0.4780793786342111,-0.046966927624262356,NBA,G
1630217,Desmond Bane,2014-2024,3315,0.46238099685255346,0.46817496229260935,0.4291223536865399,0.03905260860606946,NBA,G
201949,James Johnson,2014-2024,3313,0.397793397725472,0.4862662239661938,0.4946533628868593,-0.008387138920665504,NBA,F
204038,Langston Galloway,2014-2024,3285,0.49056741506731777,0.39665144596651447,0.4074544628395391,-0.010803016873024651,NBA,G
203493,Reggie Bullock Jr.,2014-2024,3273,0.4953905665583079,0.4268255423159181,0.4041521391975569,0.022673403118361246,NBA,F
203210,JaMychal Green,2014-2024,3260,0.3847281009237984,0.47638036809815953,0.5046055493350018,-0.028225181236842256,NBA,F
203476,Gorgui Dieng,2014-2024,3252,0.39586614536084624,0.49661746617466174,0.4862882013514533,0.01032926482320845,NBA,F
1626174,Christian Wood,2014-2024,3252,0.3920501041985799,0.5138376383763837,0.5087184651887459,0.005119173187637882,NBA,C
202684,Tristan Thompson,2014-2024,3234,0.2748118816946,0.5504019789734076,0.588739878639032,-0.0383378996656244,NBA,C
203079,Dion Waiters,2014-2024,3228,0.4584096216038591,0.4055142503097893,0.4478063421558612,-0.042292091846071855,NBA,G
1628984,Devonte' Graham,2014-2024,3202,0.517689942956188,0.3713304184884447,0.39053333631382986,-0.019202917825385135,NBA,G
1630532,Franz Wagner,2014-2024,3189,0.40003632700956054,0.47851991219818124,0.47998933661786214,-0.001469424419680898,NBA,F
202328,Greg Monroe,2014-2024,3152,0.3181235203364956,0.521256345177665,0.5298601386433728,-0.008603793465707832,NBA,G
202323,Evan Turner,2014-2024,3138,0.45268397165997665,0.441363926067559,0.44421870376761413,-0.0028547777000551555,NBA,F
1630193,Immanuel Quickley,2014-2024,3134,0.49302989979934375,0.4211869814932993,0.41072924708504566,0.01045773440825365,NBA,G
1627854,Bryn Forbes,2014-2024,3119,0.5002604118563457,0.43571657582558515,0.3946466000184435,0.04106997580714167,NBA,G
1629008,Michael Porter Jr.,2014-2024,3101,0.4599396595414993,0.49693647210577235,0.44604623850254155,0.050890233603230806,NBA,F
1627751,Jakob Poeltl,2014-2024,3096,0.2681345449411668,0.6311369509043928,0.5528343331758484,0.07830261772854441,NBA,C
202703,Nikola Mirotic,2014-2024,3082,0.46333959677291037,0.4227774172615185,0.42733556927768424,-0.004558152016165717,NBA,F
1628379,Luke Kennard,2014-2024,3077,0.5003749619215176,0.45433864153396164,0.39654746823262754,0.0577911733013341,NBA,G
101139,CJ Miles,2014-2024,3073,0.48254030435965123,0.3979824275951839,0.4098024376013249,-0.011820010006141024,NBA,G
1630163,LaMelo Ball,2014-2024,3070,0.45209166232645304,0.42671009771986973,0.4372182079499268,-0.010508110230057044,NBA,G
1628978,Donte DiVincenzo,2014-2024,3059,0.47227732015949575,0.42824452435436416,0.4247560427888217,0.0034884815655424894,NBA,G
1629652,Luguentz Dort,2014-2024,3052,0.44777622726128313,0.4036697247706422,0.4465133008917721,-0.04284357612112988,NBA,F
1626204,Larry Nance Jr.,2014-2024,3048,0.35208663990627276,0.5403543307086615,0.5481050633421016,-0.007750732633440172,NBA,F
202734,E'Twaun Moore,2014-2024,3041,0.4372180795182357,0.4735284445905952,0.43709033126385893,0.03643811332673624,NBA,G
1628420,Monte Morris,2014-2024,3020,0.4742197882294804,0.4771523178807947,0.42898984214439156,0.04816247573640314,NBA,Unknown
1629130,Duncan Robinson,2014-2024,3014,0.5082734296112573,0.4316522893165229,0.3886747604774863,0.042977528839036605,NBA,G
1628971,Bruce Brown,2014-2024,3013,0.38163614515087285,0.48124792565549285,0.4945258172175784,-0.013277891562085531,NBA,G
1626144,Emmanuel Mudiay,2014-2024,3013,0.4395757568676198,0.4005974112180551,0.4504687427477541,-0.049871331529699026,NBA,G
1628372,Dennis Smith Jr.,2014-2024,3009,0.4303011078843315,0.4067796610169492,0.4720538719801106,-0.06527421096316144,NBA,G
1626163,Frank Kaminsky,2014-2024,3006,0.41713689183208436,0.43080505655355955,0.4438065686614965,-0.01300151210793693,NBA,F
201163,Wilson Chandler,2014-2024,3001,0.42985966185234564,0.43985338220593134,0.450045324195021,-0.010191941989089681,NBA,F
1627826,Ivica Zubac,2014-2024,2997,0.2535844629801489,0.6109442776109443,0.6180798504602727,-0.00713557284932842,NBA,C
1629631,De'Andre Hunter,2014-2024,2991,0.45496262191465175,0.4470076897358743,0.44187756782283694,0.005130121913037355,NBA,F
201583,Ryan Anderson,2014-2024,2987,0.47084168704263907,0.41546702376966854,0.41923871020553877,-0.003771686435870225,NBA,F
2225,Tony Parker,2014-2024,2962,0.419604895767159,0.47602970965563807,0.4575800006778858,0.018449708977752277,NBA,G
101162,Marcin Gortat,2014-2024,2958,0.3232437465293356,0.5581473968897904,0.5247085746658017,0.03343882222398875,NBA,C
2594,Kyle Korver,2014-2024,2957,0.5136267198340533,0.4504565437943862,0.3822840796203858,0.06817246417400041,NBA,G
201584,Courtney Lee,2014-2024,2952,0.4709364611560302,0.45223577235772355,0.4257939586788191,0.02644181367890447,NBA,G
1628367,Josh Jackson,2014-2024,2935,0.41915958467111125,0.41567291311754684,0.4760485793597857,-0.060375666242238835,NBA,G
101145,Monta Ellis,2014-2024,2924,0.458922847615064,0.4377564979480164,0.4423895094724879,-0.0046330115244714865,NBA,G
1626220,Royce O'Neale,2014-2024,2918,0.4754060737420433,0.4266620973269363,0.42725806432683305,-0.0005959669998967798,NBA,F
202329,Al-Farouq Aminu,2014-2024,2901,0.4264818402101182,0.40641158221303,0.46723874115016595,-0.06082715893713597,NBA,F
1628976,Wendell Carter Jr.,2014-2024,2893,0.3569139036017574,0.5174559281023159,0.5197003699329777,-0.0022444418306618585,NBA,C
1629627,Zion Williamson,2014-2024,2892,0.30462138458023846,0.593015214384509,0.569702122497055,0.023313091887454007,NBA,F
1630567,Scottie Barnes,2014-2024,2890,0.3993978410112165,0.4737024221453287,0.48160423706851124,-0.007901814923182537,NBA,F
201960,DeMarre Carroll,2014-2024,2885,0.45129099589195076,0.4214904679376083,0.4362493100940055,-0.014758842156397223,NBA,F
2207,Joe Johnson,2014-2024,2871,0.47536134756056136,0.4329501915708812,0.40702607922847145,0.025924112342409766,NBA,F
203939,Dwight Powell,2014-2024,2855,0.3050967731489961,0.6024518388791593,0.5883945332965743,0.014057305582585,NBA,C
203459,Allen Crabbe,2014-2024,2854,0.49323203478674976,0.42536790469516467,0.40623769604545273,0.019130208649711933,NBA,G
1626161,Willie Cauley-Stein,2014-2024,2853,0.2950954469895029,0.5439887837364178,0.5918721205644853,-0.04788333682806756,NBA,C
200826,J.J. Barea,2014-2024,2844,0.4592373201927082,0.42967651195499296,0.42940616016353933,0.00027035179145362687,NBA,G
204020,Tyler Johnson,2014-2024,2843,0.455839466413337,0.42666197678508616,0.43823659746742416,-0.011574620682338,NBA,G
1630175,Cole Anthony,2014-2024,2837,0.4676623631745859,0.41769474797321116,0.43035369286711816,-0.01265894489390701,NBA,G
1626153,Delon Wright,2014-2024,2833,0.41190814956321814,0.4521708436286622,0.4684963257190205,-0.01632548209035828,NBA,G
1626166,Cameron Payne,2014-2024,2825,0.4710960086749389,0.42053097345132745,0.4248767701969791,-0.004345796745651664,NBA,G
202722,Davis Bertans,2014-2024,2810,0.5164762127255197,0.4220640569395018,0.3898435512886239,0.03222050565087786,NBA,F
1626192,Pat Connaughton,2014-2024,2773,0.47195585225778025,0.43562928236566895,0.43512377321532825,0.0005055091503406994,NBA,F
203469,Cody Zeller,2014-2024,2768,0.2850108693095027,0.5335982658959537,0.5726116186265419,-0.03901335273058815,NBA,C
203503,Tony Snell,2014-2024,2759,0.46914898358380513,0.43675244653860096,0.4276512569686849,0.009101189569916068,NBA,G
202688,Brandon Knight,2014-2024,2759,0.45940831353224787,0.40703153316418994,0.43113443502610554,-0.024102901861915604,NBA,G
1629060,Rui Hachimura,2014-2024,2745,0.4172506311732816,0.4961748633879781,0.4797462432307917,0.016428620157186435,NBA,F
1628366,Lonzo Ball,2014-2024,2731,0.4684169564982404,0.40241669718052,0.42774437023425516,-0.025327673053735178,NBA,G
1629675,Naz Reid,2014-2024,2728,0.38689178278270614,0.4959677419354839,0.4837728790764355,0.012194862859048361,NBA,C
1630170,Devin Vassell,2014-2024,2718,0.49344070590133277,0.4444444444444444,0.4264414419245828,0.018003002519861644,NBA,G
1626159,Justise Winslow,2014-2024,2716,0.40910680547726685,0.41273932253313694,0.47111216492826696,-0.05837284239513002,NBA,G
1629001,De'Anthony Melton,2014-2024,2708,0.47290339911043927,0.4124815361890694,0.43286956917708325,-0.020388032988013838,NBA,G
1629022,Lonnie Walker IV,2014-2024,2705,0.47949642782824603,0.422550831792976,0.43750095342156975,-0.014950121628593771,NBA,G
202357,Nemanja Bjelica,2014-2024,2697,0.4094953972237905,0.46421950315165,0.4523068492185652,0.011912653933084827,NBA,F
1626158,Richaun Holmes,2014-2024,2672,0.302581974426753,0.6032934131736527,0.5770079227447861,0.02628549042886663,NBA,C
201580,JaVale McGee,2014-2024,2672,0.264582774012674,0.6119011976047904,0.6292805434118133,-0.017379345807022828,NBA,C
203487,Michael Carter-Williams,2014-2024,2658,0.3867605089464728,0.4006772009029345,0.4769830032231533,-0.07630580232021877,NBA,G
1630581,Josh Giddey,2014-2024,2635,0.38880175446259185,0.4637571157495256,0.46622511228721647,-0.002467996537690864,NBA,G
2747,JR Smith,2014-2024,2633,0.5105501412019214,0.40144322066084315,0.39970252104027415,0.0017406996205689973,NBA,G
202362,Lance Stephenson,2014-2024,2608,0.43798382875446346,0.43059815950920244,0.4486682393712622,-0.018070079862059774,NBA,G
1628963,Marvin Bagley III,2014-2024,2599,0.34956968288842827,0.5182762601000385,0.5259385194265344,-0.0076622593264958905,NBA,F
1626169,Stanley Johnson,2014-2024,2599,0.44525218405575206,0.38976529434397844,0.4374371039386915,-0.047671809594713066,NBA,F
1627777,Georges Niang,2014-2024,2595,0.4937258907174755,0.44238921001926784,0.4061015224031886,0.036287687616079256,NBA,F
101123,Gerald Green,2014-2024,2587,0.4993919837721162,0.4047158871279474,0.4144760915405321,-0.009760204412584683,NBA,G
1628960,Grayson Allen,2014-2024,2576,0.47382799106960094,0.44992236024844723,0.4238791990050318,0.026043161243415436,NBA,G
1631094,Paolo Banchero,2014-2024,2529,0.4508004491315466,0.4424673784104389,0.4635392482925165,-0.0210718698820776,NBA,F
1629661,Cameron Johnson,2014-2024,2508,0.4871656022279603,0.44537480063795853,0.42504441458909153,0.020330386048867,NBA,F
203090,Maurice Harkless,2014-2024,2506,0.37284438376045326,0.47924980047885074,0.5334785795498019,-0.054228779070951194,NBA,F
203457,Nerlens Noel,2014-2024,2503,0.2845583326194895,0.5453455852976429,0.6011490924841859,-0.05580350718654303,NBA,C
1629645,Kevin Porter Jr.,2014-2024,2480,0.4727013624852252,0.4306451612903226,0.44617460928187347,-0.015529447991550871,NBA,G
1627739,Kris Dunn,2014-2024,2470,0.4186045977181126,0.4368421052631579,0.45905024737431327,-0.02220814211115535,NBA,G
203488,Mike Muscala,2014-2024,2434,0.4626447627546538,0.4519309778142975,0.42728161892004374,0.024649358894253737,NBA,G
1629013,Landry Shamet,2014-2024,2423,0.5050250770685633,0.4102352455633512,0.4053720054258609,0.004863240137490343,NBA,G
1630595,Cade Cunningham,2014-2024,2422,0.4544957328939662,0.4318744838976053,0.44305992784826315,-0.011185443950657847,NBA,G
203118,Mike Scott,2014-2024,2362,0.455769824922795,0.4419983065198984,0.42589119885122634,0.01610710766867207,NBA,F
203473,Dewayne Dedmon,2014-2024,2362,0.3396661973686495,0.5287891617273497,0.5326210630919964,-0.003831901364646728,NBA,C
203382,Aron Baynes,2014-2024,2344,0.3322519362248828,0.492320819112628,0.526259744865232,-0.03393892575260399,NBA,C
2738,Andre Iguodala,2014-2024,2336,0.44667184971351614,0.4700342465753425,0.48702562710335917,-0.016991380528016686,NBA,G
202391,Jeremy Lin,2014-2024,2335,0.4388874637082856,0.4261241970021413,0.44187292079750845,-0.015748723795367126,NBA,G
1630596,Evan Mobley,2014-2024,2329,0.33369123212779445,0.5440103048518677,0.5581422772768531,-0.014131972424985317,NBA,F
202687,Bismack Biyombo,2014-2024,2323,0.260960672444218,0.5510116229014206,0.6055314023457631,-0.0545197794443425,NBA,C
1630578,Alperen Sengun,2014-2024,2306,0.33420492107746486,0.5281873373807459,0.5206640437317975,0.007523293648948326,NBA,C
1713,Vince Carter,2014-2024,2293,0.48973389267190653,0.38290449193196685,0.4124766048619148,-0.029572112929947936,NBA,F
1630166,Deni Avdija,2014-2024,2273,0.4198894604512103,0.4571051473823141,0.46684236987685956,-0.00973722249454545,NBA,F
1629622,Max Strus,2014-2024,2272,0.4854320743000797,0.4242957746478873,0.4169124904133793,0.007383284234508014,NBA,G
1630183,Jaden McDaniels,2014-2024,2265,0.4310562126946275,0.4838852097130243,0.47903381383818444,0.004851395874839848,NBA,F
201167,Arron Afflalo,2014-2024,2263,0.4836170977210511,0.4326115775519222,0.4097803797770023,0.022831197774919876,NBA,G
202335,Patrick Patterson,2014-2024,2249,0.47488446154251257,0.41529568697198754,0.42041651533386243,-0.005120828361874885,NBA,F
1628365,Markelle Fultz,2014-2024,2226,0.4099036679013673,0.4748427672955975,0.47904582559782066,-0.004203058302223173,NBA,G
1628449,Chris Boucher,2014-2024,2220,0.3803278784807896,0.4864864864864865,0.5100629066499734,-0.023576420163486933,NBA,C
1626178,Rondae Hollis-Jefferson,2014-2024,2204,0.36587785149373503,0.4482758620689655,0.512201435098392,-0.06392557302942647,NBA,F
1629638,Nickeil Alexander-Walker,2014-2024,2198,0.47893955036590546,0.40445859872611467,0.4301453799308749,-0.025686781204760256,NBA,G
2744,Al Jefferson,2014-2024,2194,0.3760926839688174,0.49088422971741114,0.4688193490851206,0.022064880632290562,NBA,F
202702,Kenneth Faried,2014-2024,2191,0.2766959698248562,0.539479689639434,0.583163929099002,-0.04368423945956801,NBA,F
1628988,Aaron Holiday,2014-2024,2169,0.4614402209091425,0.41770401106500693,0.4303384717198581,-0.012634460654851187,NBA,G
1630560,Cam Thomas,2014-2024,2149,0.4989712042955899,0.43973941368078173,0.41912198466826944,0.02061742901251229,NBA,G
101114,Deron Williams,2014-2024,2146,0.46477934977123725,0.4109972041006524,0.4263114192227373,-0.015314215122084918,NBA,G
201147,Corey Brewer,2014-2024,2140,0.4041314954707648,0.41869158878504675,0.4870806821917962,-0.06838909340674942,NBA,G
202718,Chandler Parsons,2014-2024,2136,0.44063721448143983,0.44897003745318353,0.44888649148449317,8.354596869036834e-05,NBA,F
203107,Tomas Satoransky,2014-2024,2132,0.4122149663512387,0.46763602251407127,0.4658860988864864,0.0017499236275848595,NBA,G
1628470,Torrey Craig,2014-2024,2126,0.43655214149902904,0.45296331138287865,0.45774714179530684,-0.004783830412428192,NBA,F
203077,Michael Kidd-Gilchrist,2014-2024,2113,0.35955317380569807,0.4784666351159489,0.5012732111864238,-0.02280657607047487,NBA,F
1629611,Terance Mann,2014-2024,2111,0.41301937760475677,0.502131691141639,0.49093158595592457,0.01120010518571446,NBA,G
1629659,Talen Horton-Tucker,2014-2024,2106,0.4336778851540487,0.42212725546058877,0.46508484108292525,-0.04295758562233648,NBA,G
1628467,Maxi Kleber,2014-2024,2105,0.4480601580339644,0.4451306413301663,0.45425501001254953,-0.009124368682383255,NBA,F
203524,Solomon Hill,2014-2024,2103,0.44271132769766325,0.3880171184022825,0.4498297777998269,-0.061812659397544434,NBA,F
2736,Luol Deng,2014-2024,2074,0.42817068036464767,0.44889103182256507,0.4590284085009073,-0.010137376678342247,NBA,F
1629003,Shake Milton,2014-2024,2072,0.44888832662794836,0.45125482625482627,0.44085826437363157,0.0103965618811947,NBA,G
1628995,Kevin Knox II,2014-2024,2061,0.45761775642030833,0.3915574963609898,0.4442581093864599,-0.05270061302547008,NBA,F
1627884,Derrick Jones Jr.,2014-2024,2045,0.37035468294013807,0.49926650366748165,0.5484923403340103,-0.04922583666652863,NBA,F
2734,Devin Harris,2014-2024,2039,0.46506830328072796,0.4119666503187837,0.4311978270294504,-0.01923117671066671,NBA,F
1628380,Zach Collins,2014-2024,2027,0.3853342734780023,0.4790330537740503,0.477794013491746,0.0012390402823043156,NBA,C
203521,Matthew Dellavedova,2014-2024,2026,0.4679891736592656,0.3805528134254689,0.41191166462772966,-0.03135885120226073,NBA,G
1626209,Mario Hezonja,2014-2024,2018,0.43935535634569006,0.41774033696729435,0.4488449887006681,-0.031104651733373734,NBA,G
1626143,Jahlil Okafor,2014-2024,1998,0.32421452742126594,0.54004004004004,0.5204149292970623,0.01962511074297768,NBA,C
201578,Marreese Speights,2014-2024,1998,0.4198818899371837,0.44894894894894893,0.4499889031667448,-0.0010399542177958465,NBA,G
203526,Raul Neto,2014-2024,1994,0.4399274927759109,0.45787362086258776,0.44235871078936906,0.015514910073218702,NBA,G
203894,Shabazz Napier,2014-2024,1991,0.4872613386564736,0.39678553490708185,0.41595370359062034,-0.01916816868353849,NBA,G
101109,Raymond Felton,2014-2024,1987,0.4630607907648628,0.4126824358329139,0.42752884239454636,-0.014846406561632441,NBA,G
203917,Nik Stauskas,2014-2024,1977,0.47651935193216965,0.3889731917046029,0.4282650857756603,-0.039291894071057376,NBA,F
201229,Anthony Tolliver,2014-2024,1976,0.49299520448053924,0.4144736842105263,0.40523903059225436,0.00923465361827197,NBA,G
1628464,Daniel Theis,2014-2024,1975,0.34771551436298737,0.540759493670886,0.5313116960088072,0.009447797662078816,NBA,C
1629021,Moritz Wagner,2014-2024,1972,0.3628741917382139,0.5238336713995944,0.5111862676971294,0.012647403702464977,NBA,C
201156,Nick Young,2014-2024,1966,0.5106669893626851,0.39216683621566634,0.3920349938150438,0.00013184240062252828,NBA,G
1629134,Kendrick Nunn,2014-2024,1958,0.46691840716859445,0.4550561797752809,0.4340859399941736,0.02097023978110729,NBA,G
1631093,Jaden Ivey,2014-2024,1956,0.44441964206180745,0.4222903885480573,0.4484795092706141,-0.026189120722556802,NBA,G
1629684,Grant Williams,2014-2024,1952,0.46581102423191345,0.45338114754098363,0.4340507364521634,0.01933041108882022,NBA,F
1627936,Alex Caruso,2014-2024,1937,0.45039261702622996,0.4414042333505421,0.45039754779927316,-0.008993314448731082,NBA,F
201945,Gerald Henderson,2014-2024,1927,0.45956614117929284,0.43331603528801244,0.4433561620342939,-0.010040126746281464,NBA,G
1938,Manu Ginobili,2014-2024,1926,0.4776102881705711,0.4257528556593977,0.4369581455266113,-0.011205289867213586,NBA,G
203516,James Ennis III,2014-2024,1918,0.41076518586751004,0.4556830031282586,0.48169901452962427,-0.02601601140136567,NBA,F
1626172,Kevon Looney,2014-2024,1911,0.2844192590673117,0.5834641548927263,0.5889612199812763,-0.005497065088549968,NBA,C
202714,Shelvin Mack,2014-2024,1905,0.44864660495957637,0.4251968503937008,0.4407879497935188,-0.01559109939981801,NBA,G
1627814,Damion Lee,2014-2024,1899,0.4760853551039085,0.43601895734597157,0.4162028823561063,0.019816074989865262,NBA,G
1630557,Corey Kispert,2014-2024,1893,0.46740627275334534,0.48124669836238776,0.42683873284592416,0.0544079655164636,NBA,G
202325,Wesley Johnson,2014-2024,1890,0.4873045908588902,0.4,0.42571475143210286,-0.025714751432102834,NBA,F
1629006,Josh Okogie,2014-2024,1884,0.41555059410886863,0.4023354564755839,0.4843504116689345,-0.08201495519335061,NBA,F
1628964,Mo Bamba,2014-2024,1882,0.37677008570739895,0.47874601487778956,0.5066250656125719,-0.027879050734782362,NBA,C
1627788,Furkan Korkmaz,2014-2024,1868,0.4933307607237374,0.4057815845824411,0.4173587242894647,-0.011577139707023565,NBA,F
203498,Shabazz Muhammad,2014-2024,1864,0.38121750316422176,0.4737124463519313,0.501792969533781,-0.028080523181849726,NBA,G
1628997,Caleb Martin,2014-2024,1857,0.438868334192567,0.4501884760366182,0.46345779302085577,-0.013269316984237556,NBA,F
203584,Troy Daniels,2014-2024,1855,0.5293231664236004,0.3994609164420485,0.3775360959104723,0.021924820531576183,NBA,G
202697,Iman Shumpert,2014-2024,1835,0.4894289037875621,0.3912806539509537,0.42381321001743166,-0.03253255606647798,NBA,G
1628972,Troy Brown Jr.,2014-2024,1833,0.4631331840151661,0.425531914893617,0.44365606033949095,-0.01812414544587393,NBA,F
1626195,Willy Hernangomez,2014-2024,1827,0.30691196984616426,0.5331143951833607,0.5511581569220475,-0.018043761738686825,NBA,C
977,Kobe Bryant,2014-2024,1826,0.49236804145030444,0.36363636363636365,0.4083405891737453,-0.04470422553738168,NBA,G
1630245,Ayo Dosunmu,2014-2024,1824,0.43000289642278267,0.5038377192982456,0.4740192325219422,0.029818486776303388,NBA,G
1630171,Isaac Okoro,2014-2024,1824,0.4040531979955705,0.46710526315789475,0.498580708989487,-0.03147544583159223,NBA,F
1627737,Marquese Chriss,2014-2024,1822,0.3534453998867929,0.45554335894621295,0.5477459548689837,-0.09220259592277075,NBA,F
1630228,Jonathan Kuminga,2014-2024,1819,0.3841724134722308,0.5239142385926333,0.5258579164097694,-0.0019436778171361135,NBA,F
1630256,Jae'Sean Tate,2014-2024,1812,0.3687015206595295,0.49503311258278143,0.4993081991908156,-0.004275086608034162,NBA,F
201951,Ty Lawson,2014-2024,1802,0.45669313210293083,0.4328523862375139,0.43663833611061853,-0.003785949873104655,NBA,G
1628975,Jevon Carter,2014-2024,1796,0.5326985727957538,0.39365256124721604,0.3944032973734504,-0.0007507361262343859,NBA,G
1631114,Jalen Williams,2014-2024,1787,0.40518694466337624,0.5316172355903749,0.48574101522783053,0.04587622036254435,NBA,F
2440,Matt Barnes,2014-2024,1787,0.45103246246837253,0.4051482932288752,0.44048613096693157,-0.03533783773805638,NBA,F
202344,Trevor Booker,2014-2024,1786,0.36356630802625467,0.5027995520716685,0.5207047670334938,-0.01790521496182529,NBA,G
201563,Michael Beasley,2014-2024,1783,0.39977343821220035,0.504206393718452,0.4762210308625351,0.027985362855916907,NBA,F
1629647,Darius Bazley,2014-2024,1782,0.4047489271794593,0.41301907968574636,0.49509020818071814,-0.08207112849497178,NBA,F
1629026,Kenrich Williams,2014-2024,1776,0.4341004936791178,0.46790540540540543,0.459255764107567,0.008649641297838406,NBA,F
203613,Jonathon Simmons,2014-2024,1774,0.41691527174762044,0.44306651634723787,0.4752220120163289,-0.03215549566909104,NBA,G
1629629,Cam Reddish,2014-2024,1771,0.44704287437027646,0.39751552795031053,0.45328444430654247,-0.055768916356231935,NBA,F
2561,David West,2014-2024,1764,0.3817646564191904,0.5204081632653061,0.4605503836445719,0.05985777962073424,NBA,F
2585,Zaza Pachulia,2014-2024,1763,0.3102465073871877,0.48610323312535453,0.5185272453021428,-0.03242401217678825,NBA,C
1630200,Tre Jones,2014-2024,1760,0.4165983779935392,0.48125,0.466017650949821,0.015232349050179006,NBA,G
1629634,Brandon Clarke,2014-2024,1758,0.32576919501814083,0.602957906712173,0.5441895880615373,0.0587683186506357,NBA,F
1630165,Killian Hayes,2014-2024,1758,0.4765103642555786,0.38168373151308305,0.4211994534901741,-0.03951572197709108,NBA,G
1631099,Keegan Murray,2014-2024,1757,0.46690657597710933,0.45361411496869664,0.44016391642990454,0.01345019853879209,NBA,F
1628977,Hamidou Diallo,2014-2024,1757,0.36698228997701954,0.49800796812749004,0.5221830744496503,-0.024175106322160245,NBA,F
1630559,Austin Reaves,2014-2024,1748,0.47270275006240114,0.4931350114416476,0.4271499393272219,0.06598507211442572,NBA,G
1630231,KJ Martin,2014-2024,1742,0.3434117899205744,0.5442020665901263,0.5736426989600831,-0.029440632369956865,NBA,F
2403,Nene,2014-2024,1737,0.3303788927438175,0.5509499136442142,0.5503692394753072,0.0005806741689069472,NBA,Unknown
201585,Kosta Koufos,2014-2024,1736,0.2923992430316072,0.5351382488479263,0.5211242562555518,0.014013992592374458,NBA,G
101161,Amir Johnson,2014-2024,1732,0.31312706931523776,0.565242494226328,0.5419118014325949,0.02333069279373312,NBA,F
1627756,Denzel Valentine,2014-2024,1728,0.4829717200904176,0.39351851851851855,0.39971697719036486,-0.006198458671846319,NBA,F
1631095,Jabari Smith Jr.,2014-2024,1725,0.4488518130162329,0.4301449275362319,0.4385330306682064,-0.008388103131974523,NBA,F
1630191,Isaiah Stewart,2014-2024,1722,0.3382821195292881,0.49767711962833916,0.5115232765621895,-0.013846156933850384,NBA,C
1630591,Jalen Suggs,2014-2024,1706,0.4521928687837977,0.4220398593200469,0.44652804409343494,-0.024488184773388044,NBA,G
1630173,Precious Achiuwa,2014-2024,1704,0.3554552045437354,0.4812206572769953,0.5402952417337269,-0.05907458445673158,NBA,C
1627812,Yogi Ferrell,2014-2024,1702,0.4878764326620337,0.41774383078730903,0.41340396062076107,0.0043398701665479655,NBA,G
1630530,Trey Murphy III,2014-2024,1698,0.48262488327334807,0.4540636042402827,0.44142877115004076,0.012634833090241937,NBA,F
203089,John Henson,2014-2024,1685,0.2942020169548346,0.5531157270029674,0.5757198467874569,-0.022604119784489507,NBA,C
101112,Channing Frye,2014-2024,1683,0.47636503631921456,0.4325609031491384,0.40525531969106565,0.02730558345807277,NBA,F
1630167,Obi Toppin,2014-2024,1680,0.39536007219921904,0.5202380952380953,0.5267977916799977,-0.006559696441902463,NBA,F
201162,Jared Dudley,2014-2024,1675,0.4757249850199514,0.45313432835820894,0.4084004353943269,0.04473389296388203,NBA,F
1630202,Payton Pritchard,2014-2024,1671,0.5078186104442031,0.4440454817474566,0.4010919573905574,0.0429535243568992,NBA,G
1630172,Patrick Williams,2014-2024,1666,0.4286750408284982,0.46938775510204084,0.47940233046333447,-0.010014575361293632,NBA,F
1630529,Herbert Jones,2014-2024,1665,0.397479375985793,0.4816816816816817,0.4959925158486397,-0.014310834166957997,NBA,G
2749,Jameer Nelson,2014-2024,1658,0.48633110685889025,0.41073582629674305,0.4117854600974448,-0.001049633800701777,NBA,G
201166,Aaron Brooks,2014-2024,1654,0.4503511418265795,0.4117291414752116,0.43326169230340994,-0.021532550828198327,NBA,G
1629655,Daniel Gafford,2014-2024,1645,0.24143376610136066,0.7112462006079028,0.6688554783079421,0.04239072229996066,NBA,C
2733,Shaun Livingston,2014-2024,1644,0.4068660587981886,0.5200729927007299,0.48308488850271414,0.03698810419801579,NBA,G
203086,Meyers Leonard,2014-2024,1636,0.44067497200707023,0.47493887530562345,0.4470155241227299,0.027923351182893574,NBA,G
202334,Ed Davis,2014-2024,1636,0.2599644511207812,0.5886308068459658,0.60146667812297,-0.012835871277004252,NBA,F
1627863,Danuel House Jr.,2014-2024,1635,0.46754396119464003,0.43425076452599387,0.45500791277902025,-0.02075714825302638,NBA,F
201967,Dante Cunningham,2014-2024,1631,0.43488993060022996,0.4616799509503372,0.465067385003261,-0.003387434052923799,NBA,G
1629651,Nic Claxton,2014-2024,1626,0.255166880551419,0.6611316113161132,0.647344208706153,0.013787402609960253,NBA,C
201973,Jonas Jerebko,2014-2024,1623,0.43146437589640013,0.4454713493530499,0.45209875039598074,-0.006627401042930858,NBA,F
101127,Jarrett Jack,2014-2024,1621,0.4548840631764288,0.4256631708821715,0.4162289516312845,0.009434219250887,NBA,G
1631097,Bennedict Mathurin,2014-2024,1614,0.42639111748085656,0.4392812887236679,0.465881822495515,-0.026600533771847124,NBA,F
2754,Tony Allen,2014-2024,1610,0.32317350832966896,0.47080745341614905,0.53694356553571,-0.06613611211956094,NBA,G
201160,Jason Smith,2014-2024,1597,0.44244555020126075,0.4633688165309956,0.4295218645028165,0.03384695202817911,NBA,F
203585,Rodney McGruder,2014-2024,1596,0.4516012811620052,0.4191729323308271,0.43336935868005094,-0.014196426349223856,NBA,F
1629004,Svi Mykhailiuk,2014-2024,1595,0.48650603069952575,0.4043887147335423,0.42176415973021053,-0.01737544499666821,NBA,G
1628418,Thomas Bryant,2014-2024,1587,0.33162198219272315,0.6005040957781979,0.5609669751833583,0.0395371205948396,NBA,C
1630174,Aaron Nesmith,2014-2024,1585,0.4640053070660686,0.4523659305993691,0.4473643953711421,0.005001535228226994,NBA,F
201956,Omri Casspi,2014-2024,1581,0.3715737594698905,0.5003162555344719,0.4878755598783797,0.012440695656092182,NBA,G
1627789,Timothe Luwawu-Cabarrot,2014-2024,1578,0.4608870626051633,0.38593155893536124,0.4429121739172462,-0.05698061498188495,NBA,G
203477,Isaiah Canaan,2014-2024,1574,0.4891084880627408,0.37166454891994916,0.41058578783108607,-0.03892123891113691,NBA,G
201601,Luc Mbah a Moute,2014-2024,1571,0.3963383498668465,0.45066836409929983,0.4835550852981676,-0.03288672119886776,NBA,F
203141,Mirza Teletovic,2014-2024,1570,0.48520997233239543,0.40445859872611467,0.4081846046021542,-0.003726005876039551,NBA,G
203546,Ian Clark,2014-2024,1567,0.47110406649851216,0.4409700063816209,0.4211958975199506,0.019774108861670303,NBA,G
1630558,Davion Mitchell,2014-2024,1565,0.4916346102839725,0.4338658146964856,0.4259533049072464,0.007912509789239186,NBA,G
203096,Jared Sullinger,2014-2024,1561,0.39913351602779573,0.4336963484945548,0.45570409331879197,-0.022007744824237174,NBA,C
1629011,Mitchell Robinson,2014-2024,1558,0.2068048443529053,0.7008985879332478,0.7470449936572913,-0.04614640572404349,NBA,C
1628373,Frank Ntilikina,2014-2024,1558,0.47483831089849093,0.36906290115532736,0.4172918477661332,-0.048228946610805845,NBA,G
203957,Danté Exum,2014-2024,1554,0.42692298780441174,0.43114543114543114,0.47259747754626413,-0.041452046400833,NBA,G
201596,Mario Chalmers,2014-2024,1550,0.4519508215444057,0.39806451612903226,0.4425495216154012,-0.04448500548636891,NBA,G
202720,Jon Leuer,2014-2024,1534,0.4026210654221477,0.47979139504563234,0.4716964456650622,0.008094949380570149,NBA,F
202498,Lance Thomas,2014-2024,1531,0.4395792083250693,0.41018941868060094,0.447139657948962,-0.03695023926836105,NBA,F
1627761,DeAndre' Bembry,2014-2024,1519,0.3673175112044314,0.4739960500329164,0.5226001221659242,-0.048604072133007825,NBA,F
203124,Kyle O'Quinn,2014-2024,1517,0.3675434486194206,0.5214238628872775,0.4907522830664922,0.030671579820785277,NBA,F
2547,Chris Bosh,2014-2024,1512,0.44167989969935084,0.4636243386243386,0.4370959199923337,0.02652841863200489,NBA,G
1629669,Jaylen Nowell,2014-2024,1504,0.4587730729869964,0.4461436170212766,0.436743536812707,0.009400080208569583,NBA,G
200757,Thabo Sefolosha,2014-2024,1495,0.4345274535112089,0.462876254180602,0.4727748585210236,-0.009898604340421557,NBA,F
203922,Glenn Robinson III,2014-2024,1493,0.4380645258900903,0.45679839249832555,0.4582906456652328,-0.0014922531669072647,NBA,G
1628402,Frank Jackson,2014-2024,1483,0.46420310262040915,0.418745785569791,0.4357812489226098,-0.017035463352818803,NBA,G
1628382,Justin Jackson,2014-2024,1478,0.4643653337351691,0.4242219215155616,0.4263976357919062,-0.002175714276344609,NBA,F
1629056,Terence Davis,2014-2024,1478,0.4627326077903996,0.43504736129905275,0.442523473176794,-0.007476111877741276,NBA,G
201573,Jerryd Bayless,2014-2024,1472,0.4660286008748084,0.4110054347826087,0.4267795046988897,-0.015774069916280997,NBA,G
201943,Brandon Jennings,2014-2024,1454,0.4620353260050257,0.3775790921595598,0.42496006887565657,-0.04738097671609676,NBA,G
1628422,Damyean Dotson,2014-2024,1446,0.49415168529745823,0.4170124481327801,0.41094924497268775,0.006063203160092345,NBA,G
201155,Rodney Stuckey,2014-2024,1439,0.44577793719745906,0.4197359277275886,0.444192709568789,-0.02445678184120037,NBA,G
203092,Tyler Zeller,2014-2024,1431,0.3283431152100586,0.5303983228511531,0.5260205129348967,0.004377809916256359,NBA,C
203138,Hollis Thompson,2014-2024,1422,0.4849099451137931,0.4015471167369902,0.4162800577834644,-0.014732941046474213,NBA,G
1628407,Dwayne Bacon,2014-2024,1419,0.42926681840738196,0.4023960535588443,0.450513683763937,-0.04811763020509274,NBA,G
1628371,Jonathan Isaac,2014-2024,1417,0.4094100613780863,0.44742413549753,0.4937231790699809,-0.046299043572450904,NBA,F
1630230,Naji Marshall,2014-2024,1416,0.44045187731361946,0.4293785310734463,0.4551726543849728,-0.025794123311526473,NBA,F
1626170,Jerian Grant,2014-2024,1415,0.47459878411837714,0.4120141342756184,0.4294912076431293,-0.01747707336751092,NBA,G
1629667,Jalen McDaniels,2014-2024,1414,0.4092263300825783,0.4490806223479491,0.4793704935128959,-0.030289871164946802,NBA,F
203943,Noah Vonleh,2014-2024,1413,0.35101125115943477,0.4585987261146497,0.5241374721587445,-0.06553874604409482,NBA,F
1630544,Tre Mann,2014-2024,1405,0.4793754828460539,0.4078291814946619,0.4237834021253457,-0.015954220630683802,NBA,G
1630538,Bones Hyland,2014-2024,1393,0.5011717341339875,0.39842067480258436,0.4108177438440891,-0.012397069041504727,NBA,G
2449,Luis Scola,2014-2024,1390,0.3800702644065771,0.460431654676259,0.46853485592111016,-0.008103201244851144,NBA,F
1629216,Gabe Vincent,2014-2024,1381,0.5088839829457528,0.39753801593048516,0.4042811587208349,-0.006743142790349765,NBA,G
1627823,Juancho Hernangomez,2014-2024,1379,0.42605336643275477,0.4278462654097172,0.45931343229585087,-0.03146716688613366,NBA,F
1629680,Matisse Thybulle,2014-2024,1347,0.4495318923629065,0.4335560504825538,0.47301308506219886,-0.039457034579645056,NBA,F
202389,Timofey Mozgov,2014-2024,1346,0.2954697937628748,0.5482912332838039,0.5902647496273721,-0.04197351634356816,NBA,C
2564,Boris Diaw,2014-2024,1341,0.3993783099353012,0.47651006711409394,0.46497496247127323,0.011535104642820704,NBA,G
1629670,Jordan Nwora,2014-2024,1341,0.47520777108958073,0.4325130499627144,0.44105359002393646,-0.008540540061222068,NBA,F
201941,Jordan Hill,2014-2024,1339,0.3736949599371165,0.47796863330843914,0.4838893124133044,-0.005920679104865267,NBA,G
2746,Josh Smith,2014-2024,1339,0.39876124673196,0.40477968633308437,0.468504799398745,-0.06372511306566064,NBA,F
1628392,Isaiah Hartenstein,2014-2024,1337,0.27897022376930486,0.5961106955871354,0.5841972742712441,0.011913421315891237,NBA,C
101133,Ian Mahinmi,2014-2024,1333,0.2783697083658778,0.5513878469617405,0.5726546918995707,-0.021266844937830265,NBA,C
1631110,Jeremy Sochan,2014-2024,1328,0.38224108903774867,0.4442771084337349,0.4998193922642112,-0.05554228383047627,NBA,F
203930,Sean Kilpatrick,2014-2024,1319,0.4522570834466408,0.4131918119787718,0.4365710109354381,-0.02337919895666629,NBA,G
1628966,Keita Bates-Diop,2014-2024,1311,0.39358675865576004,0.475209763539283,0.48814681250684017,-0.012937048967557152,NBA,F
201196,Ramon Sessions,2014-2024,1305,0.3837648139724118,0.4191570881226054,0.4776869160522362,-0.058529827929630796,NBA,F
1630198,Isaiah Joe,2014-2024,1303,0.551245367718154,0.42670759785111284,0.387011788284089,0.03969580956702384,NBA,G
1630188,Jalen Smith,2014-2024,1303,0.38414865072260124,0.5172678434382195,0.4975421981780589,0.01972564526016063,NBA,F
202682,Derrick Williams,2014-2024,1297,0.4028711011481102,0.4464148033924441,0.49584621468700996,-0.04943141129456585,NBA,F
204025,Tim Frazier,2014-2024,1286,0.4397286870265817,0.4004665629860031,0.43958697032414407,-0.03912040733814098,NBA,G
2199,Tyson Chandler,2014-2024,1286,0.2181787678555591,0.6415241057542769,0.6905918900293289,-0.049067784275051984,NBA,C
201579,Roy Hibbert,2014-2024,1268,0.3580392117276572,0.45662460567823343,0.49302807327976905,-0.03640346760153562,NBA,C
1495,Tim Duncan,2014-2024,1260,0.3499694532470041,0.5031746031746032,0.49992224617414266,0.003252357000460504,NBA,F
1630177,Theo Maledon,2014-2024,1255,0.4670478770628237,0.37211155378486055,0.42117320314619633,-0.04906164936133578,NBA,G
101181,Jose Calderon,2014-2024,1248,0.49234605331291886,0.43990384615384615,0.4027203138202275,0.03718353233361865,NBA,G
1629637,Jaxson Hayes,2014-2024,1244,0.28846135134484857,0.632636655948553,0.6308796883756429,0.0017569675729101064,NBA,F
201975,Jodie Meeks,2014-2024,1242,0.45469194207031116,0.4106280193236715,0.4170796863295795,-0.006451667005907991,NBA,F
1631103,Malaki Branham,2014-2024,1239,0.4677553040454309,0.4358353510895884,0.4320330090735762,0.00380234201601215,NBA,G
1630168,Onyeka Okongwu,2014-2024,1237,0.27335306367025397,0.6402586903799515,0.6007016107160705,0.039557079663881,NBA,C
1630197,Aleksej Pokusevski,2014-2024,1234,0.44210600055615473,0.3905996758508914,0.44611571075417844,-0.05551603490328705,NBA,F
1628021,David Nwaba,2014-2024,1230,0.3457673359359861,0.4902439024390244,0.5258115721311346,-0.035567669692110226,NBA,F
1628425,Sterling Brown,2014-2024,1229,0.46722463770100475,0.41985353946297804,0.4443970848984133,-0.024543545435435243,NBA,G
1630583,Santi Aldama,2014-2024,1225,0.4398980455836453,0.446530612244898,0.4682586725072392,-0.021728060262341198,NBA,F
1629234,Drew Eubanks,2014-2024,1217,0.3075748609480793,0.6072308956450287,0.590772677918773,0.016458217726255775,NBA,C
1891,Jason Terry,2014-2024,1215,0.5192881604852253,0.41316872427983536,0.3953122370388672,0.017856487240968166,NBA,G
200751,Randy Foye,2014-2024,1208,0.4890185242446796,0.35927152317880795,0.4090770025393148,-0.04980547936050683,NBA,G
201627,Anthony Morrow,2014-2024,1200,0.4935933672757394,0.4325,0.3976099820625792,0.0348900179374208,NBA,F
1629020,Jarred Vanderbilt,2014-2024,1189,0.2670287345456851,0.567703952901598,0.6081781727350052,-0.040474219833407155,NBA,F
101138,Brandon Bass,2014-2024,1186,0.34175386839998606,0.5269814502529511,0.5470553648754208,-0.02007391462246977,NBA,G
1641705,Victor Wembanyama,2014-2024,1186,0.39308989938933436,0.4645868465430017,0.5001107144392747,-0.03552386789627299,NBA,C
1629002,Chimezie Metu,2014-2024,1184,0.3986341416618684,0.49408783783783783,0.5218795544728698,-0.027791716635031993,NBA,F
1629726,Garrison Mathews,2014-2024,1181,0.5239005377832318,0.4072819644369179,0.38486423484327137,0.022417729593646518,NBA,F
1626246,Boban Marjanovic,2014-2024,1173,0.3278783363121341,0.5754475703324808,0.5451152429475946,0.030332327384886226,NBA,Unknown
1629672,Eric Paschall,2014-2024,1173,0.403509187025336,0.49445865302642794,0.4898454557115168,0.004613197314911166,NBA,F
1629614,Andrew Nembhard,2014-2024,1166,0.46197680718557776,0.4665523156089194,0.42784837648535123,0.038703939123568176,NBA,G
1629656,Quentin Grimes,2014-2024,1165,0.49700743506494793,0.42832618025751074,0.4227837650608609,0.00554241519664983,NBA,G
1629052,Oshae Brissett,2014-2024,1165,0.4184217777453134,0.41630901287553645,0.48265853959551624,-0.06634952671997979,NBA,F
1630537,Chris Duarte,2014-2024,1164,0.49066932387275114,0.40463917525773196,0.42982739602145553,-0.025188220763723568,NBA,G
2590,Mo Williams,2014-2024,1162,0.50249050824149,0.4070567986230637,0.39251737983426505,0.014539418788798664,NBA,G
203093,Terrence Jones,2014-2024,1161,0.3533999392220634,0.4780361757105943,0.5174473641062899,-0.03941118839569557,NBA,F
203499,Shane Larkin,2014-2024,1153,0.4329482117221894,0.42758022549869906,0.4495472437393411,-0.02196701824064201,NBA,G
2571,Leandro Barbosa,2014-2024,1148,0.4204566725560726,0.45818815331010454,0.4593105712225825,-0.0011224179124779687,NBA,F
201589,Darrell Arthur,2014-2024,1135,0.4620707319723179,0.4343612334801762,0.43007725481790093,0.004283978662275256,NBA,G
1629643,Chuma Okeke,2014-2024,1133,0.4924289479885598,0.383053839364519,0.4218297089284146,-0.038775869563895615,NBA,F
1630631,Jose Alvarado,2014-2024,1128,0.4746187037269503,0.42021276595744683,0.4285493747673395,-0.008336608809892676,NBA,G
1718,Paul Pierce,2014-2024,1120,0.47009977382283785,0.4142857142857143,0.41120127128989026,0.003084442995824055,NBA,F
203460,Andre Roberson,2014-2024,1113,0.35633217422471947,0.4779874213836478,0.5411866906009788,-0.06319926921733099,NBA,G
1630182,Josh Green,2014-2024,1105,0.4270699062170244,0.5031674208144796,0.4841295209781521,0.019037899836327532,NBA,F
1630214,Xavier Tillman,2014-2024,1100,0.3554527801800915,0.5218181818181818,0.5128023692127671,0.00901581260541473,NBA,C
1629599,Amir Coffey,2014-2024,1099,0.4663343206745747,0.4467697907188353,0.4319068195078052,0.01486297121103014,NBA,G
203112,Quincy Acy,2014-2024,1097,0.43840397955520566,0.43299908842297175,0.46222880838313113,-0.029229719960159384,NBA,F
1628436,Luke Kornet,2014-2024,1096,0.3764933081804821,0.5018248175182481,0.5229117325934731,-0.021086915075224977,NBA,C
201977,Marcus Thornton,2014-2024,1096,0.4570010152279205,0.40145985401459855,0.4230409241869449,-0.02158107017234634,NBA,G
202708,Norris Cole,2014-2024,1093,0.4553136279200689,0.40347666971637697,0.4361383311345134,-0.03266166141813642,NBA,G
1630201,Malachi Flynn,2014-2024,1090,0.5065050462417344,0.3871559633027523,0.40990241108043785,-0.02274644777768553,NBA,G
1641706,Brandon Miller,2014-2024,1083,0.46304094551045544,0.43951985226223456,0.42761697088440875,0.011902881377825802,NBA,G
1631101,Shaedon Sharpe,2014-2024,1082,0.46533173094565794,0.4454713493530499,0.46917241415878597,-0.023701064805736083,NBA,G
1630598,Aaron Wiggins,2014-2024,1077,0.39800484601571506,0.5143918291550603,0.48366046317360334,0.03073136598145698,NBA,F
1626147,Justin Anderson,2014-2024,1074,0.4467519728755789,0.4143389199255121,0.46528647268102935,-0.05094755275551727,NBA,F
1628998,Cody Martin,2014-2024,1069,0.4199106803556552,0.441534144059869,0.49017737387760496,-0.048643229817735945,NBA,G
101135,David Lee,2014-2024,1068,0.33049290222673855,0.548689138576779,0.5486521163196242,3.7022257154850635e-05,NBA,G
1630552,Jalen Johnson,2014-2024,1065,0.3707711571759386,0.5061032863849765,0.5177693978948961,-0.011666111509919586,NBA,F
1629642,Nassir Little,2014-2024,1060,0.45507153916712306,0.4518867924528302,0.4671948594827969,-0.015308067029966677,NBA,F
202700,Donatas Motiejunas,2014-2024,1049,0.37495557138130875,0.47950428979980936,0.46777084490386983,0.011733444895939527,NBA,F
2755,Kevin Martin,2014-2024,1043,0.4650667335497111,0.4055608820709492,0.41936729693501507,-0.013806414864065863,NBA,G
203121,Darius Miller,2014-2024,1026,0.5198676750516249,0.4171539961013645,0.375546359008445,0.04160763709291948,NBA,F
1630181,R.J. Hampton,2014-2024,1021,0.45147586720775035,0.40842311459353575,0.447441100511767,-0.039017985918231246,NBA,G
201564,O.J. Mayo,2014-2024,1017,0.46501952740207614,0.408062930186824,0.4238698008151402,-0.015806870628316205,NBA,G
1630164,James Wiseman,2014-2024,1012,0.3237053820243519,0.5602766798418972,0.5785281972389844,-0.01825151739708719,NBA,C
1630573,Sam Hauser,2014-2024,1004,0.5235345869359547,0.450199203187251,0.3864111814727638,0.06378802171448716,NBA,F
2210,Richard Jefferson,2014-2024,1004,0.43815085244430274,0.449203187250996,0.46140958154344414,-0.01220639429244813,NBA,G
203920,Khem Birch,2014-2024,1004,0.3020940105235987,0.5179282868525896,0.5530732129397197,-0.035144926087130046,NBA,C
1626188,Quinn Cook,2014-2024,998,0.4990116164872164,0.4649298597194389,0.41284573444366646,0.05208412527577244,NBA,G
1630533,Ziaire Williams,2014-2024,998,0.471992393803932,0.4258517034068136,0.4597962506774521,-0.0339445472706385,NBA,F
201150,Spencer Hawes,2014-2024,997,0.4135438320155722,0.4222668004012036,0.4551341193498471,-0.032867318948643476,NBA,G
1627774,Jake Layman,2014-2024,996,0.4248478927839528,0.4598393574297189,0.48992792815508013,-0.030088570725361252,NBA,F
203530,Joffrey Lauvergne,2014-2024,995,0.34990589596859145,0.4793969849246231,0.5216020966246443,-0.04220511170002117,NBA,G
203960,JaKarr Sampson,2014-2024,990,0.36486640012027527,0.4676767676767677,0.5149467362020826,-0.047269968525314954,NBA,F
1627755,Tyler Ulis,2014-2024,988,0.4782684964867748,0.402834008097166,0.41467665695159495,-0.011842648854428928,NBA,G
201149,Joakim Noah,2014-2024,985,0.28692204456853615,0.4619289340101523,0.5755220866510545,-0.11359315264090225,NBA,C
1630205,Lamar Stevens,2014-2024,983,0.41345356897643054,0.46286876907426244,0.4963513227492652,-0.033482553675002746,NBA,F
202337,Luke Babbitt,2014-2024,976,0.4714223536593158,0.42827868852459017,0.4043171940905834,0.023961494434006747,NBA,F
1627748,Thon Maker,2014-2024,974,0.4123177816710903,0.4342915811088296,0.486566320890213,-0.05227473978138342,NBA,C
1629660,Ty Jerome,2014-2024,967,0.48727498560160953,0.42295760082730094,0.40588638438916946,0.017071216438131476,NBA,G
1629723,John Konchar,2014-2024,963,0.4287338304967188,0.470404984423676,0.4675079090632012,0.002897075360474788,NBA,G
1631105,Jalen Duren,2014-2024,962,0.26905440400900504,0.6309771309771309,0.6445325350182021,-0.01355540404107114,NBA,C
2743,Kris Humphries,2014-2024,955,0.39749939069478457,0.4387434554973822,0.4776315362247454,-0.03888808072736322,NBA,F
1631096,Chet Holmgren,2014-2024,953,0.3789253524278857,0.5299055613850997,0.5017034139656028,0.028202147419496892,NBA,C
1629731,Dean Wade,2014-2024,950,0.48808348601900253,0.4326315789473684,0.42196466529,0.010666913657368438,NBA,F
1626155,Sam Dekker,2014-2024,944,0.36326661168387836,0.4777542372881356,0.5232553805066598,-0.045501143218524165,NBA,F
1629057,Robert Williams III,2014-2024,935,0.2390525754063462,0.7262032085561497,0.6803169731590017,0.04588623539714798,NBA,C
1627733,Dragan Bender,2014-2024,933,0.4436133201062451,0.39978563772775993,0.439134894518926,-0.039349256791166076,NBA,F
1629633,Jarrett Culver,2014-2024,915,0.39891646246300894,0.4010928961748634,0.4855238234337462,-0.08443092725888285,NBA,G
1629162,Jordan McLaughlin,2014-2024,910,0.4426243851709993,0.4461538461538462,0.45272121368736873,-0.00656736753352255,NBA,G
1629048,Goga Bitadze,2014-2024,909,0.3337405286517251,0.517051705170517,0.5333777851096275,-0.016326079939110505,NBA,C
1629676,Isaiah Roby,2014-2024,908,0.3785256658667167,0.4845814977973568,0.5077422008067586,-0.023160703009401762,NBA,C
1630570,Trendon Watford,2014-2024,901,0.375376497936956,0.5405105438401776,0.48623634676089195,0.05427419707928566,NBA,F
2757,Beno Udrih,2014-2024,899,0.4544781621020322,0.47163515016685204,0.42532982790388324,0.046305322262968795,NBA,G
2399,Mike Dunleavy,2014-2024,888,0.4621002998854661,0.42680180180180183,0.4199778366280133,0.0068239651737885265,NBA,F
1627746,Skal Labissiere,2014-2024,872,0.3555342640922001,0.4919724770642202,0.5069436535123857,-0.01497117644816548,NBA,F
202349,Greivis Vasquez,2014-2024,871,0.4597776949085934,0.39380022962112515,0.41385934558681314,-0.02005911596568799,NBA,G
1626185,Jarell Martin,2014-2024,867,0.40235617228727016,0.43367935409457903,0.4949920052414033,-0.06131265114682427,NBA,F
1630194,Paul Reed,2014-2024,863,0.3098689190047342,0.5550405561993047,0.5550222856439773,1.82705553274376e-05,NBA,C
1631323,Simone Fontecchio,2014-2024,860,0.47624421034789993,0.42674418604651165,0.4329858714408706,-0.006241685394358931,NBA,F
202338,Kevin Seraphin,2014-2024,853,0.3809989908298012,0.4970691676436108,0.4770603396844713,0.020008827959139497,NBA,G
1627853,Ryan Arcidiacono,2014-2024,851,0.47370053951467755,0.4206815511163337,0.40954176581608515,0.011139785300248561,NBA,G
1631106,Tari Eason,2014-2024,849,0.3611766206212765,0.45229681978798586,0.5250720176152386,-0.07277519782725272,NBA,F
1626150,Andrew Harrison,2014-2024,842,0.4549339810251117,0.37292161520190026,0.4403969790374513,-0.06747536383555103,NBA,G
202730,Lavoy Allen,2014-2024,837,0.3643055176007106,0.4886499402628435,0.4950077330770142,-0.006357792814170704,NBA,G
1627885,Shaquille Harrison,2014-2024,837,0.38265228891472997,0.4348864994026284,0.5060947879958538,-0.07120828859322542,NBA,F
202390,Gary Neal,2014-2024,834,0.4769474886146369,0.4064748201438849,0.4055254249172891,0.0009493952265958172,NBA,G
1630625,Dalano Banton,2014-2024,832,0.4317766513209703,0.40865384615384615,0.45917849674947553,-0.05052465059562938,NBA,G
1630541,Moses Moody,2014-2024,830,0.46696074252388287,0.4602409638554217,0.44661779606189117,0.01362316779353051,NBA,F
1627780,Gary Payton II,2014-2024,829,0.38147467432513876,0.5512665862484921,0.5259781136926707,0.02528847255582145,NBA,G
1630528,Josh Christopher,2014-2024,829,0.4274193057753164,0.45476477683956573,0.46667396848883314,-0.011909191649267403,NBA,F
1631223,David Roddy,2014-2024,829,0.43399209224306323,0.4161640530759952,0.46572736225740413,-0.04956330918140894,NBA,F
1628400,Semi Ojeleye,2014-2024,825,0.4789348426888501,0.38303030303030305,0.428337042524242,-0.04530673949393893,NBA,F
201582,Alexis Ajinca,2014-2024,822,0.3503433934296611,0.5109489051094891,0.5073610189292903,0.003587886180198785,NBA,G
1630534,Ochai Agbaji,2014-2024,819,0.45020701728144974,0.4188034188034188,0.46024030221507767,-0.041436883411658854,NBA,F
1627745,Damian Jones,2014-2024,817,0.289077229369894,0.6560587515299877,0.6329453133908124,0.023113438139175324,NBA,C
1641718,Keyonte George,2014-2024,815,0.5008377622576944,0.3914110429447853,0.408482088353368,-0.01707104540858273,NBA,G
1627782,Wayne Selden,2014-2024,814,0.45367399490785804,0.4152334152334152,0.44905196853661694,-0.033818553303201715,NBA,F
1630702,Jaden Hardy,2014-2024,812,0.47660578275512644,0.41995073891625617,0.4307845594141133,-0.010833820497857138,NBA,G
203101,Miles Plumlee,2014-2024,807,0.2647795753383763,0.5662949194547707,0.6272453319607584,-0.06095041250598765,NBA,C
1628390,Terrance Ferguson,2014-2024,806,0.4856923655715166,0.4094292803970223,0.4330671792293662,-0.023637898832343907,NBA,G
1628411,Wes Iwundu,2014-2024,806,0.41964666438155823,0.4032258064516129,0.47670792733464545,-0.07348212088303258,NBA,F
201228,C.J. Watson,2014-2024,802,0.4755359873709309,0.40399002493765584,0.4172754829634245,-0.013285458025768637,NBA,G
202954,Brad Wanamaker,2014-2024,799,0.42299541225285264,0.4117647058823529,0.4542445128866948,-0.042479807004341896,NBA,G
204028,Tarik Black,2014-2024,798,0.26428625605170974,0.550125313283208,0.6194157622684994,-0.06929044898529135,NBA,G
1630703,Scoot Henderson,2014-2024,797,0.460586326876665,0.3851944792973651,0.44584531064083344,-0.060650831343468325,NBA,G
1630208,Nick Richards,2014-2024,788,0.2418454778581502,0.6611675126903553,0.6544387100114646,0.006728802678890755,NBA,C
203518,Alex Abrines,2014-2024,788,0.5040741773248134,0.38578680203045684,0.39801849699610553,-0.012231694965648687,NBA,G
1630540,Miles McBride,2014-2024,777,0.5041164904300441,0.4041184041184041,0.4196891066667498,-0.015570702548345694,NBA,G
101106,Andrew Bogut,2014-2024,776,0.2533584356667834,0.5773195876288659,0.6024612725292221,-0.025141684900356176,NBA,C
1631128,Christian Braun,2014-2024,772,0.39860841855551327,0.4727979274611399,0.49826196156941166,-0.02546403410827175,NBA,F
202713,Kyle Singler,2014-2024,771,0.4541562404573126,0.38780804150453957,0.43408681721506903,-0.04627877571052946,NBA,F
1631117,Walker Kessler,2014-2024,764,0.24840445167318348,0.6897905759162304,0.662575843444378,0.027214732471852354,NBA,C
203898,Tyler Ennis,2014-2024,763,0.4056149975333696,0.41939711664482304,0.4612610442675465,-0.04186392762272345,NBA,G
1630543,Isaiah Jackson,2014-2024,757,0.2715926065045746,0.5944517833553501,0.628854180636306,-0.034402397280955954,NBA,C
1626245,Cristiano Felicio,2014-2024,754,0.2803374028029781,0.5716180371352785,0.5793828179415598,-0.007764780806281291,NBA,G
1629111,Jock Landale,2014-2024,747,0.36014874908537087,0.5153949129852744,0.5158446442434726,-0.00044973125819824933,NBA,C
203080,Thomas Robinson,2014-2024,747,0.3108332688211704,0.48326639892904955,0.5582790347484434,-0.07501263581939388,NBA,G
1629139,Yuta Watanabe,2014-2024,746,0.4743740011577434,0.4249329758713137,0.4430992295272864,-0.01816625365597274,NBA,F
2430,Carlos Boozer,2014-2024,743,0.36922100080835796,0.4993270524899058,0.48158542554897865,0.017741626940927124,NBA,F
203148,Brian Roberts,2014-2024,739,0.4759492833575226,0.40054127198917455,0.4065546916986764,-0.006013419709501866,NBA,G
1630692,Jordan Goodwin,2014-2024,738,0.45482734754398574,0.4051490514905149,0.4411578378599494,-0.0360087863694345,NBA,G
1627846,Abdel Nader,2014-2024,735,0.42837171974146926,0.4217687074829932,0.4593047894867071,-0.03753608200371389,NBA,F
1628410,Edmond Sumner,2014-2024,727,0.40335454830409356,0.47042640990371387,0.48926997071419526,-0.018843560810481386,NBA,G
203895,Jordan McRae,2014-2024,724,0.47834662724369464,0.4171270718232044,0.44012430009642,-0.022997228273215597,NBA,G
1629626,Bol Bol,2014-2024,714,0.4111325561885202,0.5518207282913166,0.5005984077299879,0.051222320561328694,NBA,F
2405,Amar'e Stoudemire,2014-2024,711,0.3044775642661731,0.559774964838256,0.5589484992857321,0.0008264655525238584,NBA,F
1629750,Javonte Green,2014-2024,708,0.35859684349910376,0.5423728813559322,0.5546554676807616,-0.01228258632482937,NBA,F
1631133,Jabari Walker,2014-2024,707,0.3787697233636928,0.44837340876944837,0.5005800301024639,-0.05220662133301551,NBA,F
202388,Donald Sloan,2014-2024,704,0.4406188087772725,0.42329545454545453,0.45435374413660184,-0.031058289591147314,NBA,G
1628385,Harry Giles III,2014-2024,702,0.34643581069195367,0.5071225071225072,0.5243903354863559,-0.01726782836384877,NBA,C
1631170,Jaime Jaquez Jr.,2014-2024,697,0.4120998011762652,0.48923959827833574,0.4774230280671265,0.011816570211209243,NBA,F
1627775,Patrick McCaw,2014-2024,696,0.43754110694603326,0.41954022988505746,0.4609165315390598,-0.041376301654002356,NBA,F
1626203,Treveon Graham,2014-2024,694,0.4427016838213016,0.38328530259365995,0.42729523191413304,-0.044009929320473096,NBA,F
201600,Omer Asik,2014-2024,694,0.23044150721990603,0.5144092219020173,0.6454670611583347,-0.13105783925631742,NBA,C
101111,Charlie Villanueva,2014-2024,688,0.4800694949437666,0.39825581395348836,0.42464765455992837,-0.02639184060644001,NBA,G
203462,Archie Goodwin,2014-2024,688,0.37863322415117673,0.42296511627906974,0.5136119976782821,-0.0906468813992124,NBA,G
1630613,Duane Washington Jr.,2014-2024,683,0.5024828236315587,0.39092240117130306,0.4241552366733075,-0.033232835502004454,NBA,G
203798,PJ Hairston,2014-2024,677,0.4591971605384797,0.34268833087149186,0.42022080574603954,-0.07753247487454767,NBA,F
203909,KJ McDaniels,2014-2024,675,0.4030048977965693,0.41185185185185186,0.49742073749386817,-0.08556888564201631,NBA,G
1627098,Malcolm Delaney,2014-2024,673,0.51132682502409,0.3774145616641902,0.41239392817783627,-0.03497936651364608,NBA,G
1627767,Cheick Diallo,2014-2024,668,0.3413800795217165,0.5958083832335329,0.5336322089596977,0.06217617427383526,NBA,G
1630526,Jeremiah Robinson-Earl,2014-2024,667,0.4091857857477282,0.4332833583208396,0.47438898790595296,-0.04110562958511338,NBA,C
1630184,Kira Lewis Jr.,2014-2024,663,0.4463237741393911,0.39668174962292607,0.4503309045159627,-0.05364915489303662,NBA,Unknown
1629308,Juan Toscano-Anderson,2014-2024,662,0.39740690424534736,0.5015105740181269,0.4960100231146306,0.005500550903496326,NBA,F
201148,Brandan Wright,2014-2024,652,0.26799182056436416,0.6288343558282209,0.6104423810388622,0.018391974789358723,NBA,G
1628416,Tyler Dorsey,2014-2024,651,0.4824777447619536,0.391705069124424,0.41938918129064,-0.027684112166216024,NBA,G
200745,Andrea Bargnani,2014-2024,640,0.4250766311633514,0.4546875,0.42565170035070965,0.029035799649290372,NBA,F
1630192,Zeke Nnaji,2014-2024,635,0.36773296070050543,0.5118110236220472,0.5233481841463015,-0.011537160524254242,NBA,F
2419,Tayshaun Prince,2014-2024,631,0.4565651891027458,0.4421553090332805,0.4332238966553237,0.008931412377956804,NBA,F
201978,Chase Budinger,2014-2024,629,0.42200156736629535,0.43402225755166934,0.4619284891598693,-0.02790623160819994,NBA,F
202332,Cole Aldrich,2014-2024,627,0.2829043104679979,0.5231259968102073,0.5482385301750666,-0.025112533364859302,NBA,G
1629019,Allonzo Trier,2014-2024,624,0.44366754453618956,0.453525641025641,0.4589648942673652,-0.0054392532417241735,NBA,F
1630267,Facundo Campazzo,2014-2024,624,0.499037131715713,0.3685897435897436,0.4013999245959421,-0.03281018100619848,NBA,G
2446,Rasual Butler,2014-2024,621,0.48498227579332165,0.42995169082125606,0.42362129893216016,0.006330391889095899,NBA,G
201171,Carl Landry,2014-2024,619,0.3741904966589491,0.531502423263328,0.4886356131918403,0.04286681007148768,NBA,G
203492,Ray McCallum,2014-2024,616,0.44220408265651445,0.4237012987012987,0.4584010367434793,-0.03469973804218063,NBA,G
1628035,Alfonzo McKinnie,2014-2024,615,0.43045640273096153,0.4666666666666667,0.49291557522094764,-0.02624890855428097,NBA,F
1629066,Rodions Kurucs,2014-2024,615,0.39407385575590803,0.44390243902439025,0.49992314541374466,-0.05602070638935441,NBA,F
1630549,Day'Ron Sharpe,2014-2024,614,0.27696125762230045,0.5651465798045603,0.6012492016639129,-0.036102621859352646,NBA,C
201581,JJ Hickson,2014-2024,614,0.30630522496286233,0.48534201954397393,0.5668619402542555,-0.08151992071028158,NBA,F
203094,Andrew Nicholson,2014-2024,611,0.4227746525253171,0.4451718494271686,0.45199802105688014,-0.006826171629711553,NBA,G
201962,Toney Douglas,2014-2024,611,0.4714499378083638,0.3993453355155483,0.4193028022286124,-0.019957466713064087,NBA,G
1630527,Brandon Boston,2014-2024,608,0.46732528155099007,0.3963815789473684,0.45248638722504037,-0.05610480827767195,NBA,G
1629312,Haywood Highsmith,2014-2024,601,0.458425747877515,0.4425956738768719,0.449092164661085,-0.006496490784213105,NBA,F
1628408,PJ Dozier,2014-2024,601,0.4603861398414625,0.39767054908485855,0.44305615234713763,-0.045385603262279084,NBA,G
1641764,Brandin Podziemski,2014-2024,597,0.4477472106484879,0.4539363484087102,0.43563570655214096,0.018300641856569266,NBA,G
1628981,Bruno Fernando,2014-2024,597,0.29263476136302824,0.5443886097152428,0.5986654197717491,-0.05427681005650631,NBA,C
1631100,AJ Griffin,2014-2024,595,0.4834473005366633,0.4470588235294118,0.4132826617674833,0.03377616176192849,NBA,F
1627785,Isaiah Whitehead,2014-2024,593,0.4216796430180154,0.4114671163575042,0.46968080186450606,-0.058213685507001844,NBA,G
2549,Chris Kaman,2014-2024,592,0.36667353174906797,0.5118243243243243,0.49532016868405554,0.016504155640268803,NBA,G
1628412,Frank Mason III,2014-2024,592,0.4345807713469809,0.38682432432432434,0.4439194259199071,-0.05709510159558273,NBA,G
1629164,Brandon Goodwin,2014-2024,590,0.46123950535969965,0.3898305084745763,0.4286283248237159,-0.03879781634913959,NBA,G
101187,Alan Anderson,2014-2024,579,0.46871786725455356,0.42487046632124353,0.42943847585184164,-0.004568009530598105,NBA,G
203156,Henry Sims,2014-2024,579,0.38340246059756355,0.4680483592400691,0.47718158151870776,-0.009133222278638664,NBA,G
1629641,Romeo Langford,2014-2024,573,0.4168667709352383,0.43455497382198954,0.47533907560249783,-0.040784101780508286,NBA,G
2581,Steve Blake,2014-2024,566,0.5242351311159807,0.37809187279151946,0.3816384017651168,-0.0035465289735973626,NBA,G
1641713,GG Jackson,2014-2024,563,0.461666198152144,0.4280639431616341,0.4593146240125532,-0.03125068085091909,NBA,F
1630240,Saben Lee,2014-2024,563,0.38680552821473074,0.42095914742451157,0.5011837111941446,-0.08022456376963305,NBA,G
203120,Justin Hamilton,2014-2024,557,0.4088529155468883,0.4649910233393178,0.47187610645669953,-0.0068850831173817295,NBA,G
1628391,D.J. Wilson,2014-2024,557,0.45494460326278985,0.4236983842010772,0.4587678138077627,-0.03506942960668552,NBA,F
1626184,Chasson Randle,2014-2024,556,0.4651064939515978,0.4010791366906475,0.42912002912431707,-0.028040892433669584,NBA,G
202347,Quincy Pondexter,2014-2024,554,0.45302458886803426,0.41696750902527074,0.44568117855653,-0.028713669531259256,NBA,G
101179,Ronnie Price,2014-2024,547,0.4797349196583072,0.3583180987202925,0.41432145282912514,-0.056003354108832615,NBA,G
1629650,Moses Brown,2014-2024,547,0.24066284195342966,0.5630712979890311,0.664767464050494,-0.10169616606146292,NBA,C
203186,Willie Reed,2014-2024,539,0.27618805139703406,0.5918367346938775,0.5946257707834778,-0.0027890360896002386,NBA,G
1628469,Antonio Blakeney,2014-2024,539,0.4604263669329912,0.40630797773654914,0.428088451724162,-0.021780473987612847,NBA,G
1629016,Omari Spellman,2014-2024,539,0.4116612802786023,0.4174397031539889,0.4813789242756563,-0.06393922112166744,NBA,F
203900,Markel Brown,2014-2024,539,0.4440104630305949,0.3803339517625232,0.4580638777332361,-0.07772992597071288,NBA,G
201574,Jason Thompson,2014-2024,536,0.34808621524521277,0.47201492537313433,0.5038546553890565,-0.03183973001592216,NBA,G
200771,Sergio Rodriguez,2014-2024,535,0.4815092670107739,0.39065420560747666,0.4100404705109214,-0.01938626490344475,NBA,G
1630577,Julian Champagnie,2014-2024,532,0.46897225387000213,0.4191729323308271,0.435562680752613,-0.01638974842178592,NBA,F
203948,Johnny O'Bryant III,2014-2024,530,0.40644605876956397,0.4018867924528302,0.4620875377295186,-0.060200745276688394,NBA,G
1627820,Tyrone Wallace,2014-2024,528,0.37154053091958716,0.42234848484848486,0.481009349233645,-0.05866086438516016,NBA,G
1629717,Armoni Brooks,2014-2024,527,0.530018584841127,0.36242884250474383,0.3861827866585921,-0.023753944153848294,NBA,G
1629635,Sekou Doumbouya,2014-2024,526,0.39341798663164684,0.38783269961977185,0.489939771503248,-0.10210707188347617,NBA,F
1630700,Dyson Daniels,2014-2024,519,0.4301443054691321,0.43545279383429675,0.4574004310442622,-0.021947637209965454,NBA,G
1628396,Tony Bradley,2014-2024,514,0.2742464917665918,0.6284046692607004,0.5770101540061401,0.05139451525456029,NBA,C
1631204,Marcus Sasser,2014-2024,512,0.5134281200180326,0.427734375,0.4026520592236041,0.025082315776395914,NBA,G
1630241,Sam Merrill,2014-2024,511,0.5415331690191287,0.4050880626223092,0.3764021252557649,0.02868593736654429,NBA,G
2550,Kirk Hinrich,2014-2024,510,0.47903122202286214,0.37450980392156863,0.40906939434327877,-0.03455959042171014,NBA,G
1631212,Peyton Watson,2014-2024,506,0.4059876257277902,0.4683794466403162,0.5020556333117495,-0.033676186671433295,NBA,F
1630572,Sandro Mamukelashvili,2014-2024,500,0.41683776868314887,0.454,0.4729727476032792,-0.01897274760327916,NBA,C
201575,Brandon Rush,2014-2024,500,0.48968105531963657,0.382,0.42903384715606074,-0.04703384715606074,NBA,G
1641871,Duop Reath,2014-2024,499,0.40571138770410936,0.46092184368737477,0.45863847592373974,0.0022833677636350247,NBA,C
203100,Tony Wroten,2014-2024,499,0.38161361537695665,0.39478957915831664,0.49202826062689564,-0.097238681468579,NBA,G
1629117,Wenyen Gabriel,2014-2024,498,0.3402932430947502,0.5240963855421686,0.5321648287627306,-0.008068443220561994,NBA,F
1630587,Isaiah Livers,2014-2024,494,0.521201398095216,0.4068825910931174,0.40598252163428494,0.0009000694588324754,NBA,F
1629103,Kelan Martin,2014-2024,490,0.46190871290401264,0.4142857142857143,0.43813444621922965,-0.023848731933515332,NBA,F
201168,Tiago Splitter,2014-2024,489,0.2986157862542758,0.5398773006134969,0.5557382431727197,-0.015860942559222768,NBA,C
1628990,Chandler Hutchison,2014-2024,489,0.3685980234784591,0.44171779141104295,0.5166936777028854,-0.07497588629184249,NBA,F
203527,Ryan Kelly,2014-2024,486,0.4426767269093589,0.3436213991769547,0.43158784688581553,-0.0879664477088608,NBA,F
1641709,Ausar Thompson,2014-2024,480,0.37244160042014834,0.48333333333333334,0.5388183596069583,-0.055485026273625004,NBA,F
1626173,Rashad Vaughn,2014-2024,477,0.48944689496632726,0.33752620545073375,0.41457263717071674,-0.07704643171998299,NBA,G
1630550,JT Thor,2014-2024,476,0.45741096388109415,0.4180672268907563,0.4643716319044673,-0.04630440501371097,NBA,F
1629109,Gary Clark,2014-2024,472,0.5200496842777278,0.3411016949152542,0.39257815826162834,-0.051476463346374124,NBA,F
1629059,Elie Okobo,2014-2024,471,0.4653224763735953,0.39490445859872614,0.4438602344382826,-0.04895577583955646,NBA,G
1630553,Keon Johnson,2014-2024,471,0.4668743002061003,0.3630573248407643,0.4494537405764942,-0.08639641573572987,NBA,G
1627790,Ante Zizic,2014-2024,470,0.29926794595437245,0.5808510638297872,0.5464617989646025,0.03438926486518479,NBA,C
1641715,Cam Whitmore,2014-2024,467,0.4403062817514342,0.4539614561027837,0.4744827238253292,-0.020521267722545478,NBA,F
1628395,Jordan Bell,2014-2024,466,0.32826153869097324,0.5515021459227468,0.5791273501442437,-0.027625204221496835,NBA,F
1626257,Salah Mejri,2014-2024,464,0.2891987441459912,0.603448275862069,0.6232454816903455,-0.0197972058282766,NBA,G
1631119,Jaylin Williams,2014-2024,462,0.44244839368837563,0.4264069264069264,0.4336376992198951,-0.007230772812968689,NBA,C
1630264,Anthony Gill,2014-2024,461,0.3774035244692733,0.5162689804772235,0.48892242492493876,0.027346555552284713,NBA,F
1630209,Omer Yurtseven,2014-2024,458,0.32829935121062587,0.5349344978165939,0.54627932092319,-0.011344823106596125,NBA,C
1630322,Lindy Waters III,2014-2024,457,0.535887380846452,0.41575492341356673,0.38049552130315817,0.035259402110408566,NBA,G
1641722,Jordan Hawkins,2014-2024,456,0.5258516624782861,0.3815789473684211,0.3976563435125736,-0.016077396144152545,NBA,G
2406,Caron Butler,2014-2024,455,0.5018459820710612,0.4087912087912088,0.38637679323944674,0.022414415551762046,NBA,G
1627835,Paul Zipser,2014-2024,455,0.4610847139060437,0.37142857142857144,0.4246542872972109,-0.053225715868639445,NBA,F
202087,Alonzo Gee,2014-2024,455,0.3529045937518995,0.4879120879120879,0.578665533009811,-0.09075344509772315,NBA,F
1629010,Jerome Robinson,2014-2024,454,0.5022144250430884,0.34801762114537443,0.41654233628314524,-0.06852471513777081,NBA,G
1641708,Amen Thompson,2014-2024,446,0.3235334205189328,0.5358744394618834,0.5768507327302876,-0.04097629326840424,NBA,F
1641711,Gradey Dick,2014-2024,445,0.4915230502776893,0.4247191011235955,0.4318515819673882,-0.007132480843792699,NBA,F
1641717,Cason Wallace,2014-2024,442,0.4783239110455227,0.49095022624434387,0.44914016554498826,0.04181006069935561,NBA,F
1630556,Kessler Edwards,2014-2024,442,0.46387188193034906,0.4072398190045249,0.4523901904216163,-0.04515037141709144,NBA,F
2617,Udonis Haslem,2014-2024,439,0.3914284010815608,0.4145785876993166,0.48386924615319715,-0.06929065845388055,NBA,G
1641739,Toumani Camara,2014-2024,438,0.396001241201623,0.4497716894977169,0.49231178089151445,-0.04254009139379755,NBA,F
2592,James Jones,2014-2024,435,0.5343415873848641,0.4045977011494253,0.3740705387701317,0.030527162379293593,NBA,F
1630237,Anthony Lamb,2014-2024,434,0.4700544736701519,0.4470046082949309,0.4318180733986593,0.015186534896271586,NBA,F
1631121,Bryce McGowens,2014-2024,432,0.43579630067310754,0.41898148148148145,0.4688336100265809,-0.04985212854509946,NBA,F
1641731,Bilal Coulibaly,2014-2024,432,0.4306219636663202,0.4351851851851852,0.4984730504455478,-0.06328786526036262,NBA,F
1631104,Blake Wesley,2014-2024,430,0.4209675002318741,0.39767441860465114,0.49607807362784095,-0.09840365502318982,NBA,G
203940,Adreian Payne,2014-2024,429,0.39899653751316394,0.40559440559440557,0.47461246770331117,-0.0690180621089056,NBA,G
1626202,Joe Young,2014-2024,426,0.48022431685642736,0.39436619718309857,0.4264058810810722,-0.032039683897973625,NBA,F
708,Kevin Garnett,2014-2024,421,0.42114619863747005,0.4679334916864608,0.4343107519216365,0.03362273976482433,NBA,F
1631246,Vince Williams Jr.,2014-2024,419,0.4639316995539602,0.431980906921241,0.44061657793914466,-0.008635671017903634,NBA,F
1629740,Nicolo Melli,2014-2024,419,0.4775865814793059,0.4033412887828162,0.4170857605950896,-0.013744471812273396,NBA,F
203461,Anthony Bennett,2014-2024,416,0.4031600504299849,0.4110576923076923,0.48660703975570657,-0.07554934744801428,NBA,G
204014,Damjan Rudez,2014-2024,413,0.5022636532603795,0.423728813559322,0.39269364233357806,0.03103517122574395,NBA,F
2756,Sasha Vujacic,2014-2024,413,0.4998144760490898,0.3583535108958838,0.3940882682352355,-0.03573475733935172,NBA,G
1628455,Mike James,2014-2024,413,0.4651789412744389,0.3801452784503632,0.4459701491969472,-0.065824870746584,NBA,G
1628539,Mychal Mulder,2014-2024,409,0.5149830240078642,0.4132029339853301,0.4117356677900847,0.001467266195245398,NBA,G
1630699,MarJon Beauchamp,2014-2024,409,0.48196642841757914,0.43276283618581907,0.4529070943843111,-0.020144258198492027,NBA,F
2555,Nick Collison,2014-2024,404,0.35407374595395313,0.452970297029703,0.5054800665068285,-0.052509769477125545,NBA,G
1631109,Mark Williams,2014-2024,402,0.2396639908309506,0.6417910447761194,0.6432443891155541,-0.0014533443394347811,NBA,C
1628462,Milos Teodosic,2014-2024,400,0.4918112968940517,0.42,0.3868662356220027,0.03313376437799731,NBA,G
1630647,Eugene Omoruyi,2014-2024,400,0.39687953959646904,0.46,0.4937072944501073,-0.033707294450107284,NBA,F
1628388,T.J. Leaf,2014-2024,398,0.36175058187498327,0.49748743718592964,0.5036616540391379,-0.006174216853208236,NBA,F
1631222,Jake LaRavia,2014-2024,398,0.46302184411324226,0.38944723618090454,0.434772363910027,-0.04532512772912245,NBA,F
1627819,Isaiah Taylor,2014-2024,397,0.39183154972697437,0.41309823677581864,0.47617263506027174,-0.0630743982844531,NBA,G
1889,Andre Miller,2014-2024,396,0.3827368951073736,0.5151515151515151,0.47056618367386616,0.04458533147764898,NBA,G
203998,Bruno Caboclo,2014-2024,390,0.4440111415032174,0.4,0.4657007766695952,-0.06570077666959517,NBA,F
1630219,Skylar Mays,2014-2024,389,0.44319474502372885,0.44473007712082263,0.45732596419398136,-0.012595887073158729,NBA,G
1631216,Caleb Houstan,2014-2024,388,0.5272840740795451,0.37628865979381443,0.389276067975096,-0.012987408181281579,NBA,F
1630215,Jared Butler,2014-2024,384,0.5008032342113745,0.453125,0.420935558510497,0.03218944148950298,NBA,G
203135,Robert Sacre,2014-2024,381,0.39125865726848164,0.4120734908136483,0.46178153880365924,-0.04970804799001094,NBA,G
203648,Thanasis Antetokounmpo,2014-2024,381,0.3349662096536806,0.5118110236220472,0.5899953129256063,-0.07818428930355903,NBA,F
2400,Drew Gooden,2014-2024,379,0.45366474001886004,0.37730870712401055,0.4355414705596902,-0.05823276343567968,NBA,F
201593,Nikola Pekovic,2014-2024,378,0.31438056703971196,0.41798941798941797,0.5113672769544942,-0.09337785896507628,NBA,C
1630235,Trent Forrest,2014-2024,376,0.39789280116907805,0.4441489361702128,0.4733062666275488,-0.02915733045733604,NBA,G
1630547,James Bouknight,2014-2024,375,0.48276667616087265,0.3626666666666667,0.43320430298928075,-0.07053763632261406,NBA,Unknown
203143,Pablo Prigioni,2014-2024,374,0.4927121511725045,0.3877005347593583,0.3948009974540379,-0.007100462694679621,NBA,G
1627786,Troy Williams,2014-2024,374,0.39151584679217416,0.44919786096256686,0.5106489278454974,-0.06145106688293056,NBA,G
1629604,CJ Elleby,2014-2024,374,0.4340908924447705,0.39037433155080214,0.45630755209767293,-0.06593322054687079,NBA,F
1629744,Matt Thomas,2014-2024,372,0.5385188856109183,0.4274193548387097,0.37924488936530365,0.048174465473406036,NBA,G
1627851,Mindaugas Kuzminskas,2014-2024,371,0.40101244508466827,0.42587601078167114,0.48271919259286505,-0.05684318181119391,NBA,G
203995,Vasilije Micic,2014-2024,370,0.46842702167869094,0.4297297297297297,0.43954326353130047,-0.00981353380157074,NBA,Unknown
203098,John Jenkins,2014-2024,369,0.49609758453116637,0.4444444444444444,0.40418348169236173,0.040260962752082685,NBA,F
203105,Festus Ezeli,2014-2024,367,0.28456640342504275,0.547683923705722,0.6211536273119677,-0.0734697036062456,NBA,G
1631200,Kris Murray,2014-2024,366,0.42567386415683783,0.39617486338797814,0.4667339602760484,-0.07055909688807027,NBA,F
1628397,Ivan Rabb,2014-2024,364,0.34323761139306735,0.554945054945055,0.530548309708239,0.02439674523681601,NBA,C
1629033,Theo Pinson,2014-2024,363,0.4819719495557626,0.31955922865013775,0.4177850047234176,-0.09822577607327987,NBA,F
203142,Chris Copeland,2014-2024,361,0.4598445699124945,0.3573407202216066,0.4239016518167562,-0.06656093159514959,NBA,F
1628427,Vlatko Čančar,2014-2024,355,0.43381899825657566,0.4788732394366197,0.4552746615781082,0.023598577858511494,NBA,F
1630688,Ish Wainright,2014-2024,355,0.492346878763644,0.37183098591549296,0.4180890305854007,-0.04625804466990774,NBA,F
2760,Anderson Varejao,2014-2024,354,0.3321146496143379,0.4887005649717514,0.4968541289632848,-0.008153563991533386,NBA,G
1629678,Admiral Schofield,2014-2024,352,0.46864060994693496,0.42329545454545453,0.4287664351098417,-0.005470980564387162,NBA,F
1631107,Nikola Jović,2014-2024,350,0.4427710739416123,0.44285714285714284,0.429159507362436,0.013697635494706817,NBA,F
203187,Chris Johnson,2014-2024,348,0.4874574403361356,0.3850574712643678,0.4364634850395475,-0.051406013775179726,NBA,G
1631108,Max Christie,2014-2024,347,0.4867117844437266,0.42363112391930835,0.43697700933115613,-0.01334588541184778,NBA,G
203481,Jeff Withey,2014-2024,345,0.2982782083354055,0.5217391304347826,0.5744566481836051,-0.052717517748822496,NBA,G
1630568,Luka Garza,2014-2024,338,0.4115774049790288,0.4881656804733728,0.45800069577551317,0.03016498469785961,NBA,C
1630314,Brandon Williams,2014-2024,336,0.4576182334867763,0.37202380952380953,0.44182317317316333,-0.0697993636493538,NBA,G
203144,Alexey Shved,2014-2024,335,0.4484994861503646,0.3970149253731343,0.4469405514659582,-0.04992562609282386,NBA,G
1630678,Terry Taylor,2014-2024,334,0.35156834123309155,0.5808383233532934,0.5203256937550451,0.060512629598248324,NBA,F
1627738,Deyonta Davis,2014-2024,334,0.3053750051971476,0.5988023952095808,0.5832423929150705,0.015560002294510267,NBA,G
1628432,Davon Reed,2014-2024,333,0.4865423982987448,0.4084084084084084,0.41373712864904777,-0.005328720240639351,NBA,F
1631218,Trayce Jackson-Davis,2014-2024,332,0.241612768727314,0.7018072289156626,0.6678163186014492,0.03399091031421342,NBA,C
1630227,Daishen Nix,2014-2024,328,0.470094424178377,0.3567073170731707,0.42988693553396784,-0.07317961846079712,NBA,G
1628414,Sindarius Thornwell,2014-2024,328,0.40607592275478344,0.4024390243902439,0.4763412153607791,-0.07390219097053519,NBA,F
1627740,Henry Ellenson,2014-2024,326,0.46591525436024606,0.37116564417177916,0.42361033021065025,-0.05244468603887109,NBA,F
1631098,Johnny Davis,2014-2024,325,0.45568065595726676,0.39384615384615385,0.450389311215459,-0.05654315736930515,NBA,G
1629677,Luka Samanic,2014-2024,324,0.41299684733063546,0.4104938271604938,0.46761752650471083,-0.057123699344217016,NBA,F
1626210,Alan Williams,2014-2024,322,0.3196080611313383,0.5062111801242236,0.509370483115934,-0.003159302991710411,NBA,G
1631260,AJ Green,2014-2024,321,0.5489165496869474,0.4236760124610592,0.3680871481874304,0.0555888642736288,NBA,G
1629065,Ky Bowman,2014-2024,321,0.4560091898257705,0.4174454828660436,0.4456786432940453,-0.02823316042800167,NBA,G
201177,Josh McRoberts,2014-2024,320,0.3985737152994788,0.396875,0.4723372672613045,-0.0754622672613045,NBA,F
1629067,Isaac Bonga,2014-2024,311,0.39290488126119855,0.43086816720257237,0.4785445221953106,-0.0476763549927382,NBA,F
1630249,Vít Krejčí,2014-2024,308,0.47524569391479654,0.43506493506493504,0.4236372030554174,0.011427732009517633,NBA,F
200811,Lou Amundson,2014-2024,308,0.3042553342645573,0.4155844155844156,0.5317692417502079,-0.11618482616579229,NBA,F
2584,Willie Green,2014-2024,306,0.45982726496353926,0.38562091503267976,0.4283564199307885,-0.042735504898108734,NBA,G
2570,Kendrick Perkins,2014-2024,304,0.3122567168409954,0.47039473684210525,0.5264431885139453,-0.05604845167184008,NBA,G
2365,Chris Andersen,2014-2024,301,0.29311016842457704,0.5548172757475083,0.5972990064329043,-0.04248173068539607,NBA,F
200761,Shawne Williams,2014-2024,300,0.49081144148553807,0.4033333333333333,0.41641385024244654,-0.013080516909113216,NBA,F
1630563,Joshua Primo,2014-2024,299,0.46906913814241624,0.3712374581939799,0.4382070470012186,-0.06696958880723869,NBA,G
1626273,Marcelo Huertas,2014-2024,298,0.4409080188160564,0.40939597315436244,0.433485856575003,-0.024089883420640557,NBA,G
1631172,Ousmane Dieng,2014-2024,297,0.4730298811429261,0.4208754208754209,0.4569526893477137,-0.03607726847229281,NBA,F
1641726,Dereck Lively II,2014-2024,296,0.22903481556177133,0.7466216216216216,0.7227026266938598,0.02391899492776184,NBA,C
203544,Pero Antic,2014-2024,296,0.4842657606741526,0.36486486486486486,0.43023285731399363,-0.06536799244912878,NBA,G
2732,Ben Gordon,2014-2024,295,0.47192923337682074,0.43728813559322033,0.410096300653747,0.027191834939473303,NBA,G
1627758,Ron Baker,2014-2024,295,0.45115598337992024,0.3559322033898305,0.44624582335369034,-0.09031361996385984,NBA,G
1629649,Ignas Brazdeikis,2014-2024,293,0.4480974485604699,0.41638225255972694,0.44526930437225665,-0.028887051812529707,NBA,F
1641733,Nick Smith Jr.,2014-2024,289,0.5070721172423852,0.39100346020761245,0.3990450230698263,-0.008041562862213858,NBA,Unknown
203512,Lucas Nogueira,2014-2024,288,0.25632384535953406,0.6319444444444444,0.6641841835458077,-0.03223973910136324,NBA,C
2588,Matt Bonner,2014-2024,286,0.47059164131859027,0.43006993006993005,0.39428757279745025,0.0357823572724798,NBA,F
202407,Elijah Millsap,2014-2024,284,0.42686273463998703,0.3274647887323944,0.4657409329916842,-0.1382761442592898,NBA,G
204037,Travis Wear,2014-2024,281,0.4896221582725165,0.3879003558718861,0.40696722216592984,-0.01906686629404375,NBA,F
1626199,Darrun Hilliard,2014-2024,276,0.46073716249356766,0.37681159420289856,0.41616613123699653,-0.03935453703409797,NBA,F
202705,MarShon Brooks,2014-2024,271,0.4515252687792104,0.46863468634686345,0.4376498156141587,0.030984870732704728,NBA,F
200770,Jordan Farmar,2014-2024,270,0.4844651543799425,0.3962962962962963,0.40754070155368327,-0.011244405257386958,NBA,G
1630233,Nathan Knight,2014-2024,269,0.3534595368109333,0.4758364312267658,0.5517389506274907,-0.0759025194007249,NBA,C
1890,Shawn Marion,2014-2024,267,0.35723411259246884,0.44569288389513106,0.519779373981095,-0.07408649008596391,NBA,G
1628393,Jawun Evans,2014-2024,267,0.4236690918481805,0.3445692883895131,0.44553846150969056,-0.10096917312017745,NBA,G
1631116,Patrick Baldwin Jr.,2014-2024,264,0.48315928831326393,0.38636363636363635,0.41673739234822976,-0.03037375598459341,NBA,F
203123,Kostas Papanikolaou,2014-2024,263,0.44822405348506694,0.35361216730038025,0.4432021957704895,-0.08959002847010927,NBA,G
1629685,Dylan Windler,2014-2024,261,0.48039795158725934,0.42528735632183906,0.4299534284265485,-0.004666072104709429,NBA,Unknown
1629185,Chris Chiozza,2014-2024,256,0.5003652966098381,0.34765625,0.41518401933674237,-0.06752776933674237,NBA,G
101126,Nate Robinson,2014-2024,256,0.45604923414813414,0.34375,0.4171597587100174,-0.07340975871001743,NBA,F
201175,Glen Davis,2014-2024,255,0.33872342526616106,0.4588235294117647,0.5039915539952828,-0.04516802458351815,NBA,G
1629035,Carsen Edwards,2014-2024,254,0.49131098461389533,0.3661417322834646,0.4104910289396509,-0.04434929665618631,NBA,G
203921,Cleanthony Early,2014-2024,254,0.44645472253411306,0.3464566929133858,0.45459627804053226,-0.10813958512714644,NBA,F
203949,James Michael McAdoo,2014-2024,252,0.30484873411483426,0.5277777777777778,0.5951958126961842,-0.06741803491840637,NBA,G
203485,Lorenzo Brown,2014-2024,252,0.44672108533719784,0.38492063492063494,0.45534660135979393,-0.070425966439159,NBA,G
203515,Phil Pressey,2014-2024,252,0.415804906465455,0.373015873015873,0.4581496748090009,-0.08513380179312785,NBA,G
1631165,Keon Ellis,2014-2024,248,0.5182871629357725,0.4596774193548387,0.4046074796260986,0.05506993972874008,NBA,G
202732,DeAndre Liggins,2014-2024,248,0.4450174996954947,0.38306451612903225,0.4501380619474366,-0.06707354581840436,NBA,G
1641710,Anthony Black,2014-2024,247,0.42472756652566074,0.46558704453441296,0.4945271966433349,-0.028940152108921924,NBA,G
201979,Nick Calathes,2014-2024,247,0.3833252044670872,0.42105263157894735,0.47340176908906373,-0.052349137510116384,NBA,F
202348,Jordan Crawford,2014-2024,245,0.48134338825193607,0.4775510204081633,0.40133639198223364,0.07621462842592963,NBA,F
1897,Metta World Peace,2014-2024,245,0.47928711722794787,0.3020408163265306,0.42306473549390855,-0.12102391916737792,NBA,G
1641707,Taylor Hendricks,2014-2024,240,0.45983298941476264,0.45,0.4574172898066401,-0.007417289806640082,NBA,F
202779,Dwight Buycks,2014-2024,238,0.4532355126174216,0.42016806722689076,0.444389437016105,-0.024221369789214242,NBA,G
201946,Tyler Hansbrough,2014-2024,236,0.2969232765737353,0.5,0.584161890596714,-0.08416189059671397,NBA,C
203710,C.J. Williams,2014-2024,232,0.46034084870900266,0.4482758620689655,0.4389148408293091,0.00936102123965643,NBA,F
1641767,Ben Sheppard,2014-2024,229,0.49423914181941575,0.3930131004366812,0.4273176430387536,-0.034304542602072385,NBA,F
1631207,Dalen Terry,2014-2024,229,0.4345250667323633,0.4410480349344978,0.490729292939599,-0.0496812580051012,NBA,F
1630535,Greg Brown III,2014-2024,229,0.3824532642686498,0.42358078602620086,0.5668939232577412,-0.14331313723154038,NBA,F
1641854,Craig Porter Jr.,2014-2024,228,0.42133927452377756,0.5087719298245614,0.47704871025936224,0.03172321956519919,NBA,G
1627770,Kay Felder,2014-2024,228,0.45290929227471133,0.36403508771929827,0.4473503939355732,-0.08331530621627492,NBA,G
1630586,Usman Garuba,2014-2024,227,0.36028835450980634,0.4669603524229075,0.5057588358612329,-0.038798483438325426,NBA,C
1630346,Matt Ryan,2014-2024,226,0.5489353771867137,0.39823008849557523,0.37680427587731397,0.021425812618261264,NBA,F
203902,Semaj Christon,2014-2024,223,0.45151106073328895,0.3452914798206278,0.4345467726786668,-0.08925529285803901,NBA,G
1629646,Charles Bassey,2014-2024,222,0.3063753916626387,0.6576576576576577,0.5858043884040128,0.07185326925364488,NBA,C
1631124,Julian Strawther,2014-2024,222,0.4708234459501117,0.36936936936936937,0.4115691451301028,-0.042199775760733416,NBA,Unknown
203088,Kendall Marshall,2014-2024,219,0.45894766830683337,0.4063926940639269,0.4199489859310036,-0.013556291867076686,NBA,G
1641729,Brice Sensabaugh,2014-2024,218,0.5028888723623194,0.38990825688073394,0.40489684001414816,-0.014988583133414224,NBA,F
202327,Ekpe Udoh,2014-2024,216,0.29850715302672265,0.5601851851851852,0.555972870372724,0.004212314812461204,NBA,C
1630579,Jericho Sims,2014-2024,216,0.23887163945163417,0.7407407407407407,0.752376897574109,-0.011636156833368272,NBA,C
1628424,Kobi Simmons,2014-2024,216,0.4277109528241742,0.4166666666666667,0.4683364714259991,-0.051669804759332416,NBA,G
1630590,Scotty Pippen Jr.,2014-2024,215,0.4106845361790047,0.48372093023255813,0.4623769096463863,0.021344020586171852,NBA,G
1630548,Johnny Juzang,2014-2024,214,0.5170763421499787,0.40186915887850466,0.3971441574170768,0.004725001461427847,NBA,G
1629658,Jaylen Hoard,2014-2024,210,0.3569150983118345,0.49047619047619045,0.512561607499751,-0.02208541702356054,NBA,F
203923,James Young,2014-2024,209,0.5033256186366893,0.36363636363636365,0.40416136374225986,-0.040525000105896214,NBA,G
203508,Sergey Karasev,2014-2024,208,0.4484034527906272,0.40384615384615385,0.4338124780379291,-0.02996632419177525,NBA,G
1629644,KZ Okpala,2014-2024,208,0.4414534910747633,0.40865384615384615,0.47623149775267426,-0.06757765159882811,NBA,F
1630210,Markus Howard,2014-2024,207,0.5463533526267154,0.38164251207729466,0.39171984563474055,-0.010077333557445889,NBA,G
1628443,Kadeem Allen,2014-2024,207,0.44218176265122355,0.43478260869565216,0.4458437546742759,-0.011061145978623732,NBA,G
203962,Josh Huestis,2014-2024,205,0.436564504314526,0.3463414634146341,0.4715110027645378,-0.12516953934990366,NBA,G
1630561,David Duke Jr.,2014-2024,204,0.38862134599044795,0.4166666666666667,0.5107234483592163,-0.09405678169254966,NBA,F
202690,Jimmer Fredette,2014-2024,200,0.4431532455009253,0.365,0.4244772949432089,-0.059477294943208914,NBA,F
1631230,Dominick Barlow,2014-2024,199,0.3529820755619155,0.5125628140703518,0.5334889531531029,-0.020926139082751094,NBA,C
2034,Mike Miller,2014-2024,199,0.5222599184670308,0.3417085427135678,0.37347389140366094,-0.03176534869009312,NBA,G
101131,Jason Maxiell,2014-2024,192,0.33958313866390916,0.421875,0.49475097983331545,-0.07287597983331545,NBA,G
1628426,Sasha Vezenkov,2014-2024,191,0.46345656666976404,0.4397905759162304,0.41743205422437096,0.022358521691859423,NBA,Unknown
2748,Dorell Wright,2014-2024,190,0.47659974821776574,0.37894736842105264,0.42377559159543315,-0.04482822317438051,NBA,F
1626208,Keifer Sykes,2014-2024,190,0.505776934648094,0.3631578947368421,0.4244010894124422,-0.06124319467560008,NBA,G
1629713,Justin James,2014-2024,189,0.44809890872901637,0.4497354497354497,0.46321321191732173,-0.013477762181872022,NBA,Unknown
203928,Cory Jefferson,2014-2024,189,0.360060611590462,0.4444444444444444,0.5293662033578073,-0.08492175891336284,NBA,G
1629126,Deonte Burton,2014-2024,189,0.42598004148486995,0.38095238095238093,0.47006741024921106,-0.08911502929683013,NBA,Unknown
2045,Hedo Turkoglu,2014-2024,188,0.4984205900713744,0.44148936170212766,0.39158237762119186,0.0499069840809358,NBA,G
203956,Mitch McGary,2014-2024,188,0.33683458497853086,0.526595744680851,0.5347928664628946,-0.00819712178204357,NBA,G
1627781,Malachi Richardson,2014-2024,187,0.490133935369571,0.3582887700534759,0.4117985076393178,-0.05350973758584188,NBA,F
1628980,Jacob Evans,2014-2024,187,0.4886787186463141,0.33689839572192515,0.41435442605054146,-0.07745603032861631,NBA,G
1629151,Ryan Broekhoff,2014-2024,185,0.5074078264865878,0.42702702702702705,0.3977330048927812,0.029294022134245867,NBA,F
1630531,Jaden Springer,2014-2024,184,0.42392014297603947,0.41847826086956524,0.4654208838123904,-0.04694262294282514,NBA,G
1629681,Killian Tillie,2014-2024,184,0.4933529295090941,0.33695652173913043,0.41419313174942884,-0.07723661001029841,NBA,F
203103,Perry Jones III,2014-2024,183,0.4422289525166407,0.3989071038251366,0.4434312913302465,-0.04452418750510989,NBA,F
1626191,Chris McCullough,2014-2024,183,0.3996952729772276,0.4262295081967213,0.495526851699468,-0.06929734350274669,NBA,F
1631102,TyTy Washington Jr.,2014-2024,180,0.495373063796938,0.35555555555555557,0.4034255430480889,-0.04786998749253335,NBA,G
1630592,Jalen Wilson,2014-2024,179,0.44001548370564136,0.4245810055865922,0.4395859833049599,-0.015004977718367729,NBA,F
2202,Jason Richardson,2014-2024,178,0.4584448269225704,0.34831460674157305,0.4152394327516153,-0.06692482601004224,NBA,G
202341,James Anderson,2014-2024,178,0.45326744415255726,0.37640449438202245,0.4502076845597289,-0.07380319017770648,NBA,G
1626148,Anthony Brown,2014-2024,177,0.4915989491417704,0.327683615819209,0.40842128544118633,-0.08073766962197731,NBA,G
2557,Luke Ridnour,2014-2024,176,0.49558227610358396,0.42613636363636365,0.40390847218263526,0.022227891453728388,NBA,F
202336,Larry Sanders,2014-2024,176,0.24329576598154273,0.4943181818181818,0.6187382418246051,-0.1244200600064233,NBA,C
203475,Erick Green,2014-2024,175,0.4904042971936077,0.37714285714285717,0.40245373010594726,-0.025310872963090092,NBA,G
1630190,Elijah Hughes,2014-2024,174,0.5253404524190742,0.3275862068965517,0.3927584909689423,-0.06517228407239056,NBA,F
1628413,Jonah Bolden,2014-2024,173,0.41478042157089845,0.48554913294797686,0.47105043555083026,0.014498697397146598,NBA,C
203133,Robbie Hummel,2014-2024,172,0.47522009650879155,0.45930232558139533,0.42600397572597976,0.03329834985541558,NBA,F
1631254,Kenneth Lofton Jr.,2014-2024,171,0.41401590254436205,0.49707602339181284,0.4726333012840672,0.024442722107745618,NBA,C
203913,Jabari Brown,2014-2024,170,0.4353347432645371,0.4117647058823529,0.44733219167400495,-0.03556748579165203,NBA,G
1627735,Wade Baldwin IV,2014-2024,169,0.4359307801108037,0.35502958579881655,0.46534299477294355,-0.110313408974127,NBA,G
201611,Henry Walker,2014-2024,168,0.49088306501703,0.34523809523809523,0.3965662930916776,-0.05132819785358239,NBA,F
1882,Elton Brand,2014-2024,167,0.42519554596634734,0.437125748502994,0.4327115184805256,0.004414230022468435,NBA,G
1630639,A.J. Lawson,2014-2024,165,0.4355350204018594,0.46060606060606063,0.4980633605451317,-0.03745729993907104,NBA,Unknown
1628405,Johnathan Motley,2014-2024,163,0.3361376362718756,0.5521472392638037,0.5443358110379762,0.007811428225827477,NBA,F
1628463,Tyler Cavanaugh,2014-2024,162,0.4543344946845442,0.43209876543209874,0.4339512747311176,-0.0018525092990188674,NBA,C
101122,Danny Granger,2014-2024,162,0.48955394771743194,0.4012345679012346,0.4099209459962304,-0.008686378094995839,NBA,F
200797,Ryan Hollins,2014-2024,161,0.263464669474138,0.6335403726708074,0.6268234200871231,0.006716952583684321,NBA,C
1631115,Orlando Robinson,2014-2024,161,0.3371505702944082,0.515527950310559,0.5268344030115282,-0.011306452700969194,NBA,C
1627816,Alex Poythress,2014-2024,161,0.37769619389001585,0.4720496894409938,0.5317640646185801,-0.059714375177586265,NBA,F
1629058,Dzanan Musa,2014-2024,161,0.4511591872369798,0.36645962732919257,0.4492890719015278,-0.08282944457233521,NBA,Unknown
1641712,Rayan Rupert,2014-2024,161,0.4625524707815409,0.33540372670807456,0.42649441685306555,-0.091090690144991,NBA,G
1630551,Justin Champagnie,2014-2024,160,0.4282044870403735,0.425,0.4657207634347296,-0.040720763434729634,NBA,F
1628403,Caleb Swanigan,2014-2024,160,0.3365091221478982,0.4375,0.5069177560870501,-0.06941775608705014,NBA,F
1629617,Reggie Perry,2014-2024,157,0.3717438587453838,0.4585987261146497,0.509831662218288,-0.05123293610363833,NBA,C
1629657,Kyle Guy,2014-2024,155,0.49299438829682035,0.36129032258064514,0.4169289585589509,-0.05563863597830576,NBA,Unknown
1629741,Marko Guduric,2014-2024,154,0.491079410104984,0.3961038961038961,0.4305077315511209,-0.03440383544722475,NBA,Unknown
1631367,Jacob Gilyard,2014-2024,153,0.5470820796189027,0.39869281045751637,0.3714022584921929,0.027290551965323484,NBA,G
1628962,Udoka Azubuike,2014-2024,153,0.24918598841675263,0.7581699346405228,0.7318119865292384,0.026357948111284446,NBA,C
1629017,Khyri Thomas,2014-2024,152,0.49064235214599483,0.3881578947368421,0.4298893937643073,-0.0417314990274652,NBA,G
200777,Joel Freeland,2014-2024,151,0.3809636018207152,0.4900662251655629,0.49483691835732957,-0.004770693191766651,NBA,G
202706,Jordan Hamilton,2014-2024,151,0.4436161633006864,0.41721854304635764,0.43074446291713153,-0.013525919870773895,NBA,G
1629674,Neemias Queta,2014-2024,151,0.2778448713497495,0.5960264900662252,0.6111365654063323,-0.01511007534010711,NBA,Unknown
1629076,Tyler Cook,2014-2024,151,0.2710119043957615,0.6556291390728477,0.6753481577817821,-0.019719018708934444,NBA,F
1630846,Olivier Sarr,2014-2024,150,0.34513070455190814,0.56,0.5688617614776363,-0.008861761477636287,NBA,C
1631132,Christian Koloko,2014-2024,150,0.26495502623704054,0.48,0.6315537932965699,-0.15155379329656993,NBA,C
