sport,model_family,target_label,factor_key,plot_type,x_value,y_value,fitted_effect,lower_ci,upper_ci,baseline_value,season_window
NBA,LogisticRegression,Expected FG,spatial,spatial_surface,-250.0,-50.0,-0.1650955974097508,,,,2014-2024
NBA,LogisticRegression,Expected FG,spatial,spatial_surface,-242.7536231884058,-50.0,-0.1490972953663018,,,,2014-2024
NBA,LogisticRegression,Expected FG,spatial,spatial_surface,-235.5072463768116,-50.0,-0.13311836086544251,,,,2014-2024
NBA,LogisticRegression,Expected FG,spatial,spatial_surface,-228.26086956521738,-50.0,-0.11716055727355076,,,,2014-2024
NBA,LogisticRegression,Expected FG,spatial,spatial_surface,-221.0144927536232,-50.0,-0.10122586590567886,,,,2014-2024
NBA,LogisticRegression,Expected FG,spatial,spatial_surface,-213.768115942029,-50.0,-0.08531652028231801,,,,2014-2024
NBA,LogisticRegression,Expected FG,spatial,spatial_surface,-206.52173913043478,-50.0,-0.06943504695169964,,,,2014-2024
NBA,LogisticRegression,Expected FG,spatial,spatial_surface,-199.27536231884056,-50.0,-0.05358431436666983,,,,2014-2024
NBA,LogisticRegression,Expected FG,spatial,spatial_surface,-192.02898550724638,-50.0,-0.037767591695549385,,,,2014-2024
NBA,LogisticRegression,Expected FG,spatial,spatial_surface,-184.7826086956522,-50.0,-0.021988619952800603,,,,2014-2024
NBA,LogisticRegression,Expected FG,spatial,spatial_surface,-177.53623188405797,-50.0,-0.006251698495967517,,,,2014-2024
NBA,LogisticRegression,Expected FG,spatial,spatial_surface,-170.28985507246375,-50.0,0.009438209197566383,,,,2014-2024
NBA,LogisticRegression,Expected FG,spatial,spatial_surface,-163.04347826086956,-50.0,0.0250753454159178,,,,2014-2024
NBA,LogisticRegression,Expected FG,spatial,spatial_surface,-155.79710144927537,-50.0,0.04065299718267494,,,,2014-2024
NBA,LogisticRegression,Expected FG,spatial,spatial_surface,-148.55072463768116,-50.0,0.056163295706260635,,,,2014-2024
NBA,LogisticRegression,Expected FG,spatial,spatial_surface,-141.30434782608694,-50.0,0.07159696498415881,,,,2014-2024
NBA,LogisticRegression,Expected FG,spatial,spatial_surface,-134.05797101449275,-50.0,0.08694300457642633,,,,2014-2024
NBA,LogisticRegression,Expected FG,spatial,spatial_surface,-126.81159420289855,-50.0,0.1021882866211668,,,,2014-2024
NBA,LogisticRegression,Expected FG,spatial,spatial_surface,-119.56521739130434,-50.0,0.11731704049045202,,,,2014-2024
NBA,LogisticRegression,Expected FG,spatial,spatial_surface,-112.31884057971013,-50.0,0.13231018949570345,,,,2014-2024
NBA,LogisticRegression,Expected FG,spatial,spatial_surface,-105.07246376811594,-50.0,0.1471444920382488,,,,2014-2024
NBA,LogisticRegression,Expected FG,spatial,spatial_surface,-97.82608695652175,-50.0,0.16179142380886768,,,,2014-2024
NBA,LogisticRegression,Expected FG,spatial,spatial_surface,-90.57971014492753,-50.0,0.17621571753014237,,,,2014-2024
NBA,LogisticRegression,Expected FG,spatial,spatial_surface,-83.33333333333331,-50.0,0.1903734526727856,,,,2014-2024
NBA,LogisticRegression,Expected FG,spatial,spatial_surface,-76.08695652173913,-50.0,0.20420956246631916,,,,2014-2024
NBA,LogisticRegression,Expected FG,spatial,spatial_surface,-68.84057971014494,-50.0,0.21765460844243945,,,,2014-2024
NBA,LogisticRegression,Expected FG,spatial,spatial_surface,-61.59420289855072,-50.0,0.23062068658709406,,,,2014-2024
NBA,LogisticRegression,Expected FG,spatial,spatial_surface,-54.3478260869565,-50.0,0.24299642573123503,,,,2014-2024
NBA,LogisticRegression,Expected FG,spatial,spatial_surface,-47.10144927536231,-50.0,0.2546413261862541,,,,2014-2024
NBA,LogisticRegression,Expected FG,spatial,spatial_surface,-39.855072463768124,-50.0,0.2653803740554942,,,,2014-2024
NBA,LogisticRegression,Expected FG,spatial,spatial_surface,-32.60869565217391,-50.0,0.2750013387147656,,,,2014-2024
NBA,LogisticRegression,Expected FG,spatial,spatial_surface,-25.36231884057969,-50.0,0.2832602250441111,,,,2014-2024
NBA,LogisticRegression,Expected FG,spatial,spatial_surface,-18.1159420289855,-50.0,0.2899082310755312,,,,2014-2024
NBA,LogisticRegression,Expected FG,spatial,spatial_surface,-10.869565217391312,-50.0,0.29479488612130067,,,,2014-2024
NBA,LogisticRegression,Expected FG,spatial,spatial_surface,-3.6231884057970944,-50.0,0.2988400702374877,,,,2014-2024
NBA,LogisticRegression,Expected FG,spatial,spatial_surface,3.623188405797123,-50.0,0.3239066298232991,,,,2014-2024
NBA,LogisticRegression,Expected FG,spatial,spatial_surface,10.869565217391312,-50.0,0.3232810873429187,,,,2014-2024
NBA,LogisticRegression,Expected FG,spatial,spatial_surface,18.1159420289855,-50.0,0.3190992945583645,,,,2014-2024
NBA,LogisticRegression,Expected FG,spatial,spatial_surface,25.362318840579746,-50.0,0.3127543573944476,,,,2014-2024
NBA,LogisticRegression,Expected FG,spatial,spatial_surface,32.608695652173935,-50.0,0.30466401493919654,,,,2014-2024
NBA,LogisticRegression,Expected FG,spatial,spatial_surface,39.855072463768124,-50.0,0.2951503542240689,,,,2014-2024
NBA,LogisticRegression,Expected FG,spatial,spatial_surface,47.10144927536231,-50.0,0.2844856116794902,,,,2014-2024
NBA,LogisticRegression,Expected FG,spatial,spatial_surface,54.3478260869565,-50.0,0.27289520965836667,,,,2014-2024
NBA,LogisticRegression,Expected FG,spatial,spatial_surface,61.59420289855075,-50.0,0.2605611496628931,,,,2014-2024
NBA,LogisticRegression,Expected FG,spatial,spatial_surface,68.84057971014494,-50.0,0.24762797819753563,,,,2014-2024
NBA,LogisticRegression,Expected FG,spatial,spatial_surface,76.08695652173913,-50.0,0.2342095721671612,,,,2014-2024
NBA,LogisticRegression,Expected FG,spatial,spatial_surface,83.33333333333337,-50.0,0.22039547002036813,,,,2014-2024
NBA,LogisticRegression,Expected FG,spatial,spatial_surface,90.57971014492756,-50.0,0.20625622176978495,,,,2014-2024
NBA,LogisticRegression,Expected FG,spatial,spatial_surface,97.82608695652175,-50.0,0.19184767645212136,,,,2014-2024
NBA,LogisticRegression,Expected FG,spatial,spatial_surface,105.07246376811594,-50.0,0.17721432110359522,,,,2014-2024
NBA,LogisticRegression,Expected FG,spatial,spatial_surface,112.31884057971013,-50.0,0.16239184333564122,,,,2014-2024
NBA,LogisticRegression,Expected FG,spatial,spatial_surface,119.56521739130437,-50.0,0.1474090859059876,,,,2014-2024
NBA,LogisticRegression,Expected FG,spatial,spatial_surface,126.81159420289856,-50.0,0.1322895360821747,,,,2014-2024
NBA,LogisticRegression,Expected FG,spatial,spatial_surface,134.05797101449275,-50.0,0.11705246310961917,,,,2014-2024
NBA,LogisticRegression,Expected FG,spatial,spatial_surface,141.304347826087,-50.0,0.10171379067794625,,,,2014-2024
NBA,LogisticRegression,Expected FG,spatial,spatial_surface,148.55072463768118,-50.0,0.08628676984756735,,,,2014-2024
NBA,LogisticRegression,Expected FG,spatial,spatial_surface,155.79710144927537,-50.0,0.07078250133802932,,,,2014-2024
NBA,LogisticRegression,Expected FG,spatial,spatial_surface,163.04347826086956,-50.0,0.05521034360520305,,,,2014-2024
NBA,LogisticRegression,Expected FG,spatial,spatial_surface,170.28985507246375,-50.0,0.03957823386028911,,,,2014-2024
NBA,LogisticRegression,Expected FG,spatial,spatial_surface,177.536231884058,-50.0,0.023892942329417827,,,,2014-2024
NBA,LogisticRegression,Expected FG,spatial,spatial_surface,184.7826086956522,-50.0,0.008160274994322397,,,,2014-2024
NBA,LogisticRegression,Expected FG,spatial,spatial_surface,192.02898550724638,-50.0,-0.007614763683423065,,,,2014-2024
NBA,LogisticRegression,Expected FG,spatial,spatial_surface,199.27536231884062,-50.0,-0.02342783932314957,,,,2014-2024
NBA,LogisticRegression,Expected FG,spatial,spatial_surface,206.5217391304348,-50.0,-0.03927518080258871,,,,2014-2024
NBA,LogisticRegression,Expected FG,spatial,spatial_surface,213.768115942029,-50.0,-0.05515349292786806,,,,2014-2024
NBA,LogisticRegression,Expected FG,spatial,spatial_surface,221.0144927536232,-50.0,-0.07105988463365315,,,,2014-2024
NBA,LogisticRegression,Expected FG,spatial,spatial_surface,228.26086956521738,-50.0,-0.0869918096305512,,,,2014-2024
NBA,LogisticRegression,Expected FG,spatial,spatial_surface,235.50724637681162,-50.0,-0.10294701708651385,,,,2014-2024
NBA,LogisticRegression,Expected FG,spatial,spatial_surface,242.7536231884058,-50.0,-0.11892351044192082,,,,2014-2024
NBA,LogisticRegression,Expected FG,spatial,spatial_surface,250.0,-50.0,-0.13491951285326306,,,,2014-2024
NBA,LogisticRegression,Expected FG,spatial,spatial_surface,-250.0,-43.18840579710145,-0.1622845013461117,,,,2014-2024
NBA,LogisticRegression,Expected FG,spatial,spatial_surface,-242.7536231884058,-43.18840579710145,-0.14620523998690607,,,,2014-2024
NBA,LogisticRegression,Expected FG,spatial,spatial_surface,-235.5072463768116,-43.18840579710145,-0.1301406387101475,,,,2014-2024
NBA,LogisticRegression,Expected FG,spatial,spatial_surface,-228.26086956521738,-43.18840579710145,-0.11409204730760983,,,,2014-2024
NBA,LogisticRegression,Expected FG,spatial,spatial_surface,-221.0144927536232,-43.18840579710145,-0.09806098488996959,,,,2014-2024
NBA,LogisticRegression,Expected FG,spatial,spatial_surface,-213.768115942029,-43.18840579710145,-0.0820491670091377,,,,2014-2024
NBA,LogisticRegression,Expected FG,spatial,spatial_surface,-206.52173913043478,-43.18840579710145,-0.06605853810418819,,,,2014-2024
NBA,LogisticRegression,Expected FG,spatial,spatial_surface,-199.27536231884056,-43.18840579710145,-0.050091310514725707,,,,2014-2024
NBA,LogisticRegression,Expected FG,spatial,spatial_surface,-192.02898550724638,-43.18840579710145,-0.03415001164401488,,,,2014-2024
NBA,LogisticRegression,Expected FG,spatial,spatial_surface,-184.7826086956522,-43.18840579710145,-0.018237541298006005,,,,2014-2024
NBA,LogisticRegression,Expected FG,spatial,spatial_surface,-177.53623188405797,-43.18840579710145,-0.0023572418126098504,,,,2014-2024
NBA,LogisticRegression,Expected FG,spatial,spatial_surface,-170.28985507246375,-43.18840579710145,0.013487015638549371,,,,2014-2024
NBA,LogisticRegression,Expected FG,spatial,spatial_surface,-163.04347826086956,-43.18840579710145,0.029290724118212735,,,,2014-2024
NBA,LogisticRegression,Expected FG,spatial,spatial_surface,-155.79710144927537,-43.18840579710145,0.045048607531376086,,,,2014-2024
NBA,LogisticRegression,Expected FG,spatial,spatial_surface,-148.55072463768116,-43.18840579710145,0.06075445299004038,,,,2014-2024
NBA,LogisticRegression,Expected FG,spatial,spatial_surface,-141.30434782608694,-43.18840579710145,0.07640089852524426,,,,2014-2024
NBA,LogisticRegression,Expected FG,spatial,spatial_surface,-134.05797101449275,-43.18840579710145,0.09197916208605791,,,,2014-2024
NBA,LogisticRegression,Expected FG,spatial,spatial_surface,-126.81159420289855,-43.18840579710145,0.10747869268278329,,,,2014-2024
NBA,LogisticRegression,Expected FG,spatial,spatial_surface,-119.56521739130434,-43.18840579710145,0.12288671740517979,,,,2014-2024
NBA,LogisticRegression,Expected FG,spatial,spatial_surface,-112.31884057971013,-43.18840579710145,0.13818764800064356,,,,2014-2024
NBA,LogisticRegression,Expected FG,spatial,spatial_surface,-105.07246376811594,-43.18840579710145,0.1533622964898497,,,,2014-2024
NBA,LogisticRegression,Expected FG,spatial,spatial_surface,-97.82608695652175,-43.18840579710145,0.1683868292096971,,,,2014-2024
NBA,LogisticRegression,Expected FG,spatial,spatial_surface,-90.57971014492753,-43.18840579710145,0.18323136044619343,,,,2014-2024
NBA,LogisticRegression,Expected FG,spatial,spatial_surface,-83.33333333333331,-43.18840579710145,0.19785804780603333,,,,2014-2024
NBA,LogisticRegression,Expected FG,spatial,spatial_surface,-76.08695652173913,-43.18840579710145,0.21221849946887547,,,,2014-2024
NBA,LogisticRegression,Expected FG,spatial,spatial_surface,-68.84057971014494,-43.18840579710145,0.22625023937635763,,,,2014-2024
NBA,LogisticRegression,Expected FG,spatial,spatial_surface,-61.59420289855072,-43.18840579710145,0.2398719116529278,,,,2014-2024
NBA,LogisticRegression,Expected FG,spatial,spatial_surface,-54.3478260869565,-43.18840579710145,0.252976880604242,,,,2014-2024
NBA,LogisticRegression,Expected FG,spatial,spatial_surface,-47.10144927536231,-43.18840579710145,0.26542501075736236,,,,2014-2024
NBA,LogisticRegression,Expected FG,spatial,spatial_surface,-39.855072463768124,-43.18840579710145,0.27703297357638784,,,,2014-2024
NBA,LogisticRegression,Expected FG,spatial,spatial_surface,-32.60869565217391,-43.18840579710145,0.2875650629532023,,,,2014-2024
NBA,LogisticRegression,Expected FG,spatial,spatial_surface,-25.36231884057969,-43.18840579710145,0.29673062246389315,,,,2014-2024
NBA,LogisticRegression,Expected FG,spatial,spatial_surface,-18.1159420289855,-43.18840579710145,0.30420487878060554,,,,2014-2024
NBA,LogisticRegression,Expected FG,spatial,spatial_surface,-10.869565217391312,-43.18840579710145,0.3097356350247906,,,,2014-2024
NBA,LogisticRegression,Expected FG,spatial,spatial_surface,-3.6231884057970944,-43.18840579710145,0.31413756295025164,,,,2014-2024
NBA,LogisticRegression,Expected FG,spatial,spatial_surface,3.623188405797123,-43.18840579710145,0.339204122536064,,,,2014-2024
NBA,LogisticRegression,Expected FG,spatial,spatial_surface,10.869565217391312,-43.18840579710145,0.3382218362464091,,,,2014-2024
NBA,LogisticRegression,Expected FG,spatial,spatial_surface,18.1159420289855,-43.18840579710145,0.33339594226343894,,,,2014-2024
NBA,LogisticRegression,Expected FG,spatial,spatial_surface,25.362318840579746,-43.18840579710145,0.32622475481422974,,,,2014-2024
NBA,LogisticRegression,Expected FG,spatial,spatial_surface,32.608695652173935,-43.18840579710145,0.3172277391776329,,,,2014-2024
NBA,LogisticRegression,Expected FG,spatial,spatial_surface,39.855072463768124,-43.18840579710145,0.30680295374496175,,,,2014-2024
NBA,LogisticRegression,Expected FG,spatial,spatial_surface,47.10144927536231,-43.18840579710145,0.29526929625059817,,,,2014-2024
NBA,LogisticRegression,Expected FG,spatial,spatial_surface,54.3478260869565,-43.18840579710145,0.28287566453137325,,,,2014-2024
NBA,LogisticRegression,Expected FG,spatial,spatial_surface,61.59420289855075,-43.18840579710145,0.26981237472872666,,,,2014-2024
NBA,LogisticRegression,Expected FG,spatial,spatial_surface,68.84057971014494,-43.18840579710145,0.25622360913145364,,,,2014-2024
NBA,LogisticRegression,Expected FG,spatial,spatial_surface,76.08695652173913,-43.18840579710145,0.24221850916971754,,,,2014-2024
NBA,LogisticRegression,Expected FG,spatial,spatial_surface,83.33333333333337,-43.18840579710145,0.22788006515361534,,,,2014-2024
NBA,LogisticRegression,Expected FG,spatial,spatial_surface,90.57971014492756,-43.18840579710145,0.21327186468583603,,,,2014-2024
NBA,LogisticRegression,Expected FG,spatial,spatial_surface,97.82608695652175,-43.18840579710145,0.1984430818529508,,,,2014-2024
NBA,LogisticRegression,Expected FG,spatial,spatial_surface,105.07246376811594,-43.18840579710145,0.18343212555519653,,,,2014-2024
NBA,LogisticRegression,Expected FG,spatial,spatial_surface,112.31884057971013,-43.18840579710145,0.1682693018405809,,,,2014-2024
NBA,LogisticRegression,Expected FG,spatial,spatial_surface,119.56521739130437,-43.18840579710145,0.15297876282071565,,,,2014-2024
NBA,LogisticRegression,Expected FG,spatial,spatial_surface,126.81159420289856,-43.18840579710145,0.1375799421437912,,,,2014-2024
NBA,LogisticRegression,Expected FG,spatial,spatial_surface,134.05797101449275,-43.18840579710145,0.12208862061925052,,,,2014-2024
NBA,LogisticRegression,Expected FG,spatial,spatial_surface,141.304347826087,-43.18840579710145,0.10651772421903116,,,,2014-2024
NBA,LogisticRegression,Expected FG,spatial,spatial_surface,148.55072463768118,-43.18840579710145,0.09087792713134663,,,,2014-2024
NBA,LogisticRegression,Expected FG,spatial,spatial_surface,155.79710144927537,-43.18840579710145,0.075178111686731,,,,2014-2024
NBA,LogisticRegression,Expected FG,spatial,spatial_surface,163.04347826086956,-43.18840579710145,0.059425722307498055,,,,2014-2024
NBA,LogisticRegression,Expected FG,spatial,spatial_surface,170.28985507246375,-43.18840579710145,0.04362704030127115,,,,2014-2024
NBA,LogisticRegression,Expected FG,spatial,spatial_surface,177.536231884058,-43.18840579710145,0.027787399012775327,,,,2014-2024
NBA,LogisticRegression,Expected FG,spatial,spatial_surface,184.7826086956522,-43.18840579710145,0.01191135364911694,,,,2014-2024
NBA,LogisticRegression,Expected FG,spatial,spatial_surface,192.02898550724638,-43.18840579710145,-0.003997183631888612,,,,2014-2024
NBA,LogisticRegression,Expected FG,spatial,spatial_surface,199.27536231884062,-43.18840579710145,-0.019934835471205503,,,,2014-2024
NBA,LogisticRegression,Expected FG,spatial,spatial_surface,206.5217391304348,-43.18840579710145,-0.03589867195507693,,,,2014-2024
NBA,LogisticRegression,Expected FG,spatial,spatial_surface,213.768115942029,-43.18840579710145,-0.051886139654688135,,,,2014-2024
NBA,LogisticRegression,Expected FG,spatial,spatial_surface,221.0144927536232,-43.18840579710145,-0.0678950036179439,,,,2014-2024
NBA,LogisticRegression,Expected FG,spatial,spatial_surface,228.26086956521738,-43.18840579710145,-0.08392329966460985,,,,2014-2024
NBA,LogisticRegression,Expected FG,spatial,spatial_surface,235.50724637681162,-43.18840579710145,-0.09996929493121856,,,,2014-2024
NBA,LogisticRegression,Expected FG,spatial,spatial_surface,242.7536231884058,-43.18840579710145,-0.11603145506252519,,,,2014-2024
NBA,LogisticRegression,Expected FG,spatial,spatial_surface,250.0,-43.18840579710145,-0.1321084167896238,,,,2014-2024
NBA,LogisticRegression,Expected FG,spatial,spatial_surface,-250.0,-36.3768115942029,-0.15987336945502187,,,,2014-2024
NBA,LogisticRegression,Expected FG,spatial,spatial_surface,-242.7536231884058,-36.3768115942029,-0.1437240024370877,,,,2014-2024
NBA,LogisticRegression,Expected FG,spatial,spatial_surface,-235.5072463768116,-36.3768115942029,-0.12758515679084906,,,,2014-2024
NBA,LogisticRegression,Expected FG,spatial,spatial_surface,-228.26086956521738,-36.3768115942029,-0.11145781064899071,,,,2014-2024
NBA,LogisticRegression,Expected FG,spatial,spatial_surface,-221.0144927536232,-36.3768115942029,-0.09534306641532661,,,,2014-2024
NBA,LogisticRegression,Expected FG,spatial,spatial_surface,-213.768115942029,-36.3768115942029,-0.07924217099724126,,,,2014-2024
NBA,LogisticRegression,Expected FG,spatial,spatial_surface,-206.52173913043478,-36.3768115942029,-0.0631565400908296,,,,2014-2024
NBA,LogisticRegression,Expected FG,spatial,spatial_surface,-199.27536231884056,-36.3768115942029,-0.047087787489701216,,,,2014-2024
NBA,LogisticRegression,Expected FG,spatial,spatial_surface,-192.02898550724638,-36.3768115942029,-0.03103776066088701,,,,2014-2024
NBA,LogisticRegression,Expected FG,spatial,spatial_surface,-184.7826086956522,-36.3768115942029,-0.015008584191925328,,,,2014-2024
NBA,LogisticRegression,Expected FG,spatial,spatial_surface,-177.53623188405797,-36.3768115942029,0.0009972868056717377,,,,2014-2024
NBA,LogisticRegression,Expected FG,spatial,spatial_surface,-170.28985507246375,-36.3768115942029,0.016977000603892595,,,,2014-2024
NBA,LogisticRegression,Expected FG,spatial,spatial_surface,-163.04347826086956,-36.3768115942029,0.03292722646481497,,,,2014-2024
NBA,LogisticRegression,Expected FG,spatial,spatial_surface,-155.79710144927537,-36.3768115942029,0.04884405112956347,,,,2014-2024
NBA,LogisticRegression,Expected FG,spatial,spatial_surface,-148.55072463768116,-36.3768115942029,0.06472284770518963,,,,2014-2024
NBA,LogisticRegression,Expected FG,spatial,spatial_surface,-141.30434782608694,-36.3768115942029,0.0805581081332017,,,,2014-2024
NBA,LogisticRegression,Expected FG,spatial,spatial_surface,-134.05797101449275,-36.3768115942029,0.09634322712850277,,,,2014-2024
NBA,LogisticRegression,Expected FG,spatial,spatial_surface,-126.81159420289855,-36.3768115942029,0.11207022077090045,,,,2014-2024
NBA,LogisticRegression,Expected FG,spatial,spatial_surface,-119.56521739130434,-36.3768115942029,0.12772935613411385,,,,2014-2024
NBA,LogisticRegression,Expected FG,spatial,spatial_surface,-112.31884057971013,-36.3768115942029,0.14330865841291682,,,,2014-2024
NBA,LogisticRegression,Expected FG,spatial,spatial_surface,-105.07246376811594,-36.3768115942029,0.15879324736594025,,,,2014-2024
NBA,LogisticRegression,Expected FG,spatial,spatial_surface,-97.82608695652175,-36.3768115942029,0.17416443307932117,,,,2014-2024
NBA,LogisticRegression,Expected FG,spatial,spatial_surface,-90.57971014492753,-36.3768115942029,0.1893984683181827,,,,2014-2024
NBA,LogisticRegression,Expected FG,spatial,spatial_surface,-83.33333333333331,-36.3768115942029,0.20446480540365064,,,,2014-2024
NBA,LogisticRegression,Expected FG,spatial,spatial_surface,-76.08695652173913,-36.3768115942029,0.21932363143351835,,,,2014-2024
NBA,LogisticRegression,Expected FG,spatial,spatial_surface,-68.84057971014494,-36.3768115942029,0.23392234601772374,,,,2014-2024
NBA,LogisticRegression,Expected FG,spatial,spatial_surface,-61.59420289855072,-36.3768115942029,0.24819049013900202,,,,2014-2024
NBA,LogisticRegression,Expected FG,spatial,spatial_surface,-54.3478260869565,-36.3768115942029,0.2620324361113783,,,,2014-2024
NBA,LogisticRegression,Expected FG,spatial,spatial_surface,-47.10144927536231,-36.3768115942029,0.2753169664574318,,,,2014-2024
NBA,LogisticRegression,Expected FG,spatial,spatial_surface,-39.855072463768124,-36.3768115942029,0.2878629504400942,,,,2014-2024
NBA,LogisticRegression,Expected FG,spatial,spatial_surface,-32.60869565217391,-36.3768115942029,0.2994214621729639,,,,2014-2024
NBA,LogisticRegression,Expected FG,spatial,spatial_surface,-25.36231884057969,-36.3768115942029,0.3096591314758857,,,,2014-2024
NBA,LogisticRegression,Expected FG,spatial,spatial_surface,-18.1159420289855,-36.3768115942029,0.31816179897444985,,,,2014-2024
NBA,LogisticRegression,Expected FG,spatial,spatial_surface,-10.869565217391312,-36.3768115942029,0.32453349745854987,,,,2014-2024
NBA,LogisticRegression,Expected FG,spatial,spatial_surface,-3.6231884057970944,-36.3768115942029,0.3294177789592068,,,,2014-2024
NBA,LogisticRegression,Expected FG,spatial,spatial_surface,3.623188405797123,-36.3768115942029,0.35448433854501826,,,,2014-2024
NBA,LogisticRegression,Expected FG,spatial,spatial_surface,10.869565217391312,-36.3768115942029,0.3530196986801687,,,,2014-2024
NBA,LogisticRegression,Expected FG,spatial,spatial_surface,18.1159420289855,-36.3768115942029,0.3473528624572829,,,,2014-2024
NBA,LogisticRegression,Expected FG,spatial,spatial_surface,25.362318840579746,-36.3768115942029,0.3391532638262218,,,,2014-2024
NBA,LogisticRegression,Expected FG,spatial,spatial_surface,32.608695652173935,-36.3768115942029,0.3290841383973946,,,,2014-2024
NBA,LogisticRegression,Expected FG,spatial,spatial_surface,39.855072463768124,-36.3768115942029,0.3176329306086692,,,,2014-2024
NBA,LogisticRegression,Expected FG,spatial,spatial_surface,47.10144927536231,-36.3768115942029,0.30516125195066773,,,,2014-2024
NBA,LogisticRegression,Expected FG,spatial,spatial_surface,54.3478260869565,-36.3768115942029,0.2919312200385097,,,,2014-2024
NBA,LogisticRegression,Expected FG,spatial,spatial_surface,61.59420289855075,-36.3768115942029,0.2781309532148009,,,,2014-2024
NBA,LogisticRegression,Expected FG,spatial,spatial_surface,68.84057971014494,-36.3768115942029,0.26389571577282,,,,2014-2024
NBA,LogisticRegression,Expected FG,spatial,spatial_surface,76.08695652173913,-36.3768115942029,0.24932364113436045,,,,2014-2024
NBA,LogisticRegression,Expected FG,spatial,spatial_surface,83.33333333333337,-36.3768115942029,0.23448682275123256,,,,2014-2024
NBA,LogisticRegression,Expected FG,spatial,spatial_surface,90.57971014492756,-36.3768115942029,0.21943897255782494,,,,2014-2024
NBA,LogisticRegression,Expected FG,spatial,spatial_surface,97.82608695652175,-36.3768115942029,0.20422068572257507,,,,2014-2024
NBA,LogisticRegression,Expected FG,spatial,spatial_surface,105.07246376811594,-36.3768115942029,0.18886307643128702,,,,2014-2024
NBA,LogisticRegression,Expected FG,spatial,spatial_surface,112.31884057971013,-36.3768115942029,0.17339031225285453,,,,2014-2024
NBA,LogisticRegression,Expected FG,spatial,spatial_surface,119.56521739130437,-36.3768115942029,0.15782140154964966,,,,2014-2024
NBA,LogisticRegression,Expected FG,spatial,spatial_surface,126.81159420289856,-36.3768115942029,0.14217147023190824,,,,2014-2024
NBA,LogisticRegression,Expected FG,spatial,spatial_surface,134.05797101449275,-36.3768115942029,0.12645268566169526,,,,2014-2024
NBA,LogisticRegression,Expected FG,spatial,spatial_surface,141.304347826087,-36.3768115942029,0.11067493382698862,,,,2014-2024
NBA,LogisticRegression,Expected FG,spatial,spatial_surface,148.55072463768118,-36.3768115942029,0.09484632184649604,,,,2014-2024
NBA,LogisticRegression,Expected FG,spatial,spatial_surface,155.79710144927537,-36.3768115942029,0.07897355528491817,,,,2014-2024
NBA,LogisticRegression,Expected FG,spatial,spatial_surface,163.04347826086956,-36.3768115942029,0.06306222465410055,,,,2014-2024
NBA,LogisticRegression,Expected FG,spatial,spatial_surface,170.28985507246375,-36.3768115942029,0.047117025266614807,,,,2014-2024
NBA,LogisticRegression,Expected FG,spatial,spatial_surface,177.536231884058,-36.3768115942029,0.03114192763105647,,,,2014-2024
NBA,LogisticRegression,Expected FG,spatial,spatial_surface,184.7826086956522,-36.3768115942029,0.015140310755197506,,,,2014-2024
NBA,LogisticRegression,Expected FG,spatial,spatial_surface,192.02898550724638,-36.3768115942029,-0.0008849326487603004,,,,2014-2024
NBA,LogisticRegression,Expected FG,spatial,spatial_surface,199.27536231884062,-36.3768115942029,-0.016931312446180707,,,,2014-2024
NBA,LogisticRegression,Expected FG,spatial,spatial_surface,206.5217391304348,-36.3768115942029,-0.0329966739417189,,,,2014-2024
NBA,LogisticRegression,Expected FG,spatial,spatial_surface,213.768115942029,-36.3768115942029,-0.049079143642791395,,,,2014-2024
NBA,LogisticRegression,Expected FG,spatial,spatial_surface,221.0144927536232,-36.3768115942029,-0.06517708514330048,,,,2014-2024
NBA,LogisticRegression,Expected FG,spatial,spatial_surface,228.26086956521738,-36.3768115942029,-0.08128906300599087,,,,2014-2024
NBA,LogisticRegression,Expected FG,spatial,spatial_surface,235.50724637681162,-36.3768115942029,-0.09741381301192029,,,,2014-2024
NBA,LogisticRegression,Expected FG,spatial,spatial_surface,242.7536231884058,-36.3768115942029,-0.11355021751270702,,,,2014-2024
NBA,LogisticRegression,Expected FG,spatial,spatial_surface,250.0,-36.3768115942029,-0.12969728489853452,,,,2014-2024
NBA,LogisticRegression,Expected FG,spatial,spatial_surface,-250.0,-29.565217391304348,-0.15786730351771147,,,,2014-2024
NBA,LogisticRegression,Expected FG,spatial,spatial_surface,-242.7536231884058,-29.565217391304348,-0.14165913396348354,,,,2014-2024
NBA,LogisticRegression,Expected FG,spatial,spatial_surface,-235.5072463768116,-29.565217391304348,-0.12545796947546597,,,,2014-2024
NBA,LogisticRegression,Expected FG,spatial,spatial_surface,-228.26086956521738,-29.565217391304348,-0.10926446656969382,,,,2014-2024
NBA,LogisticRegression,Expected FG,spatial,spatial_surface,-221.0144927536232,-29.565217391304348,-0.09307936606405812,,,,2014-2024
NBA,LogisticRegression,Expected FG,spatial,spatial_surface,-213.768115942029,-29.565217391304348,-0.07690350699017132,,,,2014-2024
NBA,LogisticRegression,Expected FG,spatial,spatial_surface,-206.52173913043478,-29.565217391304348,-0.06073784333909055,,,,2014-2024
NBA,LogisticRegression,Expected FG,spatial,spatial_surface,-199.27536231884056,-29.565217391304348,-0.044583464333959516,,,,2014-2024
NBA,LogisticRegression,Expected FG,spatial,spatial_surface,-192.02898550724638,-29.565217391304348,-0.02844161912206214,,,,2014-2024
NBA,LogisticRegression,Expected FG,spatial,spatial_surface,-184.7826086956522,-29.565217391304348,-0.01231374704471247,,,,2014-2024
NBA,LogisticRegression,Expected FG,spatial,spatial_surface,-177.53623188405797,-29.565217391304348,0.003798484998848467,,,,2014-2024
NBA,LogisticRegression,Expected FG,spatial,spatial_surface,-170.28985507246375,-29.565217391304348,0.019893136091432728,,,,2014-2024
NBA,LogisticRegression,Expected FG,spatial,spatial_surface,-163.04347826086956,-29.565217391304348,0.0359679330729238,,,,2014-2024
NBA,LogisticRegression,Expected FG,spatial,spatial_surface,-155.79710144927537,-29.565217391304348,0.052020196956901785,,,,2014-2024
NBA,LogisticRegression,Expected FG,spatial,spatial_surface,-148.55072463768116,-29.565217391304348,0.06804674909861261,,,,2014-2024
NBA,LogisticRegression,Expected FG,spatial,spatial_surface,-141.30434782608694,-29.565217391304348,0.08404379038306936,,,,2014-2024
NBA,LogisticRegression,Expected FG,spatial,spatial_surface,-134.05797101449275,-29.565217391304348,0.10000674405512217,,,,2014-2024
NBA,LogisticRegression,Expected FG,spatial,spatial_surface,-126.81159420289855,-29.565217391304348,0.11593004895572698,,,,2014-2024
NBA,LogisticRegression,Expected FG,spatial,spatial_surface,-119.56521739130434,-29.565217391304348,0.1318068842257088,,,,2014-2024
NBA,LogisticRegression,Expected FG,spatial,spatial_surface,-112.31884057971013,-29.565217391304348,0.14762879797952536,,,,2014-2024
NBA,LogisticRegression,Expected FG,spatial,spatial_surface,-105.07246376811594,-29.565217391304348,0.16338519940319776,,,,2014-2024
NBA,LogisticRegression,Expected FG,spatial,spatial_surface,-97.82608695652175,-29.565217391304348,0.17906265351153197,,,,2014-2024
NBA,LogisticRegression,Expected FG,spatial,spatial_surface,-90.57971014492753,-29.565217391304348,0.1946438859487109,,,,2014-2024
NBA,LogisticRegression,Expected FG,spatial,spatial_surface,-83.33333333333331,-29.565217391304348,0.21010635422568424,,,,2014-2024
NBA,LogisticRegression,Expected FG,spatial,spatial_surface,-76.08695652173913,-29.565217391304348,0.2254201589474442,,,,2014-2024
NBA,LogisticRegression,Expected FG,spatial,spatial_surface,-68.84057971014494,-29.565217391304348,0.24054493247752506,,,,2014-2024
NBA,LogisticRegression,Expected FG,spatial,spatial_surface,-61.59420289855072,-29.565217391304348,0.2554251180205429,,,,2014-2024
NBA,LogisticRegression,Expected FG,spatial,spatial_surface,-54.3478260869565,-29.565217391304348,0.2699826864368607,,,,2014-2024
NBA,LogisticRegression,Expected FG,spatial,spatial_surface,-47.10144927536231,-29.565217391304348,0.2841057713396237,,,,2014-2024
NBA,LogisticRegression,Expected FG,spatial,spatial_surface,-39.855072463768124,-29.565217391304348,0.2976309529749298,,,,2014-2024
NBA,LogisticRegression,Expected FG,spatial,spatial_surface,-32.60869565217391,-29.565217391304348,0.31031646868901985,,,,2014-2024
NBA,LogisticRegression,Expected FG,spatial,spatial_surface,-25.36231884057969,-29.565217391304348,0.3218059001494878,,,,2014-2024
NBA,LogisticRegression,Expected FG,spatial,spatial_surface,-18.1159420289855,-29.565217391304348,0.33159666225015555,,,,2014-2024
NBA,LogisticRegression,Expected FG,spatial,spatial_surface,-10.869565217391312,-29.565217391304348,0.33909902201045294,,,,2014-2024
NBA,LogisticRegression,Expected FG,spatial,spatial_surface,-3.6231884057970944,-29.565217391304348,0.3446689138536627,,,,2014-2024
NBA,LogisticRegression,Expected FG,spatial,spatial_surface,3.623188405797123,-29.565217391304348,0.369735473439474,,,,2014-2024
NBA,LogisticRegression,Expected FG,spatial,spatial_surface,10.869565217391312,-29.565217391304348,0.36758522323207116,,,,2014-2024
NBA,LogisticRegression,Expected FG,spatial,spatial_surface,18.1159420289855,-29.565217391304348,0.3607877257329891,,,,2014-2024
NBA,LogisticRegression,Expected FG,spatial,spatial_surface,25.362318840579746,-29.565217391304348,0.35130003249982433,,,,2014-2024
NBA,LogisticRegression,Expected FG,spatial,spatial_surface,32.608695652173935,-29.565217391304348,0.33997914491345127,,,,2014-2024
NBA,LogisticRegression,Expected FG,spatial,spatial_surface,39.855072463768124,-29.565217391304348,0.3274009331435045,,,,2014-2024
NBA,LogisticRegression,Expected FG,spatial,spatial_surface,47.10144927536231,-29.565217391304348,0.3139500568328598,,,,2014-2024
NBA,LogisticRegression,Expected FG,spatial,spatial_surface,54.3478260869565,-29.565217391304348,0.29988147036399176,,,,2014-2024
NBA,LogisticRegression,Expected FG,spatial,spatial_surface,61.59420289855075,-29.565217391304348,0.2853655810963422,,,,2014-2024
NBA,LogisticRegression,Expected FG,spatial,spatial_surface,68.84057971014494,-29.565217391304348,0.270518302232621,,,,2014-2024
NBA,LogisticRegression,Expected FG,spatial,spatial_surface,76.08695652173913,-29.565217391304348,0.2554201686482866,,,,2014-2024
NBA,LogisticRegression,Expected FG,spatial,spatial_surface,83.33333333333337,-29.565217391304348,0.24012837157326639,,,,2014-2024
NBA,LogisticRegression,Expected FG,spatial,spatial_surface,90.57971014492756,-29.565217391304348,0.22468439018835365,,,,2014-2024
NBA,LogisticRegression,Expected FG,spatial,spatial_surface,97.82608695652175,-29.565217391304348,0.20911890615478584,,,,2014-2024
NBA,LogisticRegression,Expected FG,spatial,spatial_surface,105.07246376811594,-29.565217391304348,0.19345502846854437,,,,2014-2024
NBA,LogisticRegression,Expected FG,spatial,spatial_surface,112.31884057971013,-29.565217391304348,0.17771045181946266,,,,2014-2024
NBA,LogisticRegression,Expected FG,spatial,spatial_surface,119.56521739130437,-29.565217391304348,0.16189892964124486,,,,2014-2024
NBA,LogisticRegression,Expected FG,spatial,spatial_surface,126.81159420289856,-29.565217391304348,0.1460312984167358,,,,2014-2024
NBA,LogisticRegression,Expected FG,spatial,spatial_surface,134.05797101449275,-29.565217391304348,0.13011620258831536,,,,2014-2024
NBA,LogisticRegression,Expected FG,spatial,spatial_surface,141.304347826087,-29.565217391304348,0.11416061607685682,,,,2014-2024
NBA,LogisticRegression,Expected FG,spatial,spatial_surface,148.55072463768118,-29.565217391304348,0.09817022323991859,,,,2014-2024
NBA,LogisticRegression,Expected FG,spatial,spatial_surface,155.79710144927537,-29.565217391304348,0.08214970111225672,,,,2014-2024
NBA,LogisticRegression,Expected FG,spatial,spatial_surface,163.04347826086956,-29.565217391304348,0.06610293126220912,,,,2014-2024
NBA,LogisticRegression,Expected FG,spatial,spatial_surface,170.28985507246375,-29.565217391304348,0.05003316075415515,,,,2014-2024
NBA,LogisticRegression,Expected FG,spatial,spatial_surface,177.536231884058,-29.565217391304348,0.033943125824233616,,,,2014-2024
NBA,LogisticRegression,Expected FG,spatial,spatial_surface,184.7826086956522,-29.565217391304348,0.017835147902410614,,,,2014-2024
NBA,LogisticRegression,Expected FG,spatial,spatial_surface,192.02898550724638,-29.565217391304348,0.0017112088900643752,,,,2014-2024
NBA,LogisticRegression,Expected FG,spatial,spatial_surface,199.27536231884062,-29.565217391304348,-0.014426989290439257,,,,2014-2024
NBA,LogisticRegression,Expected FG,spatial,spatial_surface,206.5217391304348,-29.565217391304348,-0.03057797718997951,,,,2014-2024
NBA,LogisticRegression,Expected FG,spatial,spatial_surface,213.768115942029,-29.565217391304348,-0.04674047963572159,,,,2014-2024
NBA,LogisticRegression,Expected FG,spatial,spatial_surface,221.0144927536232,-29.565217391304348,-0.0629133847920321,,,,2014-2024
NBA,LogisticRegression,Expected FG,spatial,spatial_surface,228.26086956521738,-29.565217391304348,-0.0790957189266942,,,,2014-2024
NBA,LogisticRegression,Expected FG,spatial,spatial_surface,235.50724637681162,-29.565217391304348,-0.09528662569653681,,,,2014-2024
NBA,LogisticRegression,Expected FG,spatial,spatial_surface,242.7536231884058,-29.565217391304348,-0.1114853490391027,,,,2014-2024
NBA,LogisticRegression,Expected FG,spatial,spatial_surface,250.0,-29.565217391304348,-0.12769121896122335,,,,2014-2024
NBA,LogisticRegression,Expected FG,spatial,spatial_surface,-250.0,-22.753623188405797,-0.15627061450379662,,,,2014-2024
NBA,LogisticRegression,Expected FG,spatial,spatial_surface,-242.7536231884058,-22.753623188405797,-0.14001533070891778,,,,2014-2024
NBA,LogisticRegression,Expected FG,spatial,spatial_surface,-235.5072463768116,-22.753623188405797,-0.1237642049328411,,,,2014-2024
NBA,LogisticRegression,Expected FG,spatial,spatial_surface,-228.26086956521738,-22.753623188405797,-0.10751762938916978,,,,2014-2024
NBA,LogisticRegression,Expected FG,spatial,spatial_surface,-221.0144927536232,-22.753623188405797,-0.09127604708416079,,,,2014-2024
NBA,LogisticRegression,Expected FG,spatial,spatial_surface,-213.768115942029,-22.753623188405797,-0.07503996028941176,,,,2014-2024
NBA,LogisticRegression,Expected FG,spatial,spatial_surface,-206.52173913043478,-22.753623188405797,-0.05880994076357304,,,,2014-2024
NBA,LogisticRegression,Expected FG,spatial,spatial_surface,-199.27536231884056,-22.753623188405797,-0.04258664215782296,,,,2014-2024
NBA,LogisticRegression,Expected FG,spatial,spatial_surface,-192.02898550724638,-22.753623188405797,-0.026370815167411576,,,,2014-2024
NBA,LogisticRegression,Expected FG,spatial,spatial_surface,-184.7826086956522,-22.753623188405797,-0.010163326162698022,,,,2014-2024
NBA,LogisticRegression,Expected FG,spatial,spatial_surface,-177.53623188405797,-22.753623188405797,0.006034819735202451,,,,2014-2024
NBA,LogisticRegression,Expected FG,spatial,spatial_surface,-170.28985507246375,-22.753623188405797,0.022222449851988513,,,,2014-2024
NBA,LogisticRegression,Expected FG,spatial,spatial_surface,-163.04347826086956,-22.753623188405797,0.038398187710231096,,,,2014-2024
NBA,LogisticRegression,Expected FG,spatial,spatial_surface,-155.79710144927537,-22.753623188405797,0.054560406997382294,,,,2014-2024
NBA,LogisticRegression,Expected FG,spatial,spatial_surface,-148.55072463768116,-22.753623188405797,0.07070717254724072,,,,2014-2024
NBA,LogisticRegression,Expected FG,spatial,spatial_surface,-141.30434782608694,-22.753623188405797,0.08683616388073746,,,,2014-2024
NBA,LogisticRegression,Expected FG,spatial,spatial_surface,-134.05797101449275,-22.753623188405797,0.1029445750306194,,,,2014-2024
NBA,LogisticRegression,Expected FG,spatial,spatial_surface,-126.81159420289855,-22.753623188405797,0.11902898167864583,,,,2014-2024
NBA,LogisticRegression,Expected FG,spatial,spatial_surface,-119.56521739130434,-22.753623188405797,0.135085162575463,,,,2014-2024
NBA,LogisticRegression,Expected FG,spatial,spatial_surface,-112.31884057971013,-22.753623188405797,0.1511078559922763,,,,2014-2024
NBA,LogisticRegression,Expected FG,spatial,spatial_surface,-105.07246376811594,-22.753623188405797,0.1670904222287953,,,,2014-2024
NBA,LogisticRegression,Expected FG,spatial,spatial_surface,-97.82608695652175,-22.753623188405797,0.18302436767593405,,,,2014-2024
NBA,LogisticRegression,Expected FG,spatial,spatial_surface,-90.57971014492753,-22.753623188405797,0.19889866057258715,,,,2014-2024
NBA,LogisticRegression,Expected FG,spatial,spatial_surface,-83.33333333333331,-22.753623188405797,0.2146987261516195,,,,2014-2024
NBA,LogisticRegression,Expected FG,spatial,spatial_surface,-76.08695652173913,-22.753623188405797,0.23040493596243045,,,,2014-2024
NBA,LogisticRegression,Expected FG,spatial,spatial_surface,-68.84057971014494,-22.753623188405797,0.24599027748514163,,,,2014-2024
NBA,LogisticRegression,Expected FG,spatial,spatial_surface,-61.59420289855072,-22.753623188405797,0.26141665680933945,,,,2014-2024
NBA,LogisticRegression,Expected FG,spatial,spatial_surface,-54.3478260869565,-22.753623188405797,0.27662885331073894,,,,2014-2024
NBA,LogisticRegression,Expected FG,spatial,spatial_surface,-47.10144927536231,-22.753623188405797,0.2915443245386482,,,,2014-2024
NBA,LogisticRegression,Expected FG,spatial,spatial_surface,-39.855072463768124,-22.753623188405797,0.3060355125500997,,,,2014-2024
NBA,LogisticRegression,Expected FG,spatial,spatial_surface,-32.60869565217391,-22.753623188405797,0.31989856928078564,,,,2014-2024
NBA,LogisticRegression,Expected FG,spatial,spatial_surface,-25.36231884057969,-22.753623188405797,0.33279888002254204,,,,2014-2024
NBA,LogisticRegression,Expected FG,spatial,spatial_surface,-18.1159420289855,-22.753623188405797,0.3441875174966359,,,,2014-2024
NBA,LogisticRegression,Expected FG,spatial,spatial_surface,-10.869565217391312,-22.753623188405797,0.3532531980042306,,,,2014-2024
NBA,LogisticRegression,Expected FG,spatial,spatial_surface,-3.6231884057970944,-22.753623188405797,0.3598653247808776,,,,2014-2024
NBA,LogisticRegression,Expected FG,spatial,spatial_surface,3.623188405797123,-22.753623188405797,0.384931884366689,,,,2014-2024
NBA,LogisticRegression,Expected FG,spatial,spatial_surface,10.869565217391312,-22.753623188405797,0.3817393992258493,,,,2014-2024
NBA,LogisticRegression,Expected FG,spatial,spatial_surface,18.1159420289855,-22.753623188405797,0.37337858097946924,,,,2014-2024
NBA,LogisticRegression,Expected FG,spatial,spatial_surface,25.362318840579746,-22.753623188405797,0.3622930123728786,,,,2014-2024
NBA,LogisticRegression,Expected FG,spatial,spatial_surface,32.608695652173935,-22.753623188405797,0.34956124550521683,,,,2014-2024
NBA,LogisticRegression,Expected FG,spatial,spatial_surface,39.855072463768124,-22.753623188405797,0.335805492718674,,,,2014-2024
NBA,LogisticRegression,Expected FG,spatial,spatial_surface,47.10144927536231,-22.753623188405797,0.32138861003188435,,,,2014-2024
NBA,LogisticRegression,Expected FG,spatial,spatial_surface,54.3478260869565,-22.753623188405797,0.3065276372378698,,,,2014-2024
NBA,LogisticRegression,Expected FG,spatial,spatial_surface,61.59420289855075,-22.753623188405797,0.29135711988513874,,,,2014-2024
NBA,LogisticRegression,Expected FG,spatial,spatial_surface,68.84057971014494,-22.753623188405797,0.2759636472402379,,,,2014-2024
NBA,LogisticRegression,Expected FG,spatial,spatial_surface,76.08695652173913,-22.753623188405797,0.2604049456632721,,,,2014-2024
NBA,LogisticRegression,Expected FG,spatial,spatial_surface,83.33333333333337,-22.753623188405797,0.24472074349920167,,,,2014-2024
NBA,LogisticRegression,Expected FG,spatial,spatial_surface,90.57971014492756,-22.753623188405797,0.2289391648122296,,,,2014-2024
NBA,LogisticRegression,Expected FG,spatial,spatial_surface,97.82608695652175,-22.753623188405797,0.21308062031918767,,,,2014-2024
NBA,LogisticRegression,Expected FG,spatial,spatial_surface,105.07246376811594,-22.753623188405797,0.19716025129414172,,,,2014-2024
NBA,LogisticRegression,Expected FG,spatial,spatial_surface,112.31884057971013,-22.753623188405797,0.18118950983221388,,,,2014-2024
NBA,LogisticRegression,Expected FG,spatial,spatial_surface,119.56521739130437,-22.753623188405797,0.16517720799099872,,,,2014-2024
NBA,LogisticRegression,Expected FG,spatial,spatial_surface,126.81159420289856,-22.753623188405797,0.14913023113965404,,,,2014-2024
NBA,LogisticRegression,Expected FG,spatial,spatial_surface,134.05797101449275,-22.753623188405797,0.1330540335638123,,,,2014-2024
NBA,LogisticRegression,Expected FG,spatial,spatial_surface,141.304347826087,-22.753623188405797,0.11695298957452481,,,,2014-2024
NBA,LogisticRegression,Expected FG,spatial,spatial_surface,148.55072463768118,-22.753623188405797,0.10083064668854727,,,,2014-2024
NBA,LogisticRegression,Expected FG,spatial,spatial_surface,155.79710144927537,-22.753623188405797,0.08468991115273712,,,,2014-2024
NBA,LogisticRegression,Expected FG,spatial,spatial_surface,163.04347826086956,-22.753623188405797,0.06853318589951599,,,,2014-2024
NBA,LogisticRegression,Expected FG,spatial,spatial_surface,170.28985507246375,-22.753623188405797,0.05236247451471067,,,,2014-2024
NBA,LogisticRegression,Expected FG,spatial,spatial_surface,177.536231884058,-22.753623188405797,0.036179460560587406,,,,2014-2024
NBA,LogisticRegression,Expected FG,spatial,spatial_surface,184.7826086956522,-22.753623188405797,0.019985568784424645,,,,2014-2024
NBA,LogisticRegression,Expected FG,spatial,spatial_surface,192.02898550724638,-22.753623188405797,0.003782012844714827,,,,2014-2024
NBA,LogisticRegression,Expected FG,spatial,spatial_surface,199.27536231884062,-22.753623188405797,-0.01243016711430256,,,,2014-2024
NBA,LogisticRegression,Expected FG,spatial,spatial_surface,206.5217391304348,-22.753623188405797,-0.02865007461446234,,,,2014-2024
NBA,LogisticRegression,Expected FG,spatial,spatial_surface,213.768115942029,-22.753623188405797,-0.044876932934961616,,,,2014-2024
NBA,LogisticRegression,Expected FG,spatial,spatial_surface,221.0144927536232,-22.753623188405797,-0.061110065812135156,,,,2014-2024
NBA,LogisticRegression,Expected FG,spatial,spatial_surface,228.26086956521738,-22.753623188405797,-0.07734888174617047,,,,2014-2024
NBA,LogisticRegression,Expected FG,spatial,spatial_surface,235.50724637681162,-22.753623188405797,-0.09359286115391183,,,,2014-2024
NBA,LogisticRegression,Expected FG,spatial,spatial_surface,242.7536231884058,-22.753623188405797,-0.10984154578453673,,,,2014-2024
NBA,LogisticRegression,Expected FG,spatial,spatial_surface,250.0,-22.753623188405797,-0.12609452994730921,,,,2014-2024
NBA,LogisticRegression,Expected FG,spatial,spatial_surface,-250.0,-15.94202898550725,-0.1550867774351484,,,,2014-2024
NBA,LogisticRegression,Expected FG,spatial,spatial_surface,-242.7536231884058,-15.94202898550725,-0.1387963817573132,,,,2014-2024
NBA,LogisticRegression,Expected FG,spatial,spatial_surface,-235.5072463768116,-15.94202898550725,-0.12250800509683782,,,,2014-2024
NBA,LogisticRegression,Expected FG,spatial,spatial_surface,-228.26086956521738,-15.94202898550725,-0.10622183881781752,,,,2014-2024
NBA,LogisticRegression,Expected FG,spatial,spatial_surface,-221.0144927536232,-15.94202898550725,-0.08993809922321835,,,,2014-2024
NBA,LogisticRegression,Expected FG,spatial,spatial_surface,-213.768115942029,-15.94202898550725,-0.07365703174822452,,,,2014-2024
NBA,LogisticRegression,Expected FG,spatial,spatial_surface,-206.52173913043478,-15.94202898550725,-0.05737891602777123,,,,2014-2024
NBA,LogisticRegression,Expected FG,spatial,spatial_surface,-199.27536231884056,-15.94202898550725,-0.04110407205816197,,,,2014-2024
NBA,LogisticRegression,Expected FG,spatial,spatial_surface,-192.02898550724638,-15.94202898550725,-0.02483286773813162,,,,2014-2024
NBA,LogisticRegression,Expected FG,spatial,spatial_surface,-184.7826086956522,-15.94202898550725,-0.00856572816287074,,,,2014-2024
NBA,LogisticRegression,Expected FG,spatial,spatial_surface,-177.53623188405797,-15.94202898550725,0.007696852835475665,,,,2014-2024
NBA,LogisticRegression,Expected FG,spatial,spatial_surface,-170.28985507246375,-15.94202898550725,0.023954298242270605,,,,2014-2024
NBA,LogisticRegression,Expected FG,spatial,spatial_surface,-163.04347826086956,-15.94202898550725,0.040205929621552575,,,,2014-2024
NBA,LogisticRegression,Expected FG,spatial,spatial_surface,-155.79710144927537,-15.94202898550725,0.05645094387198607,,,,2014-2024
NBA,LogisticRegression,Expected FG,spatial,spatial_surface,-148.55072463768116,-15.94202898550725,0.07268838330343325,,,,2014-2024
NBA,LogisticRegression,Expected FG,spatial,spatial_surface,-141.30434782608694,-15.94202898550725,0.088917096690202,,,,2014-2024
NBA,LogisticRegression,Expected FG,spatial,spatial_surface,-134.05797101449275,-15.94202898550725,0.1051356879711443,,,,2014-2024
NBA,LogisticRegression,Expected FG,spatial,spatial_surface,-126.81159420289855,-15.94202898550725,0.12134244779067802,,,,2014-2024
NBA,LogisticRegression,Expected FG,spatial,spatial_surface,-119.56521739130434,-15.94202898550725,0.1375352608231893,,,,2014-2024
NBA,LogisticRegression,Expected FG,spatial,spatial_surface,-112.31884057971013,-15.94202898550725,0.15371147831822063,,,,2014-2024
NBA,LogisticRegression,Expected FG,spatial,spatial_surface,-105.07246376811594,-15.94202898550725,0.16986773972436936,,,,2014-2024
NBA,LogisticRegression,Expected FG,spatial,spatial_surface,-97.82608695652175,-15.94202898550725,0.18599971814717553,,,,2014-2024
NBA,LogisticRegression,Expected FG,spatial,spatial_surface,-90.57971014492753,-15.94202898550725,0.20210174913642548,,,,2014-2024
NBA,LogisticRegression,Expected FG,spatial,spatial_surface,-83.33333333333331,-15.94202898550725,0.21816627593294388,,,,2014-2024
NBA,LogisticRegression,Expected FG,spatial,spatial_surface,-76.08695652173913,-15.94202898550725,0.23418299719604782,,,,2014-2024
NBA,LogisticRegression,Expected FG,spatial,spatial_surface,-68.84057971014494,-15.94202898550725,0.25013751584613686,,,,2014-2024
NBA,LogisticRegression,Expected FG,spatial,spatial_surface,-61.59420289855072,-15.94202898550725,0.26600911863500665,,,,2014-2024
NBA,LogisticRegression,Expected FG,spatial,spatial_surface,-54.3478260869565,-15.94202898550725,0.28176697360490455,,,,2014-2024
NBA,LogisticRegression,Expected FG,spatial,spatial_surface,-47.10144927536231,-15.94202898550725,0.29736330265482325,,,,2014-2024
NBA,LogisticRegression,Expected FG,spatial,spatial_surface,-39.855072463768124,-15.94202898550725,0.31272044575442204,,,,2014-2024
NBA,LogisticRegression,Expected FG,spatial,spatial_surface,-32.60869565217391,-15.94202898550725,0.3277048631444183,,,,2014-2024
NBA,LogisticRegression,Expected FG,spatial,spatial_surface,-25.36231884057969,-15.94202898550725,0.3420718193923228,,,,2014-2024
NBA,LogisticRegression,Expected FG,spatial,spatial_surface,-18.1159420289855,-15.94202898550725,0.35534469230719723,,,,2014-2024
NBA,LogisticRegression,Expected FG,spatial,spatial_surface,-10.869565217391312,-15.94202898550725,0.36659228144622485,,,,2014-2024
NBA,LogisticRegression,Expected FG,spatial,spatial_surface,-3.6231884057970944,-15.94202898550725,0.3749392050535305,,,,2014-2024
NBA,LogisticRegression,Expected FG,spatial,spatial_surface,3.623188405797123,-15.94202898550725,0.40000576463934173,,,,2014-2024
NBA,LogisticRegression,Expected FG,spatial,spatial_surface,10.869565217391312,-15.94202898550725,0.3950784826678432,,,,2014-2024
NBA,LogisticRegression,Expected FG,spatial,spatial_surface,18.1159420289855,-15.94202898550725,0.38453575579003063,,,,2014-2024
NBA,LogisticRegression,Expected FG,spatial,spatial_surface,25.362318840579746,-15.94202898550725,0.37156595174265905,,,,2014-2024
NBA,LogisticRegression,Expected FG,spatial,spatial_surface,32.608695652173935,-15.94202898550725,0.3573675393688489,,,,2014-2024
NBA,LogisticRegression,Expected FG,spatial,spatial_surface,39.855072463768124,-15.94202898550725,0.3424904259229963,,,,2014-2024
NBA,LogisticRegression,Expected FG,spatial,spatial_surface,47.10144927536231,-15.94202898550725,0.3272075881480592,,,,2014-2024
NBA,LogisticRegression,Expected FG,spatial,spatial_surface,54.3478260869565,-15.94202898550725,0.311665757532036,,,,2014-2024
NBA,LogisticRegression,Expected FG,spatial,spatial_surface,61.59420289855075,-15.94202898550725,0.2959495817108061,,,,2014-2024
NBA,LogisticRegression,Expected FG,spatial,spatial_surface,68.84057971014494,-15.94202898550725,0.280110885601233,,,,2014-2024
NBA,LogisticRegression,Expected FG,spatial,spatial_surface,76.08695652173913,-15.94202898550725,0.2641830068968899,,,,2014-2024
NBA,LogisticRegression,Expected FG,spatial,spatial_surface,83.33333333333337,-15.94202898550725,0.24818829328052638,,,,2014-2024
NBA,LogisticRegression,Expected FG,spatial,spatial_surface,90.57971014492756,-15.94202898550725,0.23214225337606792,,,,2014-2024
NBA,LogisticRegression,Expected FG,spatial,spatial_surface,97.82608695652175,-15.94202898550725,0.21605597079042882,,,,2014-2024
NBA,LogisticRegression,Expected FG,spatial,spatial_surface,105.07246376811594,-15.94202898550725,0.19993756878971616,,,,2014-2024
NBA,LogisticRegression,Expected FG,spatial,spatial_surface,112.31884057971013,-15.94202898550725,0.1837931321581587,,,,2014-2024
NBA,LogisticRegression,Expected FG,spatial,spatial_surface,119.56521739130437,-15.94202898550725,0.1676273062387256,,,,2014-2024
NBA,LogisticRegression,Expected FG,spatial,spatial_surface,126.81159420289856,-15.94202898550725,0.15144369725168602,,,,2014-2024
NBA,LogisticRegression,Expected FG,spatial,spatial_surface,134.05797101449275,-15.94202898550725,0.135245146504337,,,,2014-2024
NBA,LogisticRegression,Expected FG,spatial,spatial_surface,141.304347826087,-15.94202898550725,0.11903392238398927,,,,2014-2024
NBA,LogisticRegression,Expected FG,spatial,spatial_surface,148.55072463768118,-15.94202898550725,0.1028118574447398,,,,2014-2024
NBA,LogisticRegression,Expected FG,spatial,spatial_surface,155.79710144927537,-15.94202898550725,0.08658044802734104,,,,2014-2024
NBA,LogisticRegression,Expected FG,spatial,spatial_surface,163.04347826086956,-15.94202898550725,0.07034092781083758,,,,2014-2024
NBA,LogisticRegression,Expected FG,spatial,spatial_surface,170.28985507246375,-15.94202898550725,0.054094322904993206,,,,2014-2024
NBA,LogisticRegression,Expected FG,spatial,spatial_surface,177.536231884058,-15.94202898550725,0.03784149366086109,,,,2014-2024
NBA,LogisticRegression,Expected FG,spatial,spatial_surface,184.7826086956522,-15.94202898550725,0.021583166784252428,,,,2014-2024
NBA,LogisticRegression,Expected FG,spatial,spatial_surface,192.02898550724638,-15.94202898550725,0.005319960273994395,,,,2014-2024
NBA,LogisticRegression,Expected FG,spatial,spatial_surface,199.27536231884062,-15.94202898550725,-0.010947597014641458,,,,2014-2024
NBA,LogisticRegression,Expected FG,spatial,spatial_surface,206.5217391304348,-15.94202898550725,-0.02721904987866025,,,,2014-2024
NBA,LogisticRegression,Expected FG,spatial,spatial_surface,213.768115942029,-15.94202898550725,-0.04349400439377485,,,,2014-2024
NBA,LogisticRegression,Expected FG,spatial,spatial_surface,221.0144927536232,-15.94202898550725,-0.05977211795119222,,,,2014-2024
NBA,LogisticRegression,Expected FG,spatial,spatial_surface,228.26086956521738,-15.94202898550725,-0.0760530911748174,,,,2014-2024
NBA,LogisticRegression,Expected FG,spatial,spatial_surface,235.50724637681162,-15.94202898550725,-0.09233666131790894,,,,2014-2024
NBA,LogisticRegression,Expected FG,spatial,spatial_surface,242.7536231884058,-15.94202898550725,-0.10862259683293177,,,,2014-2024
NBA,LogisticRegression,Expected FG,spatial,spatial_surface,250.0,-15.94202898550725,-0.12491069287866105,,,,2014-2024
NBA,LogisticRegression,Expected FG,spatial,spatial_surface,-250.0,-9.130434782608695,-0.15431839421743507,,,,2014-2024
NBA,LogisticRegression,Expected FG,spatial,spatial_surface,-242.7536231884058,-9.130434782608695,-0.13800512625451747,,,,2014-2024
NBA,LogisticRegression,Expected FG,spatial,spatial_surface,-235.5072463768116,-9.130434782608695,-0.12169247599715746,,,,2014-2024
NBA,LogisticRegression,Expected FG,spatial,spatial_surface,-228.26086956521738,-9.130434782608695,-0.10538050217451742,,,,2014-2024
NBA,LogisticRegression,Expected FG,spatial,spatial_surface,-221.0144927536232,-9.130434782608695,-0.08906927120078201,,,,2014-2024
NBA,LogisticRegression,Expected FG,spatial,spatial_surface,-213.768115942029,-9.130434782608695,-0.0727588584740379,,,,2014-2024
NBA,LogisticRegression,Expected FG,spatial,spatial_surface,-206.52173913043478,-9.130434782608695,-0.05644934994766401,,,,2014-2024
NBA,LogisticRegression,Expected FG,spatial,spatial_surface,-199.27536231884056,-9.130434782608695,-0.04014084404329771,,,,2014-2024
NBA,LogisticRegression,Expected FG,spatial,spatial_surface,-192.02898550724638,-9.130434782608695,-0.023833453995212583,,,,2014-2024
NBA,LogisticRegression,Expected FG,spatial,spatial_surface,-184.7826086956522,-9.130434782608695,-0.007527310743949828,,,,2014-2024
NBA,LogisticRegression,Expected FG,spatial,spatial_surface,-177.53623188405797,-9.130434782608695,0.008777433464662227,,,,2014-2024
NBA,LogisticRegression,Expected FG,spatial,spatial_surface,-170.28985507246375,-9.130434782608695,0.02508060056618061,,,,2014-2024
NBA,LogisticRegression,Expected FG,spatial,spatial_surface,-163.04347826086956,-9.130434782608695,0.04138198096717492,,,,2014-2024
NBA,LogisticRegression,Expected FG,spatial,spatial_surface,-155.79710144927537,-9.130434782608695,0.05768132625067335,,,,2014-2024
NBA,LogisticRegression,Expected FG,spatial,spatial_surface,-148.55072463768116,-9.130434782608695,0.0739783397603899,,,,2014-2024
NBA,LogisticRegression,Expected FG,spatial,spatial_surface,-141.30434782608694,-9.130434782608695,0.0902726643083389,,,,2014-2024
NBA,LogisticRegression,Expected FG,spatial,spatial_surface,-134.05797101449275,-9.130434782608695,0.10656386592692602,,,,2014-2024
NBA,LogisticRegression,Expected FG,spatial,spatial_surface,-126.81159420289855,-9.130434782608695,0.1228514120986974,,,,2014-2024
NBA,LogisticRegression,Expected FG,spatial,spatial_surface,-119.56521739130434,-9.130434782608695,0.13913464214632826,,,,2014-2024
NBA,LogisticRegression,Expected FG,spatial,spatial_surface,-112.31884057971013,-9.130434782608695,0.1554127262853771,,,,2014-2024
NBA,LogisticRegression,Expected FG,spatial,spatial_surface,-105.07246376811594,-9.130434782608695,0.17168460794188442,,,,2014-2024
NBA,LogisticRegression,Expected FG,spatial,spatial_surface,-97.82608695652175,-9.130434782608695,0.18794892079318365,,,,2014-2024
NBA,LogisticRegression,Expected FG,spatial,spatial_surface,-90.57971014492753,-9.130434782608695,0.20420386663176948,,,,2014-2024
NBA,LogisticRegression,Expected FG,spatial,spatial_surface,-83.33333333333331,-9.130434782608695,0.22044703070431715,,,,2014-2024
NBA,LogisticRegression,Expected FG,spatial,spatial_surface,-76.08695652173913,-9.130434782608695,0.2366750938689503,,,,2014-2024
NBA,LogisticRegression,Expected FG,spatial,spatial_surface,-68.84057971014494,-9.130434782608695,0.2528833677779115,,,,2014-2024
NBA,LogisticRegression,Expected FG,spatial,spatial_surface,-61.59420289855072,-9.130434782608695,0.2690650125526663,,,,2014-2024
NBA,LogisticRegression,Expected FG,spatial,spatial_surface,-54.3478260869565,-9.130434782608695,0.285209653776648,,,,2014-2024
NBA,LogisticRegression,Expected FG,spatial,spatial_surface,-47.10144927536231,-9.130434782608695,0.3013007886181195,,,,2014-2024
NBA,LogisticRegression,Expected FG,spatial,spatial_surface,-39.855072463768124,-9.130434782608695,0.3173105556359801,,,,2014-2024
NBA,LogisticRegression,Expected FG,spatial,spatial_surface,-32.60869565217391,-9.130434782608695,0.33318819404611977,,,,2014-2024
NBA,LogisticRegression,Expected FG,spatial,spatial_surface,-25.36231884057969,-9.130434782608695,0.3488315150908698,,,,2014-2024
NBA,LogisticRegression,Expected FG,spatial,spatial_surface,-18.1159420289855,-9.130434782608695,0.3640057430126913,,,,2014-2024
NBA,LogisticRegression,Expected FG,spatial,spatial_surface,-10.869565217391312,-9.130434782608695,0.3780794257190298,,,,2014-2024
NBA,LogisticRegression,Expected FG,spatial,spatial_surface,-3.6231884057970944,-9.130434782608695,0.38963870831456493,,,,2014-2024
NBA,LogisticRegression,Expected FG,spatial,spatial_surface,3.623188405797123,-9.130434782608695,0.41470526790037676,,,,2014-2024
NBA,LogisticRegression,Expected FG,spatial,spatial_surface,10.869565217391312,-9.130434782608695,0.4065656269406486,,,,2014-2024
NBA,LogisticRegression,Expected FG,spatial,spatial_surface,18.1159420289855,-9.130434782608695,0.3931968064955249,,,,2014-2024
NBA,LogisticRegression,Expected FG,spatial,spatial_surface,25.362318840579746,-9.130434782608695,0.37832564744120645,,,,2014-2024
NBA,LogisticRegression,Expected FG,spatial,spatial_surface,32.608695652173935,-9.130434782608695,0.3628508702705506,,,,2014-2024
NBA,LogisticRegression,Expected FG,spatial,spatial_surface,39.855072463768124,-9.130434782608695,0.34708053580455495,,,,2014-2024
NBA,LogisticRegression,Expected FG,spatial,spatial_surface,47.10144927536231,-9.130434782608695,0.33114507411135546,,,,2014-2024
NBA,LogisticRegression,Expected FG,spatial,spatial_surface,54.3478260869565,-9.130434782608695,0.3151084377037787,,,,2014-2024
NBA,LogisticRegression,Expected FG,spatial,spatial_surface,61.59420289855075,-9.130434782608695,0.2990054756284656,,,,2014-2024
NBA,LogisticRegression,Expected FG,spatial,spatial_surface,68.84057971014494,-9.130434782608695,0.28285673753300794,,,,2014-2024
NBA,LogisticRegression,Expected FG,spatial,spatial_surface,76.08695652173913,-9.130434782608695,0.2666751035697923,,,,2014-2024
NBA,LogisticRegression,Expected FG,spatial,spatial_surface,83.33333333333337,-9.130434782608695,0.25046904805189935,,,,2014-2024
NBA,LogisticRegression,Expected FG,spatial,spatial_surface,90.57971014492756,-9.130434782608695,0.23424437087141226,,,,2014-2024
NBA,LogisticRegression,Expected FG,spatial,spatial_surface,97.82608695652175,-9.130434782608695,0.2180051734364374,,,,2014-2024
NBA,LogisticRegression,Expected FG,spatial,spatial_surface,105.07246376811594,-9.130434782608695,0.2017544370072312,,,,2014-2024
NBA,LogisticRegression,Expected FG,spatial,spatial_surface,112.31884057971013,-9.130434782608695,0.18549438012531522,,,,2014-2024
NBA,LogisticRegression,Expected FG,spatial,spatial_surface,119.56521739130437,-9.130434782608695,0.16922668756186404,,,,2014-2024
NBA,LogisticRegression,Expected FG,spatial,spatial_surface,126.81159420289856,-9.130434782608695,0.1529526615597054,,,,2014-2024
NBA,LogisticRegression,Expected FG,spatial,spatial_surface,134.05797101449275,-9.130434782608695,0.13667332446011862,,,,2014-2024
NBA,LogisticRegression,Expected FG,spatial,spatial_surface,141.304347826087,-9.130434782608695,0.12038949000212604,,,,2014-2024
NBA,LogisticRegression,Expected FG,spatial,spatial_surface,148.55072463768118,-9.130434782608695,0.10410181390169622,,,,2014-2024
NBA,LogisticRegression,Expected FG,spatial,spatial_surface,155.79710144927537,-9.130434782608695,0.08781083040602845,,,,2014-2024
NBA,LogisticRegression,Expected FG,spatial,spatial_surface,163.04347826086956,-9.130434782608695,0.0715169791564606,,,,2014-2024
NBA,LogisticRegression,Expected FG,spatial,spatial_surface,170.28985507246375,-9.130434782608695,0.05522062522890295,,,,2014-2024
NBA,LogisticRegression,Expected FG,spatial,spatial_surface,177.536231884058,-9.130434782608695,0.03892207429004767,,,,2014-2024
NBA,LogisticRegression,Expected FG,spatial,spatial_surface,184.7826086956522,-9.130434782608695,0.022621584203173173,,,,2014-2024
NBA,LogisticRegression,Expected FG,spatial,spatial_surface,192.02898550724638,-9.130434782608695,0.006319374016913765,,,,2014-2024
NBA,LogisticRegression,Expected FG,spatial,spatial_surface,199.27536231884062,-9.130434782608695,-0.009984368999777449,,,,2014-2024
NBA,LogisticRegression,Expected FG,spatial,spatial_surface,206.5217391304348,-9.130434782608695,-0.02628948379855267,,,,2014-2024
NBA,LogisticRegression,Expected FG,spatial,spatial_surface,213.768115942029,-9.130434782608695,-0.042595831119588284,,,,2014-2024
NBA,LogisticRegression,Expected FG,spatial,spatial_surface,221.0144927536232,-9.130434782608695,-0.058903289928756236,,,,2014-2024
NBA,LogisticRegression,Expected FG,spatial,spatial_surface,228.26086956521738,-9.130434782608695,-0.07521175453151757,,,,2014-2024
NBA,LogisticRegression,Expected FG,spatial,spatial_surface,235.50724637681162,-9.130434782608695,-0.09152113221822852,,,,2014-2024
NBA,LogisticRegression,Expected FG,spatial,spatial_surface,242.7536231884058,-9.130434782608695,-0.10783134133013653,,,,2014-2024
NBA,LogisticRegression,Expected FG,spatial,spatial_surface,250.0,-9.130434782608695,-0.12414230966094739,,,,2014-2024
NBA,LogisticRegression,Expected FG,spatial,spatial_surface,-250.0,-2.318840579710141,-0.15396716534955765,,,,2014-2024
NBA,LogisticRegression,Expected FG,spatial,spatial_surface,-242.7536231884058,-2.318840579710141,-0.13764342071473015,,,,2014-2024
NBA,LogisticRegression,Expected FG,spatial,spatial_surface,-235.5072463768116,-2.318840579710141,-0.12131964981724622,,,,2014-2024
NBA,LogisticRegression,Expected FG,spatial,spatial_surface,-228.26086956521738,-2.318840579710141,-0.10499585015564825,,,,2014-2024
NBA,LogisticRegression,Expected FG,spatial,spatial_surface,-221.0144927536232,-2.318840579710141,-0.08867201890037435,,,,2014-2024
NBA,LogisticRegression,Expected FG,spatial,spatial_surface,-213.768115942029,-2.318840579710141,-0.07234815283813814,,,,2014-2024
NBA,LogisticRegression,Expected FG,spatial,spatial_surface,-206.52173913043478,-2.318840579710141,-0.056024248304598734,,,,2014-2024
NBA,LogisticRegression,Expected FG,spatial,spatial_surface,-199.27536231884056,-2.318840579710141,-0.03970030110233247,,,,2014-2024
NBA,LogisticRegression,Expected FG,spatial,spatial_surface,-192.02898550724638,-2.318840579710141,-0.023376306400232777,,,,2014-2024
NBA,LogisticRegression,Expected FG,spatial,spatial_surface,-184.7826086956522,-2.318840579710141,-0.007052258609229839,,,,2014-2024
NBA,LogisticRegression,Expected FG,spatial,spatial_surface,-177.53623188405797,-2.318840579710141,0.009271848772431701,,,,2014-2024
NBA,LogisticRegression,Expected FG,spatial,spatial_surface,-170.28985507246375,-2.318840579710141,0.025596023353433084,,,,2014-2024
NBA,LogisticRegression,Expected FG,spatial,spatial_surface,-163.04347826086956,-2.318840579710141,0.04192027409543225,,,,2014-2024
NBA,LogisticRegression,Expected FG,spatial,spatial_surface,-155.79710144927537,-2.318840579710141,0.058244611627807266,,,,2014-2024
NBA,LogisticRegression,Expected FG,spatial,spatial_surface,-148.55072463768116,-2.318840579710141,0.07456904865455302,,,,2014-2024
NBA,LogisticRegression,Expected FG,spatial,spatial_surface,-141.30434782608694,-2.318840579710141,0.09089360048643108,,,,2014-2024
NBA,LogisticRegression,Expected FG,spatial,spatial_surface,-134.05797101449275,-2.318840579710141,0.10721828574578836,,,,2014-2024
NBA,LogisticRegression,Expected FG,spatial,spatial_surface,-126.81159420289855,-2.318840579710141,0.1235431273131522,,,,2014-2024
NBA,LogisticRegression,Expected FG,spatial,spatial_surface,-119.56521739130434,-2.318840579710141,0.13986815361823973,,,,2014-2024
NBA,LogisticRegression,Expected FG,spatial,spatial_surface,-112.31884057971013,-2.318840579710141,0.1561934004310395,,,,2014-2024
NBA,LogisticRegression,Expected FG,spatial,spatial_surface,-105.07246376811594,-2.318840579710141,0.17251891339456216,,,,2014-2024
NBA,LogisticRegression,Expected FG,spatial,spatial_surface,-97.82608695652175,-2.318840579710141,0.1888447516842129,,,,2014-2024
NBA,LogisticRegression,Expected FG,spatial,spatial_surface,-90.57971014492753,-2.318840579710141,0.20517099342533027,,,,2014-2024
NBA,LogisticRegression,Expected FG,spatial,spatial_surface,-83.33333333333331,-2.318840579710141,0.22149774394043775,,,,2014-2024
NBA,LogisticRegression,Expected FG,spatial,spatial_surface,-76.08695652173913,-2.318840579710141,0.23782514871540544,,,,2014-2024
NBA,LogisticRegression,Expected FG,spatial,spatial_surface,-68.84057971014494,-2.318840579710141,0.2541534145676724,,,,2014-2024
NBA,LogisticRegression,Expected FG,spatial,spatial_surface,-61.59420289855072,-2.318840579710141,0.2704828457854226,,,,2014-2024
NBA,LogisticRegression,Expected FG,spatial,spatial_surface,-54.3478260869565,-2.318840579710141,0.286813909247277,,,,2014-2024
NBA,LogisticRegression,Expected FG,spatial,spatial_surface,-47.10144927536231,-2.318840579710141,0.30314735983692853,,,,2014-2024
NBA,LogisticRegression,Expected FG,spatial,spatial_surface,-39.855072463768124,-2.318840579710141,0.31948450323261457,,,,2014-2024
NBA,LogisticRegression,Expected FG,spatial,spatial_surface,-32.60869565217391,-2.318840579710141,0.33582781108812576,,,,2014-2024
NBA,LogisticRegression,Expected FG,spatial,spatial_surface,-25.36231884057969,-2.318840579710141,0.35218259992655726,,,,2014-2024
NBA,LogisticRegression,Expected FG,spatial,spatial_surface,-18.1159420289855,-2.318840579710141,0.36856279878370063,,,,2014-2024
NBA,LogisticRegression,Expected FG,spatial,spatial_surface,-10.869565217391312,-2.318840579710141,0.3850205209854983,,,,2014-2024
NBA,LogisticRegression,Expected FG,spatial,spatial_surface,-3.6231884057970944,-2.318840579710141,0.4020762305645794,,,,2014-2024
NBA,LogisticRegression,Expected FG,spatial,spatial_surface,3.623188405797123,-2.318840579710141,0.42714279015039125,,,,2014-2024
NBA,LogisticRegression,Expected FG,spatial,spatial_surface,10.869565217391312,-2.318840579710141,0.41350672220711715,,,,2014-2024
NBA,LogisticRegression,Expected FG,spatial,spatial_surface,18.1159420289855,-2.318840579710141,0.39775386226653453,,,,2014-2024
NBA,LogisticRegression,Expected FG,spatial,spatial_surface,25.362318840579746,-2.318840579710141,0.38167673227689386,,,,2014-2024
NBA,LogisticRegression,Expected FG,spatial,spatial_surface,32.608695652173935,-2.318840579710141,0.3654904873125563,,,,2014-2024
NBA,LogisticRegression,Expected FG,spatial,spatial_surface,39.855072463768124,-2.318840579710141,0.3492544834011894,,,,2014-2024
NBA,LogisticRegression,Expected FG,spatial,spatial_surface,47.10144927536231,-2.318840579710141,0.33299164533016457,,,,2014-2024
NBA,LogisticRegression,Expected FG,spatial,spatial_surface,54.3478260869565,-2.318840579710141,0.3167126931744084,,,,2014-2024
NBA,LogisticRegression,Expected FG,spatial,spatial_surface,61.59420289855075,-2.318840579710141,0.30042330886122126,,,,2014-2024
NBA,LogisticRegression,Expected FG,spatial,spatial_surface,68.84057971014494,-2.318840579710141,0.28412678432276867,,,,2014-2024
NBA,LogisticRegression,Expected FG,spatial,spatial_surface,76.08695652173913,-2.318840579710141,0.267825158416248,,,,2014-2024
NBA,LogisticRegression,Expected FG,spatial,spatial_surface,83.33333333333337,-2.318840579710141,0.2515197612880202,,,,2014-2024
NBA,LogisticRegression,Expected FG,spatial,spatial_surface,90.57971014492756,-2.318840579710141,0.23521149766497282,,,,2014-2024
NBA,LogisticRegression,Expected FG,spatial,spatial_surface,97.82608695652175,-2.318840579710141,0.21890100432746634,,,,2014-2024
NBA,LogisticRegression,Expected FG,spatial,spatial_surface,105.07246376811594,-2.318840579710141,0.20258874245990854,,,,2014-2024
NBA,LogisticRegression,Expected FG,spatial,spatial_surface,112.31884057971013,-2.318840579710141,0.18627505427097651,,,,2014-2024
NBA,LogisticRegression,Expected FG,spatial,spatial_surface,119.56521739130437,-2.318840579710141,0.16996019903377543,,,,2014-2024
NBA,LogisticRegression,Expected FG,spatial,spatial_surface,126.81159420289856,-2.318840579710141,0.15364437677415996,,,,2014-2024
NBA,LogisticRegression,Expected FG,spatial,spatial_surface,134.05797101449275,-2.318840579710141,0.13732774427898148,,,,2014-2024
NBA,LogisticRegression,Expected FG,spatial,spatial_surface,141.304347826087,-2.318840579710141,0.12101042618021826,,,,2014-2024
NBA,LogisticRegression,Expected FG,spatial,spatial_surface,148.55072463768118,-2.318840579710141,0.10469252279585894,,,,2014-2024
NBA,LogisticRegression,Expected FG,spatial,spatial_surface,155.79710144927537,-2.318840579710141,0.08837411578316179,,,,2014-2024
NBA,LogisticRegression,Expected FG,spatial,spatial_surface,163.04347826086956,-2.318840579710141,0.07205527228471738,,,,2014-2024
NBA,LogisticRegression,Expected FG,spatial,spatial_surface,170.28985507246375,-2.318840579710141,0.05573604801615553,,,,2014-2024
NBA,LogisticRegression,Expected FG,spatial,spatial_surface,177.536231884058,-2.318840579710141,0.039416489597816934,,,,2014-2024
NBA,LogisticRegression,Expected FG,spatial,spatial_surface,184.7826086956522,-2.318840579710141,0.02309663633789308,,,,2014-2024
NBA,LogisticRegression,Expected FG,spatial,spatial_surface,192.02898550724638,-2.318840579710141,0.0067765216118939875,,,,2014-2024
NBA,LogisticRegression,Expected FG,spatial,spatial_surface,199.27536231884062,-2.318840579710141,-0.009543826058811877,,,,2014-2024
NBA,LogisticRegression,Expected FG,spatial,spatial_surface,206.5217391304348,-2.318840579710141,-0.025864382155487836,,,,2014-2024
NBA,LogisticRegression,Expected FG,spatial,spatial_surface,213.768115942029,-2.318840579710141,-0.04218512548368836,,,,2014-2024
NBA,LogisticRegression,Expected FG,spatial,spatial_surface,221.0144927536232,-2.318840579710141,-0.058506037628348384,,,,2014-2024
NBA,LogisticRegression,Expected FG,spatial,spatial_surface,228.26086956521738,-2.318840579710141,-0.0748271025126484,,,,2014-2024
NBA,LogisticRegression,Expected FG,spatial,spatial_surface,235.50724637681162,-2.318840579710141,-0.09114830603831733,,,,2014-2024
NBA,LogisticRegression,Expected FG,spatial,spatial_surface,242.7536231884058,-2.318840579710141,-0.10746963579034877,,,,2014-2024
NBA,LogisticRegression,Expected FG,spatial,spatial_surface,250.0,-2.318840579710141,-0.12379108079306997,,,,2014-2024
NBA,LogisticRegression,Expected FG,spatial,spatial_surface,-250.0,4.492753623188406,-0.15389935061344975,,,,2014-2024
NBA,LogisticRegression,Expected FG,spatial,spatial_surface,-242.7536231884058,4.492753623188406,-0.13757358238190262,,,,2014-2024
NBA,LogisticRegression,Expected FG,spatial,spatial_surface,-235.5072463768116,4.492753623188406,-0.12124766342856727,,,,2014-2024
NBA,LogisticRegression,Expected FG,spatial,spatial_surface,-228.26086956521738,4.492753623188406,-0.10492157940803268,,,,2014-2024
NBA,LogisticRegression,Expected FG,spatial,spatial_surface,-221.0144927536232,4.492753623188406,-0.08859531409507732,,,,2014-2024
NBA,LogisticRegression,Expected FG,spatial,spatial_surface,-213.768115942029,4.492753623188406,-0.07226884906638995,,,,2014-2024
NBA,LogisticRegression,Expected FG,spatial,spatial_surface,-206.52173913043478,4.492753623188406,-0.05594216331536875,,,,2014-2024
NBA,LogisticRegression,Expected FG,spatial,spatial_surface,-199.27536231884056,4.492753623188406,-0.0396152327829952,,,,2014-2024
NBA,LogisticRegression,Expected FG,spatial,spatial_surface,-192.02898550724638,4.492753623188406,-0.023288029782640413,,,,2014-2024
NBA,LogisticRegression,Expected FG,spatial,spatial_surface,-184.7826086956522,4.492753623188406,-0.006960522289755411,,,,2014-2024
NBA,LogisticRegression,Expected FG,spatial,spatial_surface,-177.53623188405797,4.492753623188406,0.009367326942102738,,,,2014-2024
NBA,LogisticRegression,Expected FG,spatial,spatial_surface,-170.28985507246375,4.492753623188406,0.025695561490519436,,,,2014-2024
NBA,LogisticRegression,Expected FG,spatial,spatial_surface,-163.04347826086956,4.492753623188406,0.04202423266867546,,,,2014-2024
NBA,LogisticRegression,Expected FG,spatial,spatial_surface,-155.79710144927537,4.492753623188406,0.058353401320883014,,,,2014-2024
NBA,LogisticRegression,Expected FG,spatial,spatial_surface,-148.55072463768116,4.492753623188406,0.07468314014238688,,,,2014-2024
NBA,LogisticRegression,Expected FG,spatial,spatial_surface,-141.30434782608694,4.492753623188406,0.0910135367110687,,,,2014-2024
NBA,LogisticRegression,Expected FG,spatial,spatial_surface,-134.05797101449275,4.492753623188406,0.1073446974995531,,,,2014-2024
NBA,LogisticRegression,Expected FG,spatial,spatial_surface,-126.81159420289855,4.492753623188406,0.12367675325845379,,,,2014-2024
NBA,LogisticRegression,Expected FG,spatial,spatial_surface,-119.56521739130434,4.492753623188406,0.1400098663501206,,,,2014-2024
NBA,LogisticRegression,Expected FG,spatial,spatial_surface,-112.31884057971013,4.492753623188406,0.15634424090977775,,,,2014-2024
NBA,LogisticRegression,Expected FG,spatial,spatial_surface,-105.07246376811594,4.492753623188406,0.17268013719202868,,,,2014-2024
NBA,LogisticRegression,Expected FG,spatial,spatial_surface,-97.82608695652175,4.492753623188406,0.18901789226029525,,,,2014-2024
NBA,LogisticRegression,Expected FG,spatial,spatial_surface,-90.57971014492753,4.492753623188406,0.2053579505474507,,,,2014-2024
NBA,LogisticRegression,Expected FG,spatial,spatial_surface,-83.33333333333331,4.492753623188406,0.2217009102494173,,,,2014-2024
NBA,LogisticRegression,Expected FG,spatial,spatial_surface,-76.08695652173913,4.492753623188406,0.23804759601023237,,,,2014-2024
NBA,LogisticRegression,Expected FG,spatial,spatial_surface,-68.84057971014494,4.492753623188406,0.2543991770587689,,,,2014-2024
NBA,LogisticRegression,Expected FG,spatial,spatial_surface,-61.59420289855072,4.492753623188406,0.27075736772787085,,,,2014-2024
NBA,LogisticRegression,Expected FG,spatial,spatial_surface,-54.3478260869565,4.492753623188406,0.28712478596655966,,,,2014-2024
NBA,LogisticRegression,Expected FG,spatial,spatial_surface,-47.10144927536231,4.492753623188406,0.3035056363618228,,,,2014-2024
NBA,LogisticRegression,Expected FG,spatial,spatial_surface,-39.855072463768124,4.492753623188406,0.31990711895515944,,,,2014-2024
NBA,LogisticRegression,Expected FG,spatial,spatial_surface,-32.60869565217391,4.492753623188406,0.3363426479560586,,,,2014-2024
NBA,LogisticRegression,Expected FG,spatial,spatial_surface,-25.36231884057969,4.492753623188406,0.35284028278394886,,,,2014-2024
NBA,LogisticRegression,Expected FG,spatial,spatial_surface,-18.1159420289855,4.492753623188406,0.3694694769508102,,,,2014-2024
NBA,LogisticRegression,Expected FG,spatial,spatial_surface,-10.869565217391312,4.492753623188406,0.38645330237407627,,,,2014-2024
NBA,LogisticRegression,Expected FG,spatial,spatial_surface,-3.6231884057970944,4.492753623188406,0.40476274112761945,,,,2014-2024
NBA,LogisticRegression,Expected FG,spatial,spatial_surface,3.623188405797123,4.492753623188406,0.41783360176027684,,,,2014-2024
NBA,LogisticRegression,Expected FG,spatial,spatial_surface,10.869565217391312,4.492753623188406,0.4091576194671312,,,,2014-2024
NBA,LogisticRegression,Expected FG,spatial,spatial_surface,18.1159420289855,4.492753623188406,0.3950406462291231,,,,2014-2024
NBA,LogisticRegression,Expected FG,spatial,spatial_surface,25.362318840579746,4.492753623188406,0.3797167101398221,,,,2014-2024
NBA,LogisticRegression,Expected FG,spatial,spatial_surface,32.608695652173935,4.492753623188406,0.36395880930579333,,,,2014-2024
NBA,LogisticRegression,Expected FG,spatial,spatial_surface,39.855072463768124,4.492753623188406,0.34799827137096756,,,,2014-2024
NBA,LogisticRegression,Expected FG,spatial,spatial_surface,47.10144927536231,4.492753623188406,0.33192721808905845,,,,2014-2024
NBA,LogisticRegression,Expected FG,spatial,spatial_surface,54.3478260869565,4.492753623188406,0.31578938282813884,,,,2014-2024
NBA,LogisticRegression,Expected FG,spatial,spatial_surface,61.59420289855075,4.492753623188406,0.2996081464913124,,,,2014-2024
NBA,LogisticRegression,Expected FG,spatial,spatial_surface,68.84057971014494,4.492753623188406,0.28339712895845326,,,,2014-2024
NBA,LogisticRegression,Expected FG,spatial,spatial_surface,76.08695652173913,4.492753623188406,0.2671647964792144,,,,2014-2024
NBA,LogisticRegression,Expected FG,spatial,spatial_surface,83.33333333333337,4.492753623188406,0.2509166866163882,,,,2014-2024
NBA,LogisticRegression,Expected FG,spatial,spatial_surface,90.57971014492756,4.492753623188406,0.23465657294478984,,,,2014-2024
NBA,LogisticRegression,Expected FG,spatial,spatial_surface,97.82608695652175,4.492753623188406,0.2183871152157856,,,,2014-2024
NBA,LogisticRegression,Expected FG,spatial,spatial_surface,105.07246376811594,4.492753623188406,0.20211024185289292,,,,2014-2024
NBA,LogisticRegression,Expected FG,spatial,spatial_surface,112.31884057971013,4.492753623188406,0.18582738502770035,,,,2014-2024
NBA,LogisticRegression,Expected FG,spatial,spatial_surface,119.56521739130437,4.492753623188406,0.16953963057532292,,,,2014-2024
NBA,LogisticRegression,Expected FG,spatial,spatial_surface,126.81159420289856,4.492753623188406,0.15324781667955142,,,,2014-2024
NBA,LogisticRegression,Expected FG,spatial,spatial_surface,134.05797101449275,4.492753623188406,0.13695260064505235,,,,2014-2024
NBA,LogisticRegression,Expected FG,spatial,spatial_surface,141.304347826087,4.492753623188406,0.12065450517739097,,,,2014-2024
NBA,LogisticRegression,Expected FG,spatial,spatial_surface,148.55072463768118,4.492753623188406,0.10435395114904472,,,,2014-2024
NBA,LogisticRegression,Expected FG,spatial,spatial_surface,155.79710144927537,4.492753623188406,0.08805128124047482,,,,2014-2024
NBA,LogisticRegression,Expected FG,spatial,spatial_surface,163.04347826086956,4.492753623188406,0.07174677728881343,,,,2014-2024
NBA,LogisticRegression,Expected FG,spatial,spatial_surface,170.28985507246375,4.492753623188406,0.05544067321471155,,,,2014-2024
NBA,LogisticRegression,Expected FG,spatial,spatial_surface,177.536231884058,4.492753623188406,0.03913316478839146,,,,2014-2024
NBA,LogisticRegression,Expected FG,spatial,spatial_surface,184.7826086956522,4.492753623188406,0.02282441710111746,,,,2014-2024
NBA,LogisticRegression,Expected FG,spatial,spatial_surface,192.02898550724638,4.492753623188406,0.0065145703472533345,,,,2014-2024
NBA,LogisticRegression,Expected FG,spatial,spatial_surface,199.27536231884062,4.492753623188406,-0.009796255653675895,,,,2014-2024
NBA,LogisticRegression,Expected FG,spatial,spatial_surface,206.5217391304348,4.492753623188406,-0.026107957885850575,,,,2014-2024
NBA,LogisticRegression,Expected FG,spatial,spatial_surface,213.768115942029,4.492753623188406,-0.042420447291596275,,,,2014-2024
NBA,LogisticRegression,Expected FG,spatial,spatial_surface,221.0144927536232,4.492753623188406,-0.058733646485048724,,,,2014-2024
NBA,LogisticRegression,Expected FG,spatial,spatial_surface,228.26086956521738,4.492753623188406,-0.07504748790091761,,,,2014-2024
NBA,LogisticRegression,Expected FG,spatial,spatial_surface,235.50724637681162,4.492753623188406,-0.0913619122847196,,,,2014-2024
NBA,LogisticRegression,Expected FG,spatial,spatial_surface,242.7536231884058,4.492753623188406,-0.10767686745320107,,,,2014-2024
NBA,LogisticRegression,Expected FG,spatial,spatial_surface,250.0,4.492753623188406,-0.12399230727017715,,,,2014-2024
NBA,LogisticRegression,Expected FG,spatial,spatial_surface,-250.0,11.304347826086953,-0.15412174162048523,,,,2014-2024
NBA,LogisticRegression,Expected FG,spatial,spatial_surface,-242.7536231884058,11.304347826086953,-0.13780261136953234,,,,2014-2024
NBA,LogisticRegression,Expected FG,spatial,spatial_surface,-235.5072463768116,11.304347826086953,-0.12148373883356492,,,,2014-2024
NBA,LogisticRegression,Expected FG,spatial,spatial_surface,-228.26086956521738,11.304347826086953,-0.10516514855858691,,,,2014-2024
NBA,LogisticRegression,Expected FG,spatial,spatial_surface,-221.0144927536232,11.304347826086953,-0.08884686831002536,,,,2014-2024
NBA,LogisticRegression,Expected FG,spatial,spatial_surface,-213.768115942029,11.304347826086953,-0.0725289296184485,,,,2014-2024
NBA,LogisticRegression,Expected FG,spatial,spatial_surface,-206.52173913043478,11.304347826086953,-0.056211368440183124,,,,2014-2024
NBA,LogisticRegression,Expected FG,spatial,spatial_surface,-199.27536231884056,11.304347826086953,-0.03989422596208492,,,,2014-2024
NBA,LogisticRegression,Expected FG,spatial,spatial_surface,-192.02898550724638,11.304347826086953,-0.023577549588539665,,,,2014-2024
NBA,LogisticRegression,Expected FG,spatial,spatial_surface,-184.7826086956522,11.304347826086953,-0.0072613941607225785,,,,2014-2024
NBA,LogisticRegression,Expected FG,spatial,spatial_surface,-177.53623188405797,11.304347826086953,0.00905417652550597,,,,2014-2024
NBA,LogisticRegression,Expected FG,spatial,spatial_surface,-170.28985507246375,11.304347826086953,0.025369087814117064,,,,2014-2024
NBA,LogisticRegression,Expected FG,spatial,spatial_surface,-163.04347826086956,11.304347826086953,0.041683251775242125,,,,2014-2024
NBA,LogisticRegression,Expected FG,spatial,spatial_surface,-155.79710144927537,11.304347826086953,0.0579965641178411,,,,2014-2024
NBA,LogisticRegression,Expected FG,spatial,spatial_surface,-148.55072463768116,11.304347826086953,0.07430890019866401,,,,2014-2024
NBA,LogisticRegression,Expected FG,spatial,spatial_surface,-141.30434782608694,11.304347826086953,0.09062010980308143,,,,2014-2024
NBA,LogisticRegression,Expected FG,spatial,spatial_surface,-134.05797101449275,11.304347826086953,0.10693001023306448,,,,2014-2024
NBA,LogisticRegression,Expected FG,spatial,spatial_surface,-126.81159420289855,11.304347826086953,0.12323837702518581,,,,2014-2024
NBA,LogisticRegression,Expected FG,spatial,spatial_surface,-119.56521739130434,11.304347826086953,0.13954493129325712,,,,2014-2024
NBA,LogisticRegression,Expected FG,spatial,spatial_surface,-112.31884057971013,11.304347826086953,0.15584932217144046,,,,2014-2024
NBA,LogisticRegression,Expected FG,spatial,spatial_surface,-105.07246376811594,11.304347826086953,0.17215110199314232,,,,2014-2024
NBA,LogisticRegression,Expected FG,spatial,spatial_surface,-97.82608695652175,11.304347826086953,0.18844969044055282,,,,2014-2024
NBA,LogisticRegression,Expected FG,spatial,spatial_surface,-90.57971014492753,11.304347826086953,0.20474432149226698,,,,2014-2024
NBA,LogisticRegression,Expected FG,spatial,spatial_surface,-83.33333333333331,11.304347826086953,0.221033962708296,,,,2014-2024
NBA,LogisticRegression,Expected FG,spatial,spatial_surface,-76.08695652173913,11.304347826086953,0.23731718843762833,,,,2014-2024
NBA,LogisticRegression,Expected FG,spatial,spatial_surface,-68.84057971014494,11.304347826086953,0.2535919730721237,,,,2014-2024
NBA,LogisticRegression,Expected FG,spatial,spatial_surface,-61.59420289855072,11.304347826086953,0.26985533872903084,,,,2014-2024
NBA,LogisticRegression,Expected FG,spatial,spatial_surface,-54.3478260869565,11.304347826086953,0.28610272223306277,,,,2014-2024
NBA,LogisticRegression,Expected FG,spatial,spatial_surface,-47.10144927536231,11.304347826086953,0.30232676177551254,,,,2014-2024
NBA,LogisticRegression,Expected FG,spatial,spatial_surface,-39.855072463768124,11.304347826086953,0.3185147757352156,,,,2014-2024
NBA,LogisticRegression,Expected FG,spatial,spatial_surface,-32.60869565217391,11.304347826086953,0.33464295414543394,,,,2014-2024
NBA,LogisticRegression,Expected FG,spatial,spatial_surface,-25.36231884057969,11.304347826086953,0.3506610336398441,,,,2014-2024
NBA,LogisticRegression,Expected FG,spatial,spatial_surface,-18.1159420289855,11.304347826086953,0.3664438474568318,,,,2014-2024
NBA,LogisticRegression,Expected FG,spatial,spatial_surface,-10.869565217391312,11.304347826086953,0.3815987695931631,,,,2014-2024
NBA,LogisticRegression,Expected FG,spatial,spatial_surface,-3.6231884057970944,11.304347826086953,0.3945723261362595,,,,2014-2024
NBA,LogisticRegression,Expected FG,spatial,spatial_surface,3.623188405797123,11.304347826086953,0.4005460812067526,,,,2014-2024
NBA,LogisticRegression,Expected FG,spatial,spatial_surface,10.869565217391312,11.304347826086953,0.39634773763556186,,,,2014-2024
NBA,LogisticRegression,Expected FG,spatial,spatial_surface,18.1159420289855,11.304347826086953,0.3859523509400719,,,,2014-2024
NBA,LogisticRegression,Expected FG,spatial,spatial_surface,25.362318840579746,11.304347826086953,0.3728388533465511,,,,2014-2024
NBA,LogisticRegression,Expected FG,spatial,spatial_surface,32.608695652173935,11.304347826086953,0.3584690613016729,,,,2014-2024
NBA,LogisticRegression,Expected FG,spatial,spatial_surface,39.855072463768124,11.304347826086953,0.34344494088220345,,,,2014-2024
NBA,LogisticRegression,Expected FG,spatial,spatial_surface,47.10144927536231,11.304347826086953,0.3280433506426201,,,,2014-2024
NBA,LogisticRegression,Expected FG,spatial,spatial_surface,54.3478260869565,11.304347826086953,0.3124061375538701,,,,2014-2024
NBA,LogisticRegression,Expected FG,spatial,spatial_surface,61.59420289855075,11.304347826086953,0.2966126372829294,,,,2014-2024
NBA,LogisticRegression,Expected FG,spatial,spatial_surface,68.84057971014494,11.304347826086953,0.2807104205438083,,,,2014-2024
NBA,LogisticRegression,Expected FG,spatial,spatial_surface,76.08695652173913,11.304347826086953,0.26472964448600195,,,,2014-2024
NBA,LogisticRegression,Expected FG,spatial,spatial_surface,83.33333333333337,11.304347826086953,0.2486903114716682,,,,2014-2024
NBA,LogisticRegression,Expected FG,spatial,spatial_surface,90.57971014492756,11.304347826086953,0.2326061929560959,,,,2014-2024
NBA,LogisticRegression,Expected FG,spatial,spatial_surface,97.82608695652175,11.304347826086953,0.2164870714567115,,,,2014-2024
NBA,LogisticRegression,Expected FG,spatial,spatial_surface,105.07246376811594,11.304347826086953,0.20034008267834474,,,,2014-2024
NBA,LogisticRegression,Expected FG,spatial,spatial_surface,112.31884057971013,11.304347826086953,0.18417055147173617,,,,2014-2024
NBA,LogisticRegression,Expected FG,spatial,spatial_surface,119.56521739130437,11.304347826086953,0.16798253058397183,,,,2014-2024
NBA,LogisticRegression,Expected FG,spatial,spatial_surface,126.81159420289856,11.304347826086953,0.15177915829879338,,,,2014-2024
NBA,LogisticRegression,Expected FG,spatial,spatial_surface,134.05797101449275,11.304347826086953,0.1355629020836942,,,,2014-2024
NBA,LogisticRegression,Expected FG,spatial,spatial_surface,141.304347826087,11.304347826086953,0.11933572841755102,,,,2014-2024
NBA,LogisticRegression,Expected FG,spatial,spatial_surface,148.55072463768118,11.304347826086953,0.10309922359474408,,,,2014-2024
NBA,LogisticRegression,Expected FG,spatial,spatial_surface,155.79710144927537,11.304347826086953,0.08685468123326166,,,,2014-2024
NBA,LogisticRegression,Expected FG,spatial,spatial_surface,163.04347826086956,11.304347826086953,0.07060316670855203,,,,2014-2024
NBA,LogisticRegression,Expected FG,spatial,spatial_surface,170.28985507246375,11.304347826086953,0.05434556530377084,,,,2014-2024
NBA,LogisticRegression,Expected FG,spatial,spatial_surface,177.536231884058,11.304347826086953,0.03808261867790126,,,,2014-2024
NBA,LogisticRegression,Expected FG,spatial,spatial_surface,184.7826086956522,11.304347826086953,0.021814952826434725,,,,2014-2024
NBA,LogisticRegression,Expected FG,spatial,spatial_surface,192.02898550724638,11.304347826086953,0.005543099761122411,,,,2014-2024
NBA,LogisticRegression,Expected FG,spatial,spatial_surface,199.27536231884062,11.304347826086953,-0.010732485506036948,,,,2014-2024
NBA,LogisticRegression,Expected FG,spatial,spatial_surface,206.5217391304348,11.304347826086953,-0.027011411530305424,,,,2014-2024
NBA,LogisticRegression,Expected FG,spatial,spatial_surface,213.768115942029,11.304347826086953,-0.04329333971665483,,,,2014-2024
NBA,LogisticRegression,Expected FG,spatial,spatial_surface,221.0144927536232,11.304347826086953,-0.059577975698296676,,,,2014-2024
NBA,LogisticRegression,Expected FG,spatial,spatial_surface,228.26086956521738,11.304347826086953,-0.07586506234844914,,,,2014-2024
NBA,LogisticRegression,Expected FG,spatial,spatial_surface,235.50724637681162,11.304347826086953,-0.09215437407567181,,,,2014-2024
NBA,LogisticRegression,Expected FG,spatial,spatial_surface,242.7536231884058,11.304347826086953,-0.1084457121360349,,,,2014-2024
NBA,LogisticRegression,Expected FG,spatial,spatial_surface,250.0,11.304347826086953,-0.1247389007569091,,,,2014-2024
NBA,LogisticRegression,Expected FG,spatial,spatial_surface,-250.0,18.1159420289855,-0.15476148693358002,,,,2014-2024
NBA,LogisticRegression,Expected FG,spatial,spatial_surface,-242.7536231884058,18.1159420289855,-0.13846140866842885,,,,2014-2024
NBA,LogisticRegression,Expected FG,spatial,spatial_surface,-235.5072463768116,18.1159420289855,-0.1221627562232869,,,,2014-2024
NBA,LogisticRegression,Expected FG,spatial,spatial_surface,-228.26086956521738,18.1159420289855,-0.10586566481875051,,,,2014-2024
NBA,LogisticRegression,Expected FG,spatial,spatial_surface,-221.0144927536232,18.1159420289855,-0.08957028731130792,,,,2014-2024
NBA,LogisticRegression,Expected FG,spatial,spatial_surface,-213.768115942029,18.1159420289855,-0.07327679716164298,,,,2014-2024
NBA,LogisticRegression,Expected FG,spatial,spatial_surface,-206.52173913043478,18.1159420289855,-0.056985392022490644,,,,2014-2024
NBA,LogisticRegression,Expected FG,spatial,spatial_surface,-199.27536231884056,18.1159420289855,-0.040696298102120915,,,,2014-2024
NBA,LogisticRegression,Expected FG,spatial,spatial_surface,-192.02898550724638,18.1159420289855,-0.02440977550605733,,,,2014-2024
NBA,LogisticRegression,Expected FG,spatial,spatial_surface,-184.7826086956522,18.1159420289855,-0.00812612482237357,,,,2014-2024
NBA,LogisticRegression,Expected FG,spatial,spatial_surface,-177.53623188405797,18.1159420289855,0.008154304698700793,,,,2014-2024
NBA,LogisticRegression,Expected FG,spatial,spatial_surface,-170.28985507246375,18.1159420289855,0.02443110490255765,,,,2014-2024
NBA,LogisticRegression,Expected FG,spatial,spatial_surface,-163.04347826086956,18.1159420289855,0.04070379579335881,,,,2014-2024
NBA,LogisticRegression,Expected FG,spatial,spatial_surface,-155.79710144927537,18.1159420289855,0.05697180903962648,,,,2014-2024
NBA,LogisticRegression,Expected FG,spatial,spatial_surface,-148.55072463768116,18.1159420289855,0.07323446672931105,,,,2014-2024
NBA,LogisticRegression,Expected FG,spatial,spatial_surface,-141.30434782608694,18.1159420289855,0.08949095370259973,,,,2014-2024
NBA,LogisticRegression,Expected FG,spatial,spatial_surface,-134.05797101449275,18.1159420289855,0.10574028108519397,,,,2014-2024
NBA,LogisticRegression,Expected FG,spatial,spatial_surface,-126.81159420289855,18.1159420289855,0.12198123758690274,,,,2014-2024
NBA,LogisticRegression,Expected FG,spatial,spatial_surface,-119.56521739130434,18.1159420289855,0.13821232351421875,,,,2014-2024
NBA,LogisticRegression,Expected FG,spatial,spatial_surface,-112.31884057971013,18.1159420289855,0.15443165992487576,,,,2014-2024
NBA,LogisticRegression,Expected FG,spatial,spatial_surface,-105.07246376811594,18.1159420289855,0.1706368613310805,,,,2014-2024
NBA,LogisticRegression,Expected FG,spatial,spatial_surface,-97.82608695652175,18.1159420289855,0.18682485378036157,,,,2014-2024
NBA,LogisticRegression,Expected FG,spatial,spatial_surface,-90.57971014492753,18.1159420289855,0.2029916090811396,,,,2014-2024
NBA,LogisticRegression,Expected FG,spatial,spatial_surface,-83.33333333333331,18.1159420289855,0.2191317467545351,,,,2014-2024
NBA,LogisticRegression,Expected FG,spatial,spatial_surface,-76.08695652173913,18.1159420289855,0.23523792085052386,,,,2014-2024
NBA,LogisticRegression,Expected FG,spatial,spatial_surface,-68.84057971014494,18.1159420289855,0.2512998444902392,,,,2014-2024
NBA,LogisticRegression,Expected FG,spatial,spatial_surface,-61.59420289855072,18.1159420289855,0.2673026797073874,,,,2014-2024
NBA,LogisticRegression,Expected FG,spatial,spatial_surface,-54.3478260869565,18.1159420289855,0.2832242636821125,,,,2014-2024
NBA,LogisticRegression,Expected FG,spatial,spatial_surface,-47.10144927536231,18.1159420289855,0.29903008786834817,,,,2014-2024
NBA,LogisticRegression,Expected FG,spatial,spatial_surface,-39.855072463768124,18.1159420289855,0.3146636732952547,,,,2014-2024
NBA,LogisticRegression,Expected FG,spatial,spatial_surface,-32.60869565217391,18.1159420289855,0.3300268769504785,,,,2014-2024
NBA,LogisticRegression,Expected FG,spatial,spatial_surface,-25.36231884057969,18.1159420289855,0.3449366828637077,,,,2014-2024
NBA,LogisticRegression,Expected FG,spatial,spatial_surface,-18.1159420289855,18.1159420289855,0.35902464396724254,,,,2014-2024
NBA,LogisticRegression,Expected FG,spatial,spatial_surface,-10.869565217391312,18.1159420289855,0.37150515936875894,,,,2014-2024
NBA,LogisticRegression,Expected FG,spatial,spatial_surface,-3.6231884057970944,18.1159420289855,0.3807822171627633,,,,2014-2024
NBA,LogisticRegression,Expected FG,spatial,spatial_surface,3.623188405797123,18.1159420289855,0.3845840035992853,,,,2014-2024
NBA,LogisticRegression,Expected FG,spatial,spatial_surface,10.869565217391312,18.1159420289855,0.3819134964545734,,,,2014-2024
NBA,LogisticRegression,Expected FG,spatial,spatial_surface,18.1159420289855,18.1159420289855,0.37415120551272213,,,,2014-2024
NBA,LogisticRegression,Expected FG,spatial,spatial_surface,25.362318840579746,18.1159420289855,0.36324396439236206,,,,2014-2024
NBA,LogisticRegression,Expected FG,spatial,spatial_surface,32.608695652173935,18.1159420289855,0.35051341655067764,,,,2014-2024
NBA,LogisticRegression,Expected FG,spatial,spatial_surface,39.855072463768124,18.1159420289855,0.33670006335508285,,,,2014-2024
NBA,LogisticRegression,Expected FG,spatial,spatial_surface,47.10144927536231,18.1159420289855,0.3222115397306464,,,,2014-2024
NBA,LogisticRegression,Expected FG,spatial,spatial_surface,54.3478260869565,18.1159420289855,0.3072805559295675,,,,2014-2024
NBA,LogisticRegression,Expected FG,spatial,spatial_surface,61.59420289855075,18.1159420289855,0.29204652745246074,,,,2014-2024
NBA,LogisticRegression,Expected FG,spatial,spatial_surface,68.84057971014494,18.1159420289855,0.2765969806779649,,,,2014-2024
NBA,LogisticRegression,Expected FG,spatial,spatial_surface,76.08695652173913,18.1159420289855,0.26098921190770985,,,,2014-2024
NBA,LogisticRegression,Expected FG,spatial,spatial_surface,83.33333333333337,18.1159420289855,0.24526211752024213,,,,2014-2024
NBA,LogisticRegression,Expected FG,spatial,spatial_surface,90.57971014492756,18.1159420289855,0.22944294573557733,,,,2014-2024
NBA,LogisticRegression,Expected FG,spatial,spatial_surface,97.82608695652175,18.1159420289855,0.21355131081065407,,,,2014-2024
NBA,LogisticRegression,Expected FG,spatial,spatial_surface,105.07246376811594,18.1159420289855,0.19760166926582717,,,,2014-2024
NBA,LogisticRegression,Expected FG,spatial,spatial_surface,112.31884057971013,18.1159420289855,0.18160489842720928,,,,2014-2024
NBA,LogisticRegression,Expected FG,spatial,spatial_surface,119.56521739130437,18.1159420289855,0.165569332549357,,,,2014-2024
NBA,LogisticRegression,Expected FG,spatial,spatial_surface,126.81159420289856,18.1159420289855,0.14950146081939147,,,,2014-2024
NBA,LogisticRegression,Expected FG,spatial,spatial_surface,134.05797101449275,18.1159420289855,0.13340640861992506,,,,2014-2024
NBA,LogisticRegression,Expected FG,spatial,spatial_surface,141.304347826087,18.1159420289855,0.11728827632206823,,,,2014-2024
NBA,LogisticRegression,Expected FG,spatial,spatial_surface,148.55072463768118,18.1159420289855,0.10115038228548279,,,,2014-2024
NBA,LogisticRegression,Expected FG,spatial,spatial_surface,155.79710144927537,18.1159420289855,0.08499544011887093,,,,2014-2024
NBA,LogisticRegression,Expected FG,spatial,spatial_surface,163.04347826086956,18.1159420289855,0.06882568998088205,,,,2014-2024
NBA,LogisticRegression,Expected FG,spatial,spatial_surface,170.28985507246375,18.1159420289855,0.052642997202942285,,,,2014-2024
NBA,LogisticRegression,Expected FG,spatial,spatial_surface,177.536231884058,18.1159420289855,0.036448927316436217,,,,2014-2024
NBA,LogisticRegression,Expected FG,spatial,spatial_surface,184.7826086956522,18.1159420289855,0.02024480379996621,,,,2014-2024
NBA,LogisticRegression,Expected FG,spatial,spatial_surface,192.02898550724638,18.1159420289855,0.004031753006568606,,,,2014-2024
NBA,LogisticRegression,Expected FG,spatial,spatial_surface,199.27536231884062,18.1159420289855,-0.012189260534860663,,,,2014-2024
NBA,LogisticRegression,Expected FG,spatial,spatial_surface,206.5217391304348,18.1159420289855,-0.028417406125976957,,,,2014-2024
NBA,LogisticRegression,Expected FG,spatial,spatial_surface,213.768115942029,18.1159420289855,-0.04465196451068282,,,,2014-2024
NBA,LogisticRegression,Expected FG,spatial,spatial_surface,221.0144927536232,18.1159420289855,-0.06089230982741897,,,,2014-2024
NBA,LogisticRegression,Expected FG,spatial,spatial_surface,228.26086956521738,18.1159420289855,-0.0771378949526852,,,,2014-2024
NBA,LogisticRegression,Expected FG,spatial,spatial_surface,235.50724637681162,18.1159420289855,-0.09338823951616718,,,,2014-2024
NBA,LogisticRegression,Expected FG,spatial,spatial_surface,242.7536231884058,18.1159420289855,-0.10964292003694451,,,,2014-2024
NBA,LogisticRegression,Expected FG,spatial,spatial_surface,250.0,18.1159420289855,-0.12590156175601278,,,,2014-2024
NBA,LogisticRegression,Expected FG,spatial,spatial_surface,-250.0,24.927536231884062,-0.15581697699687916,,,,2014-2024
NBA,LogisticRegression,Expected FG,spatial,spatial_surface,-242.7536231884058,24.927536231884062,-0.13954821700085998,,,,2014-2024
NBA,LogisticRegression,Expected FG,spatial,spatial_surface,-235.5072463768116,24.927536231884062,-0.12328279198061157,,,,2014-2024
NBA,LogisticRegression,Expected FG,spatial,spatial_surface,-228.26086956521738,24.927536231884062,-0.10702101659127031,,,,2014-2024
NBA,LogisticRegression,Expected FG,spatial,spatial_surface,-221.0144927536232,24.927536231884062,-0.0907632462497939,,,,2014-2024
NBA,LogisticRegression,Expected FG,spatial,spatial_surface,-213.768115942029,24.927536231884062,-0.07450988393723523,,,,2014-2024
NBA,LogisticRegression,Expected FG,spatial,spatial_surface,-206.52173913043478,24.927536231884062,-0.05826138840593462,,,,2014-2024
NBA,LogisticRegression,Expected FG,spatial,spatial_surface,-199.27536231884056,24.927536231884062,-0.042018284141078,,,,2014-2024
NBA,LogisticRegression,Expected FG,spatial,spatial_surface,-192.02898550724638,24.927536231884062,-0.025781173528663742,,,,2014-2024
NBA,LogisticRegression,Expected FG,spatial,spatial_surface,-184.7826086956522,24.927536231884062,-0.009550751819608627,,,,2014-2024
NBA,LogisticRegression,Expected FG,spatial,spatial_surface,-177.53623188405797,24.927536231884062,0.006672174333797798,,,,2014-2024
NBA,LogisticRegression,Expected FG,spatial,spatial_surface,-170.28985507246375,24.927536231884062,0.022886663737636537,,,,2014-2024
NBA,LogisticRegression,Expected FG,spatial,spatial_surface,-163.04347826086956,24.927536231884062,0.03909161152766463,,,,2014-2024
NBA,LogisticRegression,Expected FG,spatial,spatial_surface,-155.79710144927537,24.927536231884062,0.05528571217299172,,,,2014-2024
NBA,LogisticRegression,Expected FG,spatial,spatial_surface,-148.55072463768116,24.927536231884062,0.07146741203176786,,,,2014-2024
NBA,LogisticRegression,Expected FG,spatial,spatial_surface,-141.30434782608694,24.927536231884062,0.08763484787071046,,,,2014-2024
NBA,LogisticRegression,Expected FG,spatial,spatial_surface,-134.05797101449275,24.927536231884062,0.10378576629068391,,,,2014-2024
NBA,LogisticRegression,Expected FG,spatial,spatial_surface,-126.81159420289855,24.927536231884062,0.11991741682347326,,,,2014-2024
NBA,LogisticRegression,Expected FG,spatial,spatial_surface,-119.56521739130434,24.927536231884062,0.1360264081849773,,,,2014-2024
NBA,LogisticRegression,Expected FG,spatial,spatial_surface,-112.31884057971013,24.927536231884062,0.1521085121371741,,,,2014-2024
NBA,LogisticRegression,Expected FG,spatial,spatial_surface,-105.07246376811594,24.927536231884062,0.1681583915343613,,,,2014-2024
NBA,LogisticRegression,Expected FG,spatial,spatial_surface,-97.82608695652175,24.927536231884062,0.1841692165342552,,,,2014-2024
NBA,LogisticRegression,Expected FG,spatial,spatial_surface,-90.57971014492753,24.927536231884062,0.2001321123436279,,,,2014-2024
NBA,LogisticRegression,Expected FG,spatial,spatial_surface,-83.33333333333331,24.927536231884062,0.21603534728669507,,,,2014-2024
NBA,LogisticRegression,Expected FG,spatial,spatial_surface,-76.08695652173913,24.927536231884062,0.23186311038974305,,,,2014-2024
NBA,LogisticRegression,Expected FG,spatial,spatial_surface,-68.84057971014494,24.927536231884062,0.24759362203005014,,,,2014-2024
NBA,LogisticRegression,Expected FG,spatial,spatial_surface,-61.59420289855072,24.927536231884062,0.2631961283862816,,,,2014-2024
NBA,LogisticRegression,Expected FG,spatial,spatial_surface,-54.3478260869565,24.927536231884062,0.2786259684404,,,,2014-2024
NBA,LogisticRegression,Expected FG,spatial,spatial_surface,-47.10144927536231,24.927536231884062,0.29381620636091144,,,,2014-2024
NBA,LogisticRegression,Expected FG,spatial,spatial_surface,-39.855072463768124,24.927536231884062,0.30866297012469074,,,,2014-2024
NBA,LogisticRegression,Expected FG,spatial,spatial_surface,-32.60869565217391,24.927536231884062,0.3229990763700453,,,,2014-2024
NBA,LogisticRegression,Expected FG,spatial,spatial_surface,-25.36231884057969,24.927536231884062,0.3365462792383597,,,,2014-2024
NBA,LogisticRegression,Expected FG,spatial,spatial_surface,-18.1159420289855,24.927536231884062,0.34883306363719835,,,,2014-2024
NBA,LogisticRegression,Expected FG,spatial,spatial_surface,-10.869565217391312,24.927536231884062,0.3590815170904987,,,,2014-2024
NBA,LogisticRegression,Expected FG,spatial,spatial_surface,-3.6231884057970944,24.927536231884062,0.3661673548309857,,,,2014-2024
NBA,LogisticRegression,Expected FG,spatial,spatial_surface,3.623188405797123,24.927536231884062,0.36894726778485787,,,,2014-2024
NBA,LogisticRegression,Expected FG,spatial,spatial_surface,10.869565217391312,24.927536231884062,0.3670009244839212,,,,2014-2024
NBA,LogisticRegression,Expected FG,spatial,spatial_surface,18.1159420289855,24.927536231884062,0.3609368546627466,,,,2014-2024
NBA,LogisticRegression,Expected FG,spatial,spatial_surface,25.362318840579746,24.927536231884062,0.3518393473241781,,,,2014-2024
NBA,LogisticRegression,Expected FG,spatial,spatial_surface,32.608695652173935,24.927536231884062,0.3406817231283549,,,,2014-2024
NBA,LogisticRegression,Expected FG,spatial,spatial_surface,39.855072463768124,24.927536231884062,0.32815132365364214,,,,2014-2024
NBA,LogisticRegression,Expected FG,spatial,spatial_surface,47.10144927536231,24.927536231884062,0.3146945016191416,,,,2014-2024
NBA,LogisticRegression,Expected FG,spatial,spatial_surface,54.3478260869565,24.927536231884062,0.3005966786108665,,,,2014-2024
NBA,LogisticRegression,Expected FG,spatial,spatial_surface,61.59420289855075,24.927536231884062,0.2860427931840923,,,,2014-2024
NBA,LogisticRegression,Expected FG,spatial,spatial_surface,68.84057971014494,24.927536231884062,0.27115556501652605,,,,2014-2024
NBA,LogisticRegression,Expected FG,spatial,spatial_surface,76.08695652173913,24.927536231884062,0.2560186219237409,,,,2014-2024
NBA,LogisticRegression,Expected FG,spatial,spatial_surface,83.33333333333337,24.927536231884062,0.240690457805384,,,,2014-2024
NBA,LogisticRegression,Expected FG,spatial,spatial_surface,90.57971014492756,24.927536231884062,0.22521299202959733,,,,2014-2024
NBA,LogisticRegression,Expected FG,spatial,spatial_surface,97.82608695652175,24.927536231884062,0.20961693728866712,,,,2014-2024
NBA,LogisticRegression,Expected FG,spatial,spatial_surface,105.07246376811594,24.927536231884062,0.19392524843039385,,,,2014-2024
NBA,LogisticRegression,Expected FG,spatial,spatial_surface,112.31884057971013,24.927536231884062,0.17815539192771612,,,,2014-2024
NBA,LogisticRegression,Expected FG,spatial,spatial_surface,119.56521739130437,24.927536231884062,0.1623208735652896,,,,2014-2024
NBA,LogisticRegression,Expected FG,spatial,spatial_surface,126.81159420289856,24.927536231884062,0.14643228877526332,,,,2014-2024
NBA,LogisticRegression,Expected FG,spatial,spatial_surface,134.05797101449275,24.927536231884062,0.13049805901192232,,,,2014-2024
NBA,LogisticRegression,Expected FG,spatial,spatial_surface,141.304347826087,24.927536231884062,0.11452495735708698,,,,2014-2024
NBA,LogisticRegression,Expected FG,spatial,spatial_surface,148.55072463768118,24.927536231884062,0.0985184899103128,,,,2014-2024
NBA,LogisticRegression,Expected FG,spatial,spatial_surface,155.79710144927537,24.927536231884062,0.08248317674599014,,,,2014-2024
NBA,LogisticRegression,Expected FG,spatial,spatial_surface,163.04347826086956,24.927536231884062,0.06642276177741699,,,,2014-2024
NBA,LogisticRegression,Expected FG,spatial,spatial_surface,170.28985507246375,24.927536231884062,0.05034037153209721,,,,2014-2024
NBA,LogisticRegression,Expected FG,spatial,spatial_surface,177.536231884058,24.927536231884062,0.03423863669809868,,,,2014-2024
NBA,LogisticRegression,Expected FG,spatial,spatial_surface,184.7826086956522,24.927536231884062,0.018119786188652204,,,,2014-2024
NBA,LogisticRegression,Expected FG,spatial,spatial_surface,192.02898550724638,24.927536231884062,0.0019857206757322443,,,,2014-2024
NBA,LogisticRegression,Expected FG,spatial,spatial_surface,199.27536231884062,24.927536231884062,-0.014161929386235311,,,,2014-2024
NBA,LogisticRegression,Expected FG,spatial,spatial_surface,206.5217391304348,24.927536231884062,-0.030321757575377695,,,,2014-2024
NBA,LogisticRegression,Expected FG,spatial,spatial_surface,213.768115942029,24.927536231884062,-0.046492544441542966,,,,2014-2024
NBA,LogisticRegression,Expected FG,spatial,spatial_surface,221.0144927536232,24.927536231884062,-0.06267322754124219,,,,2014-2024
NBA,LogisticRegression,Expected FG,spatial,spatial_surface,228.26086956521738,24.927536231884062,-0.07886287703766659,,,,2014-2024
NBA,LogisticRegression,Expected FG,spatial,spatial_surface,235.50724637681162,24.927536231884062,-0.09506067569996476,,,,2014-2024
NBA,LogisticRegression,Expected FG,spatial,spatial_surface,242.7536231884058,24.927536231884062,-0.11126590240611653,,,,2014-2024
NBA,LogisticRegression,Expected FG,spatial,spatial_surface,250.0,24.927536231884062,-0.1274779184556699,,,,2014-2024
NBA,LogisticRegression,Expected FG,spatial,spatial_surface,-250.0,31.73913043478261,-0.15728569990615773,,,,2014-2024
NBA,LogisticRegression,Expected FG,spatial,spatial_surface,-242.7536231884058,31.73913043478261,-0.14106029536775952,,,,2014-2024
NBA,LogisticRegression,Expected FG,spatial,spatial_surface,-235.5072463768116,31.73913043478261,-0.1248408473755925,,,,2014-2024
NBA,LogisticRegression,Expected FG,spatial,spatial_surface,-228.26086956521738,31.73913043478261,-0.10862791417738452,,,,2014-2024
NBA,LogisticRegression,Expected FG,spatial,spatial_surface,-221.0144927536232,31.73913043478261,-0.0924221257047361,,,,2014-2024
NBA,LogisticRegression,Expected FG,spatial,spatial_surface,-213.768115942029,31.73913043478261,-0.07622419540296324,,,,2014-2024
NBA,LogisticRegression,Expected FG,spatial,spatial_surface,-206.52173913043478,31.73913043478261,-0.06003493447078895,,,,2014-2024
NBA,LogisticRegression,Expected FG,spatial,spatial_surface,-199.27536231884056,31.73913043478261,-0.043855269099309035,,,,2014-2024
NBA,LogisticRegression,Expected FG,spatial,spatial_surface,-192.02898550724638,31.73913043478261,-0.027686261469282686,,,,2014-2024
NBA,LogisticRegression,Expected FG,spatial,spatial_surface,-184.7826086956522,31.73913043478261,-0.011529135491992581,,,,2014-2024
NBA,LogisticRegression,Expected FG,spatial,spatial_surface,-177.53623188405797,31.73913043478261,0.004614691416731348,,,,2014-2024
NBA,LogisticRegression,Expected FG,spatial,spatial_surface,-170.28985507246375,31.73913043478261,0.02074356882631359,,,,2014-2024
NBA,LogisticRegression,Expected FG,spatial,spatial_surface,-163.04347826086956,31.73913043478261,0.03685556377477715,,,,2014-2024
NBA,LogisticRegression,Expected FG,spatial,spatial_surface,-155.79710144927537,31.73913043478261,0.05294839818852402,,,,2014-2024
NBA,LogisticRegression,Expected FG,spatial,spatial_surface,-148.55072463768116,31.73913043478261,0.06901936907771965,,,,2014-2024
NBA,LogisticRegression,Expected FG,spatial,spatial_surface,-141.30434782608694,31.73913043478261,0.08506524577924865,,,,2014-2024
NBA,LogisticRegression,Expected FG,spatial,spatial_surface,-134.05797101449275,31.73913043478261,0.10108213626526338,,,,2014-2024
NBA,LogisticRegression,Expected FG,spatial,spatial_surface,-126.81159420289855,31.73913043478261,0.11706531124933897,,,,2014-2024
NBA,LogisticRegression,Expected FG,spatial,spatial_surface,-119.56521739130434,31.73913043478261,0.1330089699620885,,,,2014-2024
NBA,LogisticRegression,Expected FG,spatial,spatial_surface,-112.31884057971013,31.73913043478261,0.14890592416963222,,,,2014-2024
NBA,LogisticRegression,Expected FG,spatial,spatial_surface,-105.07246376811594,31.73913043478261,0.16474716587211422,,,,2014-2024
NBA,LogisticRegression,Expected FG,spatial,spatial_surface,-97.82608695652175,31.73913043478261,0.18052126684347664,,,,2014-2024
NBA,LogisticRegression,Expected FG,spatial,spatial_surface,-90.57971014492753,31.73913043478261,0.19621353091425653,,,,2014-2024
NBA,LogisticRegression,Expected FG,spatial,spatial_surface,-83.33333333333331,31.73913043478261,0.2118047761549837,,,,2014-2024
NBA,LogisticRegression,Expected FG,spatial,spatial_surface,-76.08695652173913,31.73913043478261,0.22726955279271283,,,,2014-2024
NBA,LogisticRegression,Expected FG,spatial,spatial_surface,-68.84057971014494,31.73913043478261,0.24257348483360053,,,,2014-2024
NBA,LogisticRegression,Expected FG,spatial,spatial_surface,-61.59420289855072,31.73913043478261,0.2576692271032646,,,,2014-2024
NBA,LogisticRegression,Expected FG,spatial,spatial_surface,-54.3478260869565,31.73913043478261,0.2724902039745191,,,,2014-2024
NBA,LogisticRegression,Expected FG,spatial,spatial_surface,-47.10144927536231,31.73913043478261,0.28694077247328176,,,,2014-2024
NBA,LogisticRegression,Expected FG,spatial,spatial_surface,-39.855072463768124,31.73913043478261,0.30088068631331455,,,,2014-2024
NBA,LogisticRegression,Expected FG,spatial,spatial_surface,-32.60869565217391,31.73913043478261,0.31410092466231,,,,2014-2024
NBA,LogisticRegression,Expected FG,spatial,spatial_surface,-25.36231884057969,31.73913043478261,0.3262883176733858,,,,2014-2024
NBA,LogisticRegression,Expected FG,spatial,spatial_surface,-18.1159420289855,31.73913043478261,0.33698237613441995,,,,2014-2024
NBA,LogisticRegression,Expected FG,spatial,spatial_surface,-10.869565217391312,31.73913043478261,0.3455496668304546,,,,2014-2024
NBA,LogisticRegression,Expected FG,spatial,spatial_surface,-3.6231884057970944,31.73913043478261,0.3512445341121555,,,,2014-2024
NBA,LogisticRegression,Expected FG,spatial,spatial_surface,3.623188405797123,31.73913043478261,0.353433657840216,,,,2014-2024
NBA,LogisticRegression,Expected FG,spatial,spatial_surface,10.869565217391312,31.73913043478261,0.35190436082988713,,,,2014-2024
NBA,LogisticRegression,Expected FG,spatial,spatial_surface,18.1159420289855,31.73913043478261,0.34697151986069247,,,,2014-2024
NBA,LogisticRegression,Expected FG,spatial,spatial_surface,25.362318840579746,31.73913043478261,0.3392729206584129,,,,2014-2024
NBA,LogisticRegression,Expected FG,spatial,spatial_surface,32.608695652173935,31.73913043478261,0.32948773707389034,,,,2014-2024
NBA,LogisticRegression,Expected FG,spatial,spatial_surface,39.855072463768124,31.73913043478261,0.3181812570924414,,,,2014-2024
NBA,LogisticRegression,Expected FG,spatial,spatial_surface,47.10144927536231,31.73913043478261,0.30577370852926844,,,,2014-2024
NBA,LogisticRegression,Expected FG,spatial,spatial_surface,54.3478260869565,31.73913043478261,0.2925631752304194,,,,2014-2024
NBA,LogisticRegression,Expected FG,spatial,spatial_surface,61.59420289855075,31.73913043478261,0.2787584153473093,,,,2014-2024
NBA,LogisticRegression,Expected FG,spatial,spatial_surface,68.84057971014494,31.73913043478261,0.2645062633873821,,,,2014-2024
NBA,LogisticRegression,Expected FG,spatial,spatial_surface,76.08695652173913,31.73913043478261,0.24991128973059615,,,,2014-2024
NBA,LogisticRegression,Expected FG,spatial,spatial_surface,83.33333333333337,31.73913043478261,0.23504915341968088,,,,2014-2024
NBA,LogisticRegression,Expected FG,spatial,spatial_surface,90.57971014492756,31.73913043478261,0.21997552345145371,,,,2014-2024
NBA,LogisticRegression,Expected FG,spatial,spatial_surface,97.82608695652175,31.73913043478261,0.20473204564128228,,,,2014-2024
NBA,LogisticRegression,Expected FG,spatial,spatial_surface,105.07246376811594,31.73913043478261,0.1893503712467545,,,,2014-2024
NBA,LogisticRegression,Expected FG,spatial,spatial_surface,112.31884057971013,31.73913043478261,0.1738549134153466,,,,2014-2024
NBA,LogisticRegression,Expected FG,spatial,spatial_surface,119.56521739130437,31.73913043478261,0.1582647615199372,,,,2014-2024
NBA,LogisticRegression,Expected FG,spatial,spatial_surface,126.81159420289856,31.73913043478261,0.14259503114014588,,,,2014-2024
NBA,LogisticRegression,Expected FG,spatial,spatial_surface,134.05797101449275,31.73913043478261,0.1268578304840841,,,,2014-2024
NBA,LogisticRegression,Expected FG,spatial,spatial_surface,141.304347826087,31.73913043478261,0.11106296229547771,,,,2014-2024
NBA,LogisticRegression,Expected FG,spatial,spatial_surface,148.55072463768118,31.73913043478261,0.09521844067881716,,,,2014-2024
NBA,LogisticRegression,Expected FG,spatial,spatial_surface,155.79710144927537,31.73913043478261,0.07933087658670916,,,,2014-2024
NBA,LogisticRegression,Expected FG,spatial,spatial_surface,163.04347826086956,31.73913043478261,0.06340576884378053,,,,2014-2024
NBA,LogisticRegression,Expected FG,spatial,spatial_surface,170.28985507246375,31.73913043478261,0.047447726354665015,,,,2014-2024
NBA,LogisticRegression,Expected FG,spatial,spatial_surface,177.536231884058,31.73913043478261,0.0314606395712424,,,,2014-2024
NBA,LogisticRegression,Expected FG,spatial,spatial_surface,184.7826086956522,31.73913043478261,0.01544781411889909,,,,2014-2024
NBA,LogisticRegression,Expected FG,spatial,spatial_surface,192.02898550724638,31.73913043478261,-0.0005879241012890224,,,,2014-2024
NBA,LogisticRegression,Expected FG,spatial,spatial_surface,199.27536231884062,31.73913043478261,-0.01664414552861851,,,,2014-2024
NBA,LogisticRegression,Expected FG,spatial,spatial_surface,206.5217391304348,31.73913043478261,-0.032718750252026474,,,,2014-2024
NBA,LogisticRegression,Expected FG,spatial,spatial_surface,213.768115942029,31.73913043478261,-0.048809914264634935,,,,2014-2024
NBA,LogisticRegression,Expected FG,spatial,spatial_surface,221.0144927536232,31.73913043478261,-0.06491604584134877,,,,2014-2024
NBA,LogisticRegression,Expected FG,spatial,spatial_surface,228.26086956521738,31.73913043478261,-0.08103574989509282,,,,2014-2024
NBA,LogisticRegression,Expected FG,spatial,spatial_surface,235.50724637681162,31.73913043478261,-0.09716779866834988,,,,2014-2024
NBA,LogisticRegression,Expected FG,spatial,spatial_surface,242.7536231884058,31.73913043478261,-0.11331110749046344,,,,2014-2024
NBA,LogisticRegression,Expected FG,spatial,spatial_surface,250.0,31.73913043478261,-0.12946471461244338,,,,2014-2024
NBA,LogisticRegression,Expected FG,spatial,spatial_surface,-250.0,38.55072463768116,-0.15916426953538174,,,,2014-2024
NBA,LogisticRegression,Expected FG,spatial,spatial_surface,-242.7536231884058,38.55072463768116,-0.14299395155217895,,,,2014-2024
NBA,LogisticRegression,Expected FG,spatial,spatial_surface,-235.5072463768116,38.55072463768116,-0.1268328862861635,,,,2014-2024
NBA,LogisticRegression,Expected FG,spatial,spatial_surface,-228.26086956521738,38.55072463768116,-0.11068193374879284,,,,2014-2024
NBA,LogisticRegression,Expected FG,spatial,spatial_surface,-221.0144927536232,38.55072463768116,-0.0945420631871817,,,,2014-2024
NBA,LogisticRegression,Expected FG,spatial,spatial_surface,-213.768115942029,38.55072463768116,-0.07841437086323189,,,,2014-2024
NBA,LogisticRegression,Expected FG,spatial,spatial_surface,-206.52173913043478,38.55072463768116,-0.062300101392845836,,,,2014-2024
NBA,LogisticRegression,Expected FG,spatial,spatial_surface,-199.27536231884056,38.55072463768116,-0.04620067349783741,,,,2014-2024
NBA,LogisticRegression,Expected FG,spatial,spatial_surface,-192.02898550724638,38.55072463768116,-0.030117711262381885,,,,2014-2024
NBA,LogisticRegression,Expected FG,spatial,spatial_surface,-184.7826086956522,38.55072463768116,-0.014053082302352166,,,,2014-2024
NBA,LogisticRegression,Expected FG,spatial,spatial_surface,-177.53623188405797,38.55072463768116,0.001991055321796331,,,,2014-2024
NBA,LogisticRegression,Expected FG,spatial,spatial_surface,-170.28985507246375,38.55072463768116,0.018012195049687263,,,,2014-2024
NBA,LogisticRegression,Expected FG,spatial,spatial_surface,-163.04347826086956,38.55072463768116,0.03400740945280123,,,,2014-2024
NBA,LogisticRegression,Expected FG,spatial,spatial_surface,-155.79710144927537,38.55072463768116,0.04997325932550174,,,,2014-2024
NBA,LogisticRegression,Expected FG,spatial,spatial_surface,-148.55072463768116,38.55072463768116,0.06590567854394166,,,,2014-2024
NBA,LogisticRegression,Expected FG,spatial,spatial_surface,-141.30434782608694,38.55072463768116,0.08179982695499986,,,,2014-2024
NBA,LogisticRegression,Expected FG,spatial,spatial_surface,-134.05797101449275,38.55072463768116,0.0976499006653693,,,,2014-2024
NBA,LogisticRegression,Expected FG,spatial,spatial_surface,-126.81159420289855,38.55072463768116,0.11344888496895733,,,,2014-2024
NBA,LogisticRegression,Expected FG,spatial,spatial_surface,-119.56521739130434,38.55072463768116,0.12918822918126538,,,,2014-2024
NBA,LogisticRegression,Expected FG,spatial,spatial_surface,-112.31884057971013,38.55072463768116,0.14485741392856472,,,,2014-2024
NBA,LogisticRegression,Expected FG,spatial,spatial_surface,-105.07246376811594,38.55072463768116,0.16044336856011152,,,,2014-2024
NBA,LogisticRegression,Expected FG,spatial,spatial_surface,-97.82608695652175,38.55072463768116,0.1759296771379131,,,,2014-2024
NBA,LogisticRegression,Expected FG,spatial,spatial_surface,-90.57971014492753,38.55072463768116,0.19129548255195233,,,,2014-2024
NBA,LogisticRegression,Expected FG,spatial,spatial_surface,-83.33333333333331,38.55072463768116,0.20651395458357613,,,,2014-2024
NBA,LogisticRegression,Expected FG,spatial,spatial_surface,-76.08695652173913,38.55072463768116,0.22155012160607157,,,,2014-2024
NBA,LogisticRegression,Expected FG,spatial,spatial_surface,-68.84057971014494,38.55072463768116,0.23635776661201907,,,,2014-2024
NBA,LogisticRegression,Expected FG,spatial,spatial_surface,-61.59420289855072,38.55072463768116,0.25087494447607556,,,,2014-2024
NBA,LogisticRegression,Expected FG,spatial,spatial_surface,-54.3478260869565,38.55072463768116,0.26501748345195936,,,,2014-2024
NBA,LogisticRegression,Expected FG,spatial,spatial_surface,-47.10144927536231,38.55072463768116,0.2786696193982524,,,,2014-2024
NBA,LogisticRegression,Expected FG,spatial,spatial_surface,-39.855072463768124,38.55072463768116,0.29167082383329224,,,,2014-2024
NBA,LogisticRegression,Expected FG,spatial,spatial_surface,-32.60869565217391,38.55072463768116,0.3037984018433534,,,,2014-2024
NBA,LogisticRegression,Expected FG,spatial,spatial_surface,-25.36231884057969,38.55072463768116,0.3147477597785603,,,,2014-2024
NBA,LogisticRegression,Expected FG,spatial,spatial_surface,-18.1159420289855,38.55072463768116,0.32411860670572334,,,,2014-2024
NBA,LogisticRegression,Expected FG,spatial,spatial_surface,-10.869565217391312,38.55072463768116,0.33142720760952904,,,,2014-2024
NBA,LogisticRegression,Expected FG,spatial,spatial_surface,-3.6231884057970944,38.55072463768116,0.3361744120715791,,,,2014-2024
NBA,LogisticRegression,Expected FG,spatial,spatial_surface,3.623188405797123,38.55072463768116,0.33797923601940505,,,,2014-2024
NBA,LogisticRegression,Expected FG,spatial,spatial_surface,10.869565217391312,38.55072463768116,0.3367201788996396,,,,2014-2024
NBA,LogisticRegression,Expected FG,spatial,spatial_surface,18.1159420289855,38.55072463768116,0.33257939542404147,,,,2014-2024
NBA,LogisticRegression,Expected FG,spatial,spatial_surface,25.362318840579746,38.55072463768116,0.325955098926256,,,,2014-2024
NBA,LogisticRegression,Expected FG,spatial,spatial_surface,32.608695652173935,38.55072463768116,0.31732043897872886,,,,2014-2024
NBA,LogisticRegression,Expected FG,spatial,spatial_surface,39.855072463768124,38.55072463768116,0.30711775809443465,,,,2014-2024
NBA,LogisticRegression,Expected FG,spatial,spatial_surface,47.10144927536231,38.55072463768116,0.29571254628470256,,,,2014-2024
NBA,LogisticRegression,Expected FG,spatial,spatial_surface,54.3478260869565,38.55072463768116,0.28338807109203223,,,,2014-2024
NBA,LogisticRegression,Expected FG,spatial,spatial_surface,61.59420289855075,38.55072463768116,0.27035737656033215,,,,2014-2024
NBA,LogisticRegression,Expected FG,spatial,spatial_surface,68.84057971014494,38.55072463768116,0.25677901922047175,,,,2014-2024
NBA,LogisticRegression,Expected FG,spatial,spatial_surface,76.08695652173913,38.55072463768116,0.2427710695551742,,,,2014-2024
NBA,LogisticRegression,Expected FG,spatial,spatial_surface,83.33333333333337,38.55072463768116,0.22842203216519363,,,,2014-2024
NBA,LogisticRegression,Expected FG,spatial,spatial_surface,90.57971014492756,38.55072463768116,0.2137988971446476,,,,2014-2024
NBA,LogisticRegression,Expected FG,spatial,spatial_surface,97.82608695652175,38.55072463768116,0.19895293779110865,,,,2014-2024
NBA,LogisticRegression,Expected FG,spatial,spatial_surface,105.07246376811594,38.55072463768116,0.18392385505812775,,,,2014-2024
NBA,LogisticRegression,Expected FG,spatial,spatial_surface,112.31884057971013,38.55072463768116,0.16874274426904803,,,,2014-2024
NBA,LogisticRegression,Expected FG,spatial,spatial_surface,119.56521739130437,38.55072463768116,0.15343423177638835,,,,2014-2024
NBA,LogisticRegression,Expected FG,spatial,spatial_surface,126.81159420289856,38.55072463768116,0.13801802715477443,,,,2014-2024
NBA,LogisticRegression,Expected FG,spatial,spatial_surface,134.05797101449275,38.55072463768116,0.12251006202670206,,,,2014-2024
NBA,LogisticRegression,Expected FG,spatial,spatial_surface,141.304347826087,38.55072463768116,0.10692333436366225,,,,2014-2024
NBA,LogisticRegression,Expected FG,spatial,spatial_surface,148.55072463768118,38.55072463768116,0.09126854104608229,,,,2014-2024
NBA,LogisticRegression,Expected FG,spatial,spatial_surface,155.79710144927537,38.55072463768116,0.07555455670621215,,,,2014-2024
NBA,LogisticRegression,Expected FG,spatial,spatial_surface,163.04347826086956,38.55072463768116,0.059788799853027846,,,,2014-2024
NBA,LogisticRegression,Expected FG,spatial,spatial_surface,170.28985507246375,38.55072463768116,0.04397751551174703,,,,2014-2024
NBA,LogisticRegression,Expected FG,spatial,spatial_surface,177.536231884058,38.55072463768116,0.028125995419881505,,,,2014-2024
NBA,LogisticRegression,Expected FG,spatial,spatial_surface,184.7826086956522,38.55072463768116,0.012238751072340348,,,,2014-2024
NBA,LogisticRegression,Expected FG,spatial,spatial_surface,192.02898550724638,38.55072463768116,-0.0036803491638544295,,,,2014-2024
NBA,LogisticRegression,Expected FG,spatial,spatial_surface,199.27536231884062,38.55072463768116,-0.019627970555327695,,,,2014-2024
NBA,LogisticRegression,Expected FG,spatial,spatial_surface,206.5217391304348,38.55072463768116,-0.03560122391840745,,,,2014-2024
NBA,LogisticRegression,Expected FG,spatial,spatial_surface,213.768115942029,38.55072463768116,-0.051597594263900676,,,,2014-2024
NBA,LogisticRegression,Expected FG,spatial,spatial_surface,221.0144927536232,38.55072463768116,-0.06761488261173657,,,,2014-2024
NBA,LogisticRegression,Expected FG,spatial,spatial_surface,228.26086956521738,38.55072463768116,-0.08365115824838085,,,,2014-2024
NBA,LogisticRegression,Expected FG,spatial,spatial_surface,235.50724637681162,38.55072463768116,-0.09970471932125127,,,,2014-2024
NBA,LogisticRegression,Expected FG,spatial,spatial_surface,242.7536231884058,38.55072463768116,-0.1157740601322231,,,,2014-2024
NBA,LogisticRegression,Expected FG,spatial,spatial_surface,250.0,38.55072463768116,-0.13185784384732,,,,2014-2024
NBA,LogisticRegression,Expected FG,spatial,spatial_surface,-250.0,45.36231884057972,-0.16144846252599068,,,,2014-2024
NBA,LogisticRegression,Expected FG,spatial,spatial_surface,-242.7536231884058,45.36231884057972,-0.1453445847899145,,,,2014-2024
NBA,LogisticRegression,Expected FG,spatial,spatial_surface,-235.5072463768116,45.36231884057972,-0.1292538846234272,,,,2014-2024
NBA,LogisticRegression,Expected FG,spatial,spatial_surface,-228.26086956521738,45.36231884057972,-0.11317757484344967,,,,2014-2024
NBA,LogisticRegression,Expected FG,spatial,spatial_surface,-221.0144927536232,45.36231884057972,-0.09711702032883371,,,,2014-2024
NBA,LogisticRegression,Expected FG,spatial,spatial_surface,-213.768115942029,45.36231884057972,-0.0810737623641456,,,,2014-2024
NBA,LogisticRegression,Expected FG,spatial,spatial_surface,-206.52173913043478,45.36231884057972,-0.06504954775848856,,,,2014-2024
NBA,LogisticRegression,Expected FG,spatial,spatial_surface,-199.27536231884056,45.36231884057972,-0.049046363854228836,,,,2014-2024
NBA,LogisticRegression,Expected FG,spatial,spatial_surface,-192.02898550724638,45.36231884057972,-0.03306648084364033,,,,2014-2024
NBA,LogisticRegression,Expected FG,spatial,spatial_surface,-184.7826086956522,45.36231884057972,-0.017112503208933316,,,,2014-2024
NBA,LogisticRegression,Expected FG,spatial,spatial_surface,-177.53623188405797,45.36231884057972,-0.001187432625979673,,,,2014-2024
NBA,LogisticRegression,Expected FG,spatial,spatial_surface,-170.28985507246375,45.36231884057972,0.014705254629773956,,,,2014-2024
NBA,LogisticRegression,Expected FG,spatial,spatial_surface,-163.04347826086956,45.36231884057972,0.030561511800933278,,,,2014-2024
NBA,LogisticRegression,Expected FG,spatial,spatial_surface,-155.79710144927537,45.36231884057972,0.04637660205098372,,,,2014-2024
NBA,LogisticRegression,Expected FG,spatial,spatial_surface,-148.55072463768116,45.36231884057972,0.06214494819304803,,,,2014-2024
NBA,LogisticRegression,Expected FG,spatial,spatial_surface,-141.30434782608694,45.36231884057972,0.0778599424237343,,,,2014-2024
NBA,LogisticRegression,Expected FG,spatial,spatial_surface,-134.05797101449275,45.36231884057972,0.09351370347523459,,,,2014-2024
NBA,LogisticRegression,Expected FG,spatial,spatial_surface,-126.81159420289855,45.36231884057972,0.10909676404798727,,,,2014-2024
NBA,LogisticRegression,Expected FG,spatial,spatial_surface,-119.56521739130434,45.36231884057972,0.12459766500147265,,,,2014-2024
NBA,LogisticRegression,Expected FG,spatial,spatial_surface,-112.31884057971013,45.36231884057972,0.14000242377095462,,,,2014-2024
NBA,LogisticRegression,Expected FG,spatial,spatial_surface,-105.07246376811594,45.36231884057972,0.15529383171408642,,,,2014-2024
NBA,LogisticRegression,Expected FG,spatial,spatial_surface,-97.82608695652175,45.36231884057972,0.1704505169925494,,,,2014-2024
NBA,LogisticRegression,Expected FG,spatial,spatial_surface,-90.57971014492753,45.36231884057972,0.18544568403765,,,,2014-2024
NBA,LogisticRegression,Expected FG,spatial,spatial_surface,-83.33333333333331,45.36231884057972,0.20024540502302524,,,,2014-2024
NBA,LogisticRegression,Expected FG,spatial,spatial_surface,-76.08695652173913,45.36231884057972,0.21480629050721484,,,,2014-2024
NBA,LogisticRegression,Expected FG,spatial,spatial_surface,-68.84057971014494,45.36231884057972,0.22907230487164432,,,,2014-2024
NBA,LogisticRegression,Expected FG,spatial,spatial_surface,-61.59420289855072,45.36231884057972,0.24297042390262388,,,,2014-2024
NBA,LogisticRegression,Expected FG,spatial,spatial_surface,-54.3478260869565,45.36231884057972,0.25640478368471087,,,,2014-2024
NBA,LogisticRegression,Expected FG,spatial,spatial_surface,-47.10144927536231,45.36231884057972,0.26924901861887707,,,,2014-2024
NBA,LogisticRegression,Expected FG,spatial,spatial_surface,-39.855072463768124,45.36231884057972,0.28133681649743864,,,,2014-2024
NBA,LogisticRegression,Expected FG,spatial,spatial_surface,-32.60869565217391,45.36231884057972,0.2924517072891688,,,,2014-2024
NBA,LogisticRegression,Expected FG,spatial,spatial_surface,-25.36231884057969,45.36231884057972,0.3023193397067889,,,,2014-2024
NBA,LogisticRegression,Expected FG,spatial,spatial_surface,-18.1159420289855,45.36231884057972,0.31060937683792544,,,,2014-2024
NBA,LogisticRegression,Expected FG,spatial,spatial_surface,-10.869565217391312,45.36231884057972,0.316958259528038,,,,2014-2024
NBA,LogisticRegression,Expected FG,spatial,spatial_surface,-3.6231884057970944,45.36231884057972,0.32102264253659585,,,,2014-2024
NBA,LogisticRegression,Expected FG,spatial,spatial_surface,3.623188405797123,45.36231884057972,0.3225577013322945,,,,2014-2024
NBA,LogisticRegression,Expected FG,spatial,spatial_surface,10.869565217391312,45.36231884057972,0.3214878113704429,,,,2014-2024
NBA,LogisticRegression,Expected FG,spatial,spatial_surface,18.1159420289855,45.36231884057972,0.3179272179112096,,,,2014-2024
NBA,LogisticRegression,Expected FG,spatial,spatial_surface,25.362318840579746,45.36231884057972,0.3121380892030684,,,,2014-2024
NBA,LogisticRegression,Expected FG,spatial,spatial_surface,32.608695652173935,45.36231884057972,0.3044556299068151,,,,2014-2024
NBA,LogisticRegression,Expected FG,spatial,spatial_surface,39.855072463768124,45.36231884057972,0.2952204296734241,,,,2014-2024
NBA,LogisticRegression,Expected FG,spatial,spatial_surface,47.10144927536231,45.36231884057972,0.28473778954952056,,,,2014-2024
NBA,LogisticRegression,Expected FG,spatial,spatial_surface,54.3478260869565,45.36231884057972,0.27326228548597475,,,,2014-2024
NBA,LogisticRegression,Expected FG,spatial,spatial_surface,61.59420289855075,45.36231884057972,0.26099773779628194,,,,2014-2024
NBA,LogisticRegression,Expected FG,spatial,spatial_surface,68.84057971014494,45.36231884057972,0.24810394640236266,,,,2014-2024
NBA,LogisticRegression,Expected FG,spatial,spatial_surface,76.08695652173913,45.36231884057972,0.23470511603478844,,,,2014-2024
NBA,LogisticRegression,Expected FG,spatial,spatial_surface,83.33333333333337,45.36231884057972,0.22089767713584973,,,,2014-2024
NBA,LogisticRegression,Expected FG,spatial,spatial_surface,90.57971014492756,45.36231884057972,0.20675675414019287,,,,2014-2024
NBA,LogisticRegression,Expected FG,spatial,spatial_surface,97.82608695652175,45.36231884057972,0.19234122995617126,,,,2014-2024
NBA,LogisticRegression,Expected FG,spatial,spatial_surface,105.07246376811594,45.36231884057972,0.17769760614013985,,,,2014-2024
NBA,LogisticRegression,Expected FG,spatial,spatial_surface,112.31884057971013,45.36231884057972,0.16286290974452253,,,,2014-2024
NBA,LogisticRegression,Expected FG,spatial,spatial_surface,119.56521739130437,45.36231884057972,0.14786687420881356,,,,2014-2024
NBA,LogisticRegression,Expected FG,spatial,spatial_surface,126.81159420289856,45.36231884057972,0.1327335776664322,,,,2014-2024
NBA,LogisticRegression,Expected FG,spatial,spatial_surface,134.05797101449275,45.36231884057972,0.11748267886345012,,,,2014-2024
NBA,LogisticRegression,Expected FG,spatial,spatial_surface,141.304347826087,45.36231884057972,0.1021303550979959,,,,2014-2024
NBA,LogisticRegression,Expected FG,spatial,spatial_surface,148.55072463768118,45.36231884057972,0.08669001898781314,,,,2014-2024
NBA,LogisticRegression,Expected FG,spatial,spatial_surface,155.79710144927537,45.36231884057972,0.07117287031994504,,,,2014-2024
NBA,LogisticRegression,Expected FG,spatial,spatial_surface,163.04347826086956,45.36231884057972,0.05558832419387022,,,,2014-2024
NBA,LogisticRegression,Expected FG,spatial,spatial_surface,170.28985507246375,45.36231884057972,0.03994434574350714,,,,2014-2024
NBA,LogisticRegression,Expected FG,spatial,spatial_surface,177.536231884058,45.36231884057972,0.02424771380289345,,,,2014-2024
NBA,LogisticRegression,Expected FG,spatial,spatial_surface,184.7826086956522,45.36231884057972,0.008504230129528056,,,,2014-2024
NBA,LogisticRegression,Expected FG,spatial,spatial_surface,192.02898550724638,45.36231884057972,-0.007281113391612776,,,,2014-2024
NBA,LogisticRegression,Expected FG,spatial,spatial_surface,199.27536231884062,45.36231884057972,-0.023104000210036613,,,,2014-2024
NBA,LogisticRegression,Expected FG,spatial,spatial_surface,206.5217391304348,45.36231884057972,-0.03896068014603535,,,,2014-2024
NBA,LogisticRegression,Expected FG,spatial,spatial_surface,213.768115942029,45.36231884057972,-0.05484788058667148,,,,2014-2024
NBA,LogisticRegression,Expected FG,spatial,spatial_surface,221.0144927536232,45.36231884057972,-0.07076273367854466,,,,2014-2024
NBA,LogisticRegression,Expected FG,spatial,spatial_surface,228.26086956521738,45.36231884057972,-0.08670271629507006,,,,2014-2024
NBA,LogisticRegression,Expected FG,spatial,spatial_surface,235.50724637681162,45.36231884057972,-0.1026656002675739,,,,2014-2024
NBA,LogisticRegression,Expected FG,spatial,spatial_surface,242.7536231884058,45.36231884057972,-0.11864941091145456,,,,2014-2024
NBA,LogisticRegression,Expected FG,spatial,spatial_surface,250.0,45.36231884057972,-0.1346523922940189,,,,2014-2024
NBA,LogisticRegression,Expected FG,spatial,spatial_surface,-250.0,52.173913043478265,-0.16413326322405677,,,,2014-2024
NBA,LogisticRegression,Expected FG,spatial,spatial_surface,-242.7536231884058,52.173913043478265,-0.14810673749217027,,,,2014-2024
NBA,LogisticRegression,Expected FG,spatial,spatial_surface,-235.5072463768116,52.173913043478265,-0.13209789009475567,,,,2014-2024
NBA,LogisticRegression,Expected FG,spatial,spatial_surface,-228.26086956521738,52.173913043478265,-0.11610832970023818,,,,2014-2024
NBA,LogisticRegression,Expected FG,spatial,spatial_surface,-221.0144927536232,52.173913043478265,-0.10013986366645514,,,,2014-2024
NBA,LogisticRegression,Expected FG,spatial,spatial_surface,-213.768115942029,52.173913043478265,-0.08419452924437865,,,,2014-2024
NBA,LogisticRegression,Expected FG,spatial,spatial_surface,-206.52173913043478,52.173913043478265,-0.06827463075659762,,,,2014-2024
NBA,LogisticRegression,Expected FG,spatial,spatial_surface,-199.27536231884056,52.173913043478265,-0.05238278410423225,,,,2014-2024
NBA,LogisticRegression,Expected FG,spatial,spatial_surface,-192.02898550724638,52.173913043478265,-0.03652197031048757,,,,2014-2024
NBA,LogisticRegression,Expected FG,spatial,spatial_surface,-184.7826086956522,52.173913043478265,-0.020695600268819697,,,,2014-2024
NBA,LogisticRegression,Expected FG,spatial,spatial_surface,-177.53623188405797,52.173913043478265,-0.004907593463466059,,,,2014-2024
NBA,LogisticRegression,Expected FG,spatial,spatial_surface,-170.28985507246375,52.173913043478265,0.010837525782946805,,,,2014-2024
NBA,LogisticRegression,Expected FG,spatial,spatial_surface,-163.04347826086956,52.173913043478265,0.026534509941306184,,,,2014-2024
NBA,LogisticRegression,Expected FG,spatial,spatial_surface,-155.79710144927537,52.173913043478265,0.04217724181519569,,,,2014-2024
NBA,LogisticRegression,Expected FG,spatial,spatial_surface,-148.55072463768116,52.173913043478265,0.05775855217497321,,,,2014-2024
NBA,LogisticRegression,Expected FG,spatial,spatial_surface,-141.30434782608694,52.173913043478265,0.07326999120609724,,,,2014-2024
NBA,LogisticRegression,Expected FG,spatial,spatial_surface,-134.05797101449275,52.173913043478265,0.0887015401666939,,,,2014-2024
NBA,LogisticRegression,Expected FG,spatial,spatial_surface,-126.81159420289855,52.173913043478265,0.10404124515849363,,,,2014-2024
NBA,LogisticRegression,Expected FG,spatial,spatial_surface,-119.56521739130434,52.173913043478265,0.11927474884195063,,,,2014-2024
NBA,LogisticRegression,Expected FG,spatial,spatial_surface,-112.31884057971013,52.173913043478265,0.1343846877277053,,,,2014-2024
NBA,LogisticRegression,Expected FG,spatial,spatial_surface,-105.07246376811594,52.173913043478265,0.1493499116786553,,,,2014-2024
NBA,LogisticRegression,Expected FG,spatial,spatial_surface,-97.82608695652175,52.173913043478265,0.16414446770541974,,,,2014-2024
NBA,LogisticRegression,Expected FG,spatial,spatial_surface,-90.57971014492753,52.173913043478265,0.17873627138898485,,,,2014-2024
NBA,LogisticRegression,Expected FG,spatial,spatial_surface,-83.33333333333331,52.173913043478265,0.19308536630234432,,,,2014-2024
NBA,LogisticRegression,Expected FG,spatial,spatial_surface,-76.08695652173913,52.173913043478265,0.2071416464798862,,,,2014-2024
NBA,LogisticRegression,Expected FG,spatial,spatial_surface,-68.84057971014494,52.173913043478265,0.22084189574953997,,,,2014-2024
NBA,LogisticRegression,Expected FG,spatial,spatial_surface,-61.59420289855072,52.173913043478265,0.23410599725909545,,,,2014-2024
NBA,LogisticRegression,Expected FG,spatial,spatial_surface,-54.3478260869565,52.173913043478265,0.24683222420621542,,,,2014-2024
NBA,LogisticRegression,Expected FG,spatial,spatial_surface,-47.10144927536231,52.173913043478265,0.25889171378901493,,,,2014-2024
NBA,LogisticRegression,Expected FG,spatial,spatial_surface,-39.855072463768124,52.173913043478265,0.27012268259205946,,,,2014-2024
NBA,LogisticRegression,Expected FG,spatial,spatial_surface,-32.60869565217391,52.173913043478265,0.28032584510632724,,,,2014-2024
NBA,LogisticRegression,Expected FG,spatial,spatial_surface,-25.36231884057969,52.173913043478265,0.28926396550199096,,,,2014-2024
NBA,LogisticRegression,Expected FG,spatial,spatial_surface,-18.1159420289855,52.173913043478265,0.2966701864114366,,,,2014-2024
NBA,LogisticRegression,Expected FG,spatial,spatial_surface,-10.869565217391312,52.173913043478265,0.3022703209448201,,,,2014-2024
NBA,LogisticRegression,Expected FG,spatial,spatial_surface,-3.6231884057970944,52.173913043478265,0.3058209607328366,,,,2014-2024
NBA,LogisticRegression,Expected FG,spatial,spatial_surface,3.623188405797123,52.173913043478265,0.3071562986069907,,,,2014-2024
NBA,LogisticRegression,Expected FG,spatial,spatial_surface,10.869565217391312,52.173913043478265,0.306226181985158,,,,2014-2024
NBA,LogisticRegression,Expected FG,spatial,spatial_surface,18.1159420289855,52.173913043478265,0.3031067526278553,,,,2014-2024
NBA,LogisticRegression,Expected FG,spatial,spatial_surface,25.362318840579746,52.173913043478265,0.2979785125734249,,,,2014-2024
NBA,LogisticRegression,Expected FG,spatial,spatial_surface,32.608695652173935,52.173913043478265,0.2910843206370768,,,,2014-2024
NBA,LogisticRegression,Expected FG,spatial,spatial_surface,39.855072463768124,52.173913043478265,0.28268640375635723,,,,2014-2024
NBA,LogisticRegression,Expected FG,spatial,spatial_surface,47.10144927536231,52.173913043478265,0.27303505624633695,,,,2014-2024
NBA,LogisticRegression,Expected FG,spatial,spatial_surface,54.3478260869565,52.173913043478265,0.2623517870405583,,,,2014-2024
NBA,LogisticRegression,Expected FG,spatial,spatial_surface,61.59420289855075,52.173913043478265,0.2508236842763348,,,,2014-2024
NBA,LogisticRegression,Expected FG,spatial,spatial_surface,68.84057971014494,52.173913043478265,0.23860441299067786,,,,2014-2024
NBA,LogisticRegression,Expected FG,spatial,spatial_surface,76.08695652173913,52.173913043478265,0.22581824754098478,,,,2014-2024
NBA,LogisticRegression,Expected FG,spatial,spatial_surface,83.33333333333337,52.173913043478265,0.21256496719660317,,,,2014-2024
NBA,LogisticRegression,Expected FG,spatial,spatial_surface,90.57971014492756,52.173913043478265,0.1989245358916023,,,,2014-2024
NBA,LogisticRegression,Expected FG,spatial,spatial_surface,97.82608695652175,52.173913043478265,0.18496114187704873,,,,2014-2024
NBA,LogisticRegression,Expected FG,spatial,spatial_surface,105.07246376811594,52.173913043478265,0.17072650762384206,,,,2014-2024
NBA,LogisticRegression,Expected FG,spatial,spatial_surface,112.31884057971013,52.173913043478265,0.15626252663918333,,,,2014-2024
NBA,LogisticRegression,Expected FG,spatial,spatial_surface,119.56521739130437,52.173913043478265,0.14160333317113588,,,,2014-2024
NBA,LogisticRegression,Expected FG,spatial,spatial_surface,126.81159420289856,52.173913043478265,0.12677691557466192,,,,2014-2024
NBA,LogisticRegression,Expected FG,spatial,spatial_surface,134.05797101449275,52.173913043478265,0.11180637142066568,,,,2014-2024
NBA,LogisticRegression,Expected FG,spatial,spatial_surface,141.304347826087,52.173913043478265,0.09671088496247093,,,,2014-2024
NBA,LogisticRegression,Expected FG,spatial,spatial_surface,148.55072463768118,52.173913043478265,0.08150649071401746,,,,2014-2024
NBA,LogisticRegression,Expected FG,spatial,spatial_surface,155.79710144927537,52.173913043478265,0.06620667252311452,,,,2014-2024
NBA,LogisticRegression,Expected FG,spatial,spatial_surface,163.04347826086956,52.173913043478265,0.05082283597802664,,,,2014-2024
NBA,LogisticRegression,Expected FG,spatial,spatial_surface,170.28985507246375,52.173913043478265,0.035364682997635885,,,,2014-2024
NBA,LogisticRegression,Expected FG,spatial,spatial_surface,177.536231884058,52.173913043478265,0.01984051057685976,,,,2014-2024
NBA,LogisticRegression,Expected FG,spatial,spatial_surface,184.7826086956522,52.173913043478265,0.004257450441527061,,,,2014-2024
NBA,LogisticRegression,Expected FG,spatial,spatial_surface,192.02898550724638,52.173913043478265,-0.01137833757526402,,,,2014-2024
NBA,LogisticRegression,Expected FG,spatial,spatial_surface,199.27536231884062,52.173913043478265,-0.027061508599809714,,,,2014-2024
NBA,LogisticRegression,Expected FG,spatial,spatial_surface,206.5217391304348,52.173913043478265,-0.04278740464263442,,,,2014-2024
NBA,LogisticRegression,Expected FG,spatial,spatial_surface,213.768115942029,52.173913043478265,-0.05855194950319992,,,,2014-2024
NBA,LogisticRegression,Expected FG,spatial,spatial_surface,221.0144927536232,52.173913043478265,-0.07435156207502397,,,,2014-2024
NBA,LogisticRegression,Expected FG,spatial,spatial_surface,228.26086956521738,52.173913043478265,-0.09018308446460363,,,,2014-2024
NBA,LogisticRegression,Expected FG,spatial,spatial_surface,235.50724637681162,52.173913043478265,-0.10604372210005933,,,,2014-2024
NBA,LogisticRegression,Expected FG,spatial,spatial_surface,242.7536231884058,52.173913043478265,-0.12193099359399048,,,,2014-2024
NBA,LogisticRegression,Expected FG,spatial,spatial_surface,250.0,52.173913043478265,-0.13784268858161633,,,,2014-2024
NBA,LogisticRegression,Expected FG,spatial,spatial_surface,-250.0,58.98550724637681,-0.16721291549095182,,,,2014-2024
NBA,LogisticRegression,Expected FG,spatial,spatial_surface,-242.7536231884058,58.98550724637681,-0.15127415471613712,,,,2014-2024
NBA,LogisticRegression,Expected FG,spatial,spatial_surface,-235.5072463768116,58.98550724637681,-0.13535809071359153,,,,2014-2024
NBA,LogisticRegression,Expected FG,spatial,spatial_surface,-228.26086956521738,58.98550724637681,-0.11946676248086627,,,,2014-2024
NBA,LogisticRegression,Expected FG,spatial,spatial_surface,-221.0144927536232,58.98550724637681,-0.10360245661441883,,,,2014-2024
NBA,LogisticRegression,Expected FG,spatial,spatial_surface,-213.768115942029,58.98550724637681,-0.08776774535483561,,,,2014-2024
NBA,LogisticRegression,Expected FG,spatial,spatial_surface,-206.52173913043478,58.98550724637681,-0.07196553171810022,,,,2014-2024
NBA,LogisticRegression,Expected FG,spatial,spatial_surface,-199.27536231884056,58.98550724637681,-0.05619910326328817,,,,2014-2024
NBA,LogisticRegression,Expected FG,spatial,spatial_surface,-192.02898550724638,58.98550724637681,-0.04047219643546429,,,,2014-2024
NBA,LogisticRegression,Expected FG,spatial,spatial_surface,-184.7826086956522,58.98550724637681,-0.02478907391987445,,,,2014-2024
NBA,LogisticRegression,Expected FG,spatial,spatial_surface,-177.53623188405797,58.98550724637681,-0.009154618082936383,,,,2014-2024
NBA,LogisticRegression,Expected FG,spatial,spatial_surface,-170.28985507246375,58.98550724637681,0.006425555598905092,,,,2014-2024
NBA,LogisticRegression,Expected FG,spatial,spatial_surface,-163.04347826086956,58.98550724637681,0.021944960151542542,,,,2014-2024
NBA,LogisticRegression,Expected FG,spatial,spatial_surface,-155.79710144927537,58.98550724637681,0.03739606739512098,,,,2014-2024
NBA,LogisticRegression,Expected FG,spatial,spatial_surface,-148.55072463768116,58.98550724637681,0.052770098741665314,,,,2014-2024
NBA,LogisticRegression,Expected FG,spatial,spatial_surface,-141.30434782608694,58.98550724637681,0.06805676596088102,,,,2014-2024
NBA,LogisticRegression,Expected FG,spatial,spatial_surface,-134.05797101449275,58.98550724637681,0.08324394829562055,,,,2014-2024
NBA,LogisticRegression,Expected FG,spatial,spatial_surface,-126.81159420289855,58.98550724637681,0.09831728830641825,,,,2014-2024
NBA,LogisticRegression,Expected FG,spatial,spatial_surface,-119.56521739130434,58.98550724637681,0.11325968366439201,,,,2014-2024
NBA,LogisticRegression,Expected FG,spatial,spatial_surface,-112.31884057971013,58.98550724637681,0.12805064555007925,,,,2014-2024
NBA,LogisticRegression,Expected FG,spatial,spatial_surface,-105.07246376811594,58.98550724637681,0.14266548617254815,,,,2014-2024
NBA,LogisticRegression,Expected FG,spatial,spatial_surface,-97.82608695652175,58.98550724637681,0.1570742882459931,,,,2014-2024
NBA,LogisticRegression,Expected FG,spatial,spatial_surface,-90.57971014492753,58.98550724637681,0.17124059867294272,,,,2014-2024
NBA,LogisticRegression,Expected FG,spatial,spatial_surface,-83.33333333333331,58.98550724637681,0.18511977907980914,,,,2014-2024
NBA,LogisticRegression,Expected FG,spatial,spatial_surface,-76.08695652173913,58.98550724637681,0.19865694172653584,,,,2014-2024
NBA,LogisticRegression,Expected FG,spatial,spatial_surface,-68.84057971014494,58.98550724637681,0.2117844101295982,,,,2014-2024
NBA,LogisticRegression,Expected FG,spatial,spatial_surface,-61.59420289855072,58.98550724637681,0.22441868777290624,,,,2014-2024
NBA,LogisticRegression,Expected FG,spatial,spatial_surface,-54.3478260869565,58.98550724637681,0.23645702785581074,,,,2014-2024
NBA,LogisticRegression,Expected FG,spatial,spatial_surface,-47.10144927536231,58.98550724637681,0.24777392275160476,,,,2014-2024
NBA,LogisticRegression,Expected FG,spatial,spatial_surface,-39.855072463768124,58.98550724637681,0.258218237135317,,,,2014-2024
NBA,LogisticRegression,Expected FG,spatial,spatial_surface,-32.60869565217391,58.98550724637681,0.2676123329674545,,,,2014-2024
NBA,LogisticRegression,Expected FG,spatial,spatial_surface,-25.36231884057969,58.98550724637681,0.2757552894617431,,,,2014-2024
NBA,LogisticRegression,Expected FG,spatial,spatial_surface,-18.1159420289855,58.98550724637681,0.28243280668345017,,,,2014-2024
NBA,LogisticRegression,Expected FG,spatial,spatial_surface,-10.869565217391312,58.98550724637681,0.28743574850645504,,,,2014-2024
NBA,LogisticRegression,Expected FG,spatial,spatial_surface,-3.6231884057970944,58.98550724637681,0.29058655874730266,,,,2014-2024
NBA,LogisticRegression,Expected FG,spatial,spatial_surface,3.623188405797123,58.98550724637681,0.29176810472091363,,,,2014-2024
NBA,LogisticRegression,Expected FG,spatial,spatial_surface,10.869565217391312,58.98550724637681,0.29094546654585807,,,,2014-2024
NBA,LogisticRegression,Expected FG,spatial,spatial_surface,18.1159420289855,58.98550724637681,0.28817183998836027,,,,2014-2024
NBA,LogisticRegression,Expected FG,spatial,spatial_surface,25.362318840579746,58.98550724637681,0.2835762316188807,,,,2014-2024
NBA,LogisticRegression,Expected FG,spatial,spatial_surface,32.608695652173935,58.98550724637681,0.27733869150347107,,,,2014-2024
NBA,LogisticRegression,Expected FG,spatial,spatial_surface,39.855072463768124,58.98550724637681,0.2696626363974989,,,,2014-2024
NBA,LogisticRegression,Expected FG,spatial,spatial_surface,47.10144927536231,58.98550724637681,0.26075193029816857,,,,2014-2024
NBA,LogisticRegression,Expected FG,spatial,spatial_surface,54.3478260869565,58.98550724637681,0.2507959066617126,,,,2014-2024
NBA,LogisticRegression,Expected FG,spatial,spatial_surface,61.59420289855075,58.98550724637681,0.2399618613151968,,,,2014-2024
NBA,LogisticRegression,Expected FG,spatial,spatial_surface,68.84057971014494,58.98550724637681,0.2283929177045118,,,,2014-2024
NBA,LogisticRegression,Expected FG,spatial,spatial_surface,76.08695652173913,58.98550724637681,0.21620906215518532,,,,2014-2024
NBA,LogisticRegression,Expected FG,spatial,spatial_surface,83.33333333333337,58.98550724637681,0.2035096926335742,,,,2014-2024
NBA,LogisticRegression,Expected FG,spatial,spatial_surface,90.57971014492756,58.98550724637681,0.19037664866352622,,,,2014-2024
NBA,LogisticRegression,Expected FG,spatial,spatial_surface,97.82608695652175,58.98550724637681,0.17687716888572697,,,,2014-2024
NBA,LogisticRegression,Expected FG,spatial,spatial_surface,105.07246376811594,58.98550724637681,0.16306652750485434,,,,2014-2024
NBA,LogisticRegression,Expected FG,spatial,spatial_surface,112.31884057971013,58.98550724637681,0.1489902718147296,,,,2014-2024
NBA,LogisticRegression,Expected FG,spatial,spatial_surface,119.56521739130437,58.98550724637681,0.13468606831407182,,,,2014-2024
NBA,LogisticRegression,Expected FG,spatial,spatial_surface,126.81159420289856,58.98550724637681,0.12018520126525253,,,,2014-2024
NBA,LogisticRegression,Expected FG,spatial,spatial_surface,134.05797101449275,58.98550724637681,0.10551377827279385,,,,2014-2024
NBA,LogisticRegression,Expected FG,spatial,spatial_surface,141.304347826087,58.98550724637681,0.09069369604030264,,,,2014-2024
NBA,LogisticRegression,Expected FG,spatial,spatial_surface,148.55072463768118,58.98550724637681,0.07574341311902635,,,,2014-2024
NBA,LogisticRegression,Expected FG,spatial,spatial_surface,155.79710144927537,58.98550724637681,0.06067856878941777,,,,2014-2024
NBA,LogisticRegression,Expected FG,spatial,spatial_surface,163.04347826086956,58.98550724637681,0.04551247986018257,,,,2014-2024
NBA,LogisticRegression,Expected FG,spatial,spatial_surface,170.28985507246375,58.98550724637681,0.030256540761750272,,,,2014-2024
NBA,LogisticRegression,Expected FG,spatial,spatial_surface,177.536231884058,58.98550724637681,0.014920547001531087,,,,2014-2024
NBA,LogisticRegression,Expected FG,spatial,spatial_surface,184.7826086956522,58.98550724637681,-0.00048704222925557983,,,,2014-2024
NBA,LogisticRegression,Expected FG,spatial,spatial_surface,192.02898550724638,58.98550724637681,-0.01595888989718619,,,,2014-2024
NBA,LogisticRegression,Expected FG,spatial,spatial_surface,199.27536231884062,58.98550724637681,-0.0314886056776717,,,,2014-2024
NBA,LogisticRegression,Expected FG,spatial,spatial_surface,206.5217391304348,58.98550724637681,-0.04707060155475984,,,,2014-2024
NBA,LogisticRegression,Expected FG,spatial,spatial_surface,213.768115942029,58.98550724637681,-0.06269997242888381,,,,2014-2024
NBA,LogisticRegression,Expected FG,spatial,spatial_surface,221.0144927536232,58.98550724637681,-0.07837239695408077,,,,2014-2024
NBA,LogisticRegression,Expected FG,spatial,spatial_surface,228.26086956521738,58.98550724637681,-0.09408405481117302,,,,2014-2024
NBA,LogisticRegression,Expected FG,spatial,spatial_surface,235.50724637681162,58.98550724637681,-0.10983155739362951,,,,2014-2024
NBA,LogisticRegression,Expected FG,spatial,spatial_surface,242.7536231884058,58.98550724637681,-0.12561188948685706,,,,2014-2024
NBA,LogisticRegression,Expected FG,spatial,spatial_surface,250.0,58.98550724637681,-0.14142235999694044,,,,2014-2024
NBA,LogisticRegression,Expected FG,spatial,spatial_surface,-250.0,65.79710144927536,-0.17068098019814673,,,,2014-2024
NBA,LogisticRegression,Expected FG,spatial,spatial_surface,-242.7536231884058,65.79710144927536,-0.15483984994727232,,,,2014-2024
NBA,LogisticRegression,Expected FG,spatial,spatial_surface,-235.5072463768116,65.79710144927536,-0.1390268903136462,,,,2014-2024
NBA,LogisticRegression,Expected FG,spatial,spatial_surface,-228.26086956521738,65.79710144927536,-0.12324459625519149,,,,2014-2024
NBA,LogisticRegression,Expected FG,spatial,spatial_surface,-221.0144927536232,65.79710144927536,-0.10749576002370761,,,,2014-2024
NBA,LogisticRegression,Expected FG,spatial,spatial_surface,-213.768115942029,65.79710144927536,-0.09178351574348101,,,,2014-2024
NBA,LogisticRegression,Expected FG,spatial,spatial_surface,-206.52173913043478,65.79710144927536,-0.07611139203730533,,,,2014-2024
NBA,LogisticRegression,Expected FG,spatial,spatial_surface,-199.27536231884056,65.79710144927536,-0.06048337439141299,,,,2014-2024
NBA,LogisticRegression,Expected FG,spatial,spatial_surface,-192.02898550724638,65.79710144927536,-0.04490397935299312,,,,2014-2024
NBA,LogisticRegression,Expected FG,spatial,spatial_surface,-184.7826086956522,65.79710144927536,-0.029378343161225423,,,,2014-2024
NBA,LogisticRegression,Expected FG,spatial,spatial_surface,-177.53623188405797,65.79710144927536,-0.013912328054000639,,,,2014-2024
NBA,LogisticRegression,Expected FG,spatial,spatial_surface,-170.28985507246375,65.79710144927536,0.0014873496952970688,,,,2014-2024
NBA,LogisticRegression,Expected FG,spatial,spatial_surface,-163.04347826086956,65.79710144927536,0.016812964926892493,,,,2014-2024
NBA,LogisticRegression,Expected FG,spatial,spatial_surface,-155.79710144927537,65.79710144927536,0.032055595540352144,,,,2014-2024
NBA,LogisticRegression,Expected FG,spatial,spatial_surface,-148.55072463768116,65.79710144927536,0.04720489319658169,,,,2014-2024
NBA,LogisticRegression,Expected FG,spatial,spatial_surface,-141.30434782608694,65.79710144927536,0.06224880265602316,,,,2014-2024
NBA,LogisticRegression,Expected FG,spatial,spatial_surface,-134.05797101449275,65.79710144927536,0.07717321703436339,,,,2014-2024
NBA,LogisticRegression,Expected FG,spatial,spatial_surface,-126.81159420289855,65.79710144927536,0.09196155305357998,,,,2014-2024
NBA,LogisticRegression,Expected FG,spatial,spatial_surface,-119.56521739130434,65.79710144927536,0.10659422650415795,,,,2014-2024
NBA,LogisticRegression,Expected FG,spatial,spatial_surface,-112.31884057971013,65.79710144927536,0.12104800364999273,,,,2014-2024
NBA,LogisticRegression,Expected FG,spatial,spatial_surface,-105.07246376811594,65.79710144927536,0.13529519943894242,,,,2014-2024
NBA,LogisticRegression,Expected FG,spatial,spatial_surface,-97.82608695652175,65.79710144927536,0.14930268877697575,,,,2014-2024
NBA,LogisticRegression,Expected FG,spatial,spatial_surface,-90.57971014492753,65.79710144927536,0.16303069421170707,,,,2014-2024
NBA,LogisticRegression,Expected FG,spatial,spatial_surface,-83.33333333333331,65.79710144927536,0.17643131499435719,,,,2014-2024
NBA,LogisticRegression,Expected FG,spatial,spatial_surface,-76.08695652173913,65.79710144927536,0.1894467739127309,,,,2014-2024
NBA,LogisticRegression,Expected FG,spatial,spatial_surface,-68.84057971014494,65.79710144927536,0.20200738864359183,,,,2014-2024
NBA,LogisticRegression,Expected FG,spatial,spatial_surface,-61.59420289855072,65.79710144927536,0.21402933832286622,,,,2014-2024
NBA,LogisticRegression,Expected FG,spatial,spatial_surface,-54.3478260869565,65.79710144927536,0.22541241458703262,,,,2014-2024
NBA,LogisticRegression,Expected FG,spatial,spatial_surface,-47.10144927536231,65.79710144927536,0.23603814384337285,,,,2014-2024
NBA,LogisticRegression,Expected FG,spatial,spatial_surface,-39.855072463768124,65.79710144927536,0.24576895845195001,,,,2014-2024
NBA,LogisticRegression,Expected FG,spatial,spatial_surface,-32.60869565217391,65.79710144927536,0.25444945049374895,,,,2014-2024
NBA,LogisticRegression,Expected FG,spatial,spatial_surface,-25.36231884057969,65.79710144927536,0.26191103414846245,,,,2014-2024
NBA,LogisticRegression,Expected FG,spatial,spatial_surface,-18.1159420289855,65.79710144927536,0.26798128570212026,,,,2014-2024
NBA,LogisticRegression,Expected FG,spatial,spatial_surface,-10.869565217391312,65.79710144927536,0.2724984196494546,,,,2014-2024
NBA,LogisticRegression,Expected FG,spatial,spatial_surface,-3.6231884057970944,65.79710144927536,0.2753295528529808,,,,2014-2024
NBA,LogisticRegression,Expected FG,spatial,spatial_surface,3.623188405797123,65.79710144927536,0.2763890409999924,,,,2014-2024
NBA,LogisticRegression,Expected FG,spatial,spatial_surface,10.869565217391312,65.79710144927536,0.2756516159124085,,,,2014-2024
NBA,LogisticRegression,Expected FG,spatial,spatial_surface,18.1159420289855,65.79710144927536,0.2731558636205945,,,,2014-2024
NBA,LogisticRegression,Expected FG,spatial,spatial_surface,25.362318840579746,65.79710144927536,0.26899691500737377,,,,2014-2024
NBA,LogisticRegression,Expected FG,spatial,spatial_surface,32.608695652173935,65.79710144927536,0.2633111859395273,,,,2014-2024
NBA,LogisticRegression,Expected FG,spatial,spatial_surface,39.855072463768124,65.79710144927536,0.25625819217748547,,,,2014-2024
NBA,LogisticRegression,Expected FG,spatial,spatial_surface,47.10144927536231,65.79710144927536,0.24800403509272617,,,,2014-2024
NBA,LogisticRegression,Expected FG,spatial,spatial_surface,54.3478260869565,65.79710144927536,0.23870913494486526,,,,2014-2024
NBA,LogisticRegression,Expected FG,spatial,spatial_surface,61.59420289855075,65.79710144927536,0.22852071234095783,,,,2014-2024
NBA,LogisticRegression,Expected FG,spatial,spatial_surface,68.84057971014494,65.79710144927536,0.21756924146384307,,,,2014-2024
NBA,LogisticRegression,Expected FG,spatial,spatial_surface,76.08695652173913,65.79710144927536,0.20596766786553988,,,,2014-2024
NBA,LogisticRegression,Expected FG,spatial,spatial_surface,83.33333333333337,65.79710144927536,0.19381227410949414,,,,2014-2024
NBA,LogisticRegression,Expected FG,spatial,spatial_surface,90.57971014492756,65.79710144927536,0.18118436484778724,,,,2014-2024
NBA,LogisticRegression,Expected FG,spatial,spatial_surface,97.82608695652175,65.79710144927536,0.16815223841378157,,,,2014-2024
NBA,LogisticRegression,Expected FG,spatial,spatial_surface,105.07246376811594,65.79710144927536,0.15477314091234445,,,,2014-2024
NBA,LogisticRegression,Expected FG,spatial,spatial_surface,112.31884057971013,65.79710144927536,0.14109505174335776,,,,2014-2024
NBA,LogisticRegression,Expected FG,spatial,spatial_surface,119.56521739130437,65.79710144927536,0.12715824167583867,,,,2014-2024
NBA,LogisticRegression,Expected FG,spatial,spatial_surface,126.81159420289856,65.79710144927536,0.11299659525632116,,,,2014-2024
NBA,LogisticRegression,Expected FG,spatial,spatial_surface,134.05797101449275,65.79710144927536,0.09863871427412724,,,,2014-2024
NBA,LogisticRegression,Expected FG,spatial,spatial_surface,141.304347826087,65.79710144927536,0.08410882914812079,,,,2014-2024
NBA,LogisticRegression,Expected FG,spatial,spatial_surface,148.55072463768118,65.79710144927536,0.06942754732424011,,,,2014-2024
NBA,LogisticRegression,Expected FG,spatial,spatial_surface,155.79710144927537,65.79710144927536,0.05461246613399455,,,,2014-2024
NBA,LogisticRegression,Expected FG,spatial,spatial_surface,163.04347826086956,65.79710144927536,0.03967867432008733,,,,2014-2024
NBA,LogisticRegression,Expected FG,spatial,spatial_surface,170.28985507246375,65.79710144927536,0.024639162773294476,,,,2014-2024
NBA,LogisticRegression,Expected FG,spatial,spatial_surface,177.536231884058,65.79710144927536,0.009505161520424632,,,,2014-2024
NBA,LogisticRegression,Expected FG,spatial,spatial_surface,184.7826086956522,65.79710144927536,-0.005713583101188857,,,,2014-2024
NBA,LogisticRegression,Expected FG,spatial,spatial_surface,192.02898550724638,65.79710144927536,-0.021008579782770737,,,,2014-2024
NBA,LogisticRegression,Expected FG,spatial,spatial_surface,199.27536231884062,65.79710144927536,-0.036372402978273044,,,,2014-2024
NBA,LogisticRegression,Expected FG,spatial,spatial_surface,206.5217391304348,65.79710144927536,-0.05179853569271464,,,,2014-2024
NBA,LogisticRegression,Expected FG,spatial,spatial_surface,213.768115942029,65.79710144927536,-0.06728123841836822,,,,2014-2024
NBA,LogisticRegression,Expected FG,spatial,spatial_surface,221.0144927536232,65.79710144927536,-0.08281543946371836,,,,2014-2024
NBA,LogisticRegression,Expected FG,spatial,spatial_surface,228.26086956521738,65.79710144927536,-0.09839664284114943,,,,2014-2024
NBA,LogisticRegression,Expected FG,spatial,spatial_surface,235.50724637681162,65.79710144927536,-0.11402085061534958,,,,2014-2024
NBA,LogisticRegression,Expected FG,spatial,spatial_surface,242.7536231884058,65.79710144927536,-0.1296844972026315,,,,2014-2024
NBA,LogisticRegression,Expected FG,spatial,spatial_surface,250.0,65.79710144927536,-0.14538439358201002,,,,2014-2024
NBA,LogisticRegression,Expected FG,spatial,spatial_surface,-250.0,72.6086956521739,-0.17453039714852084,,,,2014-2024
NBA,LogisticRegression,Expected FG,spatial,spatial_surface,-242.7536231884058,72.6086956521739,-0.15879617568412122,,,,2014-2024
NBA,LogisticRegression,Expected FG,spatial,spatial_surface,-235.5072463768116,72.6086956521739,-0.14309598924922765,,,,2014-2024
NBA,LogisticRegression,Expected FG,spatial,spatial_surface,-228.26086956521738,72.6086956521739,-0.12743280555030526,,,,2014-2024
NBA,LogisticRegression,Expected FG,spatial,spatial_surface,-221.0144927536232,72.6086956521739,-0.1118099386551353,,,,2014-2024
NBA,LogisticRegression,Expected FG,spatial,spatial_surface,-213.768115942029,72.6086956521739,-0.09623109954525219,,,,2014-2024
NBA,LogisticRegression,Expected FG,spatial,spatial_surface,-206.52173913043478,72.6086956521739,-0.08070045548071642,,,,2014-2024
NBA,LogisticRegression,Expected FG,spatial,spatial_surface,-199.27536231884056,72.6086956521739,-0.06522269994666283,,,,2014-2024
NBA,LogisticRegression,Expected FG,spatial,spatial_surface,-192.02898550724638,72.6086956521739,-0.04980313534663958,,,,2014-2024
NBA,LogisticRegression,Expected FG,spatial,spatial_surface,-184.7826086956522,72.6086956521739,-0.03444777109783376,,,,2014-2024
NBA,LogisticRegression,Expected FG,spatial,spatial_surface,-177.53623188405797,72.6086956521739,-0.019163440390571884,,,,2014-2024
NBA,LogisticRegression,Expected FG,spatial,spatial_surface,-170.28985507246375,72.6086956521739,-0.0039579396260884525,,,,2014-2024
NBA,LogisticRegression,Expected FG,spatial,spatial_surface,-163.04347826086956,72.6086956521739,0.011159804525717715,,,,2014-2024
NBA,LogisticRegression,Expected FG,spatial,spatial_surface,-155.79710144927537,72.6086956521739,0.026179534367333807,,,,2014-2024
NBA,LogisticRegression,Expected FG,spatial,spatial_surface,-148.55072463768116,72.6086956521739,0.041089419244179456,,,,2014-2024
NBA,LogisticRegression,Expected FG,spatial,spatial_surface,-141.30434782608694,72.6086956521739,0.0558757633060839,,,,2014-2024
NBA,LogisticRegression,Expected FG,spatial,spatial_surface,-134.05797101449275,72.6086956521739,0.07052265185439499,,,,2014-2024
NBA,LogisticRegression,Expected FG,spatial,spatial_surface,-126.81159420289855,72.6086956521739,0.08501152292720592,,,,2014-2024
NBA,LogisticRegression,Expected FG,spatial,spatial_surface,-119.56521739130434,72.6086956521739,0.09932064835780496,,,,2014-2024
NBA,LogisticRegression,Expected FG,spatial,spatial_surface,-112.31884057971013,72.6086956521739,0.113424506198015,,,,2014-2024
NBA,LogisticRegression,Expected FG,spatial,spatial_surface,-105.07246376811594,72.6086956521739,0.12729302464511752,,,,2014-2024
NBA,LogisticRegression,Expected FG,spatial,spatial_surface,-97.82608695652175,72.6086956521739,0.14089067742686864,,,,2014-2024
NBA,LogisticRegression,Expected FG,spatial,spatial_surface,-90.57971014492753,72.6086956521739,0.15417541372504115,,,,2014-2024
NBA,LogisticRegression,Expected FG,spatial,spatial_surface,-83.33333333333331,72.6086956521739,0.167097415095607,,,,2014-2024
NBA,LogisticRegression,Expected FG,spatial,spatial_surface,-76.08695652173913,72.6086956521739,0.17959769217174157,,,,2014-2024
NBA,LogisticRegression,Expected FG,spatial,spatial_surface,-68.84057971014494,72.6086956521739,0.19160657220338487,,,,2014-2024
NBA,LogisticRegression,Expected FG,spatial,spatial_surface,-61.59420289855072,72.6086956521739,0.20304219401940907,,,,2014-2024
NBA,LogisticRegression,Expected FG,spatial,spatial_surface,-54.3478260869565,72.6086956521739,0.21380922992505175,,,,2014-2024
NBA,LogisticRegression,Expected FG,spatial,spatial_surface,-47.10144927536231,72.6086956521739,0.2237982001270605,,,,2014-2024
NBA,LogisticRegression,Expected FG,spatial,spatial_surface,-39.855072463768124,72.6086956521739,0.23288592419797513,,,,2014-2024
NBA,LogisticRegression,Expected FG,spatial,spatial_surface,-32.60869565217391,72.6086956521739,0.24093781959957825,,,,2014-2024
NBA,LogisticRegression,Expected FG,spatial,spatial_surface,-25.36231884057969,72.6086956521739,0.2478128049977758,,,,2014-2024
NBA,LogisticRegression,Expected FG,spatial,spatial_surface,-18.1159420289855,72.6086956521739,0.253371332467589,,,,2014-2024
NBA,LogisticRegression,Expected FG,spatial,spatial_surface,-10.869565217391312,72.6086956521739,0.257486399152005,,,,2014-2024
NBA,LogisticRegression,Expected FG,spatial,spatial_surface,-3.6231884057970944,72.6086956521739,0.26005628159948924,,,,2014-2024
NBA,LogisticRegression,Expected FG,spatial,spatial_surface,3.623188405797123,72.6086956521739,0.26101654978327016,,,,2014-2024
NBA,LogisticRegression,Expected FG,spatial,spatial_surface,10.869565217391312,72.6086956521739,0.26034834053904593,,,,2014-2024
NBA,LogisticRegression,Expected FG,spatial,spatial_surface,18.1159420289855,72.6086956521739,0.2580805105510589,,,,2014-2024
NBA,LogisticRegression,Expected FG,spatial,spatial_surface,25.362318840579746,72.6086956521739,0.25428508408708056,,,,2014-2024
NBA,LogisticRegression,Expected FG,spatial,spatial_surface,32.608695652173935,72.6086956521739,0.24906748389142494,,,,2014-2024
NBA,LogisticRegression,Expected FG,spatial,spatial_surface,39.855072463768124,72.6086956521739,0.24255431137950853,,,,2014-2024
NBA,LogisticRegression,Expected FG,spatial,spatial_surface,47.10144927536231,72.6086956521739,0.2348814584579289,,,,2014-2024
NBA,LogisticRegression,Expected FG,spatial,spatial_surface,54.3478260869565,72.6086956521739,0.2261844259069462,,,,2014-2024
NBA,LogisticRegression,Expected FG,spatial,spatial_surface,61.59420289855075,72.6086956521739,0.21659157783989913,,,,2014-2024
NBA,LogisticRegression,Expected FG,spatial,spatial_surface,68.84057971014494,72.6086956521739,0.20622018831730565,,,,2014-2024
NBA,LogisticRegression,Expected FG,spatial,spatial_surface,76.08695652173913,72.6086956521739,0.19517469172098115,,,,2014-2024
NBA,LogisticRegression,Expected FG,spatial,spatial_surface,83.33333333333337,72.6086956521739,0.18354644863126468,,,,2014-2024
NBA,LogisticRegression,Expected FG,spatial,spatial_surface,90.57971014492756,72.6086956521739,0.17141442884715444,,,,2014-2024
NBA,LogisticRegression,Expected FG,spatial,spatial_surface,97.82608695652175,72.6086956521739,0.15884636797606108,,,,2014-2024
NBA,LogisticRegression,Expected FG,spatial,spatial_surface,105.07246376811594,72.6086956521739,0.1459001037106457,,,,2014-2024
NBA,LogisticRegression,Expected FG,spatial,spatial_surface,112.31884057971013,72.6086956521739,0.13262491531565448,,,,2014-2024
NBA,LogisticRegression,Expected FG,spatial,spatial_surface,119.56521739130437,72.6086956521739,0.11906277149555947,,,,2014-2024
NBA,LogisticRegression,Expected FG,spatial,spatial_surface,126.81159420289856,72.6086956521739,0.10524944390346991,,,,2014-2024
NBA,LogisticRegression,Expected FG,spatial,spatial_surface,134.05797101449275,72.6086956521739,0.09121547437091677,,,,2014-2024
NBA,LogisticRegression,Expected FG,spatial,spatial_surface,141.304347826087,72.6086956521739,0.07698700071831742,,,,2014-2024
NBA,LogisticRegression,Expected FG,spatial,spatial_surface,148.55072463768118,72.6086956521739,0.06258645410013806,,,,2014-2024
NBA,LogisticRegression,Expected FG,spatial,spatial_surface,155.79710144927537,72.6086956521739,0.04803314386162906,,,,2014-2024
NBA,LogisticRegression,Expected FG,spatial,spatial_surface,163.04347826086956,72.6086956521739,0.033343746130331,,,,2014-2024
NBA,LogisticRegression,Expected FG,spatial,spatial_surface,170.28985507246375,72.6086956521739,0.01853271122357092,,,,2014-2024
NBA,LogisticRegression,Expected FG,spatial,spatial_surface,177.536231884058,72.6086956521739,0.0036126032253765428,,,,2014-2024
NBA,LogisticRegression,Expected FG,spatial,spatial_surface,184.7826086956522,72.6086956521739,-0.011405616786376277,,,,2014-2024
NBA,LogisticRegression,Expected FG,spatial,spatial_surface,192.02898550724638,72.6086956521739,-0.026512354173653163,,,,2014-2024
NBA,LogisticRegression,Expected FG,spatial,spatial_surface,199.27536231884062,72.6086956521739,-0.04169918275307061,,,,2014-2024
NBA,LogisticRegression,Expected FG,spatial,spatial_surface,206.5217391304348,72.6086956521739,-0.05695867870502322,,,,2014-2024
NBA,LogisticRegression,Expected FG,spatial,spatial_surface,213.768115942029,72.6086956521739,-0.07228428086857913,,,,2014-2024
NBA,LogisticRegression,Expected FG,spatial,spatial_surface,221.0144927536232,72.6086956521739,-0.08767017289579854,,,,2014-2024
NBA,LogisticRegression,Expected FG,spatial,spatial_surface,228.26086956521738,72.6086956521739,-0.10311118355004759,,,,2014-2024
NBA,LogisticRegression,Expected FG,spatial,spatial_surface,235.50724637681162,72.6086956521739,-0.1186027020984787,,,,2014-2024
NBA,LogisticRegression,Expected FG,spatial,spatial_surface,242.7536231884058,72.6086956521739,-0.13414060629305505,,,,2014-2024
NBA,LogisticRegression,Expected FG,spatial,spatial_surface,250.0,72.6086956521739,-0.14972120087872207,,,,2014-2024
NBA,LogisticRegression,Expected FG,spatial,spatial_surface,-250.0,79.42028985507247,-0.1787535501443391,,,,2014-2024
NBA,LogisticRegression,Expected FG,spatial,spatial_surface,-242.7536231884058,79.42028985507247,-0.16313489730123956,,,,2014-2024
NBA,LogisticRegression,Expected FG,spatial,spatial_surface,-235.5072463768116,79.42028985507247,-0.14755646845998102,,,,2014-2024
NBA,LogisticRegression,Expected FG,spatial,spatial_surface,-228.26086956521738,79.42028985507247,-0.1320217122793134,,,,2014-2024
NBA,LogisticRegression,Expected FG,spatial,spatial_surface,-221.0144927536232,79.42028985507247,-0.116534470939922,,,,2014-2024
NBA,LogisticRegression,Expected FG,spatial,spatial_surface,-213.768115942029,79.42028985507247,-0.1010990359077654,,,,2014-2024
NBA,LogisticRegression,Expected FG,spatial,spatial_surface,-206.52173913043478,79.42028985507247,-0.08572021304829044,,,,2014-2024
NBA,LogisticRegression,Expected FG,spatial,spatial_surface,-199.27536231884056,79.42028985507247,-0.07040339887394262,,,,2014-2024
NBA,LogisticRegression,Expected FG,spatial,spatial_surface,-192.02898550724638,79.42028985507247,-0.05515467007758243,,,,2014-2024
NBA,LogisticRegression,Expected FG,spatial,spatial_surface,-184.7826086956522,79.42028985507247,-0.039980888953614346,,,,2014-2024
NBA,LogisticRegression,Expected FG,spatial,spatial_surface,-177.53623188405797,79.42028985507247,-0.024889827851695606,,,,2014-2024
NBA,LogisticRegression,Expected FG,spatial,spatial_surface,-170.28985507246375,79.42028985507247,-0.00989031646116642,,,,2014-2024
NBA,LogisticRegression,Expected FG,spatial,spatial_surface,-163.04347826086956,79.42028985507247,0.005007583496296625,,,,2014-2024
NBA,LogisticRegression,Expected FG,spatial,spatial_surface,-155.79710144927537,79.42028985507247,0.01979237066986156,,,,2014-2024
NBA,LogisticRegression,Expected FG,spatial,spatial_surface,-148.55072463768116,79.42028985507247,0.034450857020405595,,,,2014-2024
NBA,LogisticRegression,Expected FG,spatial,spatial_surface,-141.30434782608694,79.42028985507247,0.048967873547626384,,,,2014-2024
NBA,LogisticRegression,Expected FG,spatial,spatial_surface,-134.05797101449275,79.42028985507247,0.06332591977335834,,,,2014-2024
NBA,LogisticRegression,Expected FG,spatial,spatial_surface,-126.81159420289855,79.42028985507247,0.07750474669241789,,,,2014-2024
NBA,LogisticRegression,Expected FG,spatial,spatial_surface,-119.56521739130434,79.42028985507247,0.09148086187045733,,,,2014-2024
NBA,LogisticRegression,Expected FG,spatial,spatial_surface,-112.31884057971013,79.42028985507247,0.10522694493871804,,,,2014-2024
NBA,LogisticRegression,Expected FG,spatial,spatial_surface,-105.07246376811594,79.42028985507247,0.1187111625531343,,,,2014-2024
NBA,LogisticRegression,Expected FG,spatial,spatial_surface,-97.82608695652175,79.42028985507247,0.13189637500967683,,,,2014-2024
NBA,LogisticRegression,Expected FG,spatial,spatial_surface,-90.57971014492753,79.42028985507247,0.14473923380631223,,,,2014-2024
NBA,LogisticRegression,Expected FG,spatial,spatial_surface,-83.33333333333331,79.42028985507247,0.15718918300789947,,,,2014-2024
NBA,LogisticRegression,Expected FG,spatial,spatial_surface,-76.08695652173913,79.42028985507247,0.1691874007886886,,,,2014-2024
NBA,LogisticRegression,Expected FG,spatial,spatial_surface,-68.84057971014494,79.42028985507247,0.1806657553817672,,,,2014-2024
NBA,LogisticRegression,Expected FG,spatial,spatial_surface,-61.59420289855072,79.42028985507247,0.19154590636549734,,,,2014-2024
NBA,LogisticRegression,Expected FG,spatial,spatial_surface,-54.3478260869565,79.42028985507247,0.20173876021630888,,,,2014-2024
NBA,LogisticRegression,Expected FG,spatial,spatial_surface,-47.10144927536231,79.42028985507247,0.2111445842012849,,,,2014-2024
NBA,LogisticRegression,Expected FG,spatial,spatial_surface,-39.855072463768124,79.42028985507247,0.21965417672175447,,,,2014-2024
NBA,LogisticRegression,Expected FG,spatial,spatial_surface,-32.60869565217391,79.42028985507247,0.22715154387458858,,,,2014-2024
NBA,LogisticRegression,Expected FG,spatial,spatial_surface,-25.36231884057969,79.42028985507247,0.2335184730873635,,,,2014-2024
NBA,LogisticRegression,Expected FG,spatial,spatial_surface,-18.1159420289855,79.42028985507247,0.2386411446836565,,,,2014-2024
NBA,LogisticRegression,Expected FG,spatial,spatial_surface,-10.869565217391312,79.42028985507247,0.24241843606389576,,,,2014-2024
NBA,LogisticRegression,Expected FG,spatial,spatial_surface,-3.6231884057970944,79.42028985507247,0.24477091759356845,,,,2014-2024
NBA,LogisticRegression,Expected FG,spatial,spatial_surface,3.623188405797123,79.42028985507247,0.2456489464128218,,,,2014-2024
NBA,LogisticRegression,Expected FG,spatial,spatial_surface,10.869565217391312,79.42028985507247,0.2450380736290496,,,,2014-2024
NBA,LogisticRegression,Expected FG,spatial,spatial_surface,18.1159420289855,79.42028985507247,0.2429604329643767,,,,2014-2024
NBA,LogisticRegression,Expected FG,spatial,spatial_surface,25.362318840579746,79.42028985507247,0.23947179082991413,,,,2014-2024
NBA,LogisticRegression,Expected FG,spatial,spatial_surface,32.608695652173935,79.42028985507247,0.23465508006078334,,,,2014-2024
NBA,LogisticRegression,Expected FG,spatial,spatial_surface,39.855072463768124,79.42028985507247,0.22861200329925674,,,,2014-2024
NBA,LogisticRegression,Expected FG,spatial,spatial_surface,47.10144927536231,79.42028985507247,0.22145442012967642,,,,2014-2024
NBA,LogisticRegression,Expected FG,spatial,spatial_surface,54.3478260869565,79.42028985507247,0.21329682899130992,,,,2014-2024
NBA,LogisticRegression,Expected FG,spatial,spatial_surface,61.59420289855075,79.42028985507247,0.20425062990806458,,,,2014-2024
NBA,LogisticRegression,Expected FG,spatial,spatial_surface,68.84057971014494,79.42028985507247,0.1944202919029765,,,,2014-2024
NBA,LogisticRegression,Expected FG,spatial,spatial_surface,76.08695652173913,79.42028985507247,0.18390118869935998,,,,2014-2024
NBA,LogisticRegression,Expected FG,spatial,spatial_surface,83.33333333333337,79.42028985507247,0.17277871224472455,,,,2014-2024
NBA,LogisticRegression,Expected FG,spatial,spatial_surface,90.57971014492756,79.42028985507247,0.1611282634358299,,,,2014-2024
NBA,LogisticRegression,Expected FG,spatial,spatial_surface,97.82608695652175,79.42028985507247,0.14901578281153358,,,,2014-2024
NBA,LogisticRegression,Expected FG,spatial,spatial_surface,105.07246376811594,79.42028985507247,0.1364985698219275,,,,2014-2024
NBA,LogisticRegression,Expected FG,spatial,spatial_surface,112.31884057971013,79.42028985507247,0.1236262196094268,,,,2014-2024
NBA,LogisticRegression,Expected FG,spatial,spatial_surface,119.56521739130437,79.42028985507247,0.11044157006228,,,,2014-2024
NBA,LogisticRegression,Expected FG,spatial,spatial_surface,126.81159420289856,79.42028985507247,0.09698159778674643,,,,2014-2024
NBA,LogisticRegression,Expected FG,spatial,spatial_surface,134.05797101449275,79.42028985507247,0.08327823230076029,,,,2014-2024
NBA,LogisticRegression,Expected FG,spatial,spatial_surface,141.304347826087,79.42028985507247,0.06935907697720353,,,,2014-2024
NBA,LogisticRegression,Expected FG,spatial,spatial_surface,148.55072463768118,79.42028985507247,0.05524803655186271,,,,2014-2024
NBA,LogisticRegression,Expected FG,spatial,spatial_surface,155.79710144927537,79.42028985507247,0.04096585709309998,,,,2014-2024
NBA,LogisticRegression,Expected FG,spatial,spatial_surface,163.04347826086956,79.42028985507247,0.026530587163025254,,,,2014-2024
NBA,LogisticRegression,Expected FG,spatial,spatial_surface,170.28985507246375,79.42028985507247,0.011957969802679796,,,,2014-2024
NBA,LogisticRegression,Expected FG,spatial,spatial_surface,177.536231884058,79.42028985507247,-0.0027382252022806752,,,,2014-2024
NBA,LogisticRegression,Expected FG,spatial,spatial_surface,184.7826086956522,79.42028985507247,-0.017545920045129976,,,,2014-2024
NBA,LogisticRegression,Expected FG,spatial,spatial_surface,192.02898550724638,79.42028985507247,-0.03245449084107155,,,,2014-2024
NBA,LogisticRegression,Expected FG,spatial,spatial_surface,199.27536231884062,79.42028985507247,-0.04745456603424142,,,,2014-2024
NBA,LogisticRegression,Expected FG,spatial,spatial_surface,206.5217391304348,79.42028985507247,-0.0625378554847777,,,,2014-2024
NBA,LogisticRegression,Expected FG,spatial,spatial_surface,213.768115942029,79.42028985507247,-0.07769700533430018,,,,2014-2024
NBA,LogisticRegression,Expected FG,spatial,spatial_surface,221.0144927536232,79.42028985507247,-0.09292547452396036,,,,2014-2024
NBA,LogisticRegression,Expected FG,spatial,spatial_surface,228.26086956521738,79.42028985507247,-0.10821742950730553,,,,2014-2024
NBA,LogisticRegression,Expected FG,spatial,spatial_surface,235.50724637681162,79.42028985507247,-0.12356765426767632,,,,2014-2024
NBA,LogisticRegression,Expected FG,spatial,spatial_surface,242.7536231884058,79.42028985507247,-0.13897147322737693,,,,2014-2024
NBA,LogisticRegression,Expected FG,spatial,spatial_surface,250.0,79.42028985507247,-0.15442468503524795,,,,2014-2024
NBA,LogisticRegression,Expected FG,spatial,spatial_surface,-250.0,86.231884057971,-0.18334233394297858,,,,2014-2024
NBA,LogisticRegression,Expected FG,spatial,spatial_surface,-242.7536231884058,86.231884057971,-0.16784726870369546,,,,2014-2024
NBA,LogisticRegression,Expected FG,spatial,spatial_surface,-235.5072463768116,86.231884057971,-0.15239887514063197,,,,2014-2024
NBA,LogisticRegression,Expected FG,spatial,spatial_surface,-228.26086956521738,86.231884057971,-0.13700108296285066,,,,2014-2024
NBA,LogisticRegression,Expected FG,spatial,spatial_surface,-221.0144927536232,86.231884057971,-0.12165825954720386,,,,2014-2024
NBA,LogisticRegression,Expected FG,spatial,spatial_surface,-213.768115942029,86.231884057971,-0.10637526999978406,,,,2014-2024
NBA,LogisticRegression,Expected FG,spatial,spatial_surface,-206.52173913043478,86.231884057971,-0.09115754686704883,,,,2014-2024
NBA,LogisticRegression,Expected FG,spatial,spatial_surface,-199.27536231884056,86.231884057971,-0.07601117123021692,,,,2014-2024
NBA,LogisticRegression,Expected FG,spatial,spatial_surface,-192.02898550724638,86.231884057971,-0.06094296724606374,,,,2014-2024
NBA,LogisticRegression,Expected FG,spatial,spatial_surface,-184.7826086956522,86.231884057971,-0.045960612586716215,,,,2014-2024
NBA,LogisticRegression,Expected FG,spatial,spatial_surface,-177.53623188405797,86.231884057971,-0.031072767687667174,,,,2014-2024
NBA,LogisticRegression,Expected FG,spatial,spatial_surface,-170.28985507246375,86.231884057971,-0.016289227242417742,,,,2014-2024
NBA,LogisticRegression,Expected FG,spatial,spatial_surface,-163.04347826086956,86.231884057971,-0.0016210979848722273,,,,2014-2024
NBA,LogisticRegression,Expected FG,spatial,spatial_surface,-155.79710144927537,86.231884057971,0.012918992530357387,,,,2014-2024
NBA,LogisticRegression,Expected FG,spatial,spatial_surface,-148.55072463768116,86.231884057971,0.027316650726668446,,,,2014-2024
NBA,LogisticRegression,Expected FG,spatial,spatial_surface,-141.30434782608694,86.231884057971,0.041555429251200024,,,,2014-2024
NBA,LogisticRegression,Expected FG,spatial,spatial_surface,-134.05797101449275,86.231884057971,0.055616489920911366,,,,2014-2024
NBA,LogisticRegression,Expected FG,spatial,spatial_surface,-126.81159420289855,86.231884057971,0.06947821025931979,,,,2014-2024
NBA,LogisticRegression,Expected FG,spatial,spatial_surface,-119.56521739130434,86.231884057971,0.08311572666509628,,,,2014-2024
NBA,LogisticRegression,Expected FG,spatial,spatial_surface,-112.31884057971013,86.231884057971,0.09650040833806685,,,,2014-2024
NBA,LogisticRegression,Expected FG,spatial,spatial_surface,-105.07246376811594,86.231884057971,0.10959925875392662,,,,2014-2024
NBA,LogisticRegression,Expected FG,spatial,spatial_surface,-97.82608695652175,86.231884057971,0.12237424668879127,,,,2014-2024
NBA,LogisticRegression,Expected FG,spatial,spatial_surface,-90.57971014492753,86.231884057971,0.13478157791226136,,,,2014-2024
NBA,LogisticRegression,Expected FG,spatial,spatial_surface,-83.33333333333331,86.231884057971,0.14677093350279327,,,,2014-2024
NBA,LogisticRegression,Expected FG,spatial,spatial_surface,-76.08695652173913,86.231884057971,0.1582847234583268,,,,2014-2024
NBA,LogisticRegression,Expected FG,spatial,spatial_surface,-68.84057971014494,86.231884057971,0.16925743700517734,,,,2014-2024
NBA,LogisticRegression,Expected FG,spatial,spatial_surface,-61.59420289855072,86.231884057971,0.17961521485610826,,,,2014-2024
NBA,LogisticRegression,Expected FG,spatial,spatial_surface,-54.3478260869565,86.231884057971,0.18927582181344832,,,,2014-2024
NBA,LogisticRegression,Expected FG,spatial,spatial_surface,-47.10144927536231,86.231884057971,0.1981492527574566,,,,2014-2024
NBA,LogisticRegression,Expected FG,spatial,spatial_surface,-39.855072463768124,86.231884057971,0.20613924367058778,,,,2014-2024
NBA,LogisticRegression,Expected FG,spatial,spatial_surface,-32.60869565217391,86.231884057971,0.21314595215049162,,,,2014-2024
NBA,LogisticRegression,Expected FG,spatial,spatial_surface,-25.36231884057969,86.231884057971,0.21906997988927407,,,,2014-2024
NBA,LogisticRegression,Expected FG,spatial,spatial_surface,-18.1159420289855,86.231884057971,0.2238176991021581,,,,2014-2024
NBA,LogisticRegression,Expected FG,spatial,spatial_surface,-10.869565217391312,86.231884057971,0.22730751566393367,,,,2014-2024
NBA,LogisticRegression,Expected FG,spatial,spatial_surface,-3.6231884057970944,86.231884057971,0.22947631937225138,,,,2014-2024
NBA,LogisticRegression,Expected FG,spatial,spatial_surface,3.623188405797123,86.231884057971,0.23028507628551026,,,,2014-2024
NBA,LogisticRegression,Expected FG,spatial,spatial_surface,10.869565217391312,86.231884057971,0.22972247706106086,,,,2014-2024
NBA,LogisticRegression,Expected FG,spatial,spatial_surface,18.1159420289855,86.231884057971,0.22780586426573396,,,,2014-2024
NBA,LogisticRegression,Expected FG,spatial,spatial_surface,25.362318840579746,86.231884057971,0.22457925523516092,,,,2014-2024
NBA,LogisticRegression,Expected FG,spatial,spatial_surface,32.608695652173935,86.231884057971,0.22010893527597775,,,,2014-2024
NBA,LogisticRegression,Expected FG,spatial,spatial_surface,39.855072463768124,86.231884057971,0.2144775643309616,,,,2014-2024
NBA,LogisticRegression,Expected FG,spatial,spatial_surface,47.10144927536231,86.231884057971,0.20777787488059984,,,,2014-2024
NBA,LogisticRegression,Expected FG,spatial,spatial_surface,54.3478260869565,86.231884057971,0.20010686571342376,,,,2014-2024
NBA,LogisticRegression,Expected FG,spatial,spatial_surface,61.59420289855075,86.231884057971,0.1915610564184132,,,,2014-2024
NBA,LogisticRegression,Expected FG,spatial,spatial_surface,68.84057971014494,86.231884057971,0.18223301607841857,,,,2014-2024
NBA,LogisticRegression,Expected FG,spatial,spatial_surface,76.08695652173913,86.231884057971,0.1722091151809036,,,,2014-2024
NBA,LogisticRegression,Expected FG,spatial,spatial_surface,83.33333333333337,86.231884057971,0.1615683008477384,,,,2014-2024
NBA,LogisticRegression,Expected FG,spatial,spatial_surface,90.57971014492756,86.231884057971,0.15038164410795973,,,,2014-2024
NBA,LogisticRegression,Expected FG,spatial,spatial_surface,97.82608695652175,86.231884057971,0.13871241910364074,,,,2014-2024
NBA,LogisticRegression,Expected FG,spatial,spatial_surface,105.07246376811594,86.231884057971,0.12661651546028105,,,,2014-2024
NBA,LogisticRegression,Expected FG,spatial,spatial_surface,112.31884057971013,86.231884057971,0.11414303438028282,,,,2014-2024
NBA,LogisticRegression,Expected FG,spatial,spatial_surface,119.56521739130437,86.231884057971,0.10133496429809695,,,,2014-2024
NBA,LogisticRegression,Expected FG,spatial,spatial_surface,126.81159420289856,86.231884057971,0.08822986836965424,,,,2014-2024
NBA,LogisticRegression,Expected FG,spatial,spatial_surface,134.05797101449275,86.231884057971,0.07486054300610467,,,,2014-2024
NBA,LogisticRegression,Expected FG,spatial,spatial_surface,141.304347826087,86.231884057971,0.06125562535766295,,,,2014-2024
NBA,LogisticRegression,Expected FG,spatial,spatial_surface,148.55072463768118,86.231884057971,0.047440139944067844,,,,2014-2024
NBA,LogisticRegression,Expected FG,spatial,spatial_surface,155.79710144927537,86.231884057971,0.0334359822812092,,,,2014-2024
NBA,LogisticRegression,Expected FG,spatial,spatial_surface,163.04347826086956,86.231884057971,0.019262341818322704,,,,2014-2024
NBA,LogisticRegression,Expected FG,spatial,spatial_surface,170.28985507246375,86.231884057971,0.004936068865805082,,,,2014-2024
NBA,LogisticRegression,Expected FG,spatial,spatial_surface,177.536231884058,86.231884057971,-0.009528008767443169,,,,2014-2024
NBA,LogisticRegression,Expected FG,spatial,spatial_surface,184.7826086956522,86.231884057971,-0.02411681347071662,,,,2014-2024
NBA,LogisticRegression,Expected FG,spatial,spatial_surface,192.02898550724638,86.231884057971,-0.038818784124411976,,,,2014-2024
NBA,LogisticRegression,Expected FG,spatial,spatial_surface,199.27536231884062,86.231884057971,-0.05362367570616669,,,,2014-2024
NBA,LogisticRegression,Expected FG,spatial,spatial_surface,206.5217391304348,86.231884057971,-0.06852238748306927,,,,2014-2024
NBA,LogisticRegression,Expected FG,spatial,spatial_surface,213.768115942029,86.231884057971,-0.08350681563963888,,,,2014-2024
NBA,LogisticRegression,Expected FG,spatial,spatial_surface,221.0144927536232,86.231884057971,-0.0985697267445362,,,,2014-2024
NBA,LogisticRegression,Expected FG,spatial,spatial_surface,228.26086956521738,86.231884057971,-0.11370464896611901,,,,2014-2024
NBA,LogisticRegression,Expected FG,spatial,spatial_surface,235.50724637681162,86.231884057971,-0.12890577839872466,,,,2014-2024
NBA,LogisticRegression,Expected FG,spatial,spatial_surface,242.7536231884058,86.231884057971,-0.14416789825645396,,,,2014-2024
NBA,LogisticRegression,Expected FG,spatial,spatial_surface,250.0,86.231884057971,-0.15948630903196756,,,,2014-2024
NBA,LogisticRegression,Expected FG,spatial,spatial_surface,-250.0,93.04347826086956,-0.18828822190044583,,,,2014-2024
NBA,LogisticRegression,Expected FG,spatial,spatial_surface,-242.7536231884058,93.04347826086956,-0.17292410837066588,,,,2014-2024
NBA,LogisticRegression,Expected FG,spatial,spatial_surface,-235.5072463768116,93.04347826086956,-0.157613308374532,,,,2014-2024
NBA,LogisticRegression,Expected FG,spatial,spatial_surface,-228.26086956521738,93.04347826086956,-0.1423602253210617,,,,2014-2024
NBA,LogisticRegression,Expected FG,spatial,spatial_surface,-221.0144927536232,93.04347826086956,-0.1271697405060274,,,,2014-2024
NBA,LogisticRegression,Expected FG,spatial,spatial_surface,-213.768115942029,93.04347826086956,-0.11204727646361304,,,,2014-2024
NBA,LogisticRegression,Expected FG,spatial,spatial_surface,-206.52173913043478,93.04347826086956,-0.09699887002850596,,,,2014-2024
NBA,LogisticRegression,Expected FG,spatial,spatial_surface,-199.27536231884056,93.04347826086956,-0.08203125673878225,,,,2014-2024
NBA,LogisticRegression,Expected FG,spatial,spatial_surface,-192.02898550724638,93.04347826086956,-0.0671519684875502,,,,2014-2024
NBA,LogisticRegression,Expected FG,spatial,spatial_surface,-184.7826086956522,93.04347826086956,-0.052369446648475454,,,,2014-2024
NBA,LogisticRegression,Expected FG,spatial,spatial_surface,-177.53623188405797,93.04347826086956,-0.037693173257053875,,,,2014-2024
NBA,LogisticRegression,Expected FG,spatial,spatial_surface,-170.28985507246375,93.04347826086956,-0.023133823221488325,,,,2014-2024
NBA,LogisticRegression,Expected FG,spatial,spatial_surface,-163.04347826086956,93.04347826086956,-0.008703440952756186,,,,2014-2024
NBA,LogisticRegression,Expected FG,spatial,spatial_surface,-155.79710144927537,93.04347826086956,0.005584354780330092,,,,2014-2024
NBA,LogisticRegression,Expected FG,spatial,spatial_surface,-148.55072463768116,93.04347826086956,0.019714133590791966,,,,2014-2024
NBA,LogisticRegression,Expected FG,spatial,spatial_surface,-141.30434782608694,93.04347826086956,0.03366837936598932,,,,2014-2024
NBA,LogisticRegression,Expected FG,spatial,spatial_surface,-134.05797101449275,93.04347826086956,0.04742717483754734,,,,2014-2024
NBA,LogisticRegression,Expected FG,spatial,spatial_surface,-126.81159420289855,93.04347826086956,0.060967840727794154,,,,2014-2024
NBA,LogisticRegression,Expected FG,spatial,spatial_surface,-119.56521739130434,93.04347826086956,0.0742645264269092,,,,2014-2024
NBA,LogisticRegression,Expected FG,spatial,spatial_surface,-112.31884057971013,93.04347826086956,0.08728775129107069,,,,2014-2024
NBA,LogisticRegression,Expected FG,spatial,spatial_surface,-105.07246376811594,93.04347826086956,0.10000389943592186,,,,2014-2024
NBA,LogisticRegression,Expected FG,spatial,spatial_surface,-97.82608695652175,93.04347826086956,0.11237467709930041,,,,2014-2024
NBA,LogisticRegression,Expected FG,spatial,spatial_surface,-90.57971014492753,93.04347826086956,0.12435655123731976,,,,2014-2024
NBA,LogisticRegression,Expected FG,spatial,spatial_surface,-83.33333333333331,93.04347826086956,0.1359002021170727,,,,2014-2024
NBA,LogisticRegression,Expected FG,spatial,spatial_surface,-76.08695652173913,93.04347826086956,0.14695004233166845,,,,2014-2024
NBA,LogisticRegression,Expected FG,spatial,spatial_surface,-68.84057971014494,93.04347826086956,0.15744388041423654,,,,2014-2024
NBA,LogisticRegression,Expected FG,spatial,spatial_surface,-61.59420289855072,93.04347826086956,0.16731283820991147,,,,2014-2024
NBA,LogisticRegression,Expected FG,spatial,spatial_surface,-54.3478260869565,93.04347826086956,0.17648166381325325,,,,2014-2024
NBA,LogisticRegression,Expected FG,spatial,spatial_surface,-47.10144927536231,93.04347826086956,0.1848696082565884,,,,2014-2024
NBA,LogisticRegression,Expected FG,spatial,spatial_surface,-39.855072463768124,93.04347826086956,0.19239204058096135,,,,2014-2024
NBA,LogisticRegression,Expected FG,spatial,spatial_surface,-32.60869565217391,93.04347826086956,0.19896294347194052,,,,2014-2024
NBA,LogisticRegression,Expected FG,spatial,spatial_surface,-25.36231884057969,93.04347826086956,0.20449834045265897,,,,2014-2024
NBA,LogisticRegression,Expected FG,spatial,spatial_surface,-18.1159420289855,93.04347826086956,0.20892054522434106,,,,2014-2024
NBA,LogisticRegression,Expected FG,spatial,spatial_surface,-10.869565217391312,93.04347826086956,0.212162907838248,,,,2014-2024
NBA,LogisticRegression,Expected FG,spatial,spatial_surface,-3.6231884057970944,93.04347826086956,0.21417451071825044,,,,2014-2024
NBA,LogisticRegression,Expected FG,spatial,spatial_surface,3.623188405797123,93.04347826086956,0.2149241217040002,,,,2014-2024
NBA,LogisticRegression,Expected FG,spatial,spatial_surface,10.869565217391312,93.04347826086956,0.2144027245709298,,,,2014-2024
NBA,LogisticRegression,Expected FG,spatial,spatial_surface,18.1159420289855,93.04347826086956,0.21262415694365336,,,,2014-2024
NBA,LogisticRegression,Expected FG,spatial,spatial_surface,25.362318840579746,93.04347826086956,0.20962374620009136,,,,2014-2024
NBA,LogisticRegression,Expected FG,spatial,spatial_surface,32.608695652173935,93.04347826086956,0.20545522826327117,,,,2014-2024
NBA,LogisticRegression,Expected FG,spatial,spatial_surface,39.855072463768124,93.04347826086956,0.20018652869747755,,,,2014-2024
NBA,LogisticRegression,Expected FG,spatial,spatial_surface,47.10144927536231,93.04347826086956,0.19389509820097867,,,,2014-2024
NBA,LogisticRegression,Expected FG,spatial,spatial_surface,54.3478260869565,93.04347826086956,0.18666342621859477,,,,2014-2024
NBA,LogisticRegression,Expected FG,spatial,spatial_surface,61.59420289855075,93.04347826086956,0.17857517202935058,,,,2014-2024
NBA,LogisticRegression,Expected FG,spatial,spatial_surface,68.84057971014494,93.04347826086956,0.1697121361238137,,,,2014-2024
NBA,LogisticRegression,Expected FG,spatial,spatial_surface,76.08695652173913,93.04347826086956,0.16015210996576965,,,,2014-2024
NBA,LogisticRegression,Expected FG,spatial,spatial_surface,83.33333333333337,93.04347826086956,0.14996751878486117,,,,2014-2024
NBA,LogisticRegression,Expected FG,spatial,spatial_surface,90.57971014492756,93.04347826086956,0.1392247103584632,,,,2014-2024
NBA,LogisticRegression,Expected FG,spatial,spatial_surface,97.82608695652175,93.04347826086956,0.1279837278889313,,,,2014-2024
NBA,LogisticRegression,Expected FG,spatial,spatial_surface,105.07246376811594,93.04347826086956,0.11629841860084109,,,,2014-2024
NBA,LogisticRegression,Expected FG,spatial,spatial_surface,112.31884057971013,93.04347826086956,0.1042167562064806,,,,2014-2024
NBA,LogisticRegression,Expected FG,spatial,spatial_surface,119.56521739130437,93.04347826086956,0.09178128472371352,,,,2014-2024
NBA,LogisticRegression,Expected FG,spatial,spatial_surface,126.81159420289856,93.04347826086956,0.07902961775858305,,,,2014-2024
NBA,LogisticRegression,Expected FG,spatial,spatial_surface,134.05797101449275,93.04347826086956,0.0659949490466844,,,,2014-2024
NBA,LogisticRegression,Expected FG,spatial,spatial_surface,141.304347826087,93.04347826086956,0.05270654646477137,,,,2014-2024
NBA,LogisticRegression,Expected FG,spatial,spatial_surface,148.55072463768118,93.04347826086956,0.039190213488069614,,,,2014-2024
NBA,LogisticRegression,Expected FG,spatial,spatial_surface,155.79710144927537,93.04347826086956,0.025468710110027243,,,,2014-2024
NBA,LogisticRegression,Expected FG,spatial,spatial_surface,163.04347826086956,93.04347826086956,0.011562130491164974,,,,2014-2024
NBA,LogisticRegression,Expected FG,spatial,spatial_surface,170.28985507246375,93.04347826086956,-0.002511762142043794,,,,2014-2024
NBA,LogisticRegression,Expected FG,spatial,spatial_surface,177.536231884058,93.04347826086956,-0.016737240945890408,,,,2014-2024
NBA,LogisticRegression,Expected FG,spatial,spatial_surface,184.7826086956522,93.04347826086956,-0.03110035788345278,,,,2014-2024
NBA,LogisticRegression,Expected FG,spatial,spatial_surface,192.02898550724638,93.04347826086956,-0.04558871936549003,,,,2014-2024
NBA,LogisticRegression,Expected FG,spatial,spatial_surface,199.27536231884062,93.04347826086956,-0.06019129132159212,,,,2014-2024
NBA,LogisticRegression,Expected FG,spatial,spatial_surface,206.5217391304348,93.04347826086956,-0.07489823009374519,,,,2014-2024
NBA,LogisticRegression,Expected FG,spatial,spatial_surface,213.768115942029,93.04347826086956,-0.08970073583173349,,,,2014-2024
NBA,LogisticRegression,Expected FG,spatial,spatial_surface,221.0144927536232,93.04347826086956,-0.10459092540337958,,,,2014-2024
NBA,LogisticRegression,Expected FG,spatial,spatial_surface,228.26086956521738,93.04347826086956,-0.11956172217461461,,,,2014-2024
NBA,LogisticRegression,Expected FG,spatial,spatial_surface,235.50724637681162,93.04347826086956,-0.13460676034295085,,,,2014-2024
NBA,LogisticRegression,Expected FG,spatial,spatial_surface,242.7536231884058,93.04347826086956,-0.14972030181143295,,,,2014-2024
NBA,LogisticRegression,Expected FG,spatial,spatial_surface,250.0,93.04347826086956,-0.16489716386350142,,,,2014-2024
NBA,LogisticRegression,Expected FG,spatial,spatial_surface,-250.0,99.85507246376812,-0.19358233319341542,,,,2014-2024
NBA,LogisticRegression,Expected FG,spatial,spatial_surface,-242.7536231884058,99.85507246376812,-0.17835587450713594,,,,2014-2024
NBA,LogisticRegression,Expected FG,spatial,spatial_surface,-235.5072463768116,99.85507246376812,-0.16318950325200063,,,,2014-2024
NBA,LogisticRegression,Expected FG,spatial,spatial_surface,-228.26086956521738,99.85507246376812,-0.14808808252984443,,,,2014-2024
NBA,LogisticRegression,Expected FG,spatial,spatial_surface,-221.0144927536232,99.85507246376812,-0.13305698891676912,,,,2014-2024
NBA,LogisticRegression,Expected FG,spatial,spatial_surface,-213.768115942029,99.85507246376812,-0.11810217805429049,,,,2014-2024
NBA,LogisticRegression,Expected FG,spatial,spatial_surface,-206.52173913043478,99.85507246376812,-0.10323025978814201,,,,2014-2024
NBA,LogisticRegression,Expected FG,spatial,spatial_surface,-199.27536231884056,99.85507246376812,-0.08844858433753036,,,,2014-2024
NBA,LogisticRegression,Expected FG,spatial,spatial_surface,-192.02898550724638,99.85507246376812,-0.07376534119652586,,,,2014-2024
NBA,LogisticRegression,Expected FG,spatial,spatial_surface,-184.7826086956522,99.85507246376812,-0.05918967270783637,,,,2014-2024
NBA,LogisticRegression,Expected FG,spatial,spatial_surface,-177.53623188405797,99.85507246376812,-0.044731804501153716,,,,2014-2024
NBA,LogisticRegression,Expected FG,spatial,spatial_surface,-170.28985507246375,99.85507246376812,-0.03040319524164753,,,,2014-2024
NBA,LogisticRegression,Expected FG,spatial,spatial_surface,-163.04347826086956,99.85507246376812,-0.016216708368106264,,,,2014-2024
NBA,LogisticRegression,Expected FG,spatial,spatial_surface,-155.79710144927537,99.85507246376812,-0.002186808680450153,,,,2014-2024
NBA,LogisticRegression,Expected FG,spatial,spatial_surface,-148.55072463768116,99.85507246376812,0.011670213291256615,,,,2014-2024
NBA,LogisticRegression,Expected FG,spatial,spatial_surface,-141.30434782608694,99.85507246376812,0.025335986322078313,,,,2014-2024
NBA,LogisticRegression,Expected FG,spatial,spatial_surface,-134.05797101449275,99.85507246376812,0.03878977054872303,,,,2014-2024
NBA,LogisticRegression,Expected FG,spatial,spatial_surface,-126.81159420289855,99.85507246376812,0.052008135086538315,,,,2014-2024
NBA,LogisticRegression,Expected FG,spatial,spatial_surface,-119.56521739130434,99.85507246376812,0.06496460141018788,,,,2014-2024
NBA,LogisticRegression,Expected FG,spatial,spatial_surface,-112.31884057971013,99.85507246376812,0.07762925544769195,,,,2014-2024
NBA,LogisticRegression,Expected FG,spatial,spatial_surface,-105.07246376811594,99.85507246376812,0.08996833561039112,,,,2014-2024
NBA,LogisticRegression,Expected FG,spatial,spatial_surface,-97.82608695652175,99.85507246376812,0.10194381032342462,,,,2014-2024
NBA,LogisticRegression,Expected FG,spatial,spatial_surface,-90.57971014492753,99.85507246376812,0.11351296763282956,,,,2014-2024
NBA,LogisticRegression,Expected FG,spatial,spatial_surface,-83.33333333333331,99.85507246376812,0.12462805169196878,,,,2014-2024
NBA,LogisticRegression,Expected FG,spatial,spatial_surface,-76.08695652173913,99.85507246376812,0.13523599663194533,,,,2014-2024
NBA,LogisticRegression,Expected FG,spatial,spatial_surface,-68.84057971014494,99.85507246376812,0.1452783270694326,,,,2014-2024
NBA,LogisticRegression,Expected FG,spatial,spatial_surface,-61.59420289855072,99.85507246376812,0.15469131457267862,,,,2014-2024
NBA,LogisticRegression,Expected FG,spatial,spatial_surface,-54.3478260869565,99.85507246376812,0.16340649699267837,,,,2014-2024
NBA,LogisticRegression,Expected FG,spatial,spatial_surface,-47.10144927536231,99.85507246376812,0.17135167609639354,,,,2014-2024
NBA,LogisticRegression,Expected FG,spatial,spatial_surface,-39.855072463768124,99.85507246376812,0.1784524989588458,,,,2014-2024
NBA,LogisticRegression,Expected FG,spatial,spatial_surface,-32.60869565217391,99.85507246376812,0.184634689108472,,,,2014-2024
NBA,LogisticRegression,Expected FG,spatial,spatial_surface,-25.36231884057969,99.85507246376812,0.18982691572698515,,,,2014-2024
NBA,LogisticRegression,Expected FG,spatial,spatial_surface,-18.1159420289855,99.85507246376812,0.19396417305099914,,,,2014-2024
NBA,LogisticRegression,Expected FG,spatial,spatial_surface,-10.869565217391312,99.85507246376812,0.19699140283732075,,,,2014-2024
NBA,LogisticRegression,Expected FG,spatial,spatial_surface,-3.6231884057970944,99.85507246376812,0.19886696452004074,,,,2014-2024
NBA,LogisticRegression,Expected FG,spatial,spatial_surface,3.623188405797123,99.85507246376812,0.1995654874078739,,,,2014-2024
NBA,LogisticRegression,Expected FG,spatial,spatial_surface,10.869565217391312,99.85507246376812,0.19907966872905358,,,,2014-2024
NBA,LogisticRegression,Expected FG,spatial,spatial_surface,18.1159420289855,99.85507246376812,0.19742072388452203,,,,2014-2024
NBA,LogisticRegression,Expected FG,spatial,spatial_surface,25.362318840579746,99.85507246376812,0.19461742135520652,,,,2014-2024
NBA,LogisticRegression,Expected FG,spatial,spatial_surface,32.608695652173935,99.85507246376812,0.19071387904648615,,,,2014-2024
NBA,LogisticRegression,Expected FG,spatial,spatial_surface,39.855072463768124,99.85507246376812,0.18576648857790076,,,,2014-2024
NBA,LogisticRegression,Expected FG,spatial,spatial_surface,47.10144927536231,99.85507246376812,0.17984042121430674,,,,2014-2024
NBA,LogisticRegression,Expected FG,spatial,spatial_surface,54.3478260869565,99.85507246376812,0.17300614787041046,,,,2014-2024
NBA,LogisticRegression,Expected FG,spatial,spatial_surface,61.59420289855075,99.85507246376812,0.16533630599908844,,,,2014-2024
NBA,LogisticRegression,Expected FG,spatial,spatial_surface,68.84057971014494,99.85507246376812,0.1569031135775615,,,,2014-2024
NBA,LogisticRegression,Expected FG,spatial,spatial_surface,76.08695652173913,99.85507246376812,0.1477764047977823,,,,2014-2024
NBA,LogisticRegression,Expected FG,spatial,spatial_surface,83.33333333333337,99.85507246376812,0.13802226700114295,,,,2014-2024
NBA,LogisticRegression,Expected FG,spatial,spatial_surface,90.57971014492756,99.85507246376812,0.1277022005678685,,,,2014-2024
NBA,LogisticRegression,Expected FG,spatial,spatial_surface,97.82608695652175,99.85507246376812,0.11687269823200867,,,,2014-2024
NBA,LogisticRegression,Expected FG,spatial,spatial_surface,105.07246376811594,99.85507246376812,0.10558513814410667,,,,2014-2024
NBA,LogisticRegression,Expected FG,spatial,spatial_surface,112.31884057971013,99.85507246376812,0.09388589626387474,,,,2014-2024
NBA,LogisticRegression,Expected FG,spatial,spatial_surface,119.56521739130437,99.85507246376812,0.08181660076517851,,,,2014-2024
NBA,LogisticRegression,Expected FG,spatial,spatial_surface,126.81159420289856,99.85507246376812,0.06941446914708209,,,,2014-2024
NBA,LogisticRegression,Expected FG,spatial,spatial_surface,134.05797101449275,99.85507246376812,0.056712684990020704,,,,2014-2024
NBA,LogisticRegression,Expected FG,spatial,spatial_surface,141.304347826087,99.85507246376812,0.04374078466972717,,,,2014-2024
NBA,LogisticRegression,Expected FG,spatial,spatial_surface,148.55072463768118,99.85507246376812,0.03052503467835957,,,,2014-2024
NBA,LogisticRegression,Expected FG,spatial,spatial_surface,155.79710144927537,99.85507246376812,0.01708878781260706,,,,2014-2024
NBA,LogisticRegression,Expected FG,spatial,spatial_surface,163.04347826086956,99.85507246376812,0.003452811863760341,,,,2014-2024
NBA,LogisticRegression,Expected FG,spatial,spatial_surface,170.28985507246375,99.85507246376812,-0.010364411906128385,,,,2014-2024
NBA,LogisticRegression,Expected FG,spatial,spatial_surface,177.536231884058,99.85507246376812,-0.02434642084443181,,,,2014-2024
NBA,LogisticRegression,Expected FG,spatial,spatial_surface,184.7826086956522,99.85507246376812,-0.03847853242356866,,,,2014-2024
NBA,LogisticRegression,Expected FG,spatial,spatial_surface,192.02898550724638,99.85507246376812,-0.05274763323716539,,,,2014-2024
NBA,LogisticRegression,Expected FG,spatial,spatial_surface,199.27536231884062,99.85507246376812,-0.06714199311003208,,,,2014-2024
NBA,LogisticRegression,Expected FG,spatial,spatial_surface,206.5217391304348,99.85507246376812,-0.0816511018170615,,,,2014-2024
NBA,LogisticRegression,Expected FG,spatial,spatial_surface,213.768115942029,99.85507246376812,-0.09626552593823537,,,,2014-2024
NBA,LogisticRegression,Expected FG,spatial,spatial_surface,221.0144927536232,99.85507246376812,-0.11097678350862075,,,,2014-2024
NBA,LogisticRegression,Expected FG,spatial,spatial_surface,228.26086956521738,99.85507246376812,-0.1257772343066936,,,,2014-2024
NBA,LogisticRegression,Expected FG,spatial,spatial_surface,235.50724637681162,99.85507246376812,-0.14065998383114234,,,,2014-2024
NBA,LogisticRegression,Expected FG,spatial,spatial_surface,242.7536231884058,99.85507246376812,-0.15561879922651758,,,,2014-2024
NBA,LogisticRegression,Expected FG,spatial,spatial_surface,250.0,99.85507246376812,-0.17064803562037298,,,,2014-2024
NBA,LogisticRegression,Expected FG,spatial,spatial_surface,-250.0,106.66666666666666,-0.19921549862558932,,,,2014-2024
NBA,LogisticRegression,Expected FG,spatial,spatial_surface,-242.7536231884058,106.66666666666666,-0.1841327381719657,,,,2014-2024
NBA,LogisticRegression,Expected FG,spatial,spatial_surface,-235.5072463768116,106.66666666666666,-0.16911691218791672,,,,2014-2024
NBA,LogisticRegression,Expected FG,spatial,spatial_surface,-228.26086956521738,106.66666666666666,-0.1541733236856835,,,,2014-2024
NBA,LogisticRegression,Expected FG,spatial,spatial_surface,-221.0144927536232,106.66666666666666,-0.13930781961113467,,,,2014-2024
NBA,LogisticRegression,Expected FG,spatial,spatial_surface,-213.768115942029,106.66666666666666,-0.12452685762791596,,,,2014-2024
NBA,LogisticRegression,Expected FG,spatial,spatial_surface,-206.52173913043478,106.66666666666666,-0.10983758208732206,,,,2014-2024
NBA,LogisticRegression,Expected FG,spatial,spatial_surface,-199.27536231884056,106.66666666666666,-0.09524791048626921,,,,2014-2024
NBA,LogisticRegression,Expected FG,spatial,spatial_surface,-192.02898550724638,106.66666666666666,-0.08076663187363001,,,,2014-2024
NBA,LogisticRegression,Expected FG,spatial,spatial_surface,-184.7826086956522,106.66666666666666,-0.06640351882445081,,,,2014-2024
NBA,LogisticRegression,Expected FG,spatial,spatial_surface,-177.53623188405797,106.66666666666666,-0.052169454751377436,,,,2014-2024
NBA,LogisticRegression,Expected FG,spatial,spatial_surface,-170.28985507246375,106.66666666666666,-0.03807657844550755,,,,2014-2024
NBA,LogisticRegression,Expected FG,spatial,spatial_surface,-163.04347826086956,106.66666666666666,-0.024138447808069896,,,,2014-2024
NBA,LogisticRegression,Expected FG,spatial,spatial_surface,-155.79710144927537,106.66666666666666,-0.010370224709592812,,,,2014-2024
NBA,LogisticRegression,Expected FG,spatial,spatial_surface,-148.55072463768116,106.66666666666666,0.003211117264154406,,,,2014-2024
NBA,LogisticRegression,Expected FG,spatial,spatial_surface,-141.30434782608694,106.66666666666666,0.016586560834100705,,,,2014-2024
NBA,LogisticRegression,Expected FG,spatial,spatial_surface,-134.05797101449275,106.66666666666666,0.029734788239920873,,,,2014-2024
NBA,LogisticRegression,Expected FG,spatial,spatial_surface,-126.81159420289855,106.66666666666666,0.04263190034457942,,,,2014-2024
NBA,LogisticRegression,Expected FG,spatial,spatial_surface,-119.56521739130434,106.66666666666666,0.05525111433560154,,,,2014-2024
NBA,LogisticRegression,Expected FG,spatial,spatial_surface,-112.31884057971013,106.66666666666666,0.06756244571386133,,,,2014-2024
NBA,LogisticRegression,Expected FG,spatial,spatial_surface,-105.07246376811594,106.66666666666666,0.07953238454341312,,,,2014-2024
NBA,LogisticRegression,Expected FG,spatial,spatial_surface,-97.82608695652175,106.66666666666666,0.09112358184815024,,,,2014-2024
NBA,LogisticRegression,Expected FG,spatial,spatial_surface,-90.57971014492753,106.66666666666666,0.10229456987626837,,,,2014-2024
NBA,LogisticRegression,Expected FG,spatial,spatial_surface,-83.33333333333331,106.66666666666666,0.11299954984554633,,,,2014-2024
NBA,LogisticRegression,Expected FG,spatial,spatial_surface,-76.08695652173913,106.66666666666666,0.12318829250562266,,,,2014-2024
NBA,LogisticRegression,Expected FG,spatial,spatial_surface,-68.84057971014494,106.66666666666666,0.13280620952652883,,,,2014-2024
NBA,LogisticRegression,Expected FG,spatial,spatial_surface,-61.59420289855072,106.66666666666666,0.14179466543427702,,,,2014-2024
NBA,LogisticRegression,Expected FG,spatial,spatial_surface,-54.3478260869565,106.66666666666666,0.15009160725584145,,,,2014-2024
NBA,LogisticRegression,Expected FG,spatial,spatial_surface,-47.10144927536231,106.66666666666666,0.15763258734850813,,,,2014-2024
NBA,LogisticRegression,Expected FG,spatial,spatial_surface,-39.855072463768124,106.66666666666666,0.16435223806836408,,,,2014-2024
NBA,LogisticRegression,Expected FG,spatial,spatial_surface,-32.60869565217391,106.66666666666666,0.1701862192190723,,,,2014-2024
NBA,LogisticRegression,Expected FG,spatial,spatial_surface,-25.36231884057969,106.66666666666666,0.17507359772664743,,,,2014-2024
NBA,LogisticRegression,Expected FG,spatial,spatial_surface,-18.1159420289855,106.66666666666666,0.17895953721553992,,,,2014-2024
NBA,LogisticRegression,Expected FG,spatial,spatial_surface,-10.869565217391312,106.66666666666666,0.18179808603293804,,,,2014-2024
NBA,LogisticRegression,Expected FG,spatial,spatial_surface,-3.6231884057970944,106.66666666666666,0.18355477821432173,,,,2014-2024
NBA,LogisticRegression,Expected FG,spatial,spatial_surface,3.623188405797123,106.66666666666666,0.18420872978597155,,,,2014-2024
NBA,LogisticRegression,Expected FG,spatial,spatial_surface,10.869565217391312,106.66666666666666,0.18375394376950444,,,,2014-2024
NBA,LogisticRegression,Expected FG,spatial,spatial_surface,18.1159420289855,106.66666666666666,0.18219963518911353,,,,2014-2024
NBA,LogisticRegression,Expected FG,spatial,spatial_surface,25.362318840579746,106.66666666666666,0.17956953308056842,,,,2014-2024
NBA,LogisticRegression,Expected FG,spatial,spatial_surface,32.608695652173935,106.66666666666666,0.17590027248768894,,,,2014-2024
NBA,LogisticRegression,Expected FG,spatial,spatial_surface,39.855072463768124,106.66666666666666,0.1712391144275296,,,,2014-2024
NBA,LogisticRegression,Expected FG,spatial,spatial_surface,47.10144927536231,106.66666666666666,0.16564129716443252,,,,2014-2024
NBA,LogisticRegression,Expected FG,spatial,spatial_surface,54.3478260869565,106.66666666666666,0.15916732125232524,,,,2014-2024
NBA,LogisticRegression,Expected FG,spatial,spatial_surface,61.59420289855075,106.66666666666666,0.1518804175293714,,,,2014-2024
NBA,LogisticRegression,Expected FG,spatial,spatial_surface,68.84057971014494,106.66666666666666,0.143844366274972,,,,2014-2024
NBA,LogisticRegression,Expected FG,spatial,spatial_surface,76.08695652173913,106.66666666666666,0.13512175157231107,,,,2014-2024
NBA,LogisticRegression,Expected FG,spatial,spatial_surface,83.33333333333337,106.66666666666666,0.12577266462202963,,,,2014-2024
NBA,LogisticRegression,Expected FG,spatial,spatial_surface,90.57971014492756,106.66666666666666,0.11585382097069447,,,,2014-2024
NBA,LogisticRegression,Expected FG,spatial,spatial_surface,97.82608695652175,106.66666666666666,0.10541802942158739,,,,2014-2024
NBA,LogisticRegression,Expected FG,spatial,spatial_surface,105.07246376811594,106.66666666666666,0.09451394054704984,,,,2014-2024
NBA,LogisticRegression,Expected FG,spatial,spatial_surface,112.31884057971013,106.66666666666666,0.08318600460184519,,,,2014-2024
NBA,LogisticRegression,Expected FG,spatial,spatial_surface,119.56521739130437,106.66666666666666,0.07147457709825186,,,,2014-2024
NBA,LogisticRegression,Expected FG,spatial,spatial_surface,126.81159420289856,106.66666666666666,0.05941612147408354,,,,2014-2024
NBA,LogisticRegression,Expected FG,spatial,spatial_surface,134.05797101449275,106.66666666666666,0.047043469669182214,,,,2014-2024
NBA,LogisticRegression,Expected FG,spatial,spatial_surface,141.304347826087,106.66666666666666,0.034386111660106994,,,,2014-2024
NBA,LogisticRegression,Expected FG,spatial,spatial_surface,148.55072463768118,106.66666666666666,0.021470493513338074,,,,2014-2024
NBA,LogisticRegression,Expected FG,spatial,spatial_surface,155.79710144927537,106.66666666666666,0.008320310213920129,,,,2014-2024
NBA,LogisticRegression,Expected FG,spatial,spatial_surface,163.04347826086956,106.66666666666666,-0.005043215427183612,,,,2014-2024
NBA,LogisticRegression,Expected FG,spatial,spatial_surface,170.28985507246375,106.66666666666666,-0.018601072818778208,,,,2014-2024
NBA,LogisticRegression,Expected FG,spatial,spatial_surface,177.536231884058,106.66666666666666,-0.032336225048899075,,,,2014-2024
NBA,LogisticRegression,Expected FG,spatial,spatial_surface,184.7826086956522,106.66666666666666,-0.04623339247949565,,,,2014-2024
NBA,LogisticRegression,Expected FG,spatial,spatial_surface,192.02898550724638,106.66666666666666,-0.06027885807052774,,,,2014-2024
NBA,LogisticRegression,Expected FG,spatial,spatial_surface,199.27536231884062,106.66666666666666,-0.07446029333832341,,,,2014-2024
NBA,LogisticRegression,Expected FG,spatial,spatial_surface,206.5217391304348,106.66666666666666,-0.08876660346872883,,,,2014-2024
NBA,LogisticRegression,Expected FG,spatial,spatial_surface,213.768115942029,106.66666666666666,-0.10318778992795838,,,,2014-2024
NBA,LogisticRegression,Expected FG,spatial,spatial_surface,221.0144927536232,106.66666666666666,-0.11771482887200699,,,,2014-2024
NBA,LogisticRegression,Expected FG,spatial,spatial_surface,228.26086956521738,106.66666666666666,-0.1323395636988103,,,,2014-2024
NBA,LogisticRegression,Expected FG,spatial,spatial_surface,235.50724637681162,106.66666666666666,-0.14705461018112734,,,,2014-2024
NBA,LogisticRegression,Expected FG,spatial,spatial_surface,242.7536231884058,106.66666666666666,-0.16185327273886366,,,,2014-2024
NBA,LogisticRegression,Expected FG,spatial,spatial_surface,250.0,106.66666666666666,-0.17672947054155433,,,,2014-2024
NBA,LogisticRegression,Expected FG,spatial,spatial_surface,-250.0,113.47826086956522,-0.20517832415618428,,,,2014-2024
NBA,LogisticRegression,Expected FG,spatial,spatial_surface,-242.7536231884058,113.47826086956522,-0.19024465341795463,,,,2014-2024
NBA,LogisticRegression,Expected FG,spatial,spatial_surface,-235.5072463768116,113.47826086956522,-0.17538478236505092,,,,2014-2024
NBA,LogisticRegression,Expected FG,spatial,spatial_surface,-228.26086956521738,113.47826086956522,-0.1606044292919571,,,,2014-2024
NBA,LogisticRegression,Expected FG,spatial,spatial_surface,-221.0144927536232,113.47826086956522,-0.14590988145979913,,,,2014-2024
NBA,LogisticRegression,Expected FG,spatial,spatial_surface,-213.768115942029,113.47826086956522,-0.13130806207116255,,,,2014-2024
NBA,LogisticRegression,Expected FG,spatial,spatial_surface,-206.52173913043478,113.47826086956522,-0.11680660590053701,,,,2014-2024
NBA,LogisticRegression,Expected FG,spatial,spatial_surface,-199.27536231884056,113.47826086956522,-0.10241394468147605,,,,2014-2024
NBA,LogisticRegression,Expected FG,spatial,spatial_surface,-192.02898550724638,113.47826086956522,-0.08813940344973537,,,,2014-2024
NBA,LogisticRegression,Expected FG,spatial,spatial_surface,-184.7826086956522,113.47826086956522,-0.07399330912581839,,,,2014-2024
NBA,LogisticRegression,Expected FG,spatial,spatial_surface,-177.53623188405797,113.47826086956522,-0.05998711267642465,,,,2014-2024
NBA,LogisticRegression,Expected FG,spatial,spatial_surface,-170.28985507246375,113.47826086956522,-0.04613352620180383,,,,2014-2024
NBA,LogisticRegression,Expected FG,spatial,spatial_surface,-163.04347826086956,113.47826086956522,-0.032446676225300786,,,,2014-2024
NBA,LogisticRegression,Expected FG,spatial,spatial_surface,-155.79710144927537,113.47826086956522,-0.01894227427082243,,,,2014-2024
NBA,LogisticRegression,Expected FG,spatial,spatial_surface,-148.55072463768116,113.47826086956522,-0.005637805445961291,,,,2014-2024
NBA,LogisticRegression,Expected FG,spatial,spatial_surface,-141.30434782608694,113.47826086956522,0.007447264874671233,,,,2014-2024
NBA,LogisticRegression,Expected FG,spatial,spatial_surface,-134.05797101449275,113.47826086956522,0.020291267152105275,,,,2014-2024
NBA,LogisticRegression,Expected FG,spatial,spatial_surface,-126.81159420289855,113.47826086956522,0.03287008892682361,,,,2014-2024
NBA,LogisticRegression,Expected FG,spatial,spatial_surface,-119.56521739130434,113.47826086956522,0.045156925675679124,,,,2014-2024
NBA,LogisticRegression,Expected FG,spatial,spatial_surface,-112.31884057971013,113.47826086956522,0.05712202870200438,,,,2014-2024
NBA,LogisticRegression,Expected FG,spatial,spatial_surface,-105.07246376811594,113.47826086956522,0.06873246144950108,,,,2014-2024
NBA,LogisticRegression,Expected FG,spatial,spatial_surface,-97.82608695652175,113.47826086956522,0.07995188078641709,,,,2014-2024
NBA,LogisticRegression,Expected FG,spatial,spatial_surface,-90.57971014492753,113.47826086956522,0.09074036621920005,,,,2014-2024
NBA,LogisticRegression,Expected FG,spatial,spatial_surface,-83.33333333333331,113.47826086956522,0.10105432753979998,,,,2014-2024
NBA,LogisticRegression,Expected FG,spatial,spatial_surface,-76.08695652173913,113.47826086956522,0.11084652961851556,,,,2014-2024
NBA,LogisticRegression,Expected FG,spatial,spatial_surface,-68.84057971014494,113.47826086956522,0.12006628092003482,,,,2014-2024
NBA,LogisticRegression,Expected FG,spatial,spatial_surface,-61.59420289855072,113.47826086956522,0.128659838110371,,,,2014-2024
NBA,LogisticRegression,Expected FG,spatial,spatial_surface,-54.3478260869565,113.47826086956522,0.13657108025800538,,,,2014-2024
NBA,LogisticRegression,Expected FG,spatial,spatial_surface,-47.10144927536231,113.47826086956522,0.14374249929770785,,,,2014-2024
NBA,LogisticRegression,Expected FG,spatial,spatial_surface,-39.855072463768124,113.47826086956522,0.1501165350890813,,,,2014-2024
NBA,LogisticRegression,Expected FG,spatial,spatial_surface,-32.60869565217391,113.47826086956522,0.1556372509210315,,,,2014-2024
NBA,LogisticRegression,Expected FG,spatial,spatial_surface,-25.36231884057969,113.47826086956522,0.16025229860038528,,,,2014-2024
NBA,LogisticRegression,Expected FG,spatial,spatial_surface,-18.1159420289855,113.47826086956522,0.16391506561343688,,,,2014-2024
NBA,LogisticRegression,Expected FG,spatial,spatial_surface,-10.869565217391312,113.47826086956522,0.16658684002945,,,,2014-2024
NBA,LogisticRegression,Expected FG,spatial,spatial_surface,-3.6231884057970944,113.47826086956522,0.1682387862157417,,,,2014-2024
NBA,LogisticRegression,Expected FG,spatial,spatial_surface,3.623188405797123,113.47826086956522,0.16885351149347327,,,,2014-2024
NBA,LogisticRegression,Expected FG,spatial,spatial_surface,10.869565217391312,113.47826086956522,0.16842603128804579,,,,2014-2024
NBA,LogisticRegression,Expected FG,spatial,spatial_surface,18.1159420289855,113.47826086956522,0.16696400840791734,,,,2014-2024
NBA,LogisticRegression,Expected FG,spatial,spatial_surface,25.362318840579746,113.47826086956522,0.16448723833485213,,,,2014-2024
NBA,LogisticRegression,Expected FG,spatial,spatial_surface,32.608695652173935,113.47826086956522,0.16102645465337256,,,,2014-2024
NBA,LogisticRegression,Expected FG,spatial,spatial_surface,39.855072463768124,113.47826086956522,0.1566216128293826,,,,2014-2024
NBA,LogisticRegression,Expected FG,spatial,spatial_surface,47.10144927536231,113.47826086956522,0.15131985895356245,,,,2014-2024
NBA,LogisticRegression,Expected FG,spatial,spatial_surface,54.3478260869565,113.47826086956522,0.14517339721868405,,,,2014-2024
NBA,LogisticRegression,Expected FG,spatial,spatial_surface,61.59420289855075,113.47826086956522,0.13823744202841887,,,,2014-2024
NBA,LogisticRegression,Expected FG,spatial,spatial_surface,68.84057971014494,113.47826086956522,0.13056839126198724,,,,2014-2024
NBA,LogisticRegression,Expected FG,spatial,spatial_surface,76.08695652173913,113.47826086956522,0.12222230126231579,,,,2014-2024
NBA,LogisticRegression,Expected FG,spatial,spatial_surface,83.33333333333337,113.47826086956522,0.11325369335170854,,,,2014-2024
NBA,LogisticRegression,Expected FG,spatial,spatial_surface,90.57971014492756,113.47826086956522,0.10371468278940538,,,,2014-2024
NBA,LogisticRegression,Expected FG,spatial,spatial_surface,97.82608695652175,113.47826086956522,0.09365439596169854,,,,2014-2024
NBA,LogisticRegression,Expected FG,spatial,spatial_surface,105.07246376811594,113.47826086956522,0.0831186288471161,,,,2014-2024
NBA,LogisticRegression,Expected FG,spatial,spatial_surface,112.31884057971013,113.47826086956522,0.07214969644994604,,,,2014-2024
NBA,LogisticRegression,Expected FG,spatial,spatial_surface,119.56521739130437,113.47826086956522,0.06078642568459573,,,,2014-2024
NBA,LogisticRegression,Expected FG,spatial,spatial_surface,126.81159420289856,113.47826086956522,0.04906425032291567,,,,2014-2024
NBA,LogisticRegression,Expected FG,spatial,spatial_surface,134.05797101449275,113.47826086956522,0.037015374033663784,,,,2014-2024
NBA,LogisticRegression,Expected FG,spatial,spatial_surface,141.304347826087,113.47826086956522,0.024668974930547094,,,,2014-2024
NBA,LogisticRegression,Expected FG,spatial,spatial_surface,148.55072463768118,113.47826086956522,0.012051431677411434,,,,2014-2024
NBA,LogisticRegression,Expected FG,spatial,spatial_surface,155.79710144927537,113.47826086956522,-0.00081344323431215,,,,2014-2024
NBA,LogisticRegression,Expected FG,spatial,spatial_surface,163.04347826086956,113.47826086956522,-0.013904172971724721,,,,2014-2024
NBA,LogisticRegression,Expected FG,spatial,spatial_surface,170.28985507246375,113.47826086956522,-0.027201395124911654,,,,2014-2024
NBA,LogisticRegression,Expected FG,spatial,spatial_surface,177.536231884058,113.47826086956522,-0.04068765371963268,,,,2014-2024
NBA,LogisticRegression,Expected FG,spatial,spatial_surface,184.7826086956522,113.47826086956522,-0.05434720661232678,,,,2014-2024
NBA,LogisticRegression,Expected FG,spatial,spatial_surface,192.02898550724638,113.47826086956522,-0.06816584911814916,,,,2014-2024
NBA,LogisticRegression,Expected FG,spatial,spatial_surface,199.27536231884062,113.47826086956522,-0.08213075385684099,,,,2014-2024
NBA,LogisticRegression,Expected FG,spatial,spatial_surface,206.5217391304348,113.47826086956522,-0.09623032624284153,,,,2014-2024
NBA,LogisticRegression,Expected FG,spatial,spatial_surface,213.768115942029,113.47826086956522,-0.11045407470874971,,,,2014-2024
NBA,LogisticRegression,Expected FG,spatial,spatial_surface,221.0144927536232,113.47826086956522,-0.12479249456923139,,,,2014-2024
NBA,LogisticRegression,Expected FG,spatial,spatial_surface,228.26086956521738,113.47826086956522,-0.13923696435670693,,,,2014-2024
NBA,LogisticRegression,Expected FG,spatial,spatial_surface,235.50724637681162,113.47826086956522,-0.1537796534548447,,,,2014-2024
NBA,LogisticRegression,Expected FG,spatial,spatial_surface,242.7536231884058,113.47826086956522,-0.16841343989536386,,,,2014-2024
NBA,LogisticRegression,Expected FG,spatial,spatial_surface,250.0,113.47826086956522,-0.1831318372499228,,,,2014-2024
NBA,LogisticRegression,Expected FG,spatial,spatial_surface,-250.0,120.28985507246378,-0.21146125142993502,,,,2014-2024
NBA,LogisticRegression,Expected FG,spatial,spatial_surface,-242.7536231884058,120.28985507246378,-0.19668142365563387,,,,2014-2024
NBA,LogisticRegression,Expected FG,spatial,spatial_surface,-235.5072463768116,120.28985507246378,-0.1819822284485709,,,,2014-2024
NBA,LogisticRegression,Expected FG,spatial,spatial_surface,-228.26086956521738,120.28985507246378,-0.16736977085144197,,,,2014-2024
NBA,LogisticRegression,Expected FG,spatial,spatial_surface,-221.0144927536232,120.28985507246378,-0.15285074436380927,,,,2014-2024
NBA,LogisticRegression,Expected FG,spatial,spatial_surface,-213.768115942029,120.28985507246378,-0.13843249718100767,,,,2014-2024
NBA,LogisticRegression,Expected FG,spatial,spatial_surface,-206.52173913043478,120.28985507246378,-0.124123106425194,,,,2014-2024
NBA,LogisticRegression,Expected FG,spatial,spatial_surface,-199.27536231884056,120.28985507246378,-0.10993146125862827,,,,2014-2024
NBA,LogisticRegression,Expected FG,spatial,spatial_surface,-192.02898550724638,120.28985507246378,-0.09586735581222436,,,,2014-2024
NBA,LogisticRegression,Expected FG,spatial,spatial_surface,-184.7826086956522,120.28985507246378,-0.08194159287907413,,,,2014-2024
NBA,LogisticRegression,Expected FG,spatial,spatial_surface,-177.53623188405797,120.28985507246378,-0.06816609929753073,,,,2014-2024
NBA,LogisticRegression,Expected FG,spatial,spatial_surface,-170.28985507246375,120.28985507246378,-0.05455405385980172,,,,2014-2024
NBA,LogisticRegression,Expected FG,spatial,spatial_surface,-163.04347826086956,120.28985507246378,-0.04112002840025697,,,,2014-2024
NBA,LogisticRegression,Expected FG,spatial,spatial_surface,-155.79710144927537,120.28985507246378,-0.027880142403055475,,,,2014-2024
NBA,LogisticRegression,Expected FG,spatial,spatial_surface,-148.55072463768116,120.28985507246378,-0.01485223096905025,,,,2014-2024
NBA,LogisticRegression,Expected FG,spatial,spatial_surface,-141.30434782608694,120.28985507246378,-0.0020560252303113147,,,,2014-2024
NBA,LogisticRegression,Expected FG,spatial,spatial_surface,-134.05797101449275,120.28985507246378,0.010486656786025339,,,,2014-2024
NBA,LogisticRegression,Expected FG,spatial,spatial_surface,-126.81159420289855,120.28985507246378,0.022751712363561327,,,,2014-2024
NBA,LogisticRegression,Expected FG,spatial,spatial_surface,-119.56521739130434,120.28985507246378,0.034712554956561906,,,,2014-2024
NBA,LogisticRegression,Expected FG,spatial,spatial_surface,-112.31884057971013,120.28985507246378,0.046339922011358364,,,,2014-2024
NBA,LogisticRegression,Expected FG,spatial,spatial_surface,-105.07246376811594,120.28985507246378,0.057601701530218305,,,,2014-2024
NBA,LogisticRegression,Expected FG,spatial,spatial_surface,-97.82608695652175,120.28985507246378,0.06846279342215505,,,,2014-2024
NBA,LogisticRegression,Expected FG,spatial,spatial_surface,-90.57971014492753,120.28985507246378,0.07888502666720852,,,,2014-2024
NBA,LogisticRegression,Expected FG,spatial,spatial_surface,-83.33333333333331,120.28985507246378,0.08882715876106101,,,,2014-2024
NBA,LogisticRegression,Expected FG,spatial,spatial_surface,-76.08695652173913,120.28985507246378,0.09824498925656763,,,,2014-2024
NBA,LogisticRegression,Expected FG,spatial,spatial_surface,-68.84057971014494,120.28985507246378,0.10709162353497068,,,,2014-2024
NBA,LogisticRegression,Expected FG,spatial,spatial_surface,-61.59420289855072,120.28985507246378,0.11531792481016348,,,,2014-2024
NBA,LogisticRegression,Expected FG,spatial,spatial_surface,-54.3478260869565,120.28985507246378,0.12287318993010253,,,,2014-2024
NBA,LogisticRegression,Expected FG,spatial,spatial_surface,-47.10144927536231,120.28985507246378,0.12970607567191222,,,,2014-2024
NBA,LogisticRegression,Expected FG,spatial,spatial_surface,-39.855072463768124,120.28985507246378,0.1357657850274662,,,,2014-2024
NBA,LogisticRegression,Expected FG,spatial,spatial_surface,-32.60869565217391,120.28985507246378,0.14100349653194655,,,,2014-2024
NBA,LogisticRegression,Expected FG,spatial,spatial_surface,-25.36231884057969,120.28985507246378,0.14537398506222649,,,,2014-2024
NBA,LogisticRegression,Expected FG,spatial,spatial_surface,-18.1159420289855,120.28985507246378,0.14883734363830875,,,,2014-2024
NBA,LogisticRegression,Expected FG,spatial,spatial_surface,-10.869565217391312,120.28985507246378,0.15136067960030364,,,,2014-2024
NBA,LogisticRegression,Expected FG,spatial,spatial_surface,-3.6231884057970944,120.28985507246378,0.1529196342395007,,,,2014-2024
NBA,LogisticRegression,Expected FG,spatial,spatial_surface,3.623188405797123,120.28985507246378,0.1534995714407335,,,,2014-2024
NBA,LogisticRegression,Expected FG,spatial,spatial_surface,10.869565217391312,120.28985507246378,0.15309630356265486,,,,2014-2024
NBA,LogisticRegression,Expected FG,spatial,spatial_surface,18.1159420289855,120.28985507246378,0.15171627071284946,,,,2014-2024
NBA,LogisticRegression,Expected FG,spatial,spatial_surface,25.362318840579746,120.28985507246378,0.1493761545883071,,,,2014-2024
NBA,LogisticRegression,Expected FG,spatial,spatial_surface,32.608695652173935,120.28985507246378,0.14610197666484964,,,,2014-2024
NBA,LogisticRegression,Expected FG,spatial,spatial_surface,39.855072463768124,120.28985507246378,0.14192778817595741,,,,2014-2024
NBA,LogisticRegression,Expected FG,spatial,spatial_surface,47.10144927536231,120.28985507246378,0.13689409508048717,,,,2014-2024
NBA,LogisticRegression,Expected FG,spatial,spatial_surface,54.3478260869565,120.28985507246378,0.13104617079584266,,,,2014-2024
NBA,LogisticRegression,Expected FG,spatial,spatial_surface,61.59420289855075,120.28985507246378,0.12443239551841712,,,,2014-2024
NBA,LogisticRegression,Expected FG,spatial,spatial_surface,68.84057971014494,120.28985507246378,0.11710273091463079,,,,2014-2024
NBA,LogisticRegression,Expected FG,spatial,spatial_surface,76.08695652173913,120.28985507246378,0.10910740191287693,,,,2014-2024
NBA,LogisticRegression,Expected FG,spatial,spatial_surface,83.33333333333337,120.28985507246378,0.10049582118361353,,,,2014-2024
NBA,LogisticRegression,Expected FG,spatial,spatial_surface,90.57971014492756,120.28985507246378,0.09131576191061334,,,,2014-2024
NBA,LogisticRegression,Expected FG,spatial,spatial_surface,97.82608695652175,120.28985507246378,0.08161276295996406,,,,2014-2024
NBA,LogisticRegression,Expected FG,spatial,spatial_surface,105.07246376811594,120.28985507246378,0.0714297375611431,,,,2014-2024
NBA,LogisticRegression,Expected FG,spatial,spatial_surface,112.31884057971013,120.28985507246378,0.060806750750429794,,,,2014-2024
NBA,LogisticRegression,Expected FG,spatial,spatial_surface,119.56521739130437,120.28985507246378,0.049780930164460654,,,,2014-2024
NBA,LogisticRegression,Expected FG,spatial,spatial_surface,126.81159420289856,120.28985507246378,0.03838647741492027,,,,2014-2024
NBA,LogisticRegression,Expected FG,spatial,spatial_surface,134.05797101449275,120.28985507246378,0.026654751665043247,,,,2014-2024
NBA,LogisticRegression,Expected FG,spatial,spatial_surface,141.304347826087,120.28985507246378,0.01461440203870279,,,,2014-2024
NBA,LogisticRegression,Expected FG,spatial,spatial_surface,148.55072463768118,120.28985507246378,0.0022915304017426807,,,,2014-2024
NBA,LogisticRegression,Expected FG,spatial,spatial_surface,155.79710144927537,120.28985507246378,-0.010290129537836923,,,,2014-2024
NBA,LogisticRegression,Expected FG,spatial,spatial_surface,163.04347826086956,120.28985507246378,-0.023109027133841054,,,,2014-2024
NBA,LogisticRegression,Expected FG,spatial,spatial_surface,170.28985507246375,120.28985507246378,-0.03614561100999503,,,,2014-2024
NBA,LogisticRegression,Expected FG,spatial,spatial_surface,177.536231884058,120.28985507246378,-0.04938215150636904,,,,2014-2024
NBA,LogisticRegression,Expected FG,spatial,spatial_surface,184.7826086956522,120.28985507246378,-0.06280257250126237,,,,2014-2024
NBA,LogisticRegression,Expected FG,spatial,spatial_surface,192.02898550724638,120.28985507246378,-0.07639229441780704,,,,2014-2024
NBA,LogisticRegression,Expected FG,spatial,spatial_surface,199.27536231884062,120.28985507246378,-0.09013808926999586,,,,2014-2024
NBA,LogisticRegression,Expected FG,spatial,spatial_surface,206.5217391304348,120.28985507246378,-0.10402794793703238,,,,2014-2024
NBA,LogisticRegression,Expected FG,spatial,spatial_surface,213.768115942029,120.28985507246378,-0.1180509594071514,,,,2014-2024
NBA,LogisticRegression,Expected FG,spatial,spatial_surface,221.0144927536232,120.28985507246378,-0.13219720144540595,,,,2014-2024
NBA,LogisticRegression,Expected FG,spatial,spatial_surface,228.26086956521738,120.28985507246378,-0.14645764196989156,,,,2014-2024
NBA,LogisticRegression,Expected FG,spatial,spatial_surface,235.50724637681162,120.28985507246378,-0.1608240503333965,,,,2014-2024
NBA,LogisticRegression,Expected FG,spatial,spatial_surface,242.7536231884058,120.28985507246378,-0.1752889176769458,,,,2014-2024
NBA,LogisticRegression,Expected FG,spatial,spatial_surface,250.0,120.28985507246378,-0.18984538552941646,,,,2014-2024
NBA,LogisticRegression,Expected FG,spatial,spatial_surface,-250.0,127.10144927536231,-0.21805461473251034,,,,2014-2024
NBA,LogisticRegression,Expected FG,spatial,spatial_surface,-242.7536231884058,127.10144927536231,-0.20343276362921994,,,,2014-2024
NBA,LogisticRegression,Expected FG,spatial,spatial_surface,-235.5072463768116,127.10144927536231,-0.18889829993283094,,,,2014-2024
NBA,LogisticRegression,Expected FG,spatial,spatial_surface,-228.26086956521738,127.10144927536231,-0.17445768391252356,,,,2014-2024
NBA,LogisticRegression,Expected FG,spatial,spatial_surface,-221.0144927536232,127.10144927536231,-0.16011797828505284,,,,2014-2024
NBA,LogisticRegression,Expected FG,spatial,spatial_surface,-213.768115942029,127.10144927536231,-0.14588691289006475,,,,2014-2024
NBA,LogisticRegression,Expected FG,spatial,spatial_surface,-206.52173913043478,127.10144927536231,-0.1317729565963943,,,,2014-2024
NBA,LogisticRegression,Expected FG,spatial,spatial_surface,-199.27536231884056,127.10144927536231,-0.11778539711874206,,,,2014-2024
NBA,LogisticRegression,Expected FG,spatial,spatial_surface,-192.02898550724638,127.10144927536231,-0.10393442941831713,,,,2014-2024
NBA,LogisticRegression,Expected FG,spatial,spatial_surface,-184.7826086956522,127.10144927536231,-0.09023125332025361,,,,2014-2024
NBA,LogisticRegression,Expected FG,spatial,spatial_surface,-177.53623188405797,127.10144927536231,-0.07668818088896087,,,,2014-2024
NBA,LogisticRegression,Expected FG,spatial,spatial_surface,-170.28985507246375,127.10144927536231,-0.06331875393894357,,,,2014-2024
NBA,LogisticRegression,Expected FG,spatial,spatial_surface,-163.04347826086956,127.10144927536231,-0.05013787179537432,,,,2014-2024
NBA,LogisticRegression,Expected FG,spatial,spatial_surface,-155.79710144927537,127.10144927536231,-0.037161929020376905,,,,2014-2024
NBA,LogisticRegression,Expected FG,spatial,spatial_surface,-148.55072463768116,127.10144927536231,-0.02440896224333619,,,,2014-2024
NBA,LogisticRegression,Expected FG,spatial,spatial_surface,-141.30434782608694,127.10144927536231,-0.011898804422675574,,,,2014-2024
NBA,LogisticRegression,Expected FG,spatial,spatial_surface,-134.05797101449275,127.10144927536231,0.0003467562399560309,,,,2014-2024
NBA,LogisticRegression,Expected FG,spatial,spatial_surface,-126.81159420289855,127.10144927536231,0.012303816982930094,,,,2014-2024
NBA,LogisticRegression,Expected FG,spatial,spatial_surface,-119.56521739130434,127.10144927536231,0.02394620691799182,,,,2014-2024
NBA,LogisticRegression,Expected FG,spatial,spatial_surface,-112.31884057971013,127.10144927536231,0.03524534775642016,,,,2014-2024
NBA,LogisticRegression,Expected FG,spatial,spatial_surface,-105.07246376811594,127.10144927536231,0.046170140269719204,,,,2014-2024
NBA,LogisticRegression,Expected FG,spatial,spatial_surface,-97.82608695652175,127.10144927536231,0.056686891292442906,,,,2014-2024
NBA,LogisticRegression,Expected FG,spatial,spatial_surface,-90.57971014492753,127.10144927536231,0.06675929975809845,,,,2014-2024
NBA,LogisticRegression,Expected FG,spatial,spatial_surface,-83.33333333333331,127.10144927536231,0.07634852394935937,,,,2014-2024
NBA,LogisticRegression,Expected FG,spatial,spatial_surface,-76.08695652173913,127.10144927536231,0.08541335531083846,,,,2014-2024
NBA,LogisticRegression,Expected FG,spatial,spatial_surface,-68.84057971014494,127.10144927536231,0.09391052601971679,,,,2014-2024
NBA,LogisticRegression,Expected FG,spatial,spatial_surface,-61.59420289855072,127.10144927536231,0.10179517696626367,,,,2014-2024
NBA,LogisticRegression,Expected FG,spatial,spatial_surface,-54.3478260869565,127.10144927536231,0.10902150859301549,,,,2014-2024
NBA,LogisticRegression,Expected FG,spatial,spatial_surface,-47.10144927536231,127.10144927536231,0.1155436279109166,,,,2014-2024
NBA,LogisticRegression,Expected FG,spatial,spatial_surface,-39.855072463768124,127.10144927536231,0.12131659005150029,,,,2014-2024
NBA,LogisticRegression,Expected FG,spatial,spatial_surface,-32.60869565217391,127.10144927536231,0.1262976118969534,,,,2014-2024
NBA,LogisticRegression,Expected FG,spatial,spatial_surface,-25.36231884057969,127.10144927536231,0.1304474100448623,,,,2014-2024
NBA,LogisticRegression,Expected FG,spatial,spatial_surface,-18.1159420289855,127.10144927536231,0.13373158879169555,,,,2014-2024
NBA,LogisticRegression,Expected FG,spatial,spatial_surface,-10.869565217391312,127.10144927536231,0.13612198083527227,,,,2014-2024
NBA,LogisticRegression,Expected FG,spatial,spatial_surface,-3.6231884057970944,127.10144927536231,0.13759782977627497,,,,2014-2024
NBA,LogisticRegression,Expected FG,spatial,spatial_surface,3.623188405797123,127.10144927536231,0.13814670440594695,,,,2014-2024
NBA,LogisticRegression,Expected FG,spatial,spatial_surface,10.869565217391312,127.10144927536231,0.13776505291121638,,,,2014-2024
NBA,LogisticRegression,Expected FG,spatial,spatial_surface,18.1159420289855,127.10144927536231,0.13645833930927173,,,,2014-2024
NBA,LogisticRegression,Expected FG,spatial,spatial_surface,25.362318840579746,127.10144927536231,0.1342407492291471,,,,2014-2024
NBA,LogisticRegression,Expected FG,spatial,spatial_surface,32.608695652173935,127.10144927536231,0.13113449918291753,,,,2014-2024
NBA,LogisticRegression,Expected FG,spatial,spatial_surface,39.855072463768124,127.10144927536231,0.12716882371079297,,,,2014-2024
NBA,LogisticRegression,Expected FG,spatial,spatial_surface,47.10144927536231,127.10144927536231,0.12237874126679617,,,,2014-2024
NBA,LogisticRegression,Expected FG,spatial,spatial_surface,54.3478260869565,127.10144927536231,0.11680370927240041,,,,2014-2024
NBA,LogisticRegression,Expected FG,spatial,spatial_surface,61.59420289855075,127.10144927536231,0.11048627239069397,,,,2014-2024
NBA,LogisticRegression,Expected FG,spatial,spatial_surface,68.84057971014494,127.10144927536231,0.1034707898809701,,,,2014-2024
NBA,LogisticRegression,Expected FG,spatial,spatial_surface,76.08695652173913,127.10144927536231,0.09580230340689225,,,,2014-2024
NBA,LogisticRegression,Expected FG,spatial,spatial_surface,83.33333333333337,127.10144927536231,0.08752558115254956,,,,2014-2024
NBA,LogisticRegression,Expected FG,spatial,spatial_surface,90.57971014492756,127.10144927536231,0.07868435145765011,,,,2014-2024
NBA,LogisticRegression,Expected FG,spatial,spatial_surface,97.82608695652175,127.10144927536231,0.06932072159029,,,,2014-2024
NBA,LogisticRegression,Expected FG,spatial,spatial_surface,105.07246376811594,127.10144927536231,0.05947476535343084,,,,2014-2024
NBA,LogisticRegression,Expected FG,spatial,spatial_surface,112.31884057971013,127.10144927536231,0.04918425650069658,,,,2014-2024
NBA,LogisticRegression,Expected FG,spatial,spatial_surface,119.56521739130437,127.10144927536231,0.03848452237200399,,,,2014-2024
NBA,LogisticRegression,Expected FG,spatial,spatial_surface,126.81159420289856,127.10144927536231,0.027408392537577098,,,,2014-2024
NBA,LogisticRegression,Expected FG,spatial,spatial_surface,134.05797101449275,127.10144927536231,0.015986219444866334,,,,2014-2024
NBA,LogisticRegression,Expected FG,spatial,spatial_surface,141.304347826087,127.10144927536231,0.0042459512056785,,,,2014-2024
NBA,LogisticRegression,Expected FG,spatial,spatial_surface,148.55072463768118,127.10144927536231,-0.007786759896999673,,,,2014-2024
NBA,LogisticRegression,Expected FG,spatial,spatial_surface,155.79710144927537,127.10144927536231,-0.020088426270007925,,,,2014-2024
NBA,LogisticRegression,Expected FG,spatial,spatial_surface,163.04347826086956,127.10144927536231,-0.032637581331875026,,,,2014-2024
NBA,LogisticRegression,Expected FG,spatial,spatial_surface,170.28985507246375,127.10144927536231,-0.04541463083388467,,,,2014-2024
NBA,LogisticRegression,Expected FG,spatial,spatial_surface,177.536231884058,127.10144927536231,-0.05840170462294639,,,,2014-2024
NBA,LogisticRegression,Expected FG,spatial,spatial_surface,184.7826086956522,127.10144927536231,-0.0715825126230131,,,,2014-2024
NBA,LogisticRegression,Expected FG,spatial,spatial_surface,192.02898550724638,127.10144927536231,-0.08494220752310969,,,,2014-2024
NBA,LogisticRegression,Expected FG,spatial,spatial_surface,199.27536231884062,127.10144927536231,-0.09846725568762052,,,,2014-2024
NBA,LogisticRegression,Expected FG,spatial,spatial_surface,206.5217391304348,127.10144927536231,-0.11214531708848965,,,,2014-2024
NBA,LogisticRegression,Expected FG,spatial,spatial_surface,213.768115942029,127.10144927536231,-0.12596513454535938,,,,2014-2024
NBA,LogisticRegression,Expected FG,spatial,spatial_surface,221.0144927536232,127.10144927536231,-0.13991643220224106,,,,2014-2024
NBA,LogisticRegression,Expected FG,spatial,spatial_surface,228.26086956521738,127.10144927536231,-0.1539898229300702,,,,2014-2024
NBA,LogisticRegression,Expected FG,spatial,spatial_surface,235.50724637681162,127.10144927536231,-0.16817672419295218,,,,2014-2024
NBA,LogisticRegression,Expected FG,spatial,spatial_surface,242.7536231884058,127.10144927536231,-0.18246928182829034,,,,2014-2024
NBA,LogisticRegression,Expected FG,spatial,spatial_surface,250.0,127.10144927536231,-0.19686030114898087,,,,2014-2024
NBA,LogisticRegression,Expected FG,spatial,spatial_surface,-250.0,133.91304347826087,-0.22494869393691078,,,,2014-2024
NBA,LogisticRegression,Expected FG,spatial,spatial_surface,-242.7536231884058,133.91304347826087,-0.21048835656342899,,,,2014-2024
NBA,LogisticRegression,Expected FG,spatial,spatial_surface,-235.5072463768116,133.91304347826087,-0.19612204268571745,,,,2014-2024
NBA,LogisticRegression,Expected FG,spatial,spatial_surface,-228.26086956521738,133.91304347826087,-0.18185653416052658,,,,2014-2024
NBA,LogisticRegression,Expected FG,spatial,spatial_surface,-221.0144927536232,133.91304347826087,-0.1676992239613007,,,,2014-2024
NBA,LogisticRegression,Expected FG,spatial,spatial_surface,-213.768115942029,133.91304347826087,-0.15365817857601774,,,,2014-2024
NBA,LogisticRegression,Expected FG,spatial,spatial_surface,-206.52173913043478,133.91304347826087,-0.1397422068117661,,,,2014-2024
NBA,LogisticRegression,Expected FG,spatial,spatial_surface,-199.27536231884056,133.91304347826087,-0.12596093548324702,,,,2014-2024
NBA,LogisticRegression,Expected FG,spatial,spatial_surface,-192.02898550724638,133.91304347826087,-0.11232489241566043,,,,2014-2024
NBA,LogisticRegression,Expected FG,spatial,spatial_surface,-184.7826086956522,133.91304347826087,-0.0988455971053219,,,,2014-2024
NBA,LogisticRegression,Expected FG,spatial,spatial_surface,-177.53623188405797,133.91304347826087,-0.08553565923862089,,,,2014-2024
NBA,LogisticRegression,Expected FG,spatial,spatial_surface,-170.28985507246375,133.91304347826087,-0.07240888505225712,,,,2014-2024
NBA,LogisticRegression,Expected FG,spatial,spatial_surface,-163.04347826086956,133.91304347826087,-0.05948039120074236,,,,2014-2024
NBA,LogisticRegression,Expected FG,spatial,spatial_surface,-155.79710144927537,133.91304347826087,-0.046766725351162525,,,,2014-2024
NBA,LogisticRegression,Expected FG,spatial,spatial_surface,-148.55072463768116,133.91304347826087,-0.0342859921148185,,,,2014-2024
NBA,LogisticRegression,Expected FG,spatial,spatial_surface,-141.30434782608694,133.91304347826087,-0.02205798211031909,,,,2014-2024
NBA,LogisticRegression,Expected FG,spatial,spatial_surface,-134.05797101449275,133.91304347826087,-0.010104300889714757,,,,2014-2024
NBA,LogisticRegression,Expected FG,spatial,spatial_surface,-126.81159420289855,133.91304347826087,0.0015515068934575382,,,,2014-2024
NBA,LogisticRegression,Expected FG,spatial,spatial_surface,-119.56521739130434,133.91304347826087,0.012883844371171849,,,,2014-2024
NBA,LogisticRegression,Expected FG,spatial,spatial_surface,-112.31884057971013,133.91304347826087,0.023864968711255874,,,,2014-2024
NBA,LogisticRegression,Expected FG,spatial,spatial_surface,-105.07246376811594,133.91304347826087,0.034464927360563696,,,,2014-2024
NBA,LogisticRegression,Expected FG,spatial,spatial_surface,-97.82608695652175,133.91304347826087,0.044651537453046786,,,,2014-2024
NBA,LogisticRegression,Expected FG,spatial,spatial_surface,-90.57971014492753,133.91304347826087,0.05439042413757601,,,,2014-2024
NBA,LogisticRegression,Expected FG,spatial,spatial_surface,-83.33333333333331,133.91304347826087,0.06364513589595314,,,,2014-2024
NBA,LogisticRegression,Expected FG,spatial,spatial_surface,-76.08695652173913,133.91304347826087,0.07237735650776264,,,,2014-2024
NBA,LogisticRegression,Expected FG,spatial,spatial_surface,-68.84057971014494,133.91304347826087,0.08054723354727862,,,,2014-2024
NBA,LogisticRegression,Expected FG,spatial,spatial_surface,-61.59420289855072,133.91304347826087,0.08811384140110175,,,,2014-2024
NBA,LogisticRegression,Expected FG,spatial,spatial_surface,-54.3478260869565,133.91304347826087,0.09503579195460378,,,,2014-2024
NBA,LogisticRegression,Expected FG,spatial,spatial_surface,-47.10144927536231,133.91304347826087,0.10127199761175455,,,,2014-2024
NBA,LogisticRegression,Expected FG,spatial,spatial_surface,-39.855072463768124,133.91304347826087,0.10678257886478246,,,,2014-2024
NBA,LogisticRegression,Expected FG,spatial,spatial_surface,-32.60869565217391,133.91304347826087,0.1115298925862864,,,,2014-2024
NBA,LogisticRegression,Expected FG,spatial,spatial_surface,-25.36231884057969,133.91304347826087,0.11547963892024182,,,,2014-2024
NBA,LogisticRegression,Expected FG,spatial,spatial_surface,-18.1159420289855,133.91304347826087,0.11860198653928072,,,,2014-2024
NBA,LogisticRegression,Expected FG,spatial,spatial_surface,-10.869565217391312,133.91304347826087,0.12087264145754258,,,,2014-2024
NBA,LogisticRegression,Expected FG,spatial,spatial_surface,-3.6231884057970944,133.91304347826087,0.12227377719162132,,,,2014-2024
NBA,LogisticRegression,Expected FG,spatial,spatial_surface,3.623188405797123,133.91304347826087,0.12279474685484046,,,,2014-2024
NBA,LogisticRegression,Expected FG,spatial,spatial_surface,10.869565217391312,133.91304347826087,0.12243251206940056,,,,2014-2024
NBA,LogisticRegression,Expected FG,spatial,spatial_surface,18.1159420289855,133.91304347826087,0.12119174826564733,,,,2014-2024
NBA,LogisticRegression,Expected FG,spatial,spatial_surface,25.362318840579746,133.91304347826087,0.11908461738342818,,,,2014-2024
NBA,LogisticRegression,Expected FG,spatial,spatial_surface,32.608695652173935,133.91304347826087,0.11613023183819489,,,,2014-2024
NBA,LogisticRegression,Expected FG,spatial,spatial_surface,39.855072463768124,133.91304347826087,0.11235386216234097,,,,2014-2024
NBA,LogisticRegression,Expected FG,spatial,spatial_surface,47.10144927536231,133.91304347826087,0.10778596044717378,,,,2014-2024
NBA,LogisticRegression,Expected FG,spatial,spatial_surface,54.3478260869565,133.91304347826087,0.10246108029893101,,,,2014-2024
NBA,LogisticRegression,Expected FG,spatial,spatial_surface,61.59420289855075,133.91304347826087,0.09641677171645938,,,,2014-2024
NBA,LogisticRegression,Expected FG,spatial,spatial_surface,68.84057971014494,133.91304347826087,0.08969251837601107,,,,2014-2024
NBA,LogisticRegression,Expected FG,spatial,spatial_surface,76.08695652173913,133.91304347826087,0.08232876864619695,,,,2014-2024
NBA,LogisticRegression,Expected FG,spatial,spatial_surface,83.33333333333337,133.91304347826087,0.07436609372537965,,,,2014-2024
NBA,LogisticRegression,Expected FG,spatial,spatial_surface,90.57971014492756,133.91304347826087,0.06584448941802498,,,,2014-2024
NBA,LogisticRegression,Expected FG,spatial,spatial_surface,97.82608695652175,133.91304347826087,0.056802824063836646,,,,2014-2024
NBA,LogisticRegression,Expected FG,spatial,spatial_surface,105.07246376811594,133.91304347826087,0.04727842480979093,,,,2014-2024
NBA,LogisticRegression,Expected FG,spatial,spatial_surface,112.31884057971013,133.91304347826087,0.03730678777754913,,,,2014-2024
NBA,LogisticRegression,Expected FG,spatial,spatial_surface,119.56521739130437,133.91304347826087,0.026921394229586976,,,,2014-2024
NBA,LogisticRegression,Expected FG,spatial,spatial_surface,126.81159420289856,133.91304347826087,0.016153613848102627,,,,2014-2024
NBA,LogisticRegression,Expected FG,spatial,spatial_surface,134.05797101449275,133.91304347826087,0.005032676953470622,,,,2014-2024
NBA,LogisticRegression,Expected FG,spatial,spatial_surface,141.304347826087,133.91304347826087,-0.006414300762672465,,,,2014-2024
NBA,LogisticRegression,Expected FG,spatial,spatial_surface,148.55072463768118,133.91304347826087,-0.018162255152946727,,,,2014-2024
NBA,LogisticRegression,Expected FG,spatial,spatial_surface,155.79710144927537,133.91304347826087,-0.030188083937630533,,,,2014-2024
NBA,LogisticRegression,Expected FG,spatial,spatial_surface,163.04347826086956,133.91304347826087,-0.04247053988771676,,,,2014-2024
NBA,LogisticRegression,Expected FG,spatial,spatial_surface,170.28985507246375,133.91304347826087,-0.05499011424332481,,,,2014-2024
NBA,LogisticRegression,Expected FG,spatial,spatial_surface,177.536231884058,133.91304347826087,-0.06772891595940131,,,,2014-2024
NBA,LogisticRegression,Expected FG,spatial,spatial_surface,184.7826086956522,133.91304347826087,-0.08067055089108538,,,,2014-2024
NBA,LogisticRegression,Expected FG,spatial,spatial_surface,192.02898550724638,133.91304347826087,-0.09380000383881756,,,,2014-2024
NBA,LogisticRegression,Expected FG,spatial,spatial_surface,199.27536231884062,133.91304347826087,-0.10710352543583837,,,,2014-2024
NBA,LogisticRegression,Expected FG,spatial,spatial_surface,206.5217391304348,133.91304347826087,-0.12056852514028679,,,,2014-2024
NBA,LogisticRegression,Expected FG,spatial,spatial_surface,213.768115942029,133.91304347826087,-0.13418347105239262,,,,2014-2024
NBA,LogisticRegression,Expected FG,spatial,spatial_surface,221.0144927536232,133.91304347826087,-0.1479377968792351,,,,2014-2024
NBA,LogisticRegression,Expected FG,spatial,spatial_surface,228.26086956521738,133.91304347826087,-0.16182181608451376,,,,2014-2024
NBA,LogisticRegression,Expected FG,spatial,spatial_surface,235.50724637681162,133.91304347826087,-0.17582664306305587,,,,2014-2024
NBA,LogisticRegression,Expected FG,spatial,spatial_surface,242.7536231884058,133.91304347826087,-0.18994412104829542,,,,2014-2024
NBA,LogisticRegression,Expected FG,spatial,spatial_surface,250.0,133.91304347826087,-0.20416675637895595,,,,2014-2024
NBA,LogisticRegression,Expected FG,spatial,spatial_surface,-250.0,140.72463768115944,-0.23213376314052728,,,,2014-2024
NBA,LogisticRegression,Expected FG,spatial,spatial_surface,-242.7536231884058,140.72463768115944,-0.2178379061983354,,,,2014-2024
NBA,LogisticRegression,Expected FG,spatial,spatial_surface,-235.5072463768116,140.72463768115944,-0.20364255444231003,,,,2014-2024
NBA,LogisticRegression,Expected FG,spatial,spatial_surface,-228.26086956521738,140.72463768115944,-0.1895547763639259,,,,2014-2024
NBA,LogisticRegression,Expected FG,spatial,spatial_surface,-221.0144927536232,140.72463768115944,-0.17558225520514595,,,,2014-2024
NBA,LogisticRegression,Expected FG,spatial,spatial_surface,-213.768115942029,140.72463768115944,-0.1617333484862161,,,,2014-2024
NBA,LogisticRegression,Expected FG,spatial,spatial_surface,-206.52173913043478,140.72463768115944,-0.14801715308463972,,,,2014-2024
NBA,LogisticRegression,Expected FG,spatial,spatial_surface,-199.27536231884056,140.72463768115944,-0.13444357615507777,,,,2014-2024
NBA,LogisticRegression,Expected FG,spatial,spatial_surface,-192.02898550724638,140.72463768115944,-0.12102341210068304,,,,2014-2024
NBA,LogisticRegression,Expected FG,spatial,spatial_surface,-184.7826086956522,140.72463768115944,-0.10776842568418901,,,,2014-2024
NBA,LogisticRegression,Expected FG,spatial,spatial_surface,-177.53623188405797,140.72463768115944,-0.09469144118821013,,,,2014-2024
NBA,LogisticRegression,Expected FG,spatial,spatial_surface,-170.28985507246375,140.72463768115944,-0.08180643728182446,,,,2014-2024
NBA,LogisticRegression,Expected FG,spatial,spatial_surface,-163.04347826086956,140.72463768115944,-0.06912864690436582,,,,2014-2024
NBA,LogisticRegression,Expected FG,spatial,spatial_surface,-155.79710144927537,140.72463768115944,-0.05667466101381288,,,,2014-2024
NBA,LogisticRegression,Expected FG,spatial,spatial_surface,-148.55072463768116,140.72463768115944,-0.04446253443987941,,,,2014-2024
NBA,LogisticRegression,Expected FG,spatial,spatial_surface,-141.30434782608694,140.72463768115944,-0.032511891303084156,,,,2014-2024
NBA,LogisticRegression,Expected FG,spatial,spatial_surface,-134.05797101449275,140.72463768115944,-0.020844026484266087,,,,2014-2024
NBA,LogisticRegression,Expected FG,spatial,spatial_surface,-126.81159420289855,140.72463768115944,-0.009481998433791938,,,,2014-2024
NBA,LogisticRegression,Expected FG,spatial,spatial_surface,-119.56521739130434,140.72463768115944,0.0015492928113839122,,,,2014-2024
NBA,LogisticRegression,Expected FG,spatial,spatial_surface,-112.31884057971013,140.72463768115944,0.012223050165281468,,,,2014-2024
NBA,LogisticRegression,Expected FG,spatial,spatial_surface,-105.07246376811594,140.72463768115944,0.02251055613409056,,,,2014-2024
NBA,LogisticRegression,Expected FG,spatial,spatial_surface,-97.82608695652175,140.72463768115944,0.0323811929435828,,,,2014-2024
NBA,LogisticRegression,Expected FG,spatial,spatial_surface,-90.57971014492753,140.72463768115944,0.04180251923279796,,,,2014-2024
NBA,LogisticRegression,Expected FG,spatial,spatial_surface,-83.33333333333331,140.72463768115944,0.05074041768022565,,,,2014-2024
NBA,LogisticRegression,Expected FG,spatial,spatial_surface,-76.08695652173913,140.72463768115944,0.059159328426654556,,,,2014-2024
NBA,LogisticRegression,Expected FG,spatial,spatial_surface,-68.84057971014494,140.72463768115944,0.06702258239856228,,,,2014-2024
NBA,LogisticRegression,Expected FG,spatial,spatial_surface,-61.59420289855072,140.72463768115944,0.07429284609264514,,,,2014-2024
NBA,LogisticRegression,Expected FG,spatial,spatial_surface,-54.3478260869565,140.72463768115944,0.08093268455828738,,,,2014-2024
NBA,LogisticRegression,Expected FG,spatial,spatial_surface,-47.10144927536231,140.72463768115944,0.08690524187072957,,,,2014-2024
NBA,LogisticRegression,Expected FG,spatial,spatial_surface,-39.855072463768124,140.72463768115944,0.09217502831450575,,,,2014-2024
NBA,LogisticRegression,Expected FG,spatial,spatial_surface,-32.60869565217391,140.72463768115944,0.09670879129954968,,,,2014-2024
NBA,LogisticRegression,Expected FG,spatial,spatial_surface,-25.36231884057969,140.72463768115944,0.10047643386582557,,,,2014-2024
NBA,LogisticRegression,Expected FG,spatial,spatial_surface,-18.1159420289855,140.72463768115944,0.10345193230768568,,,,2014-2024
NBA,LogisticRegression,Expected FG,spatial,spatial_surface,-10.869565217391312,140.72463768115944,0.1056141952402298,,,,2014-2024
NBA,LogisticRegression,Expected FG,spatial,spatial_surface,-3.6231884057970944,140.72463768115944,0.10694780264902445,,,,2014-2024
NBA,LogisticRegression,Expected FG,spatial,spatial_surface,3.623188405797123,140.72463768115944,0.10744356686969854,,,,2014-2024
NBA,LogisticRegression,Expected FG,spatial,spatial_surface,10.869565217391312,140.72463768115944,0.1070988686379918,,,,2014-2024
NBA,LogisticRegression,Expected FG,spatial,spatial_surface,18.1159420289855,140.72463768115944,0.10591773939558621,,,,2014-2024
NBA,LogisticRegression,Expected FG,spatial,spatial_surface,25.362318840579746,140.72463768115944,0.10391068347487298,,,,2014-2024
NBA,LogisticRegression,Expected FG,spatial,spatial_surface,32.608695652173935,140.72463768115944,0.10109425712878518,,,,2014-2024
NBA,LogisticRegression,Expected FG,spatial,spatial_surface,39.855072463768124,140.72463768115944,0.0974904419302183,,,,2014-2024
NBA,LogisticRegression,Expected FG,spatial,spatial_surface,47.10144927536231,140.72463768115944,0.09312586484090321,,,,2014-2024
NBA,LogisticRegression,Expected FG,spatial,spatial_surface,54.3478260869565,140.72463768115944,0.08803092458832557,,,,2014-2024
NBA,LogisticRegression,Expected FG,spatial,spatial_surface,61.59420289855075,140.72463768115944,0.08223888380437387,,,,2014-2024
NBA,LogisticRegression,Expected FG,spatial,spatial_surface,68.84057971014494,140.72463768115944,0.07578497992462399,,,,2014-2024
NBA,LogisticRegression,Expected FG,spatial,spatial_surface,76.08695652173913,140.72463768115944,0.0687055971942916,,,,2014-2024
NBA,LogisticRegression,Expected FG,spatial,spatial_surface,83.33333333333337,140.72463768115944,0.06103752956169445,,,,2014-2024
NBA,LogisticRegression,Expected FG,spatial,spatial_surface,90.57971014492756,140.72463768115944,0.052817351767274756,,,,2014-2024
NBA,LogisticRegression,Expected FG,spatial,spatial_surface,97.82608695652175,140.72463768115944,0.04408090499142579,,,,2014-2024
NBA,LogisticRegression,Expected FG,spatial,spatial_surface,105.07246376811594,140.72463768115944,0.03486289479945165,,,,2014-2024
NBA,LogisticRegression,Expected FG,spatial,spatial_surface,112.31884057971013,140.72463768115944,0.0251965930457827,,,,2014-2024
NBA,LogisticRegression,Expected FG,spatial,spatial_surface,119.56521739130437,140.72463768115944,0.015113631698080832,,,,2014-2024
NBA,LogisticRegression,Expected FG,spatial,spatial_surface,126.81159420289856,140.72463768115944,0.004643874810825982,,,,2014-2024
NBA,LogisticRegression,Expected FG,spatial,spatial_surface,134.05797101449275,140.72463768115944,-0.006184645372504793,,,,2014-2024
NBA,LogisticRegression,Expected FG,spatial,spatial_surface,141.304347826087,140.72463768115944,-0.01734574145501236,,,,2014-2024
NBA,LogisticRegression,Expected FG,spatial,spatial_surface,148.55072463768118,140.72463768115944,-0.028815044971911202,,,,2014-2024
NBA,LogisticRegression,Expected FG,spatial,spatial_surface,155.79710144927537,140.72463768115944,-0.040569951797660875,,,,2014-2024
NBA,LogisticRegression,Expected FG,spatial,spatial_surface,163.04347826086956,140.72463768115944,-0.05258954744136732,,,,2014-2024
NBA,LogisticRegression,Expected FG,spatial,spatial_surface,170.28985507246375,140.72463768115944,-0.06485451917095333,,,,2014-2024
NBA,LogisticRegression,Expected FG,spatial,spatial_surface,177.536231884058,140.72463768115944,-0.07734706044100789,,,,2014-2024
NBA,LogisticRegression,Expected FG,spatial,spatial_surface,184.7826086956522,140.72463768115944,-0.09005077183164989,,,,2014-2024
NBA,LogisticRegression,Expected FG,spatial,spatial_surface,192.02898550724638,140.72463768115944,-0.10295056164397712,,,,2014-2024
NBA,LogisticRegression,Expected FG,spatial,spatial_surface,199.27536231884062,140.72463768115944,-0.11603254843138985,,,,2014-2024
NBA,LogisticRegression,Expected FG,spatial,spatial_surface,206.5217391304348,140.72463768115944,-0.12928396705520548,,,,2014-2024
NBA,LogisticRegression,Expected FG,spatial,spatial_surface,213.768115942029,140.72463768115944,-0.14269307931324346,,,,2014-2024
NBA,LogisticRegression,Expected FG,spatial,spatial_surface,221.0144927536232,140.72463768115944,-0.1562490897767451,,,,2014-2024
NBA,LogisticRegression,Expected FG,spatial,spatial_surface,228.26086956521738,140.72463768115944,-0.1699420671608998,,,,2014-2024
NBA,LogisticRegression,Expected FG,spatial,spatial_surface,235.50724637681162,140.72463768115944,-0.18376287132671257,,,,2014-2024
NBA,LogisticRegression,Expected FG,spatial,spatial_surface,242.7536231884058,140.72463768115944,-0.19770308584939636,,,,2014-2024
NBA,LogisticRegression,Expected FG,spatial,spatial_surface,250.0,140.72463768115944,-0.21175495597618219,,,,2014-2024
NBA,LogisticRegression,Expected FG,spatial,spatial_surface,-250.0,147.53623188405797,-0.23960013481555556,,,,2014-2024
NBA,LogisticRegression,Expected FG,spatial,spatial_surface,-242.7536231884058,147.53623188405797,-0.22547118357216658,,,,2014-2024
NBA,LogisticRegression,Expected FG,spatial,spatial_surface,-235.5072463768116,147.53623188405797,-0.2114490341642298,,,,2014-2024
NBA,LogisticRegression,Expected FG,spatial,spatial_surface,-228.26086956521738,147.53623188405797,-0.19754100617359557,,,,2014-2024
NBA,LogisticRegression,Expected FG,spatial,spatial_surface,-221.0144927536232,147.53623188405797,-0.18375503289972658,,,,2014-2024
NBA,LogisticRegression,Expected FG,spatial,spatial_surface,-213.768115942029,147.53623188405797,-0.1700997175474104,,,,2014-2024
NBA,LogisticRegression,Expected FG,spatial,spatial_surface,-206.52173913043478,147.53623188405797,-0.1565843941066141,,,,2014-2024
NBA,LogisticRegression,Expected FG,spatial,spatial_surface,-199.27536231884056,147.53623188405797,-0.14321919304597705,,,,2014-2024
NBA,LogisticRegression,Expected FG,spatial,spatial_surface,-192.02898550724638,147.53623188405797,-0.13001511183798029,,,,2014-2024
NBA,LogisticRegression,Expected FG,spatial,spatial_surface,-184.7826086956522,147.53623188405797,-0.11698409018729142,,,,2014-2024
NBA,LogisticRegression,Expected FG,spatial,spatial_surface,-177.53623188405797,147.53623188405797,-0.10413908963235188,,,,2014-2024
NBA,LogisticRegression,Expected FG,spatial,spatial_surface,-170.28985507246375,147.53623188405797,-0.09149417692007697,,,,2014-2024
NBA,LogisticRegression,Expected FG,spatial,spatial_surface,-163.04347826086956,147.53623188405797,-0.07906461019846228,,,,2014-2024
NBA,LogisticRegression,Expected FG,spatial,spatial_surface,-155.79710144927537,147.53623188405797,-0.06686692661452612,,,,2014-2024
NBA,LogisticRegression,Expected FG,spatial,spatial_surface,-148.55072463768116,147.53623188405797,-0.05491902932707707,,,,2014-2024
NBA,LogisticRegression,Expected FG,spatial,spatial_surface,-141.30434782608694,147.53623188405797,-0.04324027122835952,,,,2014-2024
NBA,LogisticRegression,Expected FG,spatial,spatial_surface,-134.05797101449275,147.53623188405797,-0.03185153180279732,,,,2014-2024
NBA,LogisticRegression,Expected FG,spatial,spatial_surface,-126.81159420289855,147.53623188405797,-0.020775282530437922,,,,2014-2024
NBA,LogisticRegression,Expected FG,spatial,spatial_surface,-119.56521739130434,147.53623188405797,-0.01003563507772462,,,,2014-2024
NBA,LogisticRegression,Expected FG,spatial,spatial_surface,-112.31884057971013,147.53623188405797,0.0003416347575792289,,,,2014-2024
NBA,LogisticRegression,Expected FG,spatial,spatial_surface,-105.07246376811594,147.53623188405797,0.010329095700163132,,,,2014-2024
NBA,LogisticRegression,Expected FG,spatial,spatial_surface,-97.82608695652175,147.53623188405797,0.019897711854036715,,,,2014-2024
NBA,LogisticRegression,Expected FG,spatial,spatial_surface,-90.57971014492753,147.53623188405797,0.029016946382532494,,,,2014-2024
NBA,LogisticRegression,Expected FG,spatial,spatial_surface,-83.33333333333331,147.53623188405797,0.03765492918025841,,,,2014-2024
NBA,LogisticRegression,Expected FG,spatial,spatial_surface,-76.08695652173913,147.53623188405797,0.04577869949540689,,,,2014-2024
NBA,LogisticRegression,Expected FG,spatial,spatial_surface,-68.84057971014494,147.53623188405797,0.05335453315452744,,,,2014-2024
NBA,LogisticRegression,Expected FG,spatial,spatial_surface,-61.59420289855072,147.53623188405797,0.060348361297726597,,,,2014-2024
NBA,LogisticRegression,Expected FG,spatial,spatial_surface,-54.3478260869565,147.53623188405797,0.0667262830703956,,,,2014-2024
NBA,LogisticRegression,Expected FG,spatial,spatial_surface,-47.10144927536231,147.53623188405797,0.07245516841390895,,,,2014-2024
NBA,LogisticRegression,Expected FG,spatial,spatial_surface,-39.855072463768124,147.53623188405797,0.07750333909497656,,,,2014-2024
NBA,LogisticRegression,Expected FG,spatial,spatial_surface,-32.60869565217391,147.53623188405797,0.08184130692242732,,,,2014-2024
NBA,LogisticRegression,Expected FG,spatial,spatial_surface,-25.36231884057969,147.53623188405797,0.08544253865529809,,,,2014-2024
NBA,LogisticRegression,Expected FG,spatial,spatial_surface,-18.1159420289855,147.53623188405797,0.08828420872652075,,,,2014-2024
NBA,LogisticRegression,Expected FG,spatial,spatial_surface,-10.869565217391312,147.53623188405797,0.09034789513246451,,,,2014-2024
NBA,LogisticRegression,Expected FG,spatial,spatial_surface,-3.6231884057970944,147.53623188405797,0.09162017213948276,,,,2014-2024
NBA,LogisticRegression,Expected FG,spatial,spatial_surface,3.623188405797123,147.53623188405797,0.09209305686272491,,,,2014-2024
NBA,LogisticRegression,Expected FG,spatial,spatial_surface,10.869565217391312,147.53623188405797,0.09176427552030274,,,,2014-2024
NBA,LogisticRegression,Expected FG,spatial,spatial_surface,18.1159420289855,147.53623188405797,0.09063732851063849,,,,2014-2024
NBA,LogisticRegression,Expected FG,spatial,spatial_surface,25.362318840579746,147.53623188405797,0.08872134971500178,,,,2014-2024
NBA,LogisticRegression,Expected FG,spatial,spatial_surface,32.608695652173935,147.53623188405797,0.08603077227759603,,,,2014-2024
NBA,LogisticRegression,Expected FG,spatial,spatial_surface,39.855072463768124,147.53623188405797,0.08258482812708016,,,,2014-2024
NBA,LogisticRegression,Expected FG,spatial,spatial_surface,47.10144927536231,147.53623188405797,0.07840691965943446,,,,2014-2024
NBA,LogisticRegression,Expected FG,spatial,spatial_surface,54.3478260869565,147.53623188405797,0.07352390811123755,,,,2014-2024
NBA,LogisticRegression,Expected FG,spatial,spatial_surface,61.59420289855075,147.53623188405797,0.06796536401054035,,,,2014-2024
NBA,LogisticRegression,Expected FG,spatial,spatial_surface,68.84057971014494,147.53623188405797,0.06176282138136577,,,,2014-2024
NBA,LogisticRegression,Expected FG,spatial,spatial_surface,76.08695652173913,147.53623188405797,0.054949070373581016,,,,2014-2024
NBA,LogisticRegression,Expected FG,spatial,spatial_surface,83.33333333333337,147.53623188405797,0.04755751419781418,,,,2014-2024
NBA,LogisticRegression,Expected FG,spatial,spatial_surface,90.57971014492756,147.53623188405797,0.03962160707456472,,,,2014-2024
NBA,LogisticRegression,Expected FG,spatial,spatial_surface,97.82608695652175,147.53623188405797,0.031174381454564443,,,,2014-2024
NBA,LogisticRegression,Expected FG,spatial,spatial_surface,105.07246376811594,147.53623188405797,0.022248065728882993,,,,2014-2024
NBA,LogisticRegression,Expected FG,spatial,spatial_surface,112.31884057971013,147.53623188405797,0.01287378833164951,,,,2014-2024
NBA,LogisticRegression,Expected FG,spatial,spatial_surface,119.56521739130437,147.53623188405797,0.003081360549801654,,,,2014-2024
NBA,LogisticRegression,Expected FG,spatial,spatial_surface,126.81159420289856,147.53623188405797,-0.007100871703656808,,,,2014-2024
NBA,LogisticRegression,Expected FG,spatial,spatial_surface,134.05797101449275,147.53623188405797,-0.017646117722937643,,,,2014-2024
NBA,LogisticRegression,Expected FG,spatial,spatial_surface,141.304347826087,147.53623188405797,-0.028529183939458164,,,,2014-2024
NBA,LogisticRegression,Expected FG,spatial,spatial_surface,148.55072463768118,147.53623188405797,-0.039726477753807526,,,,2014-2024
NBA,LogisticRegression,Expected FG,spatial,spatial_surface,155.79710144927537,147.53623188405797,-0.051215982035842544,,,,2014-2024
NBA,LogisticRegression,Expected FG,spatial,spatial_surface,163.04347826086956,147.53623188405797,-0.06297720785816824,,,,2014-2024
NBA,LogisticRegression,Expected FG,spatial,spatial_surface,170.28985507246375,147.53623188405797,-0.07499113180130551,,,,2014-2024
NBA,LogisticRegression,Expected FG,spatial,spatial_surface,177.536231884058,147.53623188405797,-0.08724012300417841,,,,2014-2024
NBA,LogisticRegression,Expected FG,spatial,spatial_surface,184.7826086956522,147.53623188405797,-0.09970786408177182,,,,2014-2024
NBA,LogisticRegression,Expected FG,spatial,spatial_surface,192.02898550724638,147.53623188405797,-0.1123792691166541,,,,2014-2024
NBA,LogisticRegression,Expected FG,spatial,spatial_surface,199.27536231884062,147.53623188405797,-0.1252404011575943,,,,2014-2024
NBA,LogisticRegression,Expected FG,spatial,spatial_surface,206.5217391304348,147.53623188405797,-0.1382783910204626,,,,2014-2024
NBA,LogisticRegression,Expected FG,spatial,spatial_surface,213.768115942029,147.53623188405797,-0.15148135867117477,,,,2014-2024
NBA,LogisticRegression,Expected FG,spatial,spatial_surface,221.0144927536232,147.53623188405797,-0.1648383380618695,,,,2014-2024
NBA,LogisticRegression,Expected FG,spatial,spatial_surface,228.26086956521738,147.53623188405797,-0.17833920597354483,,,,2014-2024
NBA,LogisticRegression,Expected FG,spatial,spatial_surface,235.50724637681162,147.53623188405797,-0.1919746151753757,,,,2014-2024
NBA,LogisticRegression,Expected FG,spatial,spatial_surface,242.7536231884058,147.53623188405797,-0.20573593202888166,,,,2014-2024
NBA,LogisticRegression,Expected FG,spatial,spatial_surface,250.0,147.53623188405797,-0.2196151785317623,,,,2014-2024
NBA,LogisticRegression,Expected FG,spatial,spatial_surface,-250.0,154.34782608695653,-0.24733819940494575,,,,2014-2024
NBA,LogisticRegression,Expected FG,spatial,spatial_surface,-242.7536231884058,154.34782608695653,-0.233378068536474,,,,2014-2024
NBA,LogisticRegression,Expected FG,spatial,spatial_surface,-235.5072463768116,154.34782608695653,-0.21953082532150411,,,,2014-2024
NBA,LogisticRegression,Expected FG,spatial,spatial_surface,-228.26086956521738,154.34782608695653,-0.20580400492995635,,,,2014-2024
NBA,LogisticRegression,Expected FG,spatial,spatial_surface,-221.0144927536232,154.34782608695653,-0.19220575097645545,,,,2014-2024
NBA,LogisticRegression,Expected FG,spatial,spatial_surface,-213.768115942029,154.34782608695653,-0.17874486801656472,,,,2014-2024
NBA,LogisticRegression,Expected FG,spatial,spatial_surface,-206.52173913043478,154.34782608695653,-0.16543087789594804,,,,2014-2024
NBA,LogisticRegression,Expected FG,spatial,spatial_surface,-199.27536231884056,154.34782608695653,-0.15227407992758343,,,,2014-2024
NBA,LogisticRegression,Expected FG,spatial,spatial_surface,-192.02898550724638,154.34782608695653,-0.13928561475215392,,,,2014-2024
NBA,LogisticRegression,Expected FG,spatial,spatial_surface,-184.7826086956522,154.34782608695653,-0.12647753157551347,,,,2014-2024
NBA,LogisticRegression,Expected FG,spatial,spatial_surface,-177.53623188405797,154.34782608695653,-0.11386285826487672,,,,2014-2024
NBA,LogisticRegression,Expected FG,spatial,spatial_surface,-170.28985507246375,154.34782608695653,-0.10145567351117793,,,,2014-2024
NBA,LogisticRegression,Expected FG,spatial,spatial_surface,-163.04347826086956,154.34782608695653,-0.08927117991704955,,,,2014-2024
NBA,LogisticRegression,Expected FG,spatial,spatial_surface,-155.79710144927537,154.34782608695653,-0.07732577643594135,,,,2014-2024
NBA,LogisticRegression,Expected FG,spatial,spatial_surface,-148.55072463768116,154.34782608695653,-0.06563712805703067,,,,2014-2024
NBA,LogisticRegression,Expected FG,spatial,spatial_surface,-141.30434782608694,154.34782608695653,-0.05422422999438914,,,,2014-2024
NBA,LogisticRegression,Expected FG,spatial,spatial_surface,-134.05797101449275,154.34782608695653,-0.043107462894851345,,,,2014-2024
NBA,LogisticRegression,Expected FG,spatial,spatial_surface,-126.81159420289855,154.34782608695653,-0.03230863473390097,,,,2014-2024
NBA,LogisticRegression,Expected FG,spatial,spatial_surface,-119.56521739130434,154.34782608695653,-0.021851004144145786,,,,2014-2024
NBA,LogisticRegression,Expected FG,spatial,spatial_surface,-112.31884057971013,154.34782608695653,-0.011759278958719532,,,,2014-2024
NBA,LogisticRegression,Expected FG,spatial,spatial_surface,-105.07246376811594,154.34782608695653,-0.0020595828222930157,,,,2014-2024
NBA,LogisticRegression,Expected FG,spatial,spatial_surface,-97.82608695652175,154.34782608695653,0.007220618070105711,,,,2014-2024
NBA,LogisticRegression,Expected FG,spatial,spatial_surface,-90.57971014492753,154.34782608695653,0.016052636557124883,,,,2014-2024
NBA,LogisticRegression,Expected FG,spatial,spatial_surface,-83.33333333333331,154.34782608695653,0.02440674291327899,,,,2014-2024
NBA,LogisticRegression,Expected FG,spatial,spatial_surface,-76.08695652173913,154.34782608695653,0.03225240792527634,,,,2014-2024
NBA,LogisticRegression,Expected FG,spatial,spatial_surface,-68.84057971014494,154.34782608695653,0.03955861694359675,,,,2014-2024
NBA,LogisticRegression,Expected FG,spatial,spatial_surface,-61.59420289855072,154.34782608695653,0.04629425852926383,,,,2014-2024
NBA,LogisticRegression,Expected FG,spatial,spatial_surface,-54.3478260869565,154.34782608695653,0.05242858736929282,,,,2014-2024
NBA,LogisticRegression,Expected FG,spatial,spatial_surface,-47.10144927536231,154.34782608695653,0.05793175592027543,,,,2014-2024
NBA,LogisticRegression,Expected FG,spatial,spatial_surface,-39.855072463768124,154.34782608695653,0.06277540295991514,,,,2014-2024
NBA,LogisticRegression,Expected FG,spatial,spatial_surface,-32.60869565217391,154.34782608695653,0.06693328034017217,,,,2014-2024
NBA,LogisticRegression,Expected FG,spatial,spatial_surface,-25.36231884057969,154.34782608695653,0.07038189247264966,,,,2014-2024
NBA,LogisticRegression,Expected FG,spatial,spatial_surface,-18.1159420289855,154.34782608695653,0.07310111738704571,,,,2014-2024
NBA,LogisticRegression,Expected FG,spatial,spatial_surface,-10.869565217391312,154.34782608695653,0.07507477462923201,,,,2014-2024
NBA,LogisticRegression,Expected FG,spatial,spatial_surface,-3.6231884057970944,154.34782608695653,0.07629110474367644,,,,2014-2024
NBA,LogisticRegression,Expected FG,spatial,spatial_surface,3.623188405797123,154.34782608695653,0.0767431282153967,,,,2014-2024
NBA,LogisticRegression,Expected FG,spatial,spatial_surface,10.869565217391312,154.34782608695653,0.07642885859084296,,,,2014-2024
NBA,LogisticRegression,Expected FG,spatial,spatial_surface,18.1159420289855,154.34782608695653,0.07535135447511472,,,,2014-2024
NBA,LogisticRegression,Expected FG,spatial,spatial_surface,25.362318840579746,154.34782608695653,0.07351860704191647,,,,2014-2024
NBA,LogisticRegression,Expected FG,spatial,spatial_surface,32.608695652173935,154.34782608695653,0.07094327203150198,,,,2014-2024
NBA,LogisticRegression,Expected FG,spatial,spatial_surface,39.855072463768124,154.34782608695653,0.06764226631449737,,,,2014-2024
NBA,LogisticRegression,Expected FG,spatial,spatial_surface,47.10144927536231,154.34782608695653,0.06363625758845118,,,,2014-2024
NBA,LogisticRegression,Expected FG,spatial,spatial_surface,54.3478260869565,154.34782608695653,0.05894908078819923,,,,2014-2024
NBA,LogisticRegression,Expected FG,spatial,spatial_surface,61.59420289855075,154.34782608695653,0.05360711610165418,,,,2014-2024
NBA,LogisticRegression,Expected FG,spatial,spatial_surface,68.84057971014494,154.34782608695653,0.04763866145116627,,,,2014-2024
NBA,LogisticRegression,Expected FG,spatial,spatial_surface,76.08695652173913,154.34782608695653,0.04107332771527224,,,,2014-2024
NBA,LogisticRegression,Expected FG,spatial,spatial_surface,83.33333333333337,154.34782608695653,0.03394147881972209,,,,2014-2024
NBA,LogisticRegression,Expected FG,spatial,spatial_surface,90.57971014492756,154.34782608695653,0.026273732105651676,,,,2014-2024
NBA,LogisticRegression,Expected FG,spatial,spatial_surface,97.82608695652175,154.34782608695653,0.0181005279080243,,,,2014-2024
NBA,LogisticRegression,Expected FG,spatial,spatial_surface,105.07246376811594,154.34782608695653,0.009451771624130356,,,,2014-2024
NBA,LogisticRegression,Expected FG,spatial,spatial_surface,112.31884057971013,154.34782608695653,0.00035654703645982,,,,2014-2024
NBA,LogisticRegression,Expected FG,spatial,spatial_surface,119.56521739130437,154.34782608695653,-0.00915710363034708,,,,2014-2024
NBA,LogisticRegression,Expected FG,spatial,spatial_surface,126.81159420289856,154.34782608695653,-0.019062339562510605,,,,2014-2024
NBA,LogisticRegression,Expected FG,spatial,spatial_surface,134.05797101449275,154.34782608695653,-0.029333628896003078,,,,2014-2024
NBA,LogisticRegression,Expected FG,spatial,spatial_surface,141.304347826087,154.34782608695653,-0.039946812069680204,,,,2014-2024
NBA,LogisticRegression,Expected FG,spatial,spatial_surface,148.55072463768118,154.34782608695653,-0.05087912890944418,,,,2014-2024
NBA,LogisticRegression,Expected FG,spatial,spatial_surface,155.79710144927537,154.34782608695653,-0.062109216777599674,,,,2014-2024
NBA,LogisticRegression,Expected FG,spatial,spatial_surface,163.04347826086956,154.34782608695653,-0.07361708632621994,,,,2014-2024
NBA,LogisticRegression,Expected FG,spatial,spatial_surface,170.28985507246375,154.34782608695653,-0.08538408050558852,,,,2014-2024
NBA,LogisticRegression,Expected FG,spatial,spatial_surface,177.536231884058,154.34782608695653,-0.09739282158387627,,,,2014-2024
NBA,LogisticRegression,Expected FG,spatial,spatial_surface,184.7826086956522,154.34782608695653,-0.10962715008755444,,,,2014-2024
NBA,LogisticRegression,Expected FG,spatial,spatial_surface,192.02898550724638,154.34782608695653,-0.12207205880592573,,,,2014-2024
NBA,LogisticRegression,Expected FG,spatial,spatial_surface,199.27536231884062,154.34782608695653,-0.13471362433273307,,,,2014-2024
NBA,LogisticRegression,Expected FG,spatial,spatial_surface,206.5217391304348,154.34782608695653,-0.14753893804667015,,,,2014-2024
NBA,LogisticRegression,Expected FG,spatial,spatial_surface,213.768115942029,154.34782608695653,-0.16053603795669666,,,,2014-2024
NBA,LogisticRegression,Expected FG,spatial,spatial_surface,221.0144927536232,154.34782608695653,-0.17369384244916072,,,,2014-2024
NBA,LogisticRegression,Expected FG,spatial,spatial_surface,228.26086956521738,154.34782608695653,-0.18700208666143822,,,,2014-2024
NBA,LogisticRegression,Expected FG,spatial,spatial_surface,235.50724637681162,154.34782608695653,-0.20045126196018118,,,,2014-2024
NBA,LogisticRegression,Expected FG,spatial,spatial_surface,242.7536231884058,154.34782608695653,-0.21403255881074848,,,,2014-2024
NBA,LogisticRegression,Expected FG,spatial,spatial_surface,250.0,154.34782608695653,-0.22773781317822703,,,,2014-2024
NBA,LogisticRegression,Expected FG,spatial,spatial_surface,-250.0,161.15942028985506,-0.25533846039058994,,,,2014-2024
NBA,LogisticRegression,Expected FG,spatial,spatial_surface,-242.7536231884058,161.15942028985506,-0.24154858609324967,,,,2014-2024
NBA,LogisticRegression,Expected FG,spatial,spatial_surface,-235.5072463768116,161.15942028985506,-0.2278774532693252,,,,2014-2024
NBA,LogisticRegression,Expected FG,spatial,spatial_surface,-228.26086956521738,161.15942028985506,-0.21433277775791074,,,,2014-2024
NBA,LogisticRegression,Expected FG,spatial,spatial_surface,-221.0144927536232,161.15942028985506,-0.20092287479243562,,,,2014-2024
NBA,LogisticRegression,Expected FG,spatial,spatial_surface,-213.768115942029,161.15942028985506,-0.18765670756492717,,,,2014-2024
NBA,LogisticRegression,Expected FG,spatial,spatial_surface,-206.52173913043478,161.15942028985506,-0.1745439388424214,,,,2014-2024
NBA,LogisticRegression,Expected FG,spatial,spatial_surface,-199.27536231884056,161.15942028985506,-0.16159498548722487,,,,2014-2024
NBA,LogisticRegression,Expected FG,spatial,spatial_surface,-192.02898550724638,161.15942028985506,-0.14882107560313731,,,,2014-2024
NBA,LogisticRegression,Expected FG,spatial,spatial_surface,-184.7826086956522,161.15942028985506,-0.13623430786204507,,,,2014-2024
NBA,LogisticRegression,Expected FG,spatial,spatial_surface,-177.53623188405797,161.15942028985506,-0.12384771235183104,,,,2014-2024
NBA,LogisticRegression,Expected FG,spatial,spatial_surface,-170.28985507246375,161.15942028985506,-0.1116753120192184,,,,2014-2024
NBA,LogisticRegression,Expected FG,spatial,spatial_surface,-163.04347826086956,161.15942028985506,-0.09973218345183957,,,,2014-2024
NBA,LogisticRegression,Expected FG,spatial,spatial_surface,-155.79710144927537,161.15942028985506,-0.08803451534508974,,,,2014-2024
NBA,LogisticRegression,Expected FG,spatial,spatial_surface,-148.55072463768116,161.15942028985506,-0.07659966252581774,,,,2014-2024
NBA,LogisticRegression,Expected FG,spatial,spatial_surface,-141.30434782608694,161.15942028985506,-0.06544619285503647,,,,2014-2024
NBA,LogisticRegression,Expected FG,spatial,spatial_surface,-134.05797101449275,161.15942028985506,-0.05459392371013408,,,,2014-2024
NBA,LogisticRegression,Expected FG,spatial,spatial_surface,-126.81159420289855,161.15942028985506,-0.0440639440675169,,,,2014-2024
NBA,LogisticRegression,Expected FG,spatial,spatial_surface,-119.56521739130434,161.15942028985506,-0.03387861749636206,,,,2014-2024
NBA,LogisticRegression,Expected FG,spatial,spatial_surface,-112.31884057971013,161.15942028985506,-0.024061560677885785,,,,2014-2024
NBA,LogisticRegression,Expected FG,spatial,spatial_surface,-105.07246376811594,161.15942028985506,-0.014637591448891374,,,,2014-2024
NBA,LogisticRegression,Expected FG,spatial,spatial_surface,-97.82608695652175,161.15942028985506,-0.005632639925324534,,,,2014-2024
NBA,LogisticRegression,Expected FG,spatial,spatial_surface,-90.57971014492753,161.15942028985506,0.002926383890315909,,,,2014-2024
NBA,LogisticRegression,Expected FG,spatial,spatial_surface,-83.33333333333331,161.15942028985506,0.011011772332447378,,,,2014-2024
NBA,LogisticRegression,Expected FG,spatial,spatial_surface,-76.08695652173913,161.15942028985506,0.01859525757045985,,,,2014-2024
NBA,LogisticRegression,Expected FG,spatial,spatial_surface,-68.84057971014494,161.15942028985506,0.025648308211920406,,,,2014-2024
NBA,LogisticRegression,Expected FG,spatial,spatial_surface,-61.59420289855072,161.15942028985506,0.0321424863656663,,,,2014-2024
NBA,LogisticRegression,Expected FG,spatial,spatial_surface,-54.3478260869565,161.15942028985506,0.03804986312939411,,,,2014-2024
NBA,LogisticRegression,Expected FG,spatial,spatial_surface,-47.10144927536231,161.15942028985506,0.04334348622230626,,,,2014-2024
NBA,LogisticRegression,Expected FG,spatial,spatial_surface,-39.855072463768124,161.15942028985506,0.047997888597114,,,,2014-2024
NBA,LogisticRegression,Expected FG,spatial,spatial_surface,-32.60869565217391,161.15942028985506,0.05198962172486077,,,,2014-2024
NBA,LogisticRegression,Expected FG,spatial,spatial_surface,-25.36231884057969,161.15942028985506,0.055297792408494834,,,,2014-2024
NBA,LogisticRegression,Expected FG,spatial,spatial_surface,-18.1159420289855,161.15942028985506,0.05790457812647548,,,,2014-2024
NBA,LogisticRegression,Expected FG,spatial,spatial_surface,-10.869565217391312,161.15942028985506,0.05979569374192058,,,,2014-2024
NBA,LogisticRegression,Expected FG,spatial,spatial_surface,-3.6231884057970944,161.15942028985506,0.06096078253513046,,,,2014-2024
NBA,LogisticRegression,Expected FG,spatial,spatial_surface,3.623188405797123,161.15942028985506,0.061393707275073456,,,,2014-2024
NBA,LogisticRegression,Expected FG,spatial,spatial_surface,10.869565217391312,161.15942028985506,0.06109272241593931,,,,2014-2024
NBA,LogisticRegression,Expected FG,spatial,spatial_surface,18.1159420289855,161.15942028985506,0.06006051604353074,,,,2014-2024
NBA,LogisticRegression,Expected FG,spatial,spatial_surface,25.362318840579746,161.15942028985506,0.058304119078113434,,,,2014-2024
NBA,LogisticRegression,Expected FG,spatial,spatial_surface,32.608695652173935,161.15942028985506,0.05583468839490145,,,,2014-2024
NBA,LogisticRegression,Expected FG,spatial,spatial_surface,39.855072463768124,161.15942028985506,0.05266717883304241,,,,2014-2024
NBA,LogisticRegression,Expected FG,spatial,spatial_surface,47.10144927536231,161.15942028985506,0.04881992557430001,,,,2014-2024
NBA,LogisticRegression,Expected FG,spatial,spatial_surface,54.3478260869565,161.15942028985506,0.04431416245799309,,,,2014-2024
NBA,LogisticRegression,Expected FG,spatial,spatial_surface,61.59420289855075,161.15942028985506,0.0391735032447367,,,,2014-2024
NBA,LogisticRegression,Expected FG,spatial,spatial_surface,68.84057971014494,161.15942028985506,0.03342341183085604,,,,2014-2024
NBA,LogisticRegression,Expected FG,spatial,spatial_surface,76.08695652173913,161.15942028985506,0.02709068443562962,,,,2014-2024
NBA,LogisticRegression,Expected FG,spatial,spatial_surface,83.33333333333337,161.15942028985506,0.02020296249164999,,,,2014-2024
NBA,LogisticRegression,Expected FG,spatial,spatial_surface,90.57971014492756,161.15942028985506,0.012788290052197504,,,,2014-2024
NBA,LogisticRegression,Expected FG,spatial,spatial_surface,97.82608695652175,161.15942028985506,0.004874724595941599,,,,2014-2024
NBA,LogisticRegression,Expected FG,spatial,spatial_surface,105.07246376811594,161.15942028985506,-0.003509994381824949,,,,2014-2024
NBA,LogisticRegression,Expected FG,spatial,spatial_surface,112.31884057971013,161.15942028985506,-0.012338718362017359,,,,2014-2024
NBA,LogisticRegression,Expected FG,spatial,spatial_surface,119.56521739130437,161.15942028985506,-0.021585106648388724,,,,2014-2024
NBA,LogisticRegression,Expected FG,spatial,spatial_surface,126.81159420289856,161.15942028985506,-0.031223791373369503,,,,2014-2024
NBA,LogisticRegression,Expected FG,spatial,spatial_surface,134.05797101449275,161.15942028985506,-0.041230496224517965,,,,2014-2024
NBA,LogisticRegression,Expected FG,spatial,spatial_surface,141.304347826087,161.15942028985506,-0.051582115060833295,,,,2014-2024
NBA,LogisticRegression,Expected FG,spatial,spatial_surface,148.55072463768118,161.15942028985506,-0.06225675669611888,,,,2014-2024
NBA,LogisticRegression,Expected FG,spatial,spatial_surface,155.79710144927537,161.15942028985506,-0.07323376187798075,,,,2014-2024
NBA,LogisticRegression,Expected FG,spatial,spatial_surface,163.04347826086956,161.15942028985506,-0.08449369801102663,,,,2014-2024
NBA,LogisticRegression,Expected FG,spatial,spatial_surface,170.28985507246375,161.15942028985506,-0.09601833656311229,,,,2014-2024
NBA,LogisticRegression,Expected FG,spatial,spatial_surface,177.536231884058,161.15942028985506,-0.10779061743081378,,,,2014-2024
NBA,LogisticRegression,Expected FG,spatial,spatial_surface,184.7826086956522,161.15942028985506,-0.1197946038792281,,,,2014-2024
NBA,LogisticRegression,Expected FG,spatial,spatial_surface,192.02898550724638,161.15942028985506,-0.1320154310473525,,,,2014-2024
NBA,LogisticRegression,Expected FG,spatial,spatial_surface,199.27536231884062,161.15942028985506,-0.14443925044451597,,,,2014-2024
NBA,LogisticRegression,Expected FG,spatial,spatial_surface,206.5217391304348,161.15942028985506,-0.15705317236571656,,,,2014-2024
NBA,LogisticRegression,Expected FG,spatial,spatial_surface,213.768115942029,161.15942028985506,-0.16984520772659337,,,,2014-2024
NBA,LogisticRegression,Expected FG,spatial,spatial_surface,221.0144927536232,161.15942028985506,-0.18280421045968595,,,,2014-2024
NBA,LogisticRegression,Expected FG,spatial,spatial_surface,228.26086956521738,161.15942028985506,-0.1959198213170695,,,,2014-2024
NBA,LogisticRegression,Expected FG,spatial,spatial_surface,235.50724637681162,161.15942028985506,-0.20918241368356702,,,,2014-2024
NBA,LogisticRegression,Expected FG,spatial,spatial_surface,242.7536231884058,161.15942028985506,-0.222583041811971,,,,2014-2024
NBA,LogisticRegression,Expected FG,spatial,spatial_surface,250.0,161.15942028985506,-0.23611339173986404,,,,2014-2024
NBA,LogisticRegression,Expected FG,spatial,spatial_surface,-250.0,167.97101449275362,-0.26359156493951563,,,,2014-2024
NBA,LogisticRegression,Expected FG,spatial,spatial_surface,-242.7536231884058,167.97101449275362,-0.2499729377292059,,,,2014-2024
NBA,LogisticRegression,Expected FG,spatial,spatial_surface,-235.5072463768116,167.97101449275362,-0.23647865698330287,,,,2014-2024
NBA,LogisticRegression,Expected FG,spatial,spatial_surface,-228.26086956521738,167.97101449275362,-0.22311658532436338,,,,2014-2024
NBA,LogisticRegression,Expected FG,spatial,spatial_surface,-221.0144927536232,167.97101449275362,-0.20989517242079322,,,,2014-2024
NBA,LogisticRegression,Expected FG,spatial,spatial_surface,-213.768115942029,167.97101449275362,-0.1968234994791668,,,,2014-2024
NBA,LogisticRegression,Expected FG,spatial,spatial_surface,-206.52173913043478,167.97101449275362,-0.18391132604029167,,,,2014-2024
NBA,LogisticRegression,Expected FG,spatial,spatial_surface,-199.27536231884056,167.97101449275362,-0.17116913883021248,,,,2014-2024
NBA,LogisticRegression,Expected FG,spatial,spatial_surface,-192.02898550724638,167.97101449275362,-0.15860820228398084,,,,2014-2024
NBA,LogisticRegression,Expected FG,spatial,spatial_surface,-184.7826086956522,167.97101449275362,-0.14624061019261766,,,,2014-2024
NBA,LogisticRegression,Expected FG,spatial,spatial_surface,-177.53623188405797,167.97101449275362,-0.13407933771645933,,,,2014-2024
NBA,LogisticRegression,Expected FG,spatial,spatial_surface,-170.28985507246375,167.97101449275362,-0.12213829275560409,,,,2014-2024
NBA,LogisticRegression,Expected FG,spatial,spatial_surface,-163.04347826086956,167.97101449275362,-0.1104323653653583,,,,2014-2024
NBA,LogisticRegression,Expected FG,spatial,spatial_surface,-155.79710144927537,167.97101449275362,-0.09897747354791084,,,,2014-2024
NBA,LogisticRegression,Expected FG,spatial,spatial_surface,-148.55072463768116,167.97101449275362,-0.08779060333998298,,,,2014-2024
NBA,LogisticRegression,Expected FG,spatial,spatial_surface,-141.30434782608694,167.97101449275362,-0.07688984065292673,,,,2014-2024
NBA,LogisticRegression,Expected FG,spatial,spatial_surface,-134.05797101449275,167.97101449275362,-0.06629439181607807,,,,2014-2024
NBA,LogisticRegression,Expected FG,spatial,spatial_surface,-126.81159420289855,167.97101449275362,-0.056024589243769296,,,,2014-2024
NBA,LogisticRegression,Expected FG,spatial,spatial_surface,-119.56521739130434,167.97101449275362,-0.046101878120516526,,,,2014-2024
NBA,LogisticRegression,Expected FG,spatial,spatial_surface,-112.31884057971013,167.97101449275362,-0.03654877952064056,,,,2014-2024
NBA,LogisticRegression,Expected FG,spatial,spatial_surface,-105.07246376811594,167.97101449275362,-0.0273888250076674,,,,2014-2024
NBA,LogisticRegression,Expected FG,spatial,spatial_surface,-97.82608695652175,167.97101449275362,-0.018646457572605163,,,,2014-2024
NBA,LogisticRegression,Expected FG,spatial,spatial_surface,-90.57971014492753,167.97101449275362,-0.01034689386241941,,,,2014-2024
NBA,LogisticRegression,Expected FG,spatial,spatial_surface,-83.33333333333331,167.97101449275362,-0.0025159431265612264,,,,2014-2024
NBA,LogisticRegression,Expected FG,spatial,spatial_surface,-76.08695652173913,167.97101449275362,0.004820220721545809,,,,2014-2024
NBA,LogisticRegression,Expected FG,spatial,spatial_surface,-68.84057971014494,167.97101449275362,0.011635335974249206,,,,2014-2024
NBA,LogisticRegression,Expected FG,spatial,spatial_surface,-61.59420289855072,167.97101449275362,0.01790337877128062,,,,2014-2024
NBA,LogisticRegression,Expected FG,spatial,spatial_surface,-54.3478260869565,167.97101449275362,0.023598934499340973,,,,2014-2024
NBA,LogisticRegression,Expected FG,spatial,spatial_surface,-47.10144927536231,167.97101449275362,0.02869760851965611,,,,2014-2024
NBA,LogisticRegression,Expected FG,spatial,spatial_surface,-39.855072463768124,167.97101449275362,0.03317646601305235,,,,2014-2024
NBA,LogisticRegression,Expected FG,spatial,spatial_surface,-32.60869565217391,167.97101449275362,0.03701448690273601,,,,2014-2024
NBA,LogisticRegression,Expected FG,spatial,spatial_surface,-25.36231884057969,167.97101449275362,0.040193018357425794,,,,2014-2024
NBA,LogisticRegression,Expected FG,spatial,spatial_surface,-18.1159420289855,167.97101449275362,0.042696204776299235,,,,2014-2024
NBA,LogisticRegression,Expected FG,spatial,spatial_surface,-10.869565217391312,167.97101449275362,0.04451137389137193,,,,2014-2024
NBA,LogisticRegression,Expected FG,spatial,spatial_surface,-3.6231884057970944,167.97101449275362,0.045629358076592436,,,,2014-2024
NBA,LogisticRegression,Expected FG,spatial,spatial_surface,3.623188405797123,167.97101449275362,0.046044732324241125,,,,2014-2024
NBA,LogisticRegression,Expected FG,spatial,spatial_surface,10.869565217391312,167.97101449275362,0.04575595458024015,,,,2014-2024
NBA,LogisticRegression,Expected FG,spatial,spatial_surface,18.1159420289855,167.97101449275362,0.04476539988180607,,,,2014-2024
NBA,LogisticRegression,Expected FG,spatial,spatial_surface,25.362318840579746,167.97101449275362,0.043079286426509183,,,,2014-2024
NBA,LogisticRegression,Expected FG,spatial,spatial_surface,32.608695652173935,167.97101449275362,0.040707498576313964,,,,2014-2024
NBA,LogisticRegression,Expected FG,spatial,spatial_surface,39.855072463768124,167.97101449275362,0.037663318088474854,,,,2014-2024
NBA,LogisticRegression,Expected FG,spatial,spatial_surface,47.10144927536231,167.97101449275362,0.033963079896812604,,,,2014-2024
NBA,LogisticRegression,Expected FG,spatial,spatial_surface,54.3478260869565,167.97101449275362,0.029625772084654223,,,,2014-2024
NBA,LogisticRegression,Expected FG,spatial,spatial_surface,61.59420289855075,167.97101449275362,0.024672601108428394,,,,2014-2024
NBA,LogisticRegression,Expected FG,spatial,spatial_surface,68.84057971014494,167.97101449275362,0.01912654293240501,,,,2014-2024
NBA,LogisticRegression,Expected FG,spatial,spatial_surface,76.08695652173913,167.97101449275362,0.013011898821662815,,,,2014-2024
NBA,LogisticRegression,Expected FG,spatial,spatial_surface,83.33333333333337,167.97101449275362,0.0063538715478189955,,,,2014-2024
NBA,LogisticRegression,Expected FG,spatial,spatial_surface,90.57971014492756,167.97101449275362,-0.000821825830166073,,,,2014-2024
NBA,LogisticRegression,Expected FG,spatial,spatial_surface,97.82608695652175,167.97101449275362,-0.008489320193909827,,,,2014-2024
NBA,LogisticRegression,Expected FG,spatial,spatial_surface,105.07246376811594,167.97101449275362,-0.01662288272675469,,,,2014-2024
NBA,LogisticRegression,Expected FG,spatial,spatial_surface,112.31884057971013,167.97101449275362,-0.025197185619717344,,,,2014-2024
NBA,LogisticRegression,Expected FG,spatial,spatial_surface,119.56521739130437,167.97101449275362,-0.03418751183062449,,,,2014-2024
NBA,LogisticRegression,Expected FG,spatial,spatial_surface,126.81159420289856,167.97101449275362,-0.043569920470385826,,,,2014-2024
NBA,LogisticRegression,Expected FG,spatial,spatial_surface,134.05797101449275,167.97101449275362,-0.05332137165480516,,,,2014-2024
NBA,LogisticRegression,Expected FG,spatial,spatial_surface,141.304347826087,167.97101449275362,-0.06341981539916522,,,,2014-2024
NBA,LogisticRegression,Expected FG,spatial,spatial_surface,148.55072463768118,167.97101449275362,-0.07384424944397786,,,,2014-2024
NBA,LogisticRegression,Expected FG,spatial,spatial_surface,155.79710144927537,167.97101449275362,-0.084574750886584,,,,2014-2024
NBA,LogisticRegression,Expected FG,spatial,spatial_surface,163.04347826086956,167.97101449275362,-0.09559248625075126,,,,2014-2024
NBA,LogisticRegression,Expected FG,spatial,spatial_surface,170.28985507246375,167.97101449275362,-0.10687970423737694,,,,2014-2024
NBA,LogisticRegression,Expected FG,spatial,spatial_surface,177.536231884058,167.97101449275362,-0.11841971493021478,,,,2014-2024
NBA,LogisticRegression,Expected FG,spatial,spatial_surface,184.7826086956522,167.97101449275362,-0.13019685873110712,,,,2014-2024
NBA,LogisticRegression,Expected FG,spatial,spatial_surface,192.02898550724638,167.97101449275362,-0.1421964678050838,,,,2014-2024
NBA,LogisticRegression,Expected FG,spatial,spatial_surface,199.27536231884062,167.97101449275362,-0.15440482235019756,,,,2014-2024
NBA,LogisticRegression,Expected FG,spatial,spatial_surface,206.5217391304348,167.97101449275362,-0.1668091035838936,,,,2014-2024
NBA,LogisticRegression,Expected FG,spatial,spatial_surface,213.768115942029,167.97101449275362,-0.17939734496381007,,,,2014-2024
NBA,LogisticRegression,Expected FG,spatial,spatial_surface,221.0144927536232,167.97101449275362,-0.1921583828377896,,,,2014-2024
NBA,LogisticRegression,Expected FG,spatial,spatial_surface,228.26086956521738,167.97101449275362,-0.20508180744401658,,,,2014-2024
NBA,LogisticRegression,Expected FG,spatial,spatial_surface,235.50724637681162,167.97101449275362,-0.2181579149538683,,,,2014-2024
NBA,LogisticRegression,Expected FG,spatial,spatial_surface,242.7536231884058,167.97101449275362,-0.2313776610625841,,,,2014-2024
NBA,LogisticRegression,Expected FG,spatial,spatial_surface,250.0,167.97101449275362,-0.24473261648112596,,,,2014-2024
NBA,LogisticRegression,Expected FG,spatial,spatial_surface,-250.0,174.7826086956522,-0.2720883302976371,,,,2014-2024
NBA,LogisticRegression,Expected FG,spatial,spatial_surface,-242.7536231884058,174.7826086956522,-0.25864152798934437,,,,2014-2024
NBA,LogisticRegression,Expected FG,spatial,spatial_surface,-235.5072463768116,174.7826086956522,-0.24532441548517717,,,,2014-2024
NBA,LogisticRegression,Expected FG,spatial,spatial_surface,-228.26086956521738,174.7826086956522,-0.2321449697004919,,,,2014-2024
NBA,LogisticRegression,Expected FG,spatial,spatial_surface,-221.0144927536232,174.7826086956522,-0.21911173942996884,,,,2014-2024
NBA,LogisticRegression,Expected FG,spatial,spatial_surface,-213.768115942029,174.7826086956522,-0.20623388571648896,,,,2014-2024
NBA,LogisticRegression,Expected FG,spatial,spatial_surface,-206.52173913043478,174.7826086956522,-0.1935212238374576,,,,2014-2024
NBA,LogisticRegression,Expected FG,spatial,spatial_surface,-199.27536231884056,174.7826086956522,-0.18098426658108055,,,,2014-2024
NBA,LogisticRegression,Expected FG,spatial,spatial_surface,-192.02898550724638,174.7826086956522,-0.1686342683528048,,,,2014-2024
NBA,LogisticRegression,Expected FG,spatial,spatial_surface,-184.7826086956522,174.7826086956522,-0.1564832694901829,,,,2014-2024
NBA,LogisticRegression,Expected FG,spatial,spatial_surface,-177.53623188405797,174.7826086956522,-0.14454413996899365,,,,2014-2024
NBA,LogisticRegression,Expected FG,spatial,spatial_surface,-170.28985507246375,174.7826086956522,-0.1328306214511056,,,,2014-2024
NBA,LogisticRegression,Expected FG,spatial,spatial_surface,-163.04347826086956,174.7826086956522,-0.12135736635296082,,,,2014-2024
NBA,LogisticRegression,Expected FG,spatial,spatial_surface,-155.79710144927537,174.7826086956522,-0.11013997230201375,,,,2014-2024
NBA,LogisticRegression,Expected FG,spatial,spatial_surface,-148.55072463768116,174.7826086956522,-0.09919500999921524,,,,2014-2024
NBA,LogisticRegression,Expected FG,spatial,spatial_surface,-141.30434782608694,174.7826086956522,-0.0885400421248542,,,,2014-2024
NBA,LogisticRegression,Expected FG,spatial,spatial_surface,-134.05797101449275,174.7826086956522,-0.07819363052474515,,,,2014-2024
NBA,LogisticRegression,Expected FG,spatial,spatial_surface,-126.81159420289855,174.7826086956522,-0.06817532851307839,,,,2014-2024
NBA,LogisticRegression,Expected FG,spatial,spatial_surface,-119.56521739130434,174.7826086956522,-0.05850565475585959,,,,2014-2024
NBA,LogisticRegression,Expected FG,spatial,spatial_surface,-112.31884057971013,174.7826086956522,-0.04920604489402031,,,,2014-2024
NBA,LogisticRegression,Expected FG,spatial,spatial_surface,-105.07246376811594,174.7826086956522,-0.04029877687924957,,,,2014-2024
NBA,LogisticRegression,Expected FG,spatial,spatial_surface,-97.82608695652175,174.7826086956522,-0.03180686599102836,,,,2014-2024
NBA,LogisticRegression,Expected FG,spatial,spatial_surface,-90.57971014492753,174.7826086956522,-0.023753925752279414,,,,2014-2024
NBA,LogisticRegression,Expected FG,spatial,spatial_surface,-83.33333333333331,174.7826086956522,-0.016163991539776545,,,,2014-2024
NBA,LogisticRegression,Expected FG,spatial,spatial_surface,-76.08695652173913,174.7826086956522,-0.0090613046659416,,,,2014-2024
NBA,LogisticRegression,Expected FG,spatial,spatial_surface,-68.84057971014494,174.7826086956522,-0.0024700561462606407,,,,2014-2024
NBA,LogisticRegression,Expected FG,spatial,spatial_surface,-61.59420289855072,174.7826086956522,0.003585908715981856,,,,2014-2024
NBA,LogisticRegression,Expected FG,spatial,spatial_surface,-54.3478260869565,174.7826086956522,0.009083421426000243,,,,2014-2024
NBA,LogisticRegression,Expected FG,spatial,spatial_surface,-47.10144927536231,174.7826086956522,0.014000350845138149,,,,2014-2024
NBA,LogisticRegression,Expected FG,spatial,spatial_surface,-39.855072463768124,174.7826086956522,0.018315984046329975,,,,2014-2024
NBA,LogisticRegression,Expected FG,spatial,spatial_surface,-32.60869565217391,174.7826086956522,0.022011415485233554,,,,2014-2024
NBA,LogisticRegression,Expected FG,spatial,spatial_surface,-25.36231884057969,174.7826086956522,0.025069930026017012,,,,2014-2024
NBA,LogisticRegression,Expected FG,spatial,spatial_surface,-18.1159420289855,174.7826086956522,0.02747736361654249,,,,2014-2024
NBA,LogisticRegression,Expected FG,spatial,spatial_surface,-10.869565217391312,174.7826086956522,0.029222424714000717,,,,2014-2024
NBA,LogisticRegression,Expected FG,spatial,spatial_surface,-3.6231884057970944,174.7826086956522,0.030296960165377418,,,,2014-2024
NBA,LogisticRegression,Expected FG,spatial,spatial_surface,3.623188405797123,174.7826086956522,0.03069615125748068,,,,2014-2024
NBA,LogisticRegression,Expected FG,spatial,spatial_surface,10.869565217391312,174.7826086956522,0.030418629000053377,,,,2014-2024
NBA,LogisticRegression,Expected FG,spatial,spatial_surface,18.1159420289855,174.7826086956522,0.029466502134752437,,,,2014-2024
NBA,LogisticRegression,Expected FG,spatial,spatial_surface,25.362318840579746,174.7826086956522,0.02784529645026998,,,,2014-2024
NBA,LogisticRegression,Expected FG,spatial,spatial_surface,32.608695652173935,174.7826086956522,0.025563809204035143,,,,2014-2024
NBA,LogisticRegression,Expected FG,spatial,spatial_surface,39.855072463768124,174.7826086956522,0.02263388725864418,,,,2014-2024
NBA,LogisticRegression,Expected FG,spatial,spatial_surface,47.10144927536231,174.7826086956522,0.019070141459470585,,,,2014-2024
NBA,LogisticRegression,Expected FG,spatial,spatial_surface,54.3478260869565,174.7826086956522,0.014889612472379049,,,,2014-2024
NBA,LogisticRegression,Expected FG,spatial,spatial_surface,61.59420289855075,174.7826086956522,0.010111404611720692,,,,2014-2024
NBA,LogisticRegression,Expected FG,spatial,spatial_surface,68.84057971014494,174.7826086956522,0.00475630414892908,,,,2014-2024
NBA,LogisticRegression,Expected FG,spatial,spatial_surface,76.08695652173913,174.7826086956522,-0.0011536026135125499,,,,2014-2024
NBA,LogisticRegression,Expected FG,spatial,spatial_surface,83.33333333333337,174.7826086956522,-0.007595298299341802,,,,2014-2024
NBA,LogisticRegression,Expected FG,spatial,spatial_surface,90.57971014492756,174.7826086956522,-0.014545179866228941,,,,2014-2024
NBA,LogisticRegression,Expected FG,spatial,spatial_surface,97.82608695652175,174.7826086956522,-0.021979372721249363,,,,2014-2024
NBA,LogisticRegression,Expected FG,spatial,spatial_surface,105.07246376811594,174.7826086956522,-0.029874008578122363,,,,2014-2024
NBA,LogisticRegression,Expected FG,spatial,spatial_surface,112.31884057971013,174.7826086956522,-0.03820546459975832,,,,2014-2024
NBA,LogisticRegression,Expected FG,spatial,spatial_surface,119.56521739130437,174.7826086956522,-0.046950563483275004,,,,2014-2024
NBA,LogisticRegression,Expected FG,spatial,spatial_surface,126.81159420289856,174.7826086956522,-0.056086735804121574,,,,2014-2024
NBA,LogisticRegression,Expected FG,spatial,spatial_surface,134.05797101449275,174.7826086956522,-0.06559214713959388,,,,2014-2024
NBA,LogisticRegression,Expected FG,spatial,spatial_surface,141.304347826087,174.7826086956522,-0.07544579327770728,,,,2014-2024
NBA,LogisticRegression,Expected FG,spatial,spatial_surface,148.55072463768118,174.7826086956522,-0.08562756724662604,,,,2014-2024
NBA,LogisticRegression,Expected FG,spatial,spatial_surface,155.79710144927537,174.7826086956522,-0.09611830204385854,,,,2014-2024
NBA,LogisticRegression,Expected FG,spatial,spatial_surface,163.04347826086956,174.7826086956522,-0.1068997928746371,,,,2014-2024
NBA,LogisticRegression,Expected FG,spatial,spatial_surface,170.28985507246375,174.7826086956522,-0.11795480249012621,,,,2014-2024
NBA,LogisticRegression,Expected FG,spatial,spatial_surface,177.536231884058,174.7826086956522,-0.12926705290333454,,,,2014-2024
NBA,LogisticRegression,Expected FG,spatial,spatial_surface,184.7826086956522,174.7826086956522,-0.14082120639770815,,,,2014-2024
NBA,LogisticRegression,Expected FG,spatial,spatial_surface,192.02898550724638,174.7826086956522,-0.1526028383634687,,,,2014-2024
NBA,LogisticRegression,Expected FG,spatial,spatial_surface,199.27536231884062,174.7826086956522,-0.16459840412332202,,,,2014-2024
NBA,LogisticRegression,Expected FG,spatial,spatial_surface,206.5217391304348,174.7826086956522,-0.17679520155782272,,,,2014-2024
NBA,LogisticRegression,Expected FG,spatial,spatial_surface,213.768115942029,174.7826086956522,-0.18918133102061765,,,,2014-2024
NBA,LogisticRegression,Expected FG,spatial,spatial_surface,221.0144927536232,174.7826086956522,-0.20174565374970335,,,,2014-2024
NBA,LogisticRegression,Expected FG,spatial,spatial_surface,228.26086956521738,174.7826086956522,-0.21447774973376307,,,,2014-2024
NBA,LogisticRegression,Expected FG,spatial,spatial_surface,235.50724637681162,174.7826086956522,-0.22736787578169657,,,,2014-2024
NBA,LogisticRegression,Expected FG,spatial,spatial_surface,242.7536231884058,174.7826086956522,-0.24040692436603758,,,,2014-2024
NBA,LogisticRegression,Expected FG,spatial,spatial_surface,250.0,174.7826086956522,-0.25358638366387287,,,,2014-2024
NBA,LogisticRegression,Expected FG,spatial,spatial_surface,-250.0,181.59420289855072,-0.280819766149929,,,,2014-2024
NBA,LogisticRegression,Expected FG,spatial,spatial_surface,-242.7536231884058,181.59420289855072,-0.26754498658142656,,,,2014-2024
NBA,LogisticRegression,Expected FG,spatial,spatial_surface,-235.5072463768116,181.59420289855072,-0.25440496933867074,,,,2014-2024
NBA,LogisticRegression,Expected FG,spatial,spatial_surface,-228.26086956521738,181.59420289855072,-0.2414077748140647,,,,2014-2024
NBA,LogisticRegression,Expected FG,spatial,spatial_surface,-221.0144927536232,181.59420289855072,-0.22856201776264115,,,,2014-2024
NBA,LogisticRegression,Expected FG,spatial,spatial_surface,-213.768115942029,181.59420289855072,-0.21587690357172976,,,,2014-2024
NBA,LogisticRegression,Expected FG,spatial,spatial_surface,-206.52173913043478,181.59420289855072,-0.20336226552975858,,,,2014-2024
NBA,LogisticRegression,Expected FG,spatial,spatial_surface,-199.27536231884056,181.59420289855072,-0.19102860270821012,,,,2014-2024
NBA,LogisticRegression,Expected FG,spatial,spatial_surface,-192.02898550724638,181.59420289855072,-0.17888711794315068,,,,2014-2024
NBA,LogisticRegression,Expected FG,spatial,spatial_surface,-184.7826086956522,181.59420289855072,-0.166949755250158,,,,2014-2024
NBA,LogisticRegression,Expected FG,spatial,spatial_surface,-177.53623188405797,181.59420289855072,-0.1552292358265069,,,,2014-2024
NBA,LogisticRegression,Expected FG,spatial,spatial_surface,-170.28985507246375,181.59420289855072,-0.1437390915854774,,,,2014-2024
NBA,LogisticRegression,Expected FG,spatial,spatial_surface,-163.04347826086956,181.59420289855072,-0.132493694929305,,,,2014-2024
NBA,LogisticRegression,Expected FG,spatial,spatial_surface,-155.79710144927537,181.59420289855072,-0.12150828320106691,,,,2014-2024
NBA,LogisticRegression,Expected FG,spatial,spatial_surface,-148.55072463768116,181.59420289855072,-0.11079897596601071,,,,2014-2024
NBA,LogisticRegression,Expected FG,spatial,spatial_surface,-141.30434782608694,181.59420289855072,-0.10038278296753542,,,,2014-2024
NBA,LogisticRegression,Expected FG,spatial,spatial_surface,-134.05797101449275,181.59420289855072,-0.0902776002952495,,,,2014-2024
NBA,LogisticRegression,Expected FG,spatial,spatial_surface,-126.81159420289855,181.59420289855072,-0.08050219201140288,,,,2014-2024
NBA,LogisticRegression,Expected FG,spatial,spatial_surface,-119.56521739130434,181.59420289855072,-0.07107615423385896,,,,2014-2024
NBA,LogisticRegression,Expected FG,spatial,spatial_surface,-112.31884057971013,181.59420289855072,-0.06201985850308531,,,,2014-2024
NBA,LogisticRegression,Expected FG,spatial,spatial_surface,-105.07246376811594,181.59420289855072,-0.05335437120971734,,,,2014-2024
NBA,LogisticRegression,Expected FG,spatial,spatial_surface,-97.82608695652175,181.59420289855072,-0.04510134597759016,,,,2014-2024
NBA,LogisticRegression,Expected FG,spatial,spatial_surface,-90.57971014492753,181.59420289855072,-0.037282886238343166,,,,2014-2024
NBA,LogisticRegression,Expected FG,spatial,spatial_surface,-83.33333333333331,181.59420289855072,-0.029921375851064663,,,,2014-2024
NBA,LogisticRegression,Expected FG,spatial,spatial_surface,-76.08695652173913,181.59420289855072,-0.02303927655941973,,,,2014-2024
NBA,LogisticRegression,Expected FG,spatial,spatial_surface,-68.84057971014494,181.59420289855072,-0.01665889236765644,,,,2014-2024
NBA,LogisticRegression,Expected FG,spatial,spatial_surface,-61.59420289855072,181.59420289855072,-0.010802102555463877,,,,2014-2024
NBA,LogisticRegression,Expected FG,spatial,spatial_surface,-54.3478260869565,181.59420289855072,-0.005490066999444904,,,,2014-2024
NBA,LogisticRegression,Expected FG,spatial,spatial_surface,-47.10144927536231,181.59420289855072,-0.0007429096355351383,,,,2014-2024
NBA,LogisticRegression,Expected FG,spatial,spatial_surface,-39.855072463768124,181.59420289855072,0.003420611863096029,,,,2014-2024
NBA,LogisticRegression,Expected FG,spatial,spatial_surface,-32.60869565217391,181.59420289855072,0.006983440000836144,,,,2014-2024
NBA,LogisticRegression,Expected FG,spatial,spatial_surface,-25.36231884057969,181.59420289855072,0.009930543014854132,,,,2014-2024
NBA,LogisticRegression,Expected FG,spatial,spatial_surface,-18.1159420289855,181.59420289855072,0.01224921896060266,,,,2014-2024
NBA,LogisticRegression,Expected FG,spatial,spatial_surface,-10.869565217391312,181.59420289855072,0.013929364884086248,,,,2014-2024
NBA,LogisticRegression,Expected FG,spatial,spatial_surface,-3.6231884057970944,181.59420289855072,0.01496369828693142,,,,2014-2024
NBA,LogisticRegression,Expected FG,spatial,spatial_surface,3.623188405797123,181.59420289855072,0.015347919780606067,,,,2014-2024
NBA,LogisticRegression,Expected FG,spatial,spatial_surface,10.869565217391312,181.59420289855072,0.015080808489950026,,,,2014-2024
NBA,LogisticRegression,Expected FG,spatial,spatial_surface,18.1159420289855,181.59420289855072,0.014164245206819415,,,,2014-2024
NBA,LogisticRegression,Expected FG,spatial,spatial_surface,25.362318840579746,181.59420289855072,0.012603162205264945,,,,2014-2024
NBA,LogisticRegression,Expected FG,spatial,spatial_surface,32.608695652173935,181.59420289855072,0.01040542263469299,,,,2014-2024
NBA,LogisticRegression,Expected FG,spatial,spatial_surface,39.855072463768124,181.59420289855072,0.007581636118503071,,,,2014-2024
NBA,LogisticRegression,Expected FG,spatial,spatial_surface,47.10144927536231,181.59420289855072,0.00414492025942928,,,,2014-2024
NBA,LogisticRegression,Expected FG,spatial,spatial_surface,54.3478260869565,181.59420289855072,0.00011061993983987883,,,,2014-2024
NBA,LogisticRegression,Expected FG,spatial,spatial_surface,61.59420289855075,181.59420289855072,-0.004504002521110301,,,,2014-2024
NBA,LogisticRegression,Expected FG,spatial,spatial_surface,68.84057971014494,181.59420289855072,-0.009680093129731282,,,,2014-2024
NBA,LogisticRegression,Expected FG,spatial,spatial_surface,76.08695652173913,181.59420289855072,-0.015397535412253666,,,,2014-2024
NBA,LogisticRegression,Expected FG,spatial,spatial_surface,83.33333333333337,181.59420289855072,-0.021635271996133992,,,,2014-2024
NBA,LogisticRegression,Expected FG,spatial,spatial_surface,90.57971014492756,181.59420289855072,-0.028371609446085272,,,,2014-2024
NBA,LogisticRegression,Expected FG,spatial,spatial_surface,97.82608695652175,181.59420289855072,-0.03558449936985461,,,,2014-2024
NBA,LogisticRegression,Expected FG,spatial,spatial_surface,105.07246376811594,181.59420289855072,-0.04325179097842624,,,,2014-2024
NBA,LogisticRegression,Expected FG,spatial,spatial_surface,112.31884057971013,181.59420289855072,-0.05135145231081173,,,,2014-2024
NBA,LogisticRegression,Expected FG,spatial,spatial_surface,119.56521739130437,181.59420289855072,-0.05986175910077604,,,,2014-2024
NBA,LogisticRegression,Expected FG,spatial,spatial_surface,126.81159420289856,181.59420289855072,-0.06876145170866768,,,,2014-2024
NBA,LogisticRegression,Expected FG,spatial,spatial_surface,134.05797101449275,181.59420289855072,-0.07802986164667369,,,,2014-2024
NBA,LogisticRegression,Expected FG,spatial,spatial_surface,141.304347826087,181.59420289855072,-0.08764701000404163,,,,2014-2024
NBA,LogisticRegression,Expected FG,spatial,spatial_surface,148.55072463768118,181.59420289855072,-0.09759368056578763,,,,2014-2024
NBA,LogisticRegression,Expected FG,spatial,spatial_surface,155.79710144927537,181.59420289855072,-0.10785147066180048,,,,2014-2024
NBA,LogisticRegression,Expected FG,spatial,spatial_surface,163.04347826086956,181.59420289855072,-0.11840282283438616,,,,2014-2024
NBA,LogisticRegression,Expected FG,spatial,spatial_surface,170.28985507246375,181.59420289855072,-0.12923104032099078,,,,2014-2024
NBA,LogisticRegression,Expected FG,spatial,spatial_surface,177.536231884058,181.59420289855072,-0.1403202891592393,,,,2014-2024
NBA,LogisticRegression,Expected FG,spatial,spatial_surface,184.7826086956522,181.59420289855072,-0.15165558947076316,,,,2014-2024
NBA,LogisticRegression,Expected FG,spatial,spatial_surface,192.02898550724638,181.59420289855072,-0.16322279819799998,,,,2014-2024
NBA,LogisticRegression,Expected FG,spatial,spatial_surface,199.27536231884062,181.59420289855072,-0.1750085852765397,,,,2014-2024
NBA,LogisticRegression,Expected FG,spatial,spatial_surface,206.5217391304348,181.59420289855072,-0.18700040494047535,,,,2014-2024
NBA,LogisticRegression,Expected FG,spatial,spatial_surface,213.768115942029,181.59420289855072,-0.19918646359014333,,,,2014-2024
NBA,LogisticRegression,Expected FG,spatial,spatial_surface,221.0144927536232,181.59420289855072,-0.21155568540695527,,,,2014-2024
NBA,LogisticRegression,Expected FG,spatial,spatial_surface,228.26086956521738,181.59420289855072,-0.22409767668187444,,,,2014-2024
NBA,LogisticRegression,Expected FG,spatial,spatial_surface,235.50724637681162,181.59420289855072,-0.23680268963333853,,,,2014-2024
NBA,LogisticRegression,Expected FG,spatial,spatial_surface,242.7536231884058,181.59420289855072,-0.24966158632639798,,,,2014-2024
NBA,LogisticRegression,Expected FG,spatial,spatial_surface,250.0,181.59420289855072,-0.26266580316581645,,,,2014-2024
NBA,LogisticRegression,Expected FG,spatial,spatial_surface,-250.0,188.40579710144928,-0.28977709320188094,,,,2014-2024
NBA,LogisticRegression,Expected FG,spatial,spatial_surface,-242.7536231884058,188.40579710144928,-0.2766741863368686,,,,2014-2024
NBA,LogisticRegression,Expected FG,spatial,spatial_surface,-235.5072463768116,188.40579710144928,-0.2637108376247739,,,,2014-2024
NBA,LogisticRegression,Expected FG,spatial,spatial_surface,-228.26086956521738,188.40579710144928,-0.2508951619994726,,,,2014-2024
NBA,LogisticRegression,Expected FG,spatial,spatial_surface,-221.0144927536232,188.40579710144928,-0.23823580933635505,,,,2014-2024
NBA,LogisticRegression,Expected FG,spatial,spatial_surface,-213.768115942029,188.40579710144928,-0.22574199670989295,,,,2014-2024
NBA,LogisticRegression,Expected FG,spatial,spatial_surface,-206.52173913043478,188.40579710144928,-0.2134235411027716,,,,2014-2024
NBA,LogisticRegression,Expected FG,spatial,spatial_surface,-199.27536231884056,188.40579710144928,-0.20129089214011534,,,,2014-2024
NBA,LogisticRegression,Expected FG,spatial,spatial_surface,-192.02898550724638,188.40579710144928,-0.18935516430222335,,,,2014-2024
NBA,LogisticRegression,Expected FG,spatial,spatial_surface,-184.7826086956522,188.40579710144928,-0.17762816792855154,,,,2014-2024
NBA,LogisticRegression,Expected FG,spatial,spatial_surface,-177.53623188405797,188.40579710144928,-0.16612243816338604,,,,2014-2024
NBA,LogisticRegression,Expected FG,spatial,spatial_surface,-170.28985507246375,188.40579710144928,-0.1548512608094563,,,,2014-2024
NBA,LogisticRegression,Expected FG,spatial,spatial_surface,-163.04347826086956,188.40579710144928,-0.14382869385078093,,,,2014-2024
NBA,LogisticRegression,Expected FG,spatial,spatial_surface,-155.79710144927537,188.40579710144928,-0.13306958318321468,,,,2014-2024
NBA,LogisticRegression,Expected FG,spatial,spatial_surface,-148.55072463768116,188.40579710144928,-0.1225895708561778,,,,2014-2024
NBA,LogisticRegression,Expected FG,spatial,spatial_surface,-141.30434782608694,188.40579710144928,-0.1124050938906265,,,,2014-2024
NBA,LogisticRegression,Expected FG,spatial,spatial_surface,-134.05797101449275,188.40579710144928,-0.10253337150967809,,,,2014-2024
NBA,LogisticRegression,Expected FG,spatial,spatial_surface,-126.81159420289855,188.40579710144928,-0.0929923784172079,,,,2014-2024
NBA,LogisticRegression,Expected FG,spatial,spatial_surface,-119.56521739130434,188.40579710144928,-0.08380080160976264,,,,2014-2024
NBA,LogisticRegression,Expected FG,spatial,spatial_surface,-112.31884057971013,188.40579710144928,-0.07497797813716045,,,,2014-2024
NBA,LogisticRegression,Expected FG,spatial,spatial_surface,-105.07246376811594,188.40579710144928,-0.06654381127146922,,,,2014-2024
NBA,LogisticRegression,Expected FG,spatial,spatial_surface,-97.82608695652175,188.40579710144928,-0.05851866274050907,,,,2014-2024
NBA,LogisticRegression,Expected FG,spatial,spatial_surface,-90.57971014492753,188.40579710144928,-0.05092321906954361,,,,2014-2024
NBA,LogisticRegression,Expected FG,spatial,spatial_surface,-83.33333333333331,188.40579710144928,-0.04377833068913206,,,,2014-2024
NBA,LogisticRegression,Expected FG,spatial,spatial_surface,-76.08695652173913,188.40579710144928,-0.03710482333495316,,,,2014-2024
NBA,LogisticRegression,Expected FG,spatial,spatial_surface,-68.84057971014494,188.40579710144928,-0.030923282397462698,,,,2014-2024
NBA,LogisticRegression,Expected FG,spatial,spatial_surface,-61.59420289855072,188.40579710144928,-0.025253812262184566,,,,2014-2024
NBA,LogisticRegression,Expected FG,spatial,spatial_surface,-54.3478260869565,188.40579710144928,-0.020115774270560438,,,,2014-2024
NBA,LogisticRegression,Expected FG,spatial,spatial_surface,-47.10144927536231,188.40579710144928,-0.015527508645285598,,,,2014-2024
NBA,LogisticRegression,Expected FG,spatial,spatial_surface,-39.855072463768124,188.40579710144928,-0.011506047443588935,,,,2014-2024
NBA,LogisticRegression,Expected FG,spatial,spatial_surface,-32.60869565217391,188.40579710144928,-0.008066827174630281,,,,2014-2024
NBA,LogisticRegression,Expected FG,spatial,spatial_surface,-25.36231884057969,188.40579710144928,-0.005223410969514702,,,,2014-2024
NBA,LogisticRegression,Expected FG,spatial,spatial_surface,-18.1159420289855,188.40579710144928,-0.002987230949376446,,,,2014-2024
NBA,LogisticRegression,Expected FG,spatial,spatial_surface,-10.869565217391312,188.40579710144928,-0.0013673615467609812,,,,2014-2024
NBA,LogisticRegression,Expected FG,spatial,spatial_surface,-3.6231884057970944,188.40579710144928,-0.00037033389681603857,,,,2014-2024
NBA,LogisticRegression,Expected FG,spatial,spatial_surface,3.623188405797123,188.40579710144928,0.0,,,,2014-2024
NBA,LogisticRegression,Expected FG,spatial,spatial_surface,10.869565217391312,188.40579710144928,-0.00025745322811124294,,,,2014-2024
NBA,LogisticRegression,Expected FG,spatial,spatial_surface,18.1159420289855,188.40579710144928,-0.0011410090506842607,,,,2014-2024
NBA,LogisticRegression,Expected FG,spatial,spatial_surface,25.362318840579746,188.40579710144928,-0.0026462468245481985,,,,2014-2024
NBA,LogisticRegression,Expected FG,spatial,spatial_surface,32.608695652173935,188.40579710144928,-0.0047661103869468535,,,,2014-2024
NBA,LogisticRegression,Expected FG,spatial,spatial_surface,39.855072463768124,188.40579710144928,-0.007491062302451751,,,,2014-2024
NBA,LogisticRegression,Expected FG,spatial,spatial_surface,47.10144927536231,188.40579710144928,-0.01080928418561991,,,,2014-2024
NBA,LogisticRegression,Expected FG,spatial,spatial_surface,54.3478260869565,188.40579710144928,-0.014706913741273198,,,,2014-2024
NBA,LogisticRegression,Expected FG,spatial,spatial_surface,61.59420289855075,188.40579710144928,-0.019168308134489942,,,,2014-2024
NBA,LogisticRegression,Expected FG,spatial,spatial_surface,68.84057971014494,188.40579710144928,-0.024176323035204367,,,,2014-2024
NBA,LogisticRegression,Expected FG,spatial,spatial_surface,76.08695652173913,188.40579710144928,-0.029712597109468247,,,,2014-2024
NBA,LogisticRegression,Expected FG,spatial,spatial_surface,83.33333333333337,188.40579710144928,-0.03575783272207064,,,,2014-2024
NBA,LogisticRegression,Expected FG,spatial,spatial_surface,90.57971014492756,188.40579710144928,-0.0422920650094713,,,,2014-2024
NBA,LogisticRegression,Expected FG,spatial,spatial_surface,97.82608695652175,188.40579710144928,-0.04929491310496098,,,,2014-2024
NBA,LogisticRegression,Expected FG,spatial,spatial_surface,105.07246376811594,188.40579710144928,-0.05674580898910844,,,,2014-2024
NBA,LogisticRegression,Expected FG,spatial,spatial_surface,112.31884057971013,188.40579710144928,-0.06462420106498729,,,,2014-2024
NBA,LogisticRegression,Expected FG,spatial,spatial_surface,119.56521739130437,188.40579710144928,-0.07290973102188439,,,,2014-2024
NBA,LogisticRegression,Expected FG,spatial,spatial_surface,126.81159420289856,188.40579710144928,-0.08158238379212704,,,,2014-2024
NBA,LogisticRegression,Expected FG,spatial,spatial_surface,134.05797101449275,188.40579710144928,-0.09062261139552488,,,,2014-2024
NBA,LogisticRegression,Expected FG,spatial,spatial_surface,141.304347826087,188.40579710144928,-0.10001143220361788,,,,2014-2024
NBA,LogisticRegression,Expected FG,spatial,spatial_surface,148.55072463768118,188.40579710144928,-0.10973050765953299,,,,2014-2024
NBA,LogisticRegression,Expected FG,spatial,spatial_surface,155.79710144927537,188.40579710144928,-0.11976219878903752,,,,2014-2024
NBA,LogisticRegression,Expected FG,spatial,spatial_surface,163.04347826086956,188.40579710144928,-0.13008960497024916,,,,2014-2024
NBA,LogisticRegression,Expected FG,spatial,spatial_surface,170.28985507246375,188.40579710144928,-0.14069658743046118,,,,2014-2024
NBA,LogisticRegression,Expected FG,spatial,spatial_surface,177.536231884058,188.40579710144928,-0.15156777984342043,,,,2014-2024
NBA,LogisticRegression,Expected FG,spatial,spatial_surface,184.7826086956522,188.40579710144928,-0.16268858823968865,,,,2014-2024
NBA,LogisticRegression,Expected FG,spatial,spatial_surface,192.02898550724638,188.40579710144928,-0.17404518224186424,,,,2014-2024
NBA,LogisticRegression,Expected FG,spatial,spatial_surface,199.27536231884062,188.40579710144928,-0.1856244794155332,,,,2014-2024
NBA,LogisticRegression,Expected FG,spatial,spatial_surface,206.5217391304348,188.40579710144928,-0.19741412430104713,,,,2014-2024
NBA,LogisticRegression,Expected FG,spatial,spatial_surface,213.768115942029,188.40579710144928,-0.20940246347145117,,,,2014-2024
NBA,LogisticRegression,Expected FG,spatial,spatial_surface,221.0144927536232,188.40579710144928,-0.22157851775530665,,,,2014-2024
NBA,LogisticRegression,Expected FG,spatial,spatial_surface,228.26086956521738,188.40579710144928,-0.2339319525742318,,,,2014-2024
NBA,LogisticRegression,Expected FG,spatial,spatial_surface,235.50724637681162,188.40579710144928,-0.24645304717585717,,,,2014-2024
NBA,LogisticRegression,Expected FG,spatial,spatial_surface,242.7536231884058,188.40579710144928,-0.25913266339426133,,,,2014-2024
NBA,LogisticRegression,Expected FG,spatial,spatial_surface,250.0,188.40579710144928,-0.2719622144412994,,,,2014-2024
NBA,LogisticRegression,Expected FG,spatial,spatial_surface,-250.0,195.2173913043478,-0.2989517582612158,,,,2014-2024
NBA,LogisticRegression,Expected FG,spatial,spatial_surface,-242.7536231884058,195.2173913043478,-0.2860202573738456,,,,2014-2024
NBA,LogisticRegression,Expected FG,spatial,spatial_surface,-235.5072463768116,195.2173913043478,-0.27323283081994576,,,,2014-2024
NBA,LogisticRegression,Expected FG,spatial,spatial_surface,-228.26086956521738,195.2173913043478,-0.2605976211584655,,,,2014-2024
NBA,LogisticRegression,Expected FG,spatial,spatial_surface,-221.0144927536232,195.2173913043478,-0.24812328498069422,,,,2014-2024
NBA,LogisticRegression,Expected FG,spatial,spatial_surface,-213.768115942029,195.2173913043478,-0.23581902129342966,,,,2014-2024
NBA,LogisticRegression,Expected FG,spatial,spatial_surface,-206.52173913043478,195.2173913043478,-0.22369459987693366,,,,2014-2024
NBA,LogisticRegression,Expected FG,spatial,spatial_surface,-199.27536231884056,195.2173913043478,-0.21176038916645337,,,,2014-2024
NBA,LogisticRegression,Expected FG,spatial,spatial_surface,-192.02898550724638,195.2173913043478,-0.20002738309524057,,,,2014-2024
NBA,LogisticRegression,Expected FG,spatial,spatial_surface,-184.7826086956522,195.2173913043478,-0.18850722620983787,,,,2014-2024
NBA,LogisticRegression,Expected FG,spatial,spatial_surface,-177.53623188405797,195.2173913043478,-0.1772122362247521,,,,2014-2024
NBA,LogisticRegression,Expected FG,spatial,spatial_surface,-170.28985507246375,195.2173913043478,-0.16615542302434802,,,,2014-2024
NBA,LogisticRegression,Expected FG,spatial,spatial_surface,-163.04347826086956,195.2173913043478,-0.15535050294688776,,,,2014-2024
NBA,LogisticRegression,Expected FG,spatial,spatial_surface,-155.79710144927537,195.2173913043478,-0.14481190700309718,,,,2014-2024
NBA,LogisticRegression,Expected FG,spatial,spatial_surface,-148.55072463768116,195.2173913043478,-0.13455478149554415,,,,2014-2024
NBA,LogisticRegression,Expected FG,spatial,spatial_surface,-141.30434782608694,195.2173913043478,-0.12459497932454552,,,,2014-2024
NBA,LogisticRegression,Expected FG,spatial,spatial_surface,-134.05797101449275,195.2173913043478,-0.1149490401036172,,,,2014-2024
NBA,LogisticRegression,Expected FG,spatial,spatial_surface,-126.81159420289855,195.2173913043478,-0.10563415707878529,,,,2014-2024
NBA,LogisticRegression,Expected FG,spatial,spatial_surface,-119.56521739130434,195.2173913043478,-0.09666812877152212,,,,2014-2024
NBA,LogisticRegression,Expected FG,spatial,spatial_surface,-112.31884057971013,195.2173913043478,-0.08806929326848162,,,,2014-2024
NBA,LogisticRegression,Expected FG,spatial,spatial_surface,-105.07246376811594,195.2173913043478,-0.07985644318952204,,,,2014-2024
NBA,LogisticRegression,Expected FG,spatial,spatial_surface,-97.82608695652175,195.2173913043478,-0.07204871960698989,,,,2014-2024
NBA,LogisticRegression,Expected FG,spatial,spatial_surface,-90.57971014492753,195.2173913043478,-0.06466548359130594,,,,2014-2024
NBA,LogisticRegression,Expected FG,spatial,spatial_surface,-83.33333333333331,195.2173913043478,-0.057726164643315286,,,,2014-2024
NBA,LogisticRegression,Expected FG,spatial,spatial_surface,-76.08695652173913,195.2173913043478,-0.05125008605651965,,,,2014-2024
NBA,LogisticRegression,Expected FG,spatial,spatial_surface,-68.84057971014494,195.2173913043478,-0.04525626823180359,,,,2014-2024
NBA,LogisticRegression,Expected FG,spatial,spatial_surface,-61.59420289855072,195.2173913043478,-0.039763212123785835,,,,2014-2024
NBA,LogisticRegression,Expected FG,spatial,spatial_surface,-54.3478260869565,195.2173913043478,-0.03478866628757862,,,,2014-2024
NBA,LogisticRegression,Expected FG,spatial,spatial_surface,-47.10144927536231,195.2173913043478,-0.03034938234705445,,,,2014-2024
NBA,LogisticRegression,Expected FG,spatial,spatial_surface,-39.855072463768124,195.2173913043478,-0.026460865024263924,,,,2014-2024
NBA,LogisticRegression,Expected FG,spatial,spatial_surface,-32.60869565217391,195.2173913043478,-0.023137124036991502,,,,2014-2024
NBA,LogisticRegression,Expected FG,spatial,spatial_surface,-25.36231884057969,195.2173913043478,-0.020390436059151057,,,,2014-2024
NBA,LogisticRegression,Expected FG,spatial,spatial_surface,-18.1159420289855,195.2173913043478,-0.01823112542177749,,,,2014-2024
NBA,LogisticRegression,Expected FG,spatial,spatial_surface,-10.869565217391312,195.2173913043478,-0.016667372206986192,,,,2014-2024
NBA,LogisticRegression,Expected FG,spatial,spatial_surface,-3.6231884057970944,195.2173913043478,-0.015705055788789474,,,,2014-2024
NBA,LogisticRegression,Expected FG,spatial,spatial_surface,3.623188405797123,195.2173913043478,-0.015347640693041481,,,,2014-2024
NBA,LogisticRegression,Expected FG,spatial,spatial_surface,10.869565217391312,195.2173913043478,-0.01559610993678795,,,,2014-2024
NBA,LogisticRegression,Expected FG,spatial,spatial_surface,18.1159420289855,195.2173913043478,-0.01644894888039869,,,,2014-2024
NBA,LogisticRegression,Expected FG,spatial,spatial_surface,25.362318840579746,195.2173913043478,-0.017902180250829486,,,,2014-2024
NBA,LogisticRegression,Expected FG,spatial,spatial_surface,32.608695652173935,195.2173913043478,-0.01994944856970765,,,,2014-2024
NBA,LogisticRegression,Expected FG,spatial,spatial_surface,39.855072463768124,195.2173913043478,-0.02258214995015212,,,,2014-2024
NBA,LogisticRegression,Expected FG,spatial,spatial_surface,47.10144927536231,195.2173913043478,-0.025789601294844533,,,,2014-2024
NBA,LogisticRegression,Expected FG,spatial,spatial_surface,54.3478260869565,195.2173913043478,-0.029559241475117903,,,,2014-2024
NBA,LogisticRegression,Expected FG,spatial,spatial_surface,61.59420289855075,195.2173913043478,-0.03387685617828326,,,,2014-2024
NBA,LogisticRegression,Expected FG,spatial,spatial_surface,68.84057971014494,195.2173913043478,-0.038726817796495366,,,,2014-2024
NBA,LogisticRegression,Expected FG,spatial,spatial_surface,76.08695652173913,195.2173913043478,-0.04409233195501547,,,,2014-2024
NBA,LogisticRegression,Expected FG,spatial,spatial_surface,83.33333333333337,195.2173913043478,-0.049955682954716946,,,,2014-2024
NBA,LogisticRegression,Expected FG,spatial,spatial_surface,90.57971014492756,195.2173913043478,-0.05629847141817404,,,,2014-2024
NBA,LogisticRegression,Expected FG,spatial,spatial_surface,97.82608695652175,195.2173913043478,-0.06310183865457417,,,,2014-2024
NBA,LogisticRegression,Expected FG,spatial,spatial_surface,105.07246376811594,195.2173913043478,-0.07034667357471017,,,,2014-2024
NBA,LogisticRegression,Expected FG,spatial,spatial_surface,112.31884057971013,195.2173913043478,-0.078013799288571,,,,2014-2024
NBA,LogisticRegression,Expected FG,spatial,spatial_surface,119.56521739130437,195.2173913043478,-0.08608413772309875,,,,2014-2024
NBA,LogisticRegression,Expected FG,spatial,spatial_surface,126.81159420289856,195.2173913043478,-0.09453885165110923,,,,2014-2024
NBA,LogisticRegression,Expected FG,spatial,spatial_surface,134.05797101449275,195.2173913043478,-0.10335946439332996,,,,2014-2024
NBA,LogisticRegression,Expected FG,spatial,spatial_surface,141.304347826087,195.2173913043478,-0.11252795813439012,,,,2014-2024
NBA,LogisticRegression,Expected FG,spatial,spatial_surface,148.55072463768118,195.2173913043478,-0.12202685228696228,,,,2014-2024
NBA,LogisticRegression,Expected FG,spatial,spatial_surface,155.79710144927537,195.2173913043478,-0.13183926366386664,,,,2014-2024
NBA,LogisticRegression,Expected FG,spatial,spatial_surface,163.04347826086956,195.2173913043478,-0.14194895039999508,,,,2014-2024
NBA,LogisticRegression,Expected FG,spatial,spatial_surface,170.28985507246375,195.2173913043478,-0.1523403416312805,,,,2014-2024
NBA,LogisticRegression,Expected FG,spatial,spatial_surface,177.536231884058,195.2173913043478,-0.1629985549132045,,,,2014-2024
NBA,LogisticRegression,Expected FG,spatial,spatial_surface,184.7826086956522,195.2173913043478,-0.17390940327110518,,,,2014-2024
NBA,LogisticRegression,Expected FG,spatial,spatial_surface,192.02898550724638,195.2173913043478,-0.18505939363999027,,,,2014-2024
NBA,LogisticRegression,Expected FG,spatial,spatial_surface,199.27536231884062,195.2173913043478,-0.19643571829037668,,,,2014-2024
NBA,LogisticRegression,Expected FG,spatial,spatial_surface,206.5217391304348,195.2173913043478,-0.20802624066272432,,,,2014-2024
NBA,LogisticRegression,Expected FG,spatial,spatial_surface,213.768115942029,195.2173913043478,-0.2198194768568084,,,,2014-2024
NBA,LogisticRegression,Expected FG,spatial,spatial_surface,221.0144927536232,195.2173913043478,-0.23180457385142653,,,,2014-2024
NBA,LogisticRegression,Expected FG,spatial,spatial_surface,228.26086956521738,195.2173913043478,-0.2439712853691897,,,,2014-2024
NBA,LogisticRegression,Expected FG,spatial,spatial_surface,235.50724637681162,195.2173913043478,-0.25630994615391023,,,,2014-2024
NBA,LogisticRegression,Expected FG,spatial,spatial_surface,242.7536231884058,195.2173913043478,-0.26881144529582335,,,,2014-2024
NBA,LogisticRegression,Expected FG,spatial,spatial_surface,250.0,195.2173913043478,-0.2814671991230492,,,,2014-2024
NBA,LogisticRegression,Expected FG,spatial,spatial_surface,-250.0,202.02898550724638,-0.30833544611266706,,,,2014-2024
NBA,LogisticRegression,Expected FG,spatial,spatial_surface,-242.7536231884058,202.02898550724638,-0.2955745978171701,,,,2014-2024
NBA,LogisticRegression,Expected FG,spatial,spatial_surface,-235.5072463768116,202.02898550724638,-0.28296206000230617,,,,2014-2024
NBA,LogisticRegression,Expected FG,spatial,spatial_surface,-228.26086956521738,202.02898550724638,-0.2705059780362432,,,,2014-2024
NBA,LogisticRegression,Expected FG,spatial,spatial_surface,-221.0144927536232,202.02898550724638,-0.25821498930441344,,,,2014-2024
NBA,LogisticRegression,Expected FG,spatial,spatial_surface,-213.768115942029,202.02898550724638,-0.24609824789508858,,,,2014-2024
NBA,LogisticRegression,Expected FG,spatial,spatial_surface,-206.52173913043478,202.02898550724638,-0.2341654488518143,,,,2014-2024
NBA,LogisticRegression,Expected FG,spatial,spatial_surface,-199.27536231884056,202.02898550724638,-0.22242685153005357,,,,2014-2024
NBA,LogisticRegression,Expected FG,spatial,spatial_surface,-192.02898550724638,202.02898550724638,-0.21089330149489896,,,,2014-2024
NBA,LogisticRegression,Expected FG,spatial,spatial_surface,-184.7826086956522,202.02898550724638,-0.19957625028376866,,,,2014-2024
NBA,LogisticRegression,Expected FG,spatial,spatial_surface,-177.53623188405797,202.02898550724638,-0.1884877722330918,,,,2014-2024
NBA,LogisticRegression,Expected FG,spatial,spatial_surface,-170.28985507246375,202.02898550724638,-0.17764057743264441,,,,2014-2024
NBA,LogisticRegression,Expected FG,spatial,spatial_surface,-163.04347826086956,202.02898550724638,-0.16704801972820696,,,,2014-2024
NBA,LogisticRegression,Expected FG,spatial,spatial_surface,-155.79710144927537,202.02898550724638,-0.15672409854685085,,,,2014-2024
NBA,LogisticRegression,Expected FG,spatial,spatial_surface,-148.55072463768116,202.02898550724638,-0.14668345317579976,,,,2014-2024
NBA,LogisticRegression,Expected FG,spatial,spatial_surface,-141.30434782608694,202.02898550724638,-0.1369413479940483,,,,2014-2024
NBA,LogisticRegression,Expected FG,spatial,spatial_surface,-134.05797101449275,202.02898550724638,-0.12751364704705273,,,,2014-2024
NBA,LogisticRegression,Expected FG,spatial,spatial_surface,-126.81159420289855,202.02898550724638,-0.1184167762829115,,,,2014-2024
NBA,LogisticRegression,Expected FG,spatial,spatial_surface,-119.56521739130434,202.02898550724638,-0.10966767175036227,,,,2014-2024
NBA,LogisticRegression,Expected FG,spatial,spatial_surface,-112.31884057971013,202.02898550724638,-0.10128371211378215,,,,2014-2024
NBA,LogisticRegression,Expected FG,spatial,spatial_surface,-105.07246376811594,202.02898550724638,-0.09328263398888678,,,,2014-2024
NBA,LogisticRegression,Expected FG,spatial,spatial_surface,-97.82608695652175,202.02898550724638,-0.08568242886557145,,,,2014-2024
NBA,LogisticRegression,Expected FG,spatial,spatial_surface,-90.57971014492753,202.02898550724638,-0.07850122077987154,,,,2014-2024
NBA,LogisticRegression,Expected FG,spatial,spatial_surface,-83.33333333333331,202.02898550724638,-0.0717571244389133,,,,2014-2024
NBA,LogisticRegression,Expected FG,spatial,spatial_surface,-76.08695652173913,202.02898550724638,-0.06546808419614883,,,,2014-2024
NBA,LogisticRegression,Expected FG,spatial,spatial_surface,-68.84057971014494,202.02898550724638,-0.05965169511236909,,,,2014-2024
NBA,LogisticRegression,Expected FG,spatial,spatial_surface,-61.59420289855072,202.02898550724638,-0.05432500829858497,,,,2014-2024
NBA,LogisticRegression,Expected FG,spatial,spatial_surface,-54.3478260869565,202.02898550724638,-0.04950432377946726,,,,2014-2024
NBA,LogisticRegression,Expected FG,spatial,spatial_surface,-47.10144927536231,202.02898550724638,-0.04520497518104252,,,,2014-2024
NBA,LogisticRegression,Expected FG,spatial,spatial_surface,-39.855072463768124,202.02898550724638,-0.04144111155671473,,,,2014-2024
NBA,LogisticRegression,Expected FG,spatial,spatial_surface,-32.60869565217391,202.02898550724638,-0.0382254825312949,,,,2014-2024
NBA,LogisticRegression,Expected FG,spatial,spatial_surface,-25.36231884057969,202.02898550724638,-0.03556923356853989,,,,2014-2024
NBA,LogisticRegression,Expected FG,spatial,spatial_surface,-18.1159420289855,202.02898550724638,-0.03348171846431228,,,,2014-2024
NBA,LogisticRegression,Expected FG,spatial,spatial_surface,-10.869565217391312,202.02898550724638,-0.031970336063715604,,,,2014-2024
NBA,LogisticRegression,Expected FG,spatial,spatial_surface,-3.6231884057970944,202.02898550724638,-0.031040397655737767,,,,2014-2024
NBA,LogisticRegression,Expected FG,spatial,spatial_surface,3.623188405797123,202.02898550724638,-0.030695030512490146,,,,2014-2024
NBA,LogisticRegression,Expected FG,spatial,spatial_surface,10.869565217391312,202.02898550724638,-0.030935121656973735,,,,2014-2024
NBA,LogisticRegression,Expected FG,spatial,spatial_surface,18.1159420289855,202.02898550724638,-0.0317593042522189,,,,2014-2024
NBA,LogisticRegression,Expected FG,spatial,spatial_surface,25.362318840579746,202.02898550724638,-0.03316398713037508,,,,2014-2024
NBA,LogisticRegression,Expected FG,spatial,spatial_surface,32.608695652173935,202.02898550724638,-0.03514342606957138,,,,2014-2024
NBA,LogisticRegression,Expected FG,spatial,spatial_surface,39.855072463768124,202.02898550724638,-0.03768983362971287,,,,2014-2024
NBA,LogisticRegression,Expected FG,spatial,spatial_surface,47.10144927536231,202.02898550724638,-0.04079352281228657,,,,2014-2024
NBA,LogisticRegression,Expected FG,spatial,spatial_surface,54.3478260869565,202.02898550724638,-0.04444307861981289,,,,2014-2024
NBA,LogisticRegression,Expected FG,spatial,spatial_surface,61.59420289855075,202.02898550724638,-0.048625550822933156,,,,2014-2024
NBA,LogisticRegression,Expected FG,spatial,spatial_surface,68.84057971014494,202.02898550724638,-0.05332666091735122,,,,2014-2024
NBA,LogisticRegression,Expected FG,spatial,spatial_surface,76.08695652173913,202.02898550724638,-0.058531016346301284,,,,2014-2024
NBA,LogisticRegression,Expected FG,spatial,spatial_surface,83.33333333333337,202.02898550724638,-0.0642223255195104,,,,2014-2024
NBA,LogisticRegression,Expected FG,spatial,spatial_surface,90.57971014492756,202.02898550724638,-0.07038360789598641,,,,2014-2024
NBA,LogisticRegression,Expected FG,spatial,spatial_surface,97.82608695652175,202.02898550724638,-0.07699739432338962,,,,2014-2024
NBA,LogisticRegression,Expected FG,spatial,spatial_surface,105.07246376811594,202.02898550724638,-0.08404591384974522,,,,2014-2024
NBA,LogisticRegression,Expected FG,spatial,spatial_surface,112.31884057971013,202.02898550724638,-0.09151126426161169,,,,2014-2024
NBA,LogisticRegression,Expected FG,spatial,spatial_surface,119.56521739130437,202.02898550724638,-0.09937556458978716,,,,2014-2024
NBA,LogisticRegression,Expected FG,spatial,spatial_surface,126.81159420289856,202.02898550724638,-0.10762108871048656,,,,2014-2024
NBA,LogisticRegression,Expected FG,spatial,spatial_surface,134.05797101449275,202.02898550724638,-0.11623037992627697,,,,2014-2024
NBA,LogisticRegression,Expected FG,spatial,spatial_surface,141.304347826087,202.02898550724638,-0.12518634702285955,,,,2014-2024
NBA,LogisticRegression,Expected FG,spatial,spatial_surface,148.55072463768118,202.02898550724638,-0.13447234276431816,,,,2014-2024
NBA,LogisticRegression,Expected FG,spatial,spatial_surface,155.79710144927537,202.02898550724638,-0.14407222611981288,,,,2014-2024
NBA,LogisticRegression,Expected FG,spatial,spatial_surface,163.04347826086956,202.02898550724638,-0.15397040972439677,,,,2014-2024
NBA,LogisticRegression,Expected FG,spatial,spatial_surface,170.28985507246375,202.02898550724638,-0.16415189418458245,,,,2014-2024
NBA,LogisticRegression,Expected FG,spatial,spatial_surface,177.536231884058,202.02898550724638,-0.17460229086540294,,,,2014-2024
NBA,LogisticRegression,Expected FG,spatial,spatial_surface,184.7826086956522,202.02898550724638,-0.18530783475923387,,,,2014-2024
NBA,LogisticRegression,Expected FG,spatial,spatial_surface,192.02898550724638,202.02898550724638,-0.19625538895498149,,,,2014-2024
NBA,LogisticRegression,Expected FG,spatial,spatial_surface,199.27536231884062,202.02898550724638,-0.20743244211439346,,,,2014-2024
NBA,LogisticRegression,Expected FG,spatial,spatial_surface,206.5217391304348,202.02898550724638,-0.21882710023253696,,,,2014-2024
NBA,LogisticRegression,Expected FG,spatial,spatial_surface,213.768115942029,202.02898550724638,-0.23042807382164435,,,,2014-2024
NBA,LogisticRegression,Expected FG,spatial,spatial_surface,221.0144927536232,202.02898550724638,-0.242224661518921,,,,2014-2024
NBA,LogisticRegression,Expected FG,spatial,spatial_surface,228.26086956521738,202.02898550724638,-0.25420673098481905,,,,2014-2024
NBA,LogisticRegression,Expected FG,spatial,spatial_surface,235.50724637681162,202.02898550724638,-0.26636469783225813,,,,2014-2024
NBA,LogisticRegression,Expected FG,spatial,spatial_surface,242.7536231884058,202.02898550724638,-0.27868950321155206,,,,2014-2024
NBA,LogisticRegression,Expected FG,spatial,spatial_surface,250.0,202.02898550724638,-0.2911725905714747,,,,2014-2024
NBA,LogisticRegression,Expected FG,spatial,spatial_surface,-250.0,208.84057971014494,-0.31792008848375564,,,,2014-2024
NBA,LogisticRegression,Expected FG,spatial,spatial_surface,-242.7536231884058,208.84057971014494,-0.3053288814287892,,,,2014-2024
NBA,LogisticRegression,Expected FG,spatial,spatial_surface,-235.5072463768116,208.84057971014494,-0.2928899428023307,,,,2014-2024
NBA,LogisticRegression,Expected FG,spatial,spatial_surface,-228.26086956521738,208.84057971014494,-0.28061139809881874,,,,2014-2024
NBA,LogisticRegression,Expected FG,spatial,spatial_surface,-221.0144927536232,208.84057971014494,-0.26850184205410654,,,,2014-2024
NBA,LogisticRegression,Expected FG,spatial,spatial_surface,-213.768115942029,208.84057971014494,-0.25657035983899934,,,,2014-2024
NBA,LogisticRegression,Expected FG,spatial,spatial_surface,-206.52173913043478,208.84057971014494,-0.24482654747711022,,,,2014-2024
NBA,LogisticRegression,Expected FG,spatial,spatial_surface,-199.27536231884056,208.84057971014494,-0.23328053102390892,,,,2014-2024
NBA,LogisticRegression,Expected FG,spatial,spatial_surface,-192.02898550724638,208.84057971014494,-0.221942983954271,,,,2014-2024
NBA,LogisticRegression,Expected FG,spatial,spatial_surface,-184.7826086956522,208.84057971014494,-0.21082514210709793,,,,2014-2024
NBA,LogisticRegression,Expected FG,spatial,spatial_surface,-177.53623188405797,208.84057971014494,-0.19993881542879724,,,,2014-2024
NBA,LogisticRegression,Expected FG,spatial,spatial_surface,-170.28985507246375,208.84057971014494,-0.1892963956444708,,,,2014-2024
NBA,LogisticRegression,Expected FG,spatial,spatial_surface,-163.04347826086956,208.84057971014494,-0.17891085886975963,,,,2014-2024
NBA,LogisticRegression,Expected FG,spatial,spatial_surface,-155.79710144927537,208.84057971014494,-0.16879576206179767,,,,2014-2024
NBA,LogisticRegression,Expected FG,spatial,spatial_surface,-148.55072463768116,208.84057971014494,-0.15896523210084815,,,,2014-2024
NBA,LogisticRegression,Expected FG,spatial,spatial_surface,-141.30434782608694,208.84057971014494,-0.14943394620280356,,,,2014-2024
NBA,LogisticRegression,Expected FG,spatial,spatial_surface,-134.05797101449275,208.84057971014494,-0.14021710229688042,,,,2014-2024
NBA,LogisticRegression,Expected FG,spatial,spatial_surface,-126.81159420289855,208.84057971014494,-0.13133037797444239,,,,2014-2024
NBA,LogisticRegression,Expected FG,spatial,spatial_surface,-119.56521739130434,208.84057971014494,-0.12278987663775412,,,,2014-2024
NBA,LogisticRegression,Expected FG,spatial,spatial_surface,-112.31884057971013,208.84057971014494,-0.11461205956665291,,,,2014-2024
NBA,LogisticRegression,Expected FG,spatial,spatial_surface,-105.07246376811594,208.84057971014494,-0.10681366279214069,,,,2014-2024
NBA,LogisticRegression,Expected FG,spatial,spatial_surface,-97.82608695652175,208.84057971014494,-0.0994115979333248,,,,2014-2024
NBA,LogisticRegression,Expected FG,spatial,spatial_surface,-90.57971014492753,208.84057971014494,-0.09242283652996933,,,,2014-2024
NBA,LogisticRegression,Expected FG,spatial,spatial_surface,-83.33333333333331,208.84057971014494,-0.08586427789417583,,,,2014-2024
NBA,LogisticRegression,Expected FG,spatial,spatial_surface,-76.08695652173913,208.84057971014494,-0.07975260111110266,,,,2014-2024
NBA,LogisticRegression,Expected FG,spatial,spatial_surface,-68.84057971014494,208.84057971014494,-0.07410410252996497,,,,2014-2024
NBA,LogisticRegression,Expected FG,spatial,spatial_surface,-61.59420289855072,208.84057971014494,-0.06893452088040714,,,,2014-2024
NBA,LogisticRegression,Expected FG,spatial,spatial_surface,-54.3478260869565,208.84057971014494,-0.06425885298986264,,,,2014-2024
NBA,LogisticRegression,Expected FG,spatial,spatial_surface,-47.10144927536231,208.84057971014494,-0.06009116391527433,,,,2014-2024
NBA,LogisticRegression,Expected FG,spatial,spatial_surface,-39.855072463768124,208.84057971014494,-0.05644439607630569,,,,2014-2024
NBA,LogisticRegression,Expected FG,spatial,spatial_surface,-32.60869565217391,208.84057971014494,-0.053330182618131355,,,,2014-2024
NBA,LogisticRegression,Expected FG,spatial,spatial_surface,-25.36231884057969,208.84057971014494,-0.05075867066953943,,,,2014-2024
NBA,LogisticRegression,Expected FG,spatial,spatial_surface,-18.1159420289855,208.84057971014494,-0.04873836033241161,,,,2014-2024
NBA,LogisticRegression,Expected FG,spatial,spatial_surface,-10.869565217391312,208.84057971014494,-0.04727596509292256,,,,2014-2024
NBA,LogisticRegression,Expected FG,spatial,spatial_surface,-3.6231884057970944,208.84057971014494,-0.04637629885762648,,,,2014-2024
NBA,LogisticRegression,Expected FG,spatial,spatial_surface,3.623188405797123,208.84057971014494,-0.04604219399372678,,,,2014-2024
NBA,LogisticRegression,Expected FG,spatial,spatial_surface,10.869565217391312,208.84057971014494,-0.04627445362951155,,,,2014-2024
NBA,LogisticRegression,Expected FG,spatial,spatial_surface,18.1159420289855,208.84057971014494,-0.047071840117099195,,,,2014-2024
NBA,LogisticRegression,Expected FG,spatial,spatial_surface,25.362318840579746,208.84057971014494,-0.048431100069201455,,,,2014-2024
NBA,LogisticRegression,Expected FG,spatial,spatial_surface,32.608695652173935,208.84057971014494,-0.050347024864025286,,,,2014-2024
NBA,LogisticRegression,Expected FG,spatial,spatial_surface,39.855072463768124,208.84057971014494,-0.05281254407983152,,,,2014-2024
NBA,LogisticRegression,Expected FG,spatial,spatial_surface,47.10144927536231,208.84057971014494,-0.0558188480753086,,,,2014-2024
NBA,LogisticRegression,Expected FG,spatial,spatial_surface,54.3478260869565,208.84057971014494,-0.059355534954681016,,,,2014-2024
NBA,LogisticRegression,Expected FG,spatial,spatial_surface,61.59420289855075,208.84057971014494,-0.0634107764993522,,,,2014-2024
NBA,LogisticRegression,Expected FG,spatial,spatial_surface,68.84057971014494,208.84057971014494,-0.06797149733029303,,,,2014-2024
NBA,LogisticRegression,Expected FG,spatial,spatial_surface,76.08695652173913,208.84057971014494,-0.07302356157561296,,,,2014-2024
NBA,LogisticRegression,Expected FG,spatial,spatial_surface,83.33333333333337,208.84057971014494,-0.07855196161754979,,,,2014-2024
NBA,LogisticRegression,Expected FG,spatial,spatial_surface,90.57971014492756,208.84057971014494,-0.08454100402565595,,,,2014-2024
NBA,LogisticRegression,Expected FG,spatial,spatial_surface,97.82608695652175,208.84057971014494,-0.09097448848102976,,,,2014-2024
NBA,LogisticRegression,Expected FG,spatial,spatial_surface,105.07246376811594,208.84057971014494,-0.09783587629108001,,,,2014-2024
NBA,LogisticRegression,Expected FG,spatial,spatial_surface,112.31884057971013,208.84057971014494,-0.10510844592140886,,,,2014-2024
NBA,LogisticRegression,Expected FG,spatial,spatial_surface,119.56521739130437,208.84057971014494,-0.11277543377679025,,,,2014-2024
NBA,LogisticRegression,Expected FG,spatial,spatial_surface,126.81159420289856,208.84057971014494,-0.12082015920523262,,,,2014-2024
NBA,LogisticRegression,Expected FG,spatial,spatial_surface,134.05797101449275,208.84057971014494,-0.1292261333495104,,,,2014-2024
NBA,LogisticRegression,Expected FG,spatial,spatial_surface,141.304347826087,208.84057971014494,-0.1379771520134245,,,,2014-2024
NBA,LogisticRegression,Expected FG,spatial,spatial_surface,148.55072463768118,208.84057971014494,-0.14705737314050213,,,,2014-2024
NBA,LogisticRegression,Expected FG,spatial,spatial_surface,155.79710144927537,208.84057971014494,-0.15645137982400728,,,,2014-2024
NBA,LogisticRegression,Expected FG,spatial,spatial_surface,163.04347826086956,208.84057971014494,-0.1661442299883176,,,,2014-2024
NBA,LogisticRegression,Expected FG,spatial,spatial_surface,170.28985507246375,208.84057971014494,-0.17612149401571794,,,,2014-2024
NBA,LogisticRegression,Expected FG,spatial,spatial_surface,177.536231884058,208.84057971014494,-0.1863692816540183,,,,2014-2024
NBA,LogisticRegression,Expected FG,spatial,spatial_surface,184.7826086956522,208.84057971014494,-0.1968742595438577,,,,2014-2024
NBA,LogisticRegression,Expected FG,spatial,spatial_surface,192.02898550724638,208.84057971014494,-0.20762366066415086,,,,2014-2024
NBA,LogisticRegression,Expected FG,spatial,spatial_surface,199.27536231884062,208.84057971014494,-0.21860528692220435,,,,2014-2024
NBA,LogisticRegression,Expected FG,spatial,spatial_surface,206.5217391304348,208.84057971014494,-0.22980750602236769,,,,2014-2024
NBA,LogisticRegression,Expected FG,spatial,spatial_surface,213.768115942029,208.84057971014494,-0.24121924364234468,,,,2014-2024
NBA,LogisticRegression,Expected FG,spatial,spatial_surface,221.0144927536232,208.84057971014494,-0.25282997183639233,,,,2014-2024
NBA,LogisticRegression,Expected FG,spatial,spatial_surface,228.26086956521738,208.84057971014494,-0.26462969447480544,,,,2014-2024
NBA,LogisticRegression,Expected FG,spatial,spatial_surface,235.50724637681162,208.84057971014494,-0.27660893042308055,,,,2014-2024
NBA,LogisticRegression,Expected FG,spatial,spatial_surface,242.7536231884058,208.84057971014494,-0.2887586950644788,,,,2014-2024
NBA,LogisticRegression,Expected FG,spatial,spatial_surface,250.0,208.84057971014494,-0.30107048067804143,,,,2014-2024
NBA,LogisticRegression,Expected FG,spatial,spatial_surface,-250.0,215.6521739130435,-0.3276978703974801,,,,2014-2024
NBA,LogisticRegression,Expected FG,spatial,spatial_surface,-242.7536231884058,215.6521739130435,-0.31527506249453685,,,,2014-2024
NBA,LogisticRegression,Expected FG,spatial,spatial_surface,-235.5072463768116,215.6521739130435,-0.30300820649835314,,,,2014-2024
NBA,LogisticRegression,Expected FG,spatial,spatial_surface,-228.26086956521738,215.6521739130435,-0.2909053874712235,,,,2014-2024
NBA,LogisticRegression,Expected FG,spatial,spatial_surface,-221.0144927536232,215.6521739130435,-0.2789751364871682,,,,2014-2024
NBA,LogisticRegression,Expected FG,spatial,spatial_surface,-213.768115942029,215.6521739130435,-0.26722644855863886,,,,2014-2024
NBA,LogisticRegression,Expected FG,spatial,spatial_surface,-206.52173913043478,215.6521739130435,-0.25566879950583254,,,,2014-2024
NBA,LogisticRegression,Expected FG,spatial,spatial_surface,-199.27536231884056,215.6521739130435,-0.24431216131381747,,,,2014-2024
NBA,LogisticRegression,Expected FG,spatial,spatial_surface,-192.02898550724638,215.6521739130435,-0.2331670154440533,,,,2014-2024
NBA,LogisticRegression,Expected FG,spatial,spatial_surface,-184.7826086956522,215.6521739130435,-0.2222443634819454,,,,2014-2024
NBA,LogisticRegression,Expected FG,spatial,spatial_surface,-177.53623188405797,215.6521739130435,-0.2115557344122577,,,,2014-2024
NBA,LogisticRegression,Expected FG,spatial,spatial_surface,-170.28985507246375,215.6521739130435,-0.20111318772175454,,,,2014-2024
NBA,LogisticRegression,Expected FG,spatial,spatial_surface,-163.04347826086956,215.6521739130435,-0.1909293114365255,,,,2014-2024
NBA,LogisticRegression,Expected FG,spatial,spatial_surface,-155.79710144927537,215.6521739130435,-0.1810172141144871,,,,2014-2024
NBA,LogisticRegression,Expected FG,spatial,spatial_surface,-148.55072463768116,215.6521739130435,-0.1713905097371816,,,,2014-2024
NBA,LogisticRegression,Expected FG,spatial,spatial_surface,-141.30434782608694,215.6521739130435,-0.1620632943863983,,,,2014-2024
NBA,LogisticRegression,Expected FG,spatial,spatial_surface,-134.05797101449275,215.6521739130435,-0.15305011355889156,,,,2014-2024
NBA,LogisticRegression,Expected FG,spatial,spatial_surface,-126.81159420289855,215.6521739130435,-0.14436591897652493,,,,2014-2024
NBA,LogisticRegression,Expected FG,spatial,spatial_surface,-119.56521739130434,215.6521739130435,-0.1360260138006212,,,,2014-2024
NBA,LogisticRegression,Expected FG,spatial,spatial_surface,-112.31884057971013,215.6521739130435,-0.12804598526968855,,,,2014-2024
NBA,LogisticRegression,Expected FG,spatial,spatial_surface,-105.07246376811594,215.6521739130435,-0.12044162396042926,,,,2014-2024
NBA,LogisticRegression,Expected FG,spatial,spatial_surface,-97.82608695652175,215.6521739130435,-0.11322882913297908,,,,2014-2024
NBA,LogisticRegression,Expected FG,spatial,spatial_surface,-90.57971014492753,215.6521739130435,-0.10642349996979014,,,,2014-2024
NBA,LogisticRegression,Expected FG,spatial,spatial_surface,-83.33333333333331,215.6521739130435,-0.10004141295619698,,,,2014-2024
NBA,LogisticRegression,Expected FG,spatial,spatial_surface,-76.08695652173913,215.6521739130435,-0.09409808617576645,,,,2014-2024
NBA,LogisticRegression,Expected FG,spatial,spatial_surface,-68.84057971014494,215.6521739130435,-0.08860863189337281,,,,2014-2024
NBA,LogisticRegression,Expected FG,spatial,spatial_surface,-61.59420289855072,215.6521739130435,-0.08358759945256186,,,,2014-2024
NBA,LogisticRegression,Expected FG,spatial,spatial_surface,-54.3478260869565,215.6521739130435,-0.07904881119003229,,,,2014-2024
NBA,LogisticRegression,Expected FG,spatial,spatial_surface,-47.10144927536231,215.6521739130435,-0.07500519472851466,,,,2014-2024
NBA,LogisticRegression,Expected FG,spatial,spatial_surface,-39.855072463768124,215.6521739130435,-0.07146861560158893,,,,2014-2024
NBA,LogisticRegression,Expected FG,spatial,spatial_surface,-32.60869565217391,215.6521739130435,-0.0684497146374893,,,,2014-2024
NBA,LogisticRegression,Expected FG,spatial,spatial_surface,-25.36231884057969,215.6521739130435,-0.06595775483143987,,,,2014-2024
NBA,LogisticRegression,Expected FG,spatial,spatial_surface,-18.1159420289855,215.6521739130435,-0.06400048252165272,,,,2014-2024
NBA,LogisticRegression,Expected FG,spatial,spatial_surface,-10.869565217391312,215.6521739130435,-0.0625840075193014,,,,2014-2024
NBA,LogisticRegression,Expected FG,spatial,spatial_surface,-3.6231884057970944,215.6521739130435,-0.061712706412361235,,,,2014-2024
NBA,LogisticRegression,Expected FG,spatial,spatial_surface,3.623188405797123,215.6521739130435,-0.061389152574080175,,,,2014-2024
NBA,LogisticRegression,Expected FG,spatial,spatial_surface,10.869565217391312,215.6521739130435,-0.06161407549008063,,,,2014-2024
NBA,LogisticRegression,Expected FG,spatial,spatial_surface,18.1159420289855,215.6521739130435,-0.062386350927081585,,,,2014-2024
NBA,LogisticRegression,Expected FG,spatial,spatial_surface,25.362318840579746,215.6521739130435,-0.06370302227251803,,,,2014-2024
NBA,LogisticRegression,Expected FG,spatial,spatial_surface,32.608695652173935,215.6521739130435,-0.0655593521601672,,,,2014-2024
NBA,LogisticRegression,Expected FG,spatial,spatial_surface,39.855072463768124,215.6521739130435,-0.06794890234669032,,,,2014-2024
NBA,LogisticRegression,Expected FG,spatial,spatial_surface,47.10144927536231,215.6521739130435,-0.07086363879486154,,,,2014-2024
NBA,LogisticRegression,Expected FG,spatial,spatial_surface,54.3478260869565,215.6521739130435,-0.07429405811350259,,,,2014-2024
NBA,LogisticRegression,Expected FG,spatial,spatial_surface,61.59420289855075,215.6521739130435,-0.07822933094304857,,,,2014-2024
NBA,LogisticRegression,Expected FG,spatial,spatial_surface,68.84057971014494,215.6521739130435,-0.08265745757719714,,,,2014-2024
NBA,LogisticRegression,Expected FG,spatial,spatial_surface,76.08695652173913,215.6521739130435,-0.087565431070002,,,,2014-2024
NBA,LogisticRegression,Expected FG,spatial,spatial_surface,83.33333333333337,215.6521739130435,-0.09293940326882075,,,,2014-2024
NBA,LogisticRegression,Expected FG,spatial,spatial_surface,90.57971014492756,215.6521739130435,-0.09876484959662676,,,,2014-2024
NBA,LogisticRegression,Expected FG,spatial,spatial_surface,97.82608695652175,215.6521739130435,-0.10502672893320344,,,,2014-2024
NBA,LogisticRegression,Expected FG,spatial,spatial_surface,105.07246376811594,215.6521739130435,-0.11170963556164556,,,,2014-2024
NBA,LogisticRegression,Expected FG,spatial,spatial_surface,112.31884057971013,215.6521739130435,-0.11879794080459707,,,,2014-2024
NBA,LogisticRegression,Expected FG,spatial,spatial_surface,119.56521739130437,215.6521739130435,-0.1262759226301449,,,,2014-2024
NBA,LogisticRegression,Expected FG,spatial,spatial_surface,126.81159420289856,215.6521739130435,-0.13412788212521007,,,,2014-2024
NBA,LogisticRegression,Expected FG,spatial,spatial_surface,134.05797101449275,215.6521739130435,-0.14233824628935146,,,,2014-2024
NBA,LogisticRegression,Expected FG,spatial,spatial_surface,141.304347826087,215.6521739130435,-0.15089165707808885,,,,2014-2024
NBA,LogisticRegression,Expected FG,spatial,spatial_surface,148.55072463768118,215.6521739130435,-0.1597730470149086,,,,2014-2024
NBA,LogisticRegression,Expected FG,spatial,spatial_surface,155.79710144927537,215.6521739130435,-0.16896770199442576,,,,2014-2024
NBA,LogisticRegression,Expected FG,spatial,spatial_surface,163.04347826086956,215.6521739130435,-0.17846131212059105,,,,2014-2024
NBA,LogisticRegression,Expected FG,spatial,spatial_surface,170.28985507246375,215.6521739130435,-0.18824001157160317,,,,2014-2024
NBA,LogisticRegression,Expected FG,spatial,spatial_surface,177.536231884058,215.6521739130435,-0.1982904085676079,,,,2014-2024
NBA,LogisticRegression,Expected FG,spatial,spatial_surface,184.7826086956522,215.6521739130435,-0.20859960654949097,,,,2014-2024
NBA,LogisticRegression,Expected FG,spatial,spatial_surface,192.02898550724638,215.6521739130435,-0.21915521766797322,,,,2014-2024
NBA,LogisticRegression,Expected FG,spatial,spatial_surface,199.27536231884062,215.6521739130435,-0.22994536964205262,,,,2014-2024
NBA,LogisticRegression,Expected FG,spatial,spatial_surface,206.5217391304348,215.6521739130435,-0.2409587069835569,,,,2014-2024
NBA,LogisticRegression,Expected FG,spatial,spatial_surface,213.768115942029,215.6521739130435,-0.25218438750786876,,,,2014-2024
NBA,LogisticRegression,Expected FG,spatial,spatial_surface,221.0144927536232,215.6521739130435,-0.2636120749659835,,,,2014-2024
NBA,LogisticRegression,Expected FG,spatial,spatial_surface,228.26086956521738,215.6521739130435,-0.27523192854491996,,,,2014-2024
NBA,LogisticRegression,Expected FG,spatial,spatial_surface,235.50724637681162,215.6521739130435,-0.28703458989587805,,,,2014-2024
NBA,LogisticRegression,Expected FG,spatial,spatial_surface,242.7536231884058,215.6521739130435,-0.2990111682650832,,,,2014-2024
NBA,LogisticRegression,Expected FG,spatial,spatial_surface,250.0,215.6521739130435,-0.31115322422286795,,,,2014-2024
NBA,LogisticRegression,Expected FG,spatial,spatial_surface,-250.0,222.463768115942,-0.3376612342001992,,,,2014-2024
NBA,LogisticRegression,Expected FG,spatial,spatial_surface,-242.7536231884058,222.463768115942,-0.3254053782987846,,,,2014-2024
NBA,LogisticRegression,Expected FG,spatial,spatial_surface,-235.5072463768116,222.463768115942,-0.3133088886353135,,,,2014-2024
NBA,LogisticRegression,Expected FG,spatial,spatial_surface,-228.26086956521738,222.463768115942,-0.30137979136462434,,,,2014-2024
NBA,LogisticRegression,Expected FG,spatial,spatial_surface,-221.0144927536232,222.463768115942,-0.2896265352386802,,,,2014-2024
NBA,LogisticRegression,Expected FG,spatial,spatial_surface,-213.768115942029,222.463768115942,-0.278058006503466,,,,2014-2024
NBA,LogisticRegression,Expected FG,spatial,spatial_surface,-206.52173913043478,222.463768115942,-0.26668354251238147,,,,2014-2024
NBA,LogisticRegression,Expected FG,spatial,spatial_surface,-199.27536231884056,222.463768115942,-0.2555129436165211,,,,2014-2024
NBA,LogisticRegression,Expected FG,spatial,spatial_surface,-192.02898550724638,222.463768115942,-0.24455648282419454,,,,2014-2024
NBA,LogisticRegression,Expected FG,spatial,spatial_surface,-184.7826086956522,222.463768115942,-0.23382491265009928,,,,2014-2024
NBA,LogisticRegression,Expected FG,spatial,spatial_surface,-177.53623188405797,222.463768115942,-0.22332946850033378,,,,2014-2024
NBA,LogisticRegression,Expected FG,spatial,spatial_surface,-170.28985507246375,222.463768115942,-0.21308186786524067,,,,2014-2024
NBA,LogisticRegression,Expected FG,spatial,spatial_surface,-163.04347826086956,222.463768115942,-0.20309430452108126,,,,2014-2024
NBA,LogisticRegression,Expected FG,spatial,spatial_surface,-155.79710144927537,222.463768115942,-0.19337943687784367,,,,2014-2024
NBA,LogisticRegression,Expected FG,spatial,spatial_surface,-148.55072463768116,222.463768115942,-0.18395036955926805,,,,2014-2024
NBA,LogisticRegression,Expected FG,spatial,spatial_surface,-141.30434782608694,222.463768115942,-0.17482062726861683,,,,2014-2024
NBA,LogisticRegression,Expected FG,spatial,spatial_surface,-134.05797101449275,222.463768115942,-0.16600411998715334,,,,2014-2024
NBA,LogisticRegression,Expected FG,spatial,spatial_surface,-126.81159420289855,222.463768115942,-0.15751509857979049,,,,2014-2024
NBA,LogisticRegression,Expected FG,spatial,spatial_surface,-119.56521739130434,222.463768115942,-0.14936809995268677,,,,2014-2024
NBA,LogisticRegression,Expected FG,spatial,spatial_surface,-112.31884057971013,222.463768115942,-0.14157788102940985,,,,2014-2024
NBA,LogisticRegression,Expected FG,spatial,spatial_surface,-105.07246376811594,222.463768115942,-0.13415934099374946,,,,2014-2024
NBA,LogisticRegression,Expected FG,spatial,spatial_surface,-97.82608695652175,222.463768115942,-0.12712743149485242,,,,2014-2024
NBA,LogisticRegression,Expected FG,spatial,spatial_surface,-90.57971014492753,222.463768115942,-0.12049705482780496,,,,2014-2024
NBA,LogisticRegression,Expected FG,spatial,spatial_surface,-83.33333333333331,222.463768115942,-0.11428295048985795,,,,2014-2024
NBA,LogisticRegression,Expected FG,spatial,spatial_surface,-76.08695652173913,222.463768115942,-0.1084995709637214,,,,2014-2024
NBA,LogisticRegression,Expected FG,spatial,spatial_surface,-68.84057971014494,222.463768115942,-0.10316094808278978,,,,2014-2024
NBA,LogisticRegression,Expected FG,spatial,spatial_surface,-61.59420289855072,222.463768115942,-0.09828055186976606,,,,2014-2024
NBA,LogisticRegression,Expected FG,spatial,spatial_surface,-54.3478260869565,222.463768115942,-0.09387114428357432,,,,2014-2024
NBA,LogisticRegression,Expected FG,spatial,spatial_surface,-47.10144927536231,222.463768115942,-0.08994463082663978,,,,2014-2024
NBA,LogisticRegression,Expected FG,spatial,spatial_surface,-39.855072463768124,222.463768115942,-0.08651191341763362,,,,2014-2024
NBA,LogisticRegression,Expected FG,spatial,spatial_surface,-32.60869565217391,222.463768115942,-0.08358274828344572,,,,2014-2024
NBA,LogisticRegression,Expected FG,spatial,spatial_surface,-25.36231884057969,222.463768115942,-0.08116561282966042,,,,2014-2024
NBA,LogisticRegression,Expected FG,spatial,spatial_surface,-18.1159420289855,222.463768115942,-0.07926758547824117,,,,2014-2024
NBA,LogisticRegression,Expected FG,spatial,spatial_surface,-10.869565217391312,222.463768115942,-0.07789424229150099,,,,2014-2024
NBA,LogisticRegression,Expected FG,spatial,spatial_surface,-3.6231884057970944,222.463768115942,-0.07704957382402716,,,,2014-2024
NBA,LogisticRegression,Expected FG,spatial,spatial_surface,3.623188405797123,222.463768115942,-0.07673592506679569,,,,2014-2024
NBA,LogisticRegression,Expected FG,spatial,spatial_surface,10.869565217391312,222.463768115942,-0.07695396059581591,,,,2014-2024
NBA,LogisticRegression,Expected FG,spatial,spatial_surface,18.1159420289855,222.463768115942,-0.07770265615301242,,,,2014-2024
NBA,LogisticRegression,Expected FG,spatial,spatial_surface,25.362318840579746,222.463768115942,-0.07897931692449844,,,,2014-2024
NBA,LogisticRegression,Expected FG,spatial,spatial_surface,32.608695652173935,222.463768115942,-0.08077962180335213,,,,2014-2024
NBA,LogisticRegression,Expected FG,spatial,spatial_surface,39.855072463768124,222.463768115942,-0.08309769199443515,,,,2014-2024
NBA,LogisticRegression,Expected FG,spatial,spatial_surface,47.10144927536231,222.463768115942,-0.08592618149649991,,,,2014-2024
NBA,LogisticRegression,Expected FG,spatial,spatial_surface,54.3478260869565,222.463768115942,-0.08925638632996355,,,,2014-2024
NBA,LogisticRegression,Expected FG,spatial,spatial_surface,61.59420289855075,222.463768115942,-0.09307836890021601,,,,2014-2024
NBA,LogisticRegression,Expected FG,spatial,spatial_surface,68.84057971014494,222.463768115942,-0.09738109361219474,,,,2014-2024
NBA,LogisticRegression,Expected FG,spatial,spatial_surface,76.08695652173913,222.463768115942,-0.10215256978075768,,,,2014-2024
NBA,LogisticRegression,Expected FG,spatial,spatial_surface,83.33333333333337,222.463768115942,-0.10737999799675799,,,,2014-2024
NBA,LogisticRegression,Expected FG,spatial,spatial_surface,90.57971014492756,222.463768115942,-0.11304991638219794,,,,2014-2024
NBA,LogisticRegression,Expected FG,spatial,spatial_surface,97.82608695652175,222.463768115942,-0.11914834356360557,,,,2014-2024
NBA,LogisticRegression,Expected FG,spatial,spatial_surface,105.07246376811594,222.463768115942,-0.1256609156714167,,,,2014-2024
NBA,LogisticRegression,Expected FG,spatial,spatial_surface,112.31884057971013,222.463768115942,-0.13257301519623452,,,,2014-2024
NBA,LogisticRegression,Expected FG,spatial,spatial_surface,119.56521739130437,222.463768115942,-0.13986989006524705,,,,2014-2024
NBA,LogisticRegression,Expected FG,spatial,spatial_surface,126.81159420289856,222.463768115942,-0.14753676181491002,,,,2014-2024
NBA,LogisticRegression,Expected FG,spatial,spatial_surface,134.05797101449275,222.463768115942,-0.15555892220694637,,,,2014-2024
NBA,LogisticRegression,Expected FG,spatial,spatial_surface,141.304347826087,222.463768115942,-0.1639218180487607,,,,2014-2024
NBA,LogisticRegression,Expected FG,spatial,spatial_surface,148.55072463768118,222.463768115942,-0.17261112432806244,,,,2014-2024
NBA,LogisticRegression,Expected FG,spatial,spatial_surface,155.79710144927537,222.463768115942,-0.1816128060520508,,,,2014-2024
NBA,LogisticRegression,Expected FG,spatial,spatial_surface,163.04347826086956,222.463768115942,-0.19091316939563677,,,,2014-2024
NBA,LogisticRegression,Expected FG,spatial,spatial_surface,170.28985507246375,222.463768115942,-0.20049890291586656,,,,2014-2024
NBA,LogisticRegression,Expected FG,spatial,spatial_surface,177.536231884058,222.463768115942,-0.21035710968795376,,,,2014-2024
NBA,LogisticRegression,Expected FG,spatial,spatial_surface,184.7826086956522,222.463768115942,-0.2204753312703083,,,,2014-2024
NBA,LogisticRegression,Expected FG,spatial,spatial_surface,192.02898550724638,222.463768115942,-0.2308415644201177,,,,2014-2024
NBA,LogisticRegression,Expected FG,spatial,spatial_surface,199.27536231884062,222.463768115942,-0.24144427146547495,,,,2014-2024
NBA,LogisticRegression,Expected FG,spatial,spatial_surface,206.5217391304348,222.463768115942,-0.25227238520231365,,,,2014-2024
NBA,LogisticRegression,Expected FG,spatial,spatial_surface,213.768115942029,222.463768115942,-0.2633153091310081,,,,2014-2024
NBA,LogisticRegression,Expected FG,spatial,spatial_surface,221.0144927536232,222.463768115942,-0.2745629137839636,,,,2014-2024
NBA,LogisticRegression,Expected FG,spatial,spatial_surface,228.26086956521738,222.463768115942,-0.28600552982645333,,,,2014-2024
NBA,LogisticRegression,Expected FG,spatial,spatial_surface,235.50724637681162,222.463768115942,-0.2976339385418344,,,,2014-2024
NBA,LogisticRegression,Expected FG,spatial,spatial_surface,242.7536231884058,222.463768115942,-0.30943936024189955,,,,2014-2024
NBA,LogisticRegression,Expected FG,spatial,spatial_surface,250.0,222.463768115942,-0.3214134410753742,,,,2014-2024
NBA,LogisticRegression,Expected FG,spatial,spatial_surface,-250.0,229.27536231884056,-0.3478028815409496,,,,2014-2024
NBA,LogisticRegression,Expected FG,spatial,spatial_surface,-242.7536231884058,229.27536231884056,-0.33571234950046613,,,,2014-2024
NBA,LogisticRegression,Expected FG,spatial,spatial_surface,-235.5072463768116,229.27536231884056,-0.32378433551952446,,,,2014-2024
NBA,LogisticRegression,Expected FG,spatial,spatial_surface,-228.26086956521738,229.27536231884056,-0.3120267903858206,,,,2014-2024
NBA,LogisticRegression,Expected FG,spatial,spatial_surface,-221.0144927536232,229.27536231884056,-0.30044806411676916,,,,2014-2024
NBA,LogisticRegression,Expected FG,spatial,spatial_surface,-213.768115942029,229.27536231884056,-0.28905691806883294,,,,2014-2024
NBA,LogisticRegression,Expected FG,spatial,spatial_surface,-206.52173913043478,229.27536231884056,-0.2778625355872989,,,,2014-2024
NBA,LogisticRegression,Expected FG,spatial,spatial_surface,-199.27536231884056,229.27536231884056,-0.2668745307771436,,,,2014-2024
NBA,LogisticRegression,Expected FG,spatial,spatial_surface,-192.02898550724638,229.27536231884056,-0.256102954917639,,,,2014-2024
NBA,LogisticRegression,Expected FG,spatial,spatial_surface,-184.7826086956522,229.27536231884056,-0.24555829998336873,,,,2014-2024
NBA,LogisticRegression,Expected FG,spatial,spatial_surface,-177.53623188405797,229.27536231884056,-0.23525149867412656,,,,2014-2024
NBA,LogisticRegression,Expected FG,spatial,spatial_surface,-170.28985507246375,229.27536231884056,-0.22519392029800514,,,,2014-2024
NBA,LogisticRegression,Expected FG,spatial,spatial_surface,-163.04347826086956,229.27536231884056,-0.21539736179886657,,,,2014-2024
NBA,LogisticRegression,Expected FG,spatial,spatial_surface,-155.79710144927537,229.27536231884056,-0.2058740331750961,,,,2014-2024
NBA,LogisticRegression,Expected FG,spatial,spatial_surface,-148.55072463768116,229.27536231884056,-0.1966365365056089,,,,2014-2024
NBA,LogisticRegression,Expected FG,spatial,spatial_surface,-141.30434782608694,229.27536231884056,-0.18769783778684632,,,,2014-2024
NBA,LogisticRegression,Expected FG,spatial,spatial_surface,-134.05797101449275,229.27536231884056,-0.17907123079699885,,,,2014-2024
NBA,LogisticRegression,Expected FG,spatial,spatial_surface,-126.81159420289855,229.27536231884056,-0.1707702922474749,,,,2014-2024
NBA,LogisticRegression,Expected FG,spatial,spatial_surface,-119.56521739130434,229.27536231884056,-0.16280882756334789,,,,2014-2024
NBA,LogisticRegression,Expected FG,spatial,spatial_surface,-112.31884057971013,229.27536231884056,-0.15520080676069306,,,,2014-2024
NBA,LogisticRegression,Expected FG,spatial,spatial_surface,-105.07246376811594,229.27536231884056,-0.14796029006485642,,,,2014-2024
NBA,LogisticRegression,Expected FG,spatial,spatial_surface,-97.82608695652175,229.27536231884056,-0.14110134314372372,,,,2014-2024
NBA,LogisticRegression,Expected FG,spatial,spatial_surface,-90.57971014492753,229.27536231884056,-0.13463794211540533,,,,2014-2024
NBA,LogisticRegression,Expected FG,spatial,spatial_surface,-83.33333333333331,229.27536231884056,-0.1285838688283186,,,,2014-2024
NBA,LogisticRegression,Expected FG,spatial,spatial_surface,-76.08695652173913,229.27536231884056,-0.12295259729717725,,,,2014-2024
NBA,LogisticRegression,Expected FG,spatial,spatial_surface,-68.84057971014494,229.27536231884056,-0.11775717259934873,,,,2014-2024
NBA,LogisticRegression,Expected FG,spatial,spatial_surface,-61.59420289855072,229.27536231884056,-0.11301008397573611,,,,2014-2024
NBA,LogisticRegression,Expected FG,spatial,spatial_surface,-54.3478260869565,229.27536231884056,-0.10872313431653965,,,,2014-2024
NBA,LogisticRegression,Expected FG,spatial,spatial_surface,-47.10144927536231,229.27536231884056,-0.1049073086183516,,,,2014-2024
NBA,LogisticRegression,Expected FG,spatial,spatial_surface,-39.855072463768124,229.27536231884056,-0.10157264434516042,,,,2014-2024
NBA,LogisticRegression,Expected FG,spatial,spatial_surface,-32.60869565217391,229.27536231884056,-0.09872810688139125,,,,2014-2024
NBA,LogisticRegression,Expected FG,spatial,spatial_surface,-25.36231884057969,229.27536231884056,-0.09638147340118722,,,,2014-2024
NBA,LogisticRegression,Expected FG,spatial,spatial_surface,-18.1159420289855,229.27536231884056,-0.09453922847106758,,,,2014-2024
NBA,LogisticRegression,Expected FG,spatial,spatial_surface,-10.869565217391312,229.27536231884056,-0.09320647453728068,,,,2014-2024
NBA,LogisticRegression,Expected FG,spatial,spatial_surface,-3.6231884057970944,229.27536231884056,-0.0923868601198736,,,,2014-2024
NBA,LogisticRegression,Expected FG,spatial,spatial_surface,3.623188405797123,229.27536231884056,-0.09208252805058445,,,,2014-2024
NBA,LogisticRegression,Expected FG,spatial,spatial_surface,10.869565217391312,229.27536231884056,-0.09229408547207293,,,,2014-2024
NBA,LogisticRegression,Expected FG,spatial,spatial_surface,18.1159420289855,229.27536231884056,-0.0930205965944936,,,,2014-2024
NBA,LogisticRegression,Expected FG,spatial,spatial_surface,25.362318840579746,229.27536231884056,-0.09425959842432749,,,,2014-2024
NBA,LogisticRegression,Expected FG,spatial,spatial_surface,32.608695652173935,229.27536231884056,-0.09600713888743076,,,,2014-2024
NBA,LogisticRegression,Expected FG,spatial,spatial_surface,39.855072463768124,229.27536231884056,-0.09825783601238305,,,,2014-2024
NBA,LogisticRegression,Expected FG,spatial,spatial_surface,47.10144927536231,229.27536231884056,-0.10100495616655267,,,,2014-2024
NBA,LogisticRegression,Expected FG,spatial,spatial_surface,54.3478260869565,229.27536231884056,-0.1042405087832731,,,,2014-2024
NBA,LogisticRegression,Expected FG,spatial,spatial_surface,61.59420289855075,229.27536231884056,-0.10795535461057973,,,,2014-2024
NBA,LogisticRegression,Expected FG,spatial,spatial_surface,68.84057971014494,229.27536231884056,-0.11213932426388082,,,,2014-2024
NBA,LogisticRegression,Expected FG,spatial,spatial_surface,76.08695652173913,229.27536231884056,-0.11678134377772728,,,,2014-2024
NBA,LogisticRegression,Expected FG,spatial,spatial_surface,83.33333333333337,229.27536231884056,-0.12186956391481621,,,,2014-2024
NBA,LogisticRegression,Expected FG,spatial,spatial_surface,90.57971014492756,229.27536231884056,-0.12739149018354748,,,,2014-2024
NBA,LogisticRegression,Expected FG,spatial,spatial_surface,97.82608695652175,229.27536231884056,-0.13333411081247562,,,,2014-2024
NBA,LogisticRegression,Expected FG,spatial,spatial_surface,105.07246376811594,229.27536231884056,-0.1396840203012282,,,,2014-2024
NBA,LogisticRegression,Expected FG,spatial,spatial_surface,112.31884057971013,229.27536231884056,-0.1464275365829417,,,,2014-2024
NBA,LogisticRegression,Expected FG,spatial,spatial_surface,119.56521739130437,229.27536231884056,-0.1535508102652223,,,,2014-2024
NBA,LogisticRegression,Expected FG,spatial,spatial_surface,126.81159420289856,229.27536231884056,-0.16103992484102245,,,,2014-2024
NBA,LogisticRegression,Expected FG,spatial,spatial_surface,134.05797101449275,229.27536231884056,-0.16888098715869473,,,,2014-2024
NBA,LogisticRegression,Expected FG,spatial,spatial_surface,141.304347826087,229.27536231884056,-0.1770602077979612,,,,2014-2024
NBA,LogisticRegression,Expected FG,spatial,spatial_surface,148.55072463768118,229.27536231884056,-0.1855639713071213,,,,2014-2024
NBA,LogisticRegression,Expected FG,spatial,spatial_surface,155.79710144927537,229.27536231884056,-0.19437889651227844,,,,2014-2024
NBA,LogisticRegression,Expected FG,spatial,spatial_surface,163.04347826086956,229.27536231884056,-0.203491887311516,,,,2014-2024
NBA,LogisticRegression,Expected FG,spatial,spatial_surface,170.28985507246375,229.27536231884056,-0.21289017451831224,,,,2014-2024
NBA,LogisticRegression,Expected FG,spatial,spatial_surface,177.536231884058,229.27536231884056,-0.22256134942363878,,,,2014-2024
NBA,LogisticRegression,Expected FG,spatial,spatial_surface,184.7826086956522,229.27536231884056,-0.2324933898109743,,,,2014-2024
NBA,LogisticRegression,Expected FG,spatial,spatial_surface,192.02898550724638,229.27536231884056,-0.24267467918923405,,,,2014-2024
NBA,LogisticRegression,Expected FG,spatial,spatial_surface,199.27536231884062,229.27536231884056,-0.2530940200117755,,,,2014-2024
NBA,LogisticRegression,Expected FG,spatial,spatial_surface,206.5217391304348,229.27536231884056,-0.26374064163128086,,,,2014-2024
NBA,LogisticRegression,Expected FG,spatial,spatial_surface,213.768115942029,229.27536231884056,-0.2746042037059987,,,,2014-2024
NBA,LogisticRegression,Expected FG,spatial,spatial_surface,221.0144927536232,229.27536231884056,-0.2856747957272524,,,,2014-2024
NBA,LogisticRegression,Expected FG,spatial,spatial_surface,228.26086956521738,229.27536231884056,-0.29694293328551336,,,,2014-2024
NBA,LogisticRegression,Expected FG,spatial,spatial_surface,235.50724637681162,229.27536231884056,-0.308399551635826,,,,2014-2024
NBA,LogisticRegression,Expected FG,spatial,spatial_surface,242.7536231884058,229.27536231884056,-0.32003599706571717,,,,2014-2024
NBA,LogisticRegression,Expected FG,spatial,spatial_surface,250.0,229.27536231884056,-0.33184401651180706,,,,2014-2024
NBA,LogisticRegression,Expected FG,spatial,spatial_surface,-250.0,236.08695652173913,-0.35811577356332436,,,,2014-2024
NBA,LogisticRegression,Expected FG,spatial,spatial_surface,-242.7536231884058,236.08695652173913,-0.3461887787029292,,,,2014-2024
NBA,LogisticRegression,Expected FG,spatial,spatial_surface,-235.5072463768116,236.08695652173913,-0.3344271989142601,,,,2014-2024
NBA,LogisticRegression,Expected FG,spatial,spatial_surface,-228.26086956521738,236.08695652173913,-0.32283889508651364,,,,2014-2024
NBA,LogisticRegression,Expected FG,spatial,spatial_surface,-221.0144927536232,236.08695652173913,-0.3114321042155803,,,,2014-2024
NBA,LogisticRegression,Expected FG,spatial,spatial_surface,-213.768115942029,236.08695652173913,-0.30021544896790386,,,,2014-2024
NBA,LogisticRegression,Expected FG,spatial,spatial_surface,-206.52173913043478,236.08695652173913,-0.2891979456531192,,,,2014-2024
NBA,LogisticRegression,Expected FG,spatial,spatial_surface,-199.27536231884056,236.08695652173913,-0.27838901020997286,,,,2014-2024
NBA,LogisticRegression,Expected FG,spatial,spatial_surface,-192.02898550724638,236.08695652173913,-0.2677984617612831,,,,2014-2024
NBA,LogisticRegression,Expected FG,spatial,spatial_surface,-184.7826086956522,236.08695652173913,-0.257436523244598,,,,2014-2024
NBA,LogisticRegression,Expected FG,spatial,spatial_surface,-177.53623188405797,236.08695652173913,-0.24731381857736692,,,,2014-2024
NBA,LogisticRegression,Expected FG,spatial,spatial_surface,-170.28985507246375,236.08695652173913,-0.23744136577111866,,,,2014-2024
NBA,LogisticRegression,Expected FG,spatial,spatial_surface,-163.04347826086956,236.08695652173913,-0.2278305653711131,,,,2014-2024
NBA,LogisticRegression,Expected FG,spatial,spatial_surface,-155.79710144927537,236.08695652173913,-0.21849318356949252,,,,2014-2024
NBA,LogisticRegression,Expected FG,spatial,spatial_surface,-148.55072463768116,236.08695652173913,-0.20944132932514373,,,,2014-2024
NBA,LogisticRegression,Expected FG,spatial,spatial_surface,-141.30434782608694,236.08695652173913,-0.20068742482671068,,,,2014-2024
NBA,LogisticRegression,Expected FG,spatial,spatial_surface,-134.05797101449275,236.08695652173913,-0.1922441686614292,,,,2014-2024
NBA,LogisticRegression,Expected FG,spatial,spatial_surface,-126.81159420289855,236.08695652173913,-0.1841244911068247,,,,2014-2024
NBA,LogisticRegression,Expected FG,spatial,spatial_surface,-119.56521739130434,236.08695652173913,-0.17634150104991073,,,,2014-2024
NBA,LogisticRegression,Expected FG,spatial,spatial_surface,-112.31884057971013,236.08695652173913,-0.16890842416394555,,,,2014-2024
NBA,LogisticRegression,Expected FG,spatial,spatial_surface,-105.07246376811594,236.08695652173913,-0.1618385321397284,,,,2014-2024
NBA,LogisticRegression,Expected FG,spatial,spatial_surface,-97.82608695652175,236.08695652173913,-0.15514506297887096,,,,2014-2024
NBA,LogisticRegression,Expected FG,spatial,spatial_surface,-90.57971014492753,236.08695652173913,-0.14884113261032142,,,,2014-2024
NBA,LogisticRegression,Expected FG,spatial,spatial_surface,-83.33333333333331,236.08695652173913,-0.14293963838555182,,,,2014-2024
NBA,LogisticRegression,Expected FG,spatial,spatial_surface,-76.08695652173913,236.08695652173913,-0.13745315533567057,,,,2014-2024
NBA,LogisticRegression,Expected FG,spatial,spatial_surface,-68.84057971014494,236.08695652173913,-0.13239382642479322,,,,2014-2024
NBA,LogisticRegression,Expected FG,spatial,spatial_surface,-61.59420289855072,236.08695652173913,-0.1277732483937137,,,,2014-2024
NBA,LogisticRegression,Expected FG,spatial,spatial_surface,-54.3478260869565,236.08695652173913,-0.1236023551378356,,,,2014-2024
NBA,LogisticRegression,Expected FG,spatial,spatial_surface,-47.10144927536231,236.08695652173913,-0.11989130088204666,,,,2014-2024
NBA,LogisticRegression,Expected FG,spatial,spatial_surface,-39.855072463768124,236.08695652173913,-0.11664934567927762,,,,2014-2024
NBA,LogisticRegression,Expected FG,spatial,spatial_surface,-32.60869565217391,236.08695652173913,-0.11388474594554623,,,,2014-2024
NBA,LogisticRegression,Expected FG,spatial,spatial_surface,-25.36231884057969,236.08695652173913,-0.11160465283083468,,,,2014-2024
NBA,LogisticRegression,Expected FG,spatial,spatial_surface,-18.1159420289855,236.08695652173913,-0.10981502119512529,,,,2014-2024
NBA,LogisticRegression,Expected FG,spatial,spatial_surface,-10.869565217391312,236.08695652173913,-0.10852053180175833,,,,2014-2024
NBA,LogisticRegression,Expected FG,spatial,spatial_surface,-3.6231884057970944,236.08695652173913,-0.10772452905391514,,,,2014-2024
NBA,LogisticRegression,Expected FG,spatial,spatial_surface,3.623188405797123,236.08695652173913,-0.10742897619178346,,,,2014-2024
NBA,LogisticRegression,Expected FG,spatial,spatial_surface,10.869565217391312,236.08695652173913,-0.10763442935503734,,,,2014-2024
NBA,LogisticRegression,Expected FG,spatial,spatial_surface,18.1159420289855,236.08695652173913,-0.1083400313235586,,,,2014-2024
NBA,LogisticRegression,Expected FG,spatial,spatial_surface,25.362318840579746,236.08695652173913,-0.10954352511163692,,,,2014-2024
NBA,LogisticRegression,Expected FG,spatial,spatial_surface,32.608695652173935,236.08695652173913,-0.11124128694411703,,,,2014-2024
NBA,LogisticRegression,Expected FG,spatial,spatial_surface,39.855072463768124,236.08695652173913,-0.11342837752471421,,,,2014-2024
NBA,LogisticRegression,Expected FG,spatial,spatial_surface,47.10144927536231,236.08695652173913,-0.11609860995197283,,,,2014-2024
NBA,LogisticRegression,Expected FG,spatial,spatial_surface,54.3478260869565,236.08695652173913,-0.11924463217636169,,,,2014-2024
NBA,LogisticRegression,Expected FG,spatial,spatial_surface,61.59420289855075,236.08695652173913,-0.12285802154401423,,,,2014-2024
NBA,LogisticRegression,Expected FG,spatial,spatial_surface,68.84057971014494,236.08695652173913,-0.12692938875044604,,,,2014-2024
NBA,LogisticRegression,Expected FG,spatial,spatial_surface,76.08695652173913,236.08695652173913,-0.13144848843344867,,,,2014-2024
NBA,LogisticRegression,Expected FG,spatial,spatial_surface,83.33333333333337,236.08695652173913,-0.13640433366149565,,,,2014-2024
NBA,LogisticRegression,Expected FG,spatial,spatial_surface,90.57971014492756,236.08695652173913,-0.14178531170837208,,,,2014-2024
NBA,LogisticRegression,Expected FG,spatial,spatial_surface,97.82608695652175,236.08695652173913,-0.14757929872693984,,,,2014-2024
NBA,LogisticRegression,Expected FG,spatial,spatial_surface,105.07246376811594,236.08695652173913,-0.15377377122261113,,,,2014-2024
NBA,LogisticRegression,Expected FG,spatial,spatial_surface,112.31884057971013,236.08695652173913,-0.16035591255702045,,,,2014-2024
NBA,LogisticRegression,Expected FG,spatial,spatial_surface,119.56521739130437,236.08695652173913,-0.16731271306242998,,,,2014-2024
NBA,LogisticRegression,Expected FG,spatial,spatial_surface,126.81159420289856,236.08695652173913,-0.1746310626979619,,,,2014-2024
NBA,LogisticRegression,Expected FG,spatial,spatial_surface,134.05797101449275,236.08695652173913,-0.18229783551369302,,,,2014-2024
NBA,LogisticRegression,Expected FG,spatial,spatial_surface,141.304347826087,236.08695652173913,-0.19029996549568393,,,,2014-2024
NBA,LogisticRegression,Expected FG,spatial,spatial_surface,148.55072463768118,236.08695652173913,-0.1986245136358549,,,,2014-2024
NBA,LogisticRegression,Expected FG,spatial,spatial_surface,155.79710144927537,236.08695652173913,-0.20725872630053768,,,,2014-2024
NBA,LogisticRegression,Expected FG,spatial,spatial_surface,163.04347826086956,236.08695652173913,-0.21619008515896318,,,,2014-2024
NBA,LogisticRegression,Expected FG,spatial,spatial_surface,170.28985507246375,236.08695652173913,-0.2254063490788009,,,,2014-2024
NBA,LogisticRegression,Expected FG,spatial,spatial_surface,177.536231884058,236.08695652173913,-0.23489558850290296,,,,2014-2024
NBA,LogisticRegression,Expected FG,spatial,spatial_surface,184.7826086956522,236.08695652173913,-0.24464621289365454,,,,2014-2024
NBA,LogisticRegression,Expected FG,spatial,spatial_surface,192.02898550724638,236.08695652173913,-0.254646991873431,,,,2014-2024
NBA,LogisticRegression,Expected FG,spatial,spatial_surface,199.27536231884062,236.08695652173913,-0.26488707070663786,,,,2014-2024
NBA,LogisticRegression,Expected FG,spatial,spatial_surface,206.5217391304348,236.08695652173913,-0.2753559807654815,,,,2014-2024
NBA,LogisticRegression,Expected FG,spatial,spatial_surface,213.768115942029,236.08695652173913,-0.28604364560259254,,,,2014-2024
NBA,LogisticRegression,Expected FG,spatial,spatial_surface,221.0144927536232,236.08695652173913,-0.296940383222976,,,,2014-2024
NBA,LogisticRegression,Expected FG,spatial,spatial_surface,228.26086956521738,236.08695652173913,-0.3080369051090882,,,,2014-2024
NBA,LogisticRegression,Expected FG,spatial,spatial_surface,235.50724637681162,236.08695652173913,-0.3193243125090812,,,,2014-2024
NBA,LogisticRegression,Expected FG,spatial,spatial_surface,242.7536231884058,236.08695652173913,-0.3307940904519171,,,,2014-2024
NBA,LogisticRegression,Expected FG,spatial,spatial_surface,250.0,236.08695652173913,-0.34243809990599916,,,,2014-2024
NBA,LogisticRegression,Expected FG,spatial,spatial_surface,-250.0,242.8985507246377,-0.36859312955370227,,,,2014-2024
NBA,LogisticRegression,Expected FG,spatial,spatial_surface,-242.7536231884058,242.8985507246377,-0.3568277474873155,,,,2014-2024
NBA,LogisticRegression,Expected FG,spatial,spatial_surface,-235.5072463768116,242.8985507246377,-0.3452304312319254,,,,2014-2024
NBA,LogisticRegression,Expected FG,spatial,spatial_surface,-228.26086956521738,242.8985507246377,-0.3338089390734871,,,,2014-2024
NBA,LogisticRegression,Expected FG,spatial,spatial_surface,-221.0144927536232,242.8985507246377,-0.32257138269072705,,,,2014-2024
NBA,LogisticRegression,Expected FG,spatial,spatial_surface,-213.768115942029,242.8985507246377,-0.3115262344111587,,,,2014-2024
NBA,LogisticRegression,Expected FG,spatial,spatial_surface,-206.52173913043478,242.8985507246377,-0.30068233278305745,,,,2014-2024
NBA,LogisticRegression,Expected FG,spatial,spatial_surface,-199.27536231884056,242.8985507246377,-0.2900488860940508,,,,2014-2024
NBA,LogisticRegression,Expected FG,spatial,spatial_surface,-192.02898550724638,242.8985507246377,-0.27963547342669814,,,,2014-2024
NBA,LogisticRegression,Expected FG,spatial,spatial_surface,-184.7826086956522,242.8985507246377,-0.2694520428019579,,,,2014-2024
NBA,LogisticRegression,Expected FG,spatial,spatial_surface,-177.53623188405797,242.8985507246377,-0.25950890592439047,,,,2014-2024
NBA,LogisticRegression,Expected FG,spatial,spatial_surface,-170.28985507246375,242.8985507246377,-0.24981672901040844,,,,2014-2024
NBA,LogisticRegression,Expected FG,spatial,spatial_surface,-163.04347826086956,242.8985507246377,-0.24038651915532336,,,,2014-2024
NBA,LogisticRegression,Expected FG,spatial,spatial_surface,-155.79710144927537,242.8985507246377,-0.2312296056793048,,,,2014-2024
NBA,LogisticRegression,Expected FG,spatial,spatial_surface,-148.55072463768116,242.8985507246377,-0.22235761589006528,,,,2014-2024
NBA,LogisticRegression,Expected FG,spatial,spatial_surface,-141.30434782608694,242.8985507246377,-0.2137824447147557,,,,2014-2024
NBA,LogisticRegression,Expected FG,spatial,spatial_surface,-134.05797101449275,242.8985507246377,-0.20551621768924913,,,,2014-2024
NBA,LogisticRegression,Expected FG,spatial,spatial_surface,-126.81159420289855,242.8985507246377,-0.19757124685360125,,,,2014-2024
NBA,LogisticRegression,Expected FG,spatial,spatial_surface,-119.56521739130434,242.8985507246377,-0.18995997919184113,,,,2014-2024
NBA,LogisticRegression,Expected FG,spatial,spatial_surface,-112.31884057971013,242.8985507246377,-0.182694937375497,,,,2014-2024
NBA,LogisticRegression,Expected FG,spatial,spatial_surface,-105.07246376811594,242.8985507246377,-0.1757886527256811,,,,2014-2024
NBA,LogisticRegression,Expected FG,spatial,spatial_surface,-97.82608695652175,242.8985507246377,-0.16925359049883223,,,,2014-2024
NBA,LogisticRegression,Expected FG,spatial,spatial_surface,-90.57971014492753,242.8985507246377,-0.16310206782524836,,,,2014-2024
NBA,LogisticRegression,Expected FG,spatial,spatial_surface,-83.33333333333331,242.8985507246377,-0.15734616488366024,,,,2014-2024
NBA,LogisticRegression,Expected FG,spatial,spatial_surface,-76.08695652173913,242.8985507246377,-0.15199763017297072,,,,2014-2024
NBA,LogisticRegression,Expected FG,spatial,spatial_surface,-68.84057971014494,242.8985507246377,-0.14706778103441484,,,,2014-2024
NBA,LogisticRegression,Expected FG,spatial,spatial_surface,-61.59420289855072,242.8985507246377,-0.1425674008713864,,,,2014-2024
NBA,LogisticRegression,Expected FG,spatial,spatial_surface,-54.3478260869565,242.8985507246377,-0.13850663479474976,,,,2014-2024
NBA,LogisticRegression,Expected FG,spatial,spatial_surface,-47.10144927536231,242.8985507246377,-0.13489488567144045,,,,2014-2024
NBA,LogisticRegression,Expected FG,spatial,spatial_surface,-39.855072463768124,242.8985507246377,-0.13174071275519764,,,,2014-2024
NBA,LogisticRegression,Expected FG,spatial,spatial_surface,-32.60869565217391,242.8985507246377,-0.12905173521249283,,,,2014-2024
NBA,LogisticRegression,Expected FG,spatial,spatial_surface,-25.36231884057969,242.8985507246377,-0.12683454290811277,,,,2014-2024
NBA,LogisticRegression,Expected FG,spatial,spatial_surface,-18.1159420289855,242.8985507246377,-0.12509461677109338,,,,2014-2024
NBA,LogisticRegression,Expected FG,spatial,spatial_surface,-10.869565217391312,242.8985507246377,-0.12383626091582203,,,,2014-2024
NBA,LogisticRegression,Expected FG,spatial,spatial_surface,-3.6231884057970944,242.8985507246377,-0.1230625484444656,,,,2014-2024
NBA,LogisticRegression,Expected FG,spatial,spatial_surface,3.623188405797123,242.8985507246377,-0.12277528251234568,,,,2014-2024
NBA,LogisticRegression,Expected FG,spatial,spatial_surface,10.869565217391312,242.8985507246377,-0.12297497381136654,,,,2014-2024
NBA,LogisticRegression,Expected FG,spatial,spatial_surface,18.1159420289855,242.8985507246377,-0.12366083513875312,,,,2014-2024
NBA,LogisticRegression,Expected FG,spatial,spatial_surface,25.362318840579746,242.8985507246377,-0.1248307931948334,,,,2014-2024
NBA,LogisticRegression,Expected FG,spatial,spatial_surface,32.608695652173935,242.8985507246377,-0.1264815172229927,,,,2014-2024
NBA,LogisticRegression,Expected FG,spatial,spatial_surface,39.855072463768124,242.8985507246377,-0.1286084635964844,,,,2014-2024
NBA,LogisticRegression,Expected FG,spatial,spatial_surface,47.10144927536231,242.8985507246377,-0.1312059349976997,,,,2014-2024
NBA,LogisticRegression,Expected FG,spatial,spatial_surface,54.3478260869565,242.8985507246377,-0.13426715244885393,,,,2014-2024
NBA,LogisticRegression,Expected FG,spatial,spatial_surface,61.59420289855075,242.8985507246377,-0.13778433815589017,,,,2014-2024
NBA,LogisticRegression,Expected FG,spatial,spatial_surface,68.84057971014494,242.8985507246377,-0.14174880692981282,,,,2014-2024
NBA,LogisticRegression,Expected FG,spatial,spatial_surface,76.08695652173913,242.8985507246377,-0.14615106385445123,,,,2014-2024
NBA,LogisticRegression,Expected FG,spatial,spatial_surface,83.33333333333337,242.8985507246377,-0.150980905872633,,,,2014-2024
NBA,LogisticRegression,Expected FG,spatial,spatial_surface,90.57971014492756,242.8985507246377,-0.15622752505414492,,,,2014-2024
NBA,LogisticRegression,Expected FG,spatial,spatial_surface,97.82608695652175,242.8985507246377,-0.16187961147433985,,,,2014-2024
NBA,LogisticRegression,Expected FG,spatial,spatial_surface,105.07246376811594,242.8985507246377,-0.16792545385489296,,,,2014-2024
NBA,LogisticRegression,Expected FG,spatial,spatial_surface,112.31884057971013,242.8985507246377,-0.17435303638007368,,,,2014-2024
NBA,LogisticRegression,Expected FG,spatial,spatial_surface,119.56521739130437,242.8985507246377,-0.18115013038539277,,,,2014-2024
NBA,LogisticRegression,Expected FG,spatial,spatial_surface,126.81159420289856,242.8985507246377,-0.18830437990460766,,,,2014-2024
NBA,LogisticRegression,Expected FG,spatial,spatial_surface,134.05797101449275,242.8985507246377,-0.19580338034231828,,,,2014-2024
NBA,LogisticRegression,Expected FG,spatial,spatial_surface,141.304347826087,242.8985507246377,-0.20363474980198312,,,,2014-2024
NBA,LogisticRegression,Expected FG,spatial,spatial_surface,148.55072463768118,242.8985507246377,-0.2117861928354057,,,,2014-2024
NBA,LogisticRegression,Expected FG,spatial,spatial_surface,155.79710144927537,242.8985507246377,-0.22024555658477926,,,,2014-2024
NBA,LogisticRegression,Expected FG,spatial,spatial_surface,163.04347826086956,242.8985507246377,-0.22900087945979228,,,,2014-2024
NBA,LogisticRegression,Expected FG,spatial,spatial_surface,170.28985507246375,242.8985507246377,-0.2380404326300206,,,,2014-2024
NBA,LogisticRegression,Expected FG,spatial,spatial_surface,177.536231884058,242.8985507246377,-0.24735275471818094,,,,2014-2024
NBA,LogisticRegression,Expected FG,spatial,spatial_surface,184.7826086956522,242.8985507246377,-0.2569266801555119,,,,2014-2024
NBA,LogisticRegression,Expected FG,spatial,spatial_surface,192.02898550724638,242.8985507246377,-0.26675136170988634,,,,2014-2024
NBA,LogisticRegression,Expected FG,spatial,spatial_surface,199.27536231884062,242.8985507246377,-0.276816287724039,,,,2014-2024
NBA,LogisticRegression,Expected FG,spatial,spatial_surface,206.5217391304348,242.8985507246377,-0.2871112946093515,,,,2014-2024
NBA,LogisticRegression,Expected FG,spatial,spatial_surface,213.768115942029,242.8985507246377,-0.2976265751336824,,,,2014-2024
NBA,LogisticRegression,Expected FG,spatial,spatial_surface,221.0144927536232,242.8985507246377,-0.30835268302322794,,,,2014-2024
NBA,LogisticRegression,Expected FG,spatial,spatial_surface,228.26086956521738,242.8985507246377,-0.3192805343714119,,,,2014-2024
NBA,LogisticRegression,Expected FG,spatial,spatial_surface,235.50724637681162,242.8985507246377,-0.33040140631497683,,,,2014-2024
NBA,LogisticRegression,Expected FG,spatial,spatial_surface,242.7536231884058,242.8985507246377,-0.3417069334010313,,,,2014-2024
NBA,LogisticRegression,Expected FG,spatial,spatial_surface,250.0,242.8985507246377,-0.35318910203058473,,,,2014-2024
NBA,LogisticRegression,Expected FG,spatial,spatial_surface,-250.0,249.71014492753625,-0.37922842427104353,,,,2014-2024
NBA,LogisticRegression,Expected FG,spatial,spatial_surface,-242.7536231884058,249.71014492753625,-0.3676226121556636,,,,2014-2024
NBA,LogisticRegression,Expected FG,spatial,spatial_surface,-235.5072463768116,249.71014492753625,-0.35618727948940776,,,,2014-2024
NBA,LogisticRegression,Expected FG,spatial,spatial_surface,-228.26086956521738,249.71014492753625,-0.3449300709654227,,,,2014-2024
NBA,LogisticRegression,Expected FG,spatial,spatial_surface,-221.0144927536232,249.71014492753625,-0.3338589624997603,,,,2014-2024
NBA,LogisticRegression,Expected FG,spatial,spatial_surface,-213.768115942029,249.71014492753625,-0.32298226640939653,,,,2014-2024
NBA,LogisticRegression,Expected FG,spatial,spatial_surface,-206.52173913043478,249.71014492753625,-0.3123086348469114,,,,2014-2024
NBA,LogisticRegression,Expected FG,spatial,spatial_surface,-199.27536231884056,249.71014492753625,-0.3018470611499251,,,,2014-2024
NBA,LogisticRegression,Expected FG,spatial,spatial_surface,-192.02898550724638,249.71014492753625,-0.29160687873064284,,,,2014-2024
NBA,LogisticRegression,Expected FG,spatial,spatial_surface,-184.7826086956522,249.71014492753625,-0.281597757099875,,,,2014-2024
NBA,LogisticRegression,Expected FG,spatial,spatial_surface,-177.53623188405797,249.71014492753625,-0.27182969459208284,,,,2014-2024
NBA,LogisticRegression,Expected FG,spatial,spatial_surface,-170.28985507246375,249.71014492753625,-0.2623130073353517,,,,2014-2024
NBA,LogisticRegression,Expected FG,spatial,spatial_surface,-163.04347826086956,249.71014492753625,-0.2530583139947967,,,,2014-2024
NBA,LogisticRegression,Expected FG,spatial,spatial_surface,-155.79710144927537,249.71014492753625,-0.24407651581243153,,,,2014-2024
NBA,LogisticRegression,Expected FG,spatial,spatial_surface,-148.55072463768116,249.71014492753625,-0.2353787714736911,,,,2014-2024
NBA,LogisticRegression,Expected FG,spatial,spatial_surface,-141.30434782608694,249.71014492753625,-0.2269764663536946,,,,2014-2024
NBA,LogisticRegression,Expected FG,spatial,spatial_surface,-134.05797101449275,249.71014492753625,-0.2188811757380745,,,,2014-2024
NBA,LogisticRegression,Expected FG,spatial,spatial_surface,-126.81159420289855,249.71014492753625,-0.2111046216768073,,,,2014-2024
NBA,LogisticRegression,Expected FG,spatial,spatial_surface,-119.56521739130434,249.71014492753625,-0.20365862321767034,,,,2014-2024
NBA,LogisticRegression,Expected FG,spatial,spatial_surface,-112.31884057971013,249.71014492753625,-0.19655503988082854,,,,2014-2024
NBA,LogisticRegression,Expected FG,spatial,spatial_surface,-105.07246376811594,249.71014492753625,-0.18980570837881675,,,,2014-2024
NBA,LogisticRegression,Expected FG,spatial,spatial_surface,-97.82608695652175,249.71014492753625,-0.18342237275664683,,,,2014-2024
NBA,LogisticRegression,Expected FG,spatial,spatial_surface,-90.57971014492753,249.71014492753625,-0.17741660832323233,,,,2014-2024
NBA,LogisticRegression,Expected FG,spatial,spatial_surface,-83.33333333333331,249.71014492753625,-0.1717997399639585,,,,2014-2024
NBA,LogisticRegression,Expected FG,spatial,spatial_surface,-76.08695652173913,249.71014492753625,-0.16658275565907002,,,,2014-2024
NBA,LogisticRegression,Expected FG,spatial,spatial_surface,-68.84057971014494,249.71014492753625,-0.16177621627529734,,,,2014-2024
NBA,LogisticRegression,Expected FG,spatial,spatial_surface,-61.59420289855072,249.71014492753625,-0.15739016293820016,,,,2014-2024
NBA,LogisticRegression,Expected FG,spatial,spatial_surface,-54.3478260869565,249.71014492753625,-0.15343402351761462,,,,2014-2024
NBA,LogisticRegression,Expected FG,spatial,spatial_surface,-47.10144927536231,249.71014492753625,-0.14991651995449354,,,,2014-2024
NBA,LogisticRegression,Expected FG,spatial,spatial_surface,-39.855072463768124,249.71014492753625,-0.14684557831006825,,,,2014-2024
NBA,LogisticRegression,Expected FG,spatial,spatial_surface,-32.60869565217391,249.71014492753625,-0.14422824351380362,,,,2014-2024
NBA,LogisticRegression,Expected FG,spatial,spatial_surface,-25.36231884057969,249.71014492753625,-0.1420706008132803,,,,2014-2024
NBA,LogisticRegression,Expected FG,spatial,spatial_surface,-18.1159420289855,249.71014492753625,-0.14037770587793288,,,,2014-2024
NBA,LogisticRegression,Expected FG,spatial,spatial_surface,-10.869565217391312,249.71014492753625,-0.13915352537495299,,,,2014-2024
NBA,LogisticRegression,Expected FG,spatial,spatial_surface,-3.6231884057970944,249.71014492753625,-0.1384008896200379,,,,2014-2024
NBA,LogisticRegression,Expected FG,spatial,spatial_surface,3.623188405797123,249.71014492753625,-0.1381214586139979,,,,2014-2024
NBA,LogisticRegression,Expected FG,spatial,spatial_surface,10.869565217391312,249.71014492753625,-0.13831570242012262,,,,2014-2024
NBA,LogisticRegression,Expected FG,spatial,spatial_surface,18.1159420289855,249.71014492753625,-0.1389828964329541,,,,2014-2024
NBA,LogisticRegression,Expected FG,spatial,spatial_surface,25.362318840579746,249.71014492753625,-0.1401211316569884,,,,2014-2024
NBA,LogisticRegression,Expected FG,spatial,spatial_surface,32.608695652173935,249.71014492753625,-0.14172733967618803,,,,2014-2024
NBA,LogisticRegression,Expected FG,spatial,spatial_surface,39.855072463768124,249.71014492753625,-0.1437973315748239,,,,2014-2024
NBA,LogisticRegression,Expected FG,spatial,spatial_surface,47.10144927536231,249.71014492753625,-0.14632584968849918,,,,2014-2024
NBA,LogisticRegression,Expected FG,spatial,spatial_surface,54.3478260869565,249.71014492753625,-0.14930663073940278,,,,2014-2024
NBA,LogisticRegression,Expected FG,spatial,spatial_surface,61.59420289855075,249.71014492753625,-0.15273247865576037,,,,2014-2024
NBA,LogisticRegression,Expected FG,spatial,spatial_surface,68.84057971014494,249.71014492753625,-0.15659534520054905,,,,2014-2024
NBA,LogisticRegression,Expected FG,spatial,spatial_surface,76.08695652173913,249.71014492753625,-0.16088641644185928,,,,2014-2024
NBA,LogisticRegression,Expected FG,spatial,spatial_surface,83.33333333333337,249.71014492753625,-0.16559620308439651,,,,2014-2024
NBA,LogisticRegression,Expected FG,spatial,spatial_surface,90.57971014492756,249.71014492753625,-0.170714632741673,,,,2014-2024
NBA,LogisticRegression,Expected FG,spatial,spatial_surface,97.82608695652175,249.71014492753625,-0.1762311423509044,,,,2014-2024
NBA,LogisticRegression,Expected FG,spatial,spatial_surface,105.07246376811594,249.71014492753625,-0.18213476910470902,,,,2014-2024
NBA,LogisticRegression,Expected FG,spatial,spatial_surface,112.31884057971013,249.71014492753625,-0.18841423848143743,,,,2014-2024
NBA,LogisticRegression,Expected FG,spatial,spatial_surface,119.56521739130437,249.71014492753625,-0.19505804818542896,,,,2014-2024
NBA,LogisticRegression,Expected FG,spatial,spatial_surface,126.81159420289856,249.71014492753625,-0.20205454704672468,,,,2014-2024
NBA,LogisticRegression,Expected FG,spatial,spatial_surface,134.05797101449275,249.71014492753625,-0.20939200816543377,,,,2014-2024
NBA,LogisticRegression,Expected FG,spatial,spatial_surface,141.304347826087,249.71014492753625,-0.21705869580978707,,,,2014-2024
NBA,LogisticRegression,Expected FG,spatial,spatial_surface,148.55072463768118,249.71014492753625,-0.22504292578197152,,,,2014-2024
NBA,LogisticRegression,Expected FG,spatial,spatial_surface,155.79710144927537,249.71014492753625,-0.23333311914728064,,,,2014-2024
NBA,LogisticRegression,Expected FG,spatial,spatial_surface,163.04347826086956,249.71014492753625,-0.24191784937731506,,,,2014-2024
NBA,LogisticRegression,Expected FG,spatial,spatial_surface,170.28985507246375,249.71014492753625,-0.25078588308597194,,,,2014-2024
NBA,LogisticRegression,Expected FG,spatial,spatial_surface,177.536231884058,249.71014492753625,-0.25992621463821863,,,,2014-2024
NBA,LogisticRegression,Expected FG,spatial,spatial_surface,184.7826086956522,249.71014492753625,-0.2693280949878579,,,,2014-2024
NBA,LogisticRegression,Expected FG,spatial,spatial_surface,192.02898550724638,249.71014492753625,-0.2789810551538888,,,,2014-2024
NBA,LogisticRegression,Expected FG,spatial,spatial_surface,199.27536231884062,249.71014492753625,-0.2888749247784732,,,,2014-2024
NBA,LogisticRegression,Expected FG,spatial,spatial_surface,206.5217391304348,249.71014492753625,-0.298999846225949,,,,2014-2024
NBA,LogisticRegression,Expected FG,spatial,spatial_surface,213.768115942029,249.71014492753625,-0.30934628468470804,,,,2014-2024
NBA,LogisticRegression,Expected FG,spatial,spatial_surface,221.0144927536232,249.71014492753625,-0.3199050347249849,,,,2014-2024
NBA,LogisticRegression,Expected FG,spatial,spatial_surface,228.26086956521738,249.71014492753625,-0.33066722374826474,,,,2014-2024
NBA,LogisticRegression,Expected FG,spatial,spatial_surface,235.50724637681162,249.71014492753625,-0.3416243127404335,,,,2014-2024
NBA,LogisticRegression,Expected FG,spatial,spatial_surface,242.7536231884058,249.71014492753625,-0.35276809471296466,,,,2014-2024
NBA,LogisticRegression,Expected FG,spatial,spatial_surface,250.0,249.71014492753625,-0.36409069118601844,,,,2014-2024
NBA,LogisticRegression,Expected FG,spatial,spatial_surface,-250.0,256.5217391304348,-0.39001538416426984,,,,2014-2024
NBA,LogisticRegression,Expected FG,spatial,spatial_surface,-242.7536231884058,256.5217391304348,-0.37856699840627406,,,,2014-2024
NBA,LogisticRegression,Expected FG,spatial,spatial_surface,-235.5072463768116,256.5217391304348,-0.3672912782647,,,,2014-2024
NBA,LogisticRegression,Expected FG,spatial,spatial_surface,-228.26086956521738,256.5217391304348,-0.35619574544819277,,,,2014-2024
NBA,LogisticRegression,Expected FG,spatial,spatial_surface,-221.0144927536232,256.5217391304348,-0.3452882313705822,,,,2014-2024
NBA,LogisticRegression,Expected FG,spatial,spatial_surface,-213.768115942029,256.5217391304348,-0.3345768804704904,,,,2014-2024
NBA,LogisticRegression,Expected FG,spatial,spatial_surface,-206.52173913043478,256.5217391304348,-0.32407015175685383,,,,2014-2024
NBA,LogisticRegression,Expected FG,spatial,spatial_surface,-199.27536231884056,256.5217391304348,-0.3137768182663101,,,,2014-2024
NBA,LogisticRegression,Expected FG,spatial,spatial_surface,-192.02898550724638,256.5217391304348,-0.3037059640923587,,,,2014-2024
NBA,LogisticRegression,Expected FG,spatial,spatial_surface,-184.7826086956522,256.5217391304348,-0.2938669786225102,,,,2014-2024
NBA,LogisticRegression,Expected FG,spatial,spatial_surface,-177.53623188405797,256.5217391304348,-0.2842695475996827,,,,2014-2024
NBA,LogisticRegression,Expected FG,spatial,spatial_surface,-170.28985507246375,256.5217391304348,-0.2749236406095986,,,,2014-2024
NBA,LogisticRegression,Expected FG,spatial,spatial_surface,-163.04347826086956,256.5217391304348,-0.26583949458874123,,,,2014-2024
NBA,LogisticRegression,Expected FG,spatial,spatial_surface,-155.79710144927537,256.5217391304348,-0.25702759294978705,,,,2014-2024
NBA,LogisticRegression,Expected FG,spatial,spatial_surface,-148.55072463768116,256.5217391304348,-0.2484986399356103,,,,2014-2024
NBA,LogisticRegression,Expected FG,spatial,spatial_surface,-141.30434782608694,256.5217391304348,-0.24026352984142882,,,,2014-2024
NBA,LogisticRegression,Expected FG,spatial,spatial_surface,-134.05797101449275,256.5217391304348,-0.23233331078986827,,,,2014-2024
NBA,LogisticRegression,Expected FG,spatial,spatial_surface,-126.81159420289855,256.5217391304348,-0.224719142807879,,,,2014-2024
NBA,LogisticRegression,Expected FG,spatial,spatial_surface,-119.56521739130434,256.5217391304348,-0.21743225003948677,,,,2014-2024
NBA,LogisticRegression,Expected FG,spatial,spatial_surface,-112.31884057971013,256.5217391304348,-0.21048386703551378,,,,2014-2024
NBA,LogisticRegression,Expected FG,spatial,spatial_surface,-105.07246376811594,256.5217391304348,-0.20388517919119079,,,,2014-2024
NBA,LogisticRegression,Expected FG,spatial,spatial_surface,-97.82608695652175,256.5217391304348,-0.19764725755419024,,,,2014-2024
NBA,LogisticRegression,Expected FG,spatial,spatial_surface,-90.57971014492753,256.5217391304348,-0.1917809883970226,,,,2014-2024
NBA,LogisticRegression,Expected FG,spatial,spatial_surface,-83.33333333333331,256.5217391304348,-0.18629699813521702,,,,2014-2024
NBA,LogisticRegression,Expected FG,spatial,spatial_surface,-76.08695652173913,256.5217391304348,-0.18120557437078413,,,,2014-2024
NBA,LogisticRegression,Expected FG,spatial,spatial_surface,-68.84057971014494,256.5217391304348,-0.17651658404191004,,,,2014-2024
NBA,LogisticRegression,Expected FG,spatial,spatial_surface,-61.59420289855072,256.5217391304348,-0.17223938985577844,,,,2014-2024
NBA,LogisticRegression,Expected FG,spatial,spatial_surface,-54.3478260869565,256.5217391304348,-0.16838276636160623,,,,2014-2024
NBA,LogisticRegression,Expected FG,spatial,spatial_surface,-47.10144927536231,256.5217391304348,-0.1649548171743657,,,,2014-2024
NBA,LogisticRegression,Expected FG,spatial,spatial_surface,-39.855072463768124,256.5217391304348,-0.16196289497504854,,,,2014-2024
NBA,LogisticRegression,Expected FG,spatial,spatial_surface,-32.60869565217391,256.5217391304348,-0.159413525980144,,,,2014-2024
NBA,LogisticRegression,Expected FG,spatial,spatial_surface,-25.36231884057969,256.5217391304348,-0.15731234058239477,,,,2014-2024
NBA,LogisticRegression,Expected FG,spatial,spatial_surface,-18.1159420289855,256.5217391304348,-0.15566401181047199,,,,2014-2024
NBA,LogisticRegression,Expected FG,spatial,spatial_surface,-10.869565217391312,256.5217391304348,-0.15447220313401808,,,,2014-2024
NBA,LogisticRegression,Expected FG,spatial,spatial_surface,-3.6231884057970944,256.5217391304348,-0.15373952695348844,,,,2014-2024
NBA,LogisticRegression,Expected FG,spatial,spatial_surface,3.623188405797123,256.5217391304348,-0.15346751486670626,,,,2014-2024
NBA,LogisticRegression,Expected FG,spatial,spatial_surface,10.869565217391312,256.5217391304348,-0.15365660050542398,,,,2014-2024
NBA,LogisticRegression,Expected FG,spatial,spatial_surface,18.1159420289855,256.5217391304348,-0.15430611539862857,,,,2014-2024
NBA,LogisticRegression,Expected FG,spatial,spatial_surface,25.362318840579746,256.5217391304348,-0.15541429796084108,,,,2014-2024
NBA,LogisticRegression,Expected FG,spatial,spatial_surface,32.608695652173935,256.5217391304348,-0.15697831534080867,,,,2014-2024
NBA,LogisticRegression,Expected FG,spatial,spatial_surface,39.855072463768124,256.5217391304348,-0.15899429751676317,,,,2014-2024
NBA,LogisticRegression,Expected FG,spatial,spatial_surface,47.10144927536231,256.5217391304348,-0.16145738270564483,,,,2014-2024
NBA,LogisticRegression,Expected FG,spatial,spatial_surface,54.3478260869565,256.5217391304348,-0.16436177287989548,,,,2014-2024
NBA,LogisticRegression,Expected FG,spatial,spatial_surface,61.59420289855075,256.5217391304348,-0.16770079796779638,,,,2014-2024
NBA,LogisticRegression,Expected FG,spatial,spatial_surface,68.84057971014494,256.5217391304348,-0.17146698715900424,,,,2014-2024
NBA,LogisticRegression,Expected FG,spatial,spatial_surface,76.08695652173913,256.5217391304348,-0.1756521456489353,,,,2014-2024
NBA,LogisticRegression,Expected FG,spatial,spatial_surface,83.33333333333337,256.5217391304348,-0.1802474351326607,,,,2014-2024
NBA,LogisticRegression,Expected FG,spatial,spatial_surface,90.57971014492756,256.5217391304348,-0.18524345639632697,,,,2014-2024
NBA,LogisticRegression,Expected FG,spatial,spatial_surface,97.82608695652175,256.5217391304348,-0.19063033244395813,,,,2014-2024
NBA,LogisticRegression,Expected FG,spatial,spatial_surface,105.07246376811594,256.5217391304348,-0.19639779073021654,,,,2014-2024
NBA,LogisticRegression,Expected FG,spatial,spatial_surface,112.31884057971013,256.5217391304348,-0.20253524323438762,,,,2014-2024
NBA,LogisticRegression,Expected FG,spatial,spatial_surface,119.56521739130437,256.5217391304348,-0.20903186329652387,,,,2014-2024
NBA,LogisticRegression,Expected FG,spatial,spatial_surface,126.81159420289856,256.5217391304348,-0.21587665833283123,,,,2014-2024
NBA,LogisticRegression,Expected FG,spatial,spatial_surface,134.05797101449275,256.5217391304348,-0.2230585377445334,,,,2014-2024
NBA,LogisticRegression,Expected FG,spatial,spatial_surface,141.304347826087,256.5217391304348,-0.23056637552481138,,,,2014-2024
NBA,LogisticRegression,Expected FG,spatial,spatial_surface,148.55072463768118,256.5217391304348,-0.23838906724563605,,,,2014-2024
NBA,LogisticRegression,Expected FG,spatial,spatial_surface,155.79710144927537,256.5217391304348,-0.24651558126603365,,,,2014-2024
NBA,LogisticRegression,Expected FG,spatial,spatial_surface,163.04347826086956,256.5217391304348,-0.2549350041426225,,,,2014-2024
NBA,LogisticRegression,Expected FG,spatial,spatial_surface,170.28985507246375,256.5217391304348,-0.26363658034081916,,,,2014-2024
NBA,LogisticRegression,Expected FG,spatial,spatial_surface,177.536231884058,256.5217391304348,-0.27260974644076386,,,,2014-2024
NBA,LogisticRegression,Expected FG,spatial,spatial_surface,184.7826086956522,256.5217391304348,-0.28184416010663926,,,,2014-2024
NBA,LogisticRegression,Expected FG,spatial,spatial_surface,192.02898550724638,256.5217391304348,-0.29132972414309966,,,,2014-2024
NBA,LogisticRegression,Expected FG,spatial,spatial_surface,199.27536231884062,256.5217391304348,-0.3010566060001213,,,,2014-2024
NBA,LogisticRegression,Expected FG,spatial,spatial_surface,206.5217391304348,256.5217391304348,-0.3110152531098803,,,,2014-2024
NBA,LogisticRegression,Expected FG,spatial,spatial_surface,213.768115942029,256.5217391304348,-0.32119640444871,,,,2014-2024
NBA,LogisticRegression,Expected FG,spatial,spatial_surface,221.0144927536232,256.5217391304348,-0.33159109871607473,,,,2014-2024
NBA,LogisticRegression,Expected FG,spatial,spatial_surface,228.26086956521738,256.5217391304348,-0.34219067951298987,,,,2014-2024
NBA,LogisticRegression,Expected FG,spatial,spatial_surface,235.50724637681162,256.5217391304348,-0.3529867978864595,,,,2014-2024
NBA,LogisticRegression,Expected FG,spatial,spatial_surface,242.7536231884058,256.5217391304348,-0.36397141258599197,,,,2014-2024
NBA,LogisticRegression,Expected FG,spatial,spatial_surface,250.0,256.5217391304348,-0.37513678835465314,,,,2014-2024
NBA,LogisticRegression,Expected FG,spatial,spatial_surface,-250.0,263.3333333333333,-0.40094798266402165,,,,2014-2024
NBA,LogisticRegression,Expected FG,spatial,spatial_surface,-242.7536231884058,263.3333333333333,-0.38965479514082313,,,,2014-2024
NBA,LogisticRegression,Expected FG,spatial,spatial_surface,-235.5072463768116,263.3333333333333,-0.3785362418655519,,,,2014-2024
NBA,LogisticRegression,Expected FG,spatial,spatial_surface,-228.26086956521738,263.3333333333333,-0.36759971364860367,,,,2014-2024
NBA,LogisticRegression,Expected FG,spatial,spatial_surface,-221.0144927536232,263.3333333333333,-0.3568528902241297,,,,2014-2024
NBA,LogisticRegression,Expected FG,spatial,spatial_surface,-213.768115942029,263.3333333333333,-0.34630374191879865,,,,2014-2024
NBA,LogisticRegression,Expected FG,spatial,spatial_surface,-206.52173913043478,263.3333333333333,-0.3359605295396999,,,,2014-2024
NBA,LogisticRegression,Expected FG,spatial,spatial_surface,-199.27536231884056,263.3333333333333,-0.3258318021949792,,,,2014-2024
NBA,LogisticRegression,Expected FG,spatial,spatial_surface,-192.02898550724638,263.3333333333333,-0.3159263927405649,,,,2014-2024
NBA,LogisticRegression,Expected FG,spatial,spatial_surface,-184.7826086956522,263.3333333333333,-0.3062534105289044,,,,2014-2024
NBA,LogisticRegression,Expected FG,spatial,spatial_surface,-177.53623188405797,263.3333333333333,-0.29682223112225037,,,,2014-2024
NBA,LogisticRegression,Expected FG,spatial,spatial_surface,-170.28985507246375,263.3333333333333,-0.28764248262512426,,,,2014-2024
NBA,LogisticRegression,Expected FG,spatial,spatial_surface,-163.04347826086956,263.3333333333333,-0.2787240282899146,,,,2014-2024
NBA,LogisticRegression,Expected FG,spatial,spatial_surface,-155.79710144927537,263.3333333333333,-0.2700769450578059,,,,2014-2024
NBA,LogisticRegression,Expected FG,spatial,spatial_surface,-148.55072463768116,263.3333333333333,-0.261711497716436,,,,2014-2024
NBA,LogisticRegression,Expected FG,spatial,spatial_surface,-141.30434782608694,263.3333333333333,-0.2536381083876623,,,,2014-2024
NBA,LogisticRegression,Expected FG,spatial,spatial_surface,-134.05797101449275,263.3333333333333,-0.24586732110549434,,,,2014-2024
NBA,LogisticRegression,Expected FG,spatial,spatial_surface,-126.81159420289855,263.3333333333333,-0.23840976130725963,,,,2014-2024
NBA,LogisticRegression,Expected FG,spatial,spatial_surface,-119.56521739130434,263.3333333333333,-0.23127609014162406,,,,2014-2024
NBA,LogisticRegression,Expected FG,spatial,spatial_surface,-112.31884057971013,263.3333333333333,-0.2244769535959034,,,,2014-2024
NBA,LogisticRegression,Expected FG,spatial,spatial_surface,-105.07246376811594,263.3333333333333,-0.21802292656207375,,,,2014-2024
NBA,LogisticRegression,Expected FG,spatial,spatial_surface,-97.82608695652175,263.3333333333333,-0.2119244520949762,,,,2014-2024
NBA,LogisticRegression,Expected FG,spatial,spatial_surface,-90.57971014492753,263.3333333333333,-0.20619177626515803,,,,2014-2024
NBA,LogisticRegression,Expected FG,spatial,spatial_surface,-83.33333333333331,263.3333333333333,-0.20083487916912654,,,,2014-2024
NBA,LogisticRegression,Expected FG,spatial,spatial_surface,-76.08695652173913,263.3333333333333,-0.19586340282659012,,,,2014-2024
NBA,LogisticRegression,Expected FG,spatial,spatial_surface,-68.84057971014494,263.3333333333333,-0.1912865768613166,,,,2014-2024
NBA,LogisticRegression,Expected FG,spatial,spatial_surface,-61.59420289855072,263.3333333333333,-0.1871131430220844,,,,2014-2024
NBA,LogisticRegression,Expected FG,spatial,spatial_surface,-54.3478260869565,263.3333333333333,-0.18335127974452806,,,,2014-2024
NBA,LogisticRegression,Expected FG,spatial,spatial_surface,-47.10144927536231,263.3333333333333,-0.18000852807459014,,,,2014-2024
NBA,LogisticRegression,Expected FG,spatial,spatial_surface,-39.855072463768124,263.3333333333333,-0.17709172036103524,,,,2014-2024
NBA,LogisticRegression,Expected FG,spatial,spatial_surface,-32.60869565217391,263.3333333333333,-0.17460691316995444,,,,2014-2024
NBA,LogisticRegression,Expected FG,spatial,spatial_surface,-25.36231884057969,263.3333333333333,-0.17255932587178205,,,,2014-2024
NBA,LogisticRegression,Expected FG,spatial,spatial_surface,-18.1159420289855,263.3333333333333,-0.17095328629643872,,,,2014-2024
NBA,LogisticRegression,Expected FG,spatial,spatial_surface,-10.869565217391312,263.3333333333333,-0.1697921847430454,,,,2014-2024
NBA,LogisticRegression,Expected FG,spatial,spatial_surface,-3.6231884057970944,263.3333333333333,-0.16907843746842469,,,,2014-2024
NBA,LogisticRegression,Expected FG,spatial,spatial_surface,3.623188405797123,263.3333333333333,-0.1688134605679081,,,,2014-2024
NBA,LogisticRegression,Expected FG,spatial,spatial_surface,10.869565217391312,263.3333333333333,-0.16899765491061416,,,,2014-2024
NBA,LogisticRegression,Expected FG,spatial,spatial_surface,18.1159420289855,263.3333333333333,-0.16963040250987996,,,,2014-2024
NBA,LogisticRegression,Expected FG,spatial,spatial_surface,25.362318840579746,263.3333333333333,-0.17071007441067212,,,,2014-2024
NBA,LogisticRegression,Expected FG,spatial,spatial_surface,32.608695652173935,263.3333333333333,-0.17223404987352972,,,,2014-2024
NBA,LogisticRegression,Expected FG,spatial,spatial_surface,39.855072463768124,263.3333333333333,-0.17419874634306529,,,,2014-2024
NBA,LogisticRegression,Expected FG,spatial,spatial_surface,47.10144927536231,263.3333333333333,-0.1765996594216729,,,,2014-2024
NBA,LogisticRegression,Expected FG,spatial,spatial_surface,54.3478260869565,263.3333333333333,-0.17943141183750808,,,,2014-2024
NBA,LogisticRegression,Expected FG,spatial,spatial_surface,61.59420289855075,263.3333333333333,-0.1826878102090094,,,,2014-2024
NBA,LogisticRegression,Expected FG,spatial,spatial_surface,68.84057971014494,263.3333333333333,-0.18636190827239782,,,,2014-2024
NBA,LogisticRegression,Expected FG,spatial,spatial_surface,76.08695652173913,263.3333333333333,-0.19044607515636516,,,,2014-2024
NBA,LogisticRegression,Expected FG,spatial,spatial_surface,83.33333333333337,263.3333333333333,-0.1949320672591943,,,,2014-2024
NBA,LogisticRegression,Expected FG,spatial,spatial_surface,90.57971014492756,263.3333333333333,-0.1998111023045022,,,,2014-2024
NBA,LogisticRegression,Expected FG,spatial,spatial_surface,97.82608695652175,263.3333333333333,-0.20507393421694795,,,,2014-2024
NBA,LogisticRegression,Expected FG,spatial,spatial_surface,105.07246376811594,263.3333333333333,-0.21071092756131096,,,,2014-2024
NBA,LogisticRegression,Expected FG,spatial,spatial_surface,112.31884057971013,263.3333333333333,-0.21671213041880114,,,,2014-2024
NBA,LogisticRegression,Expected FG,spatial,spatial_surface,119.56521739130437,263.3333333333333,-0.22306734472464,,,,2014-2024
NBA,LogisticRegression,Expected FG,spatial,spatial_surface,126.81159420289856,263.3333333333333,-0.22976619325235073,,,,2014-2024
NBA,LogisticRegression,Expected FG,spatial,spatial_surface,134.05797101449275,263.3333333333333,-0.2367981825949648,,,,2014-2024
NBA,LogisticRegression,Expected FG,spatial,spatial_surface,141.304347826087,263.3333333333333,-0.24415276165487051,,,,2014-2024
NBA,LogisticRegression,Expected FG,spatial,spatial_surface,148.55072463768118,263.3333333333333,-0.2518193753067779,,,,2014-2024
NBA,LogisticRegression,Expected FG,spatial,spatial_surface,155.79710144927537,263.3333333333333,-0.25978751303815395,,,,2014-2024
NBA,LogisticRegression,Expected FG,spatial,spatial_surface,163.04347826086956,263.3333333333333,-0.2680467524957284,,,,2014-2024
NBA,LogisticRegression,Expected FG,spatial,spatial_surface,170.28985507246375,263.3333333333333,-0.2765867979736141,,,,2014-2024
NBA,LogisticRegression,Expected FG,spatial,spatial_surface,177.536231884058,263.3333333333333,-0.2853975139677296,,,,2014-2024
NBA,LogisticRegression,Expected FG,spatial,spatial_surface,184.7826086956522,263.3333333333333,-0.2944689539927946,,,,2014-2024
NBA,LogisticRegression,Expected FG,spatial,spatial_surface,192.02898550724638,263.3333333333333,-0.30379138491316304,,,,2014-2024
NBA,LogisticRegression,Expected FG,spatial,spatial_surface,199.27536231884062,263.3333333333333,-0.31335530707853076,,,,2014-2024
NBA,LogisticRegression,Expected FG,spatial,spatial_surface,206.5217391304348,263.3333333333333,-0.32315147058181704,,,,2014-2024
NBA,LogisticRegression,Expected FG,spatial,spatial_surface,213.768115942029,263.3333333333333,-0.33317088797112415,,,,2014-2024
NBA,LogisticRegression,Expected FG,spatial,spatial_surface,221.0144927536232,263.3333333333333,-0.3434048437524413,,,,2014-2024
NBA,LogisticRegression,Expected FG,spatial,spatial_surface,228.26086956521738,263.3333333333333,-0.3538449010165513,,,,2014-2024
NBA,LogisticRegression,Expected FG,spatial,spatial_surface,235.50724637681162,263.3333333333333,-0.36448290551407425,,,,2014-2024
NBA,LogisticRegression,Expected FG,spatial,spatial_surface,242.7536231884058,263.3333333333333,-0.37531098748825475,,,,2014-2024
NBA,LogisticRegression,Expected FG,spatial,spatial_surface,250.0,263.3333333333333,-0.3863215615573493,,,,2014-2024
NBA,LogisticRegression,Expected FG,spatial,spatial_surface,-250.0,270.1449275362319,-0.4120204347167319,,,,2014-2024
NBA,LogisticRegression,Expected FG,spatial,spatial_surface,-242.7536231884058,270.1449275362319,-0.40088014758049584,,,,2014-2024
NBA,LogisticRegression,Expected FG,spatial,spatial_surface,-235.5072463768116,270.1449275362319,-0.38991625589513623,,,,2014-2024
NBA,LogisticRegression,Expected FG,spatial,spatial_surface,-228.26086956521738,270.1449275362319,-0.3791360130170631,,,,2014-2024
NBA,LogisticRegression,Expected FG,spatial,spatial_surface,-221.0144927536232,270.1449275362319,-0.3685469412443423,,,,2014-2024
NBA,LogisticRegression,Expected FG,spatial,spatial_surface,-213.768115942029,270.1449275362319,-0.35815683202902093,,,,2014-2024
NBA,LogisticRegression,Expected FG,spatial,spatial_surface,-206.52173913043478,270.1449275362319,-0.34797374442166584,,,,2014-2024
NBA,LogisticRegression,Expected FG,spatial,spatial_surface,-199.27536231884056,270.1449275362319,-0.3380060014885907,,,,2014-2024
NBA,LogisticRegression,Expected FG,spatial,spatial_surface,-192.02898550724638,270.1449275362319,-0.3282621844270541,,,,2014-2024
NBA,LogisticRegression,Expected FG,spatial,spatial_surface,-184.7826086956522,270.1449275362319,-0.31875112409154016,,,,2014-2024
NBA,LogisticRegression,Expected FG,spatial,spatial_surface,-177.53623188405797,270.1449275362319,-0.3094818896362478,,,,2014-2024
NBA,LogisticRegression,Expected FG,spatial,spatial_surface,-170.28985507246375,270.1449275362319,-0.30046377397634616,,,,2014-2024
NBA,LogisticRegression,Expected FG,spatial,spatial_surface,-163.04347826086956,270.1449275362319,-0.29170627577485786,,,,2014-2024
NBA,LogisticRegression,Expected FG,spatial,spatial_surface,-155.79710144927537,270.1449275362319,-0.28321907767465093,,,,2014-2024
NBA,LogisticRegression,Expected FG,spatial,spatial_surface,-148.55072463768116,270.1449275362319,-0.27501202051757145,,,,2014-2024
NBA,LogisticRegression,Expected FG,spatial,spatial_surface,-141.30434782608694,270.1449275362319,-0.2670950733266394,,,,2014-2024
NBA,LogisticRegression,Expected FG,spatial,spatial_surface,-134.05797101449275,270.1449275362319,-0.2594782988739498,,,,2014-2024
NBA,LogisticRegression,Expected FG,spatial,spatial_surface,-126.81159420289855,270.1449275362319,-0.252171814717535,,,,2014-2024
NBA,LogisticRegression,Expected FG,spatial,spatial_surface,-119.56521739130434,270.1449275362319,-0.24518574966575643,,,,2014-2024
NBA,LogisticRegression,Expected FG,spatial,spatial_surface,-112.31884057971013,270.1449275362319,-0.23853019571804743,,,,2014-2024
NBA,LogisticRegression,Expected FG,spatial,spatial_surface,-105.07246376811594,270.1449275362319,-0.23221515563558773,,,,2014-2024
NBA,LogisticRegression,Expected FG,spatial,spatial_surface,-97.82608695652175,270.1449275362319,-0.22625048641348575,,,,2014-2024
NBA,LogisticRegression,Expected FG,spatial,spatial_surface,-90.57971014492753,270.1449275362319,-0.22064583905509308,,,,2014-2024
NBA,LogisticRegression,Expected FG,spatial,spatial_surface,-83.33333333333331,270.1449275362319,-0.21541059518588543,,,,2014-2024
NBA,LogisticRegression,Expected FG,spatial,spatial_surface,-76.08695652173913,270.1449275362319,-0.21055380118464948,,,,2014-2024
NBA,LogisticRegression,Expected FG,spatial,spatial_surface,-68.84057971014494,270.1449275362319,-0.206084100648145,,,,2014-2024
NBA,LogisticRegression,Expected FG,spatial,spatial_surface,-61.59420289855072,270.1449275362319,-0.2020096661357825,,,,2014-2024
NBA,LogisticRegression,Expected FG,spatial,spatial_surface,-54.3478260869565,270.1449275362319,-0.19833813125637392,,,,2014-2024
NBA,LogisticRegression,Expected FG,spatial,spatial_surface,-47.10144927536231,270.1449275362319,-0.1950765242525759,,,,2014-2024
NBA,LogisticRegression,Expected FG,spatial,spatial_surface,-39.855072463768124,270.1449275362319,-0.19223120430336912,,,,2014-2024
NBA,LogisticRegression,Expected FG,spatial,spatial_surface,-32.60869565217391,270.1449275362319,-0.18980780179461623,,,,2014-2024
NBA,LogisticRegression,Expected FG,spatial,spatial_surface,-25.36231884057969,270.1449275362319,-0.18781116379740695,,,,2014-2024
NBA,LogisticRegression,Expected FG,spatial,spatial_surface,-18.1159420289855,270.1449275362319,-0.1862453059403482,,,,2014-2024
NBA,LogisticRegression,Expected FG,spatial,spatial_surface,-10.869565217391312,270.1449275362319,-0.1851133717640364,,,,2014-2024
NBA,LogisticRegression,Expected FG,spatial,spatial_surface,-3.6231884057970944,270.1449275362319,-0.1844176005051387,,,,2014-2024
NBA,LogisticRegression,Expected FG,spatial,spatial_surface,3.623188405797123,270.1449275362319,-0.1841593040776673,,,,2014-2024
NBA,LogisticRegression,Expected FG,spatial,spatial_surface,10.869565217391312,270.1449275362319,-0.18433885380662243,,,,2014-2024
NBA,LogisticRegression,Expected FG,spatial,spatial_surface,18.1159420289855,270.1449275362319,-0.184955677232763,,,,2014-2024
NBA,LogisticRegression,Expected FG,spatial,spatial_surface,25.362318840579746,270.1449275362319,-0.18600826505697574,,,,2014-2024
NBA,LogisticRegression,Expected FG,spatial,spatial_surface,32.608695652173935,270.1449275362319,-0.1874941880397176,,,,2014-2024
NBA,LogisticRegression,Expected FG,spatial,spatial_surface,39.855072463768124,270.1449275362319,-0.18941012342657518,,,,2014-2024
NBA,LogisticRegression,Expected FG,spatial,spatial_surface,47.10144927536231,270.1449275362319,-0.19175189024580072,,,,2014-2024
NBA,LogisticRegression,Expected FG,spatial,spatial_surface,54.3478260869565,270.1449275362319,-0.19451449262709455,,,,2014-2024
NBA,LogisticRegression,Expected FG,spatial,spatial_surface,61.59420289855075,270.1449275362319,-0.19769217013033222,,,,2014-2024
NBA,LogisticRegression,Expected FG,spatial,spatial_surface,68.84057971014494,270.1449275362319,-0.20127845395342334,,,,2014-2024
NBA,LogisticRegression,Expected FG,spatial,spatial_surface,76.08695652173913,270.1449275362319,-0.2052662278126495,,,,2014-2024
NBA,LogisticRegression,Expected FG,spatial,spatial_surface,83.33333333333337,270.1449275362319,-0.2096477922566282,,,,2014-2024
NBA,LogisticRegression,Expected FG,spatial,spatial_surface,90.57971014492756,270.1449275362319,-0.21441493118430646,,,,2014-2024
NBA,LogisticRegression,Expected FG,spatial,spatial_surface,97.82608695652175,270.1449275362319,-0.21955897938387212,,,,2014-2024
NBA,LogisticRegression,Expected FG,spatial,spatial_surface,105.07246376811594,270.1449275362319,-0.22507088998762972,,,,2014-2024
NBA,LogisticRegression,Expected FG,spatial,spatial_surface,112.31884057971013,270.1449275362319,-0.23094130084112227,,,,2014-2024
NBA,LogisticRegression,Expected FG,spatial,spatial_surface,119.56521739130437,270.1449275362319,-0.23716059890621413,,,,2014-2024
NBA,LogisticRegression,Expected FG,spatial,spatial_surface,126.81159420289856,270.1449275362319,-0.24371898195058175,,,,2014-2024
NBA,LogisticRegression,Expected FG,spatial,spatial_surface,134.05797101449275,270.1449275362319,-0.25060651691365365,,,,2014-2024
NBA,LogisticRegression,Expected FG,spatial,spatial_surface,141.304347826087,270.1449275362319,-0.2578131944758858,,,,2014-2024
NBA,LogisticRegression,Expected FG,spatial,spatial_surface,148.55072463768118,270.1449275362319,-0.2653289794895519,,,,2014-2024
NBA,LogisticRegression,Expected FG,spatial,spatial_surface,155.79710144927537,270.1449275362319,-0.2731438570513288,,,,2014-2024
NBA,LogisticRegression,Expected FG,spatial,spatial_surface,163.04347826086956,270.1449275362319,-0.28124787410711827,,,,2014-2024
NBA,LogisticRegression,Expected FG,spatial,spatial_surface,170.28985507246375,270.1449275362319,-0.28963117657616466,,,,2014-2024
NBA,LogisticRegression,Expected FG,spatial,spatial_surface,177.536231884058,270.1449275362319,-0.2982840420636904,,,,2014-2024
NBA,LogisticRegression,Expected FG,spatial,spatial_surface,184.7826086956522,270.1449275362319,-0.30719690829892243,,,,2014-2024
NBA,LogisticRegression,Expected FG,spatial,spatial_surface,192.02898550724638,270.1449275362319,-0.3163603974890331,,,,2014-2024
NBA,LogisticRegression,Expected FG,spatial,spatial_surface,199.27536231884062,270.1449275362319,-0.32576533682004005,,,,2014-2024
NBA,LogisticRegression,Expected FG,spatial,spatial_surface,206.5217391304348,270.1449275362319,-0.335402775364384,,,,2014-2024
NBA,LogisticRegression,Expected FG,spatial,spatial_surface,213.768115942029,270.1449275362319,-0.345263997673118,,,,2014-2024
NBA,LogisticRegression,Expected FG,spatial,spatial_surface,221.0144927536232,270.1449275362319,-0.3553405343398287,,,,2014-2024
NBA,LogisticRegression,Expected FG,spatial,spatial_surface,228.26086956521738,270.1449275362319,-0.3656241698251549,,,,2014-2024
NBA,LogisticRegression,Expected FG,spatial,spatial_surface,235.50724637681162,270.1449275362319,-0.3761069478263591,,,,2014-2024
NBA,LogisticRegression,Expected FG,spatial,spatial_surface,242.7536231884058,270.1449275362319,-0.38678117446725646,,,,2014-2024
NBA,LogisticRegression,Expected FG,spatial,spatial_surface,250.0,270.1449275362319,-0.397639419571018,,,,2014-2024
NBA,LogisticRegression,Expected FG,spatial,spatial_surface,-250.0,276.95652173913044,-0.42322719071088166,,,,2014-2024
NBA,LogisticRegression,Expected FG,spatial,spatial_surface,-242.7536231884058,276.95652173913044,-0.41223744984744004,,,,2014-2024
NBA,LogisticRegression,Expected FG,spatial,spatial_surface,-235.5072463768116,276.95652173913044,-0.4014256683757641,,,,2014-2024
NBA,LogisticRegression,Expected FG,spatial,spatial_surface,-228.26086956521738,276.95652173913044,-0.3907989568826341,,,,2014-2024
NBA,LogisticRegression,Expected FG,spatial,spatial_surface,-221.0144927536232,276.95652173913044,-0.38036467575839394,,,,2014-2024
NBA,LogisticRegression,Expected FG,spatial,spatial_surface,-213.768115942029,276.95652173913044,-0.37013043413345526,,,,2014-2024
NBA,LogisticRegression,Expected FG,spatial,spatial_surface,-206.52173913043478,276.95652173913044,-0.36010408707622055,,,,2014-2024
NBA,LogisticRegression,Expected FG,spatial,spatial_surface,-199.27536231884056,276.95652173913044,-0.35029373081868465,,,,2014-2024
NBA,LogisticRegression,Expected FG,spatial,spatial_surface,-192.02898550724638,276.95652173913044,-0.3407076957650649,,,,2014-2024
NBA,LogisticRegression,Expected FG,spatial,spatial_surface,-184.7826086956522,276.95652173913044,-0.3313545370310389,,,,2014-2024
NBA,LogisticRegression,Expected FG,spatial,spatial_surface,-177.53623188405797,276.95652173913044,-0.3222430222575565,,,,2014-2024
NBA,LogisticRegression,Expected FG,spatial,spatial_surface,-170.28985507246375,276.95652173913044,-0.3133821164448437,,,,2014-2024
NBA,LogisticRegression,Expected FG,spatial,spatial_surface,-163.04347826086956,276.95652173913044,-0.3047809635602591,,,,2014-2024
NBA,LogisticRegression,Expected FG,spatial,spatial_surface,-155.79710144927537,276.95652173913044,-0.2964488646893977,,,,2014-2024
NBA,LogisticRegression,Expected FG,spatial,spatial_surface,-148.55072463768116,276.95652173913044,-0.2883952525244067,,,,2014-2024
NBA,LogisticRegression,Expected FG,spatial,spatial_surface,-141.30434782608694,276.95652173913044,-0.28062966201811357,,,,2014-2024
NBA,LogisticRegression,Expected FG,spatial,spatial_surface,-134.05797101449275,276.95652173913044,-0.2731616970782149,,,,2014-2024
NBA,LogisticRegression,Expected FG,spatial,spatial_surface,-126.81159420289855,276.95652173913044,-0.26600099323324045,,,,2014-2024
NBA,LogisticRegression,Expected FG,spatial,spatial_surface,-119.56521739130434,276.95652173913044,-0.2591571762716719,,,,2014-2024
NBA,LogisticRegression,Expected FG,spatial,spatial_surface,-112.31884057971013,276.95652173913044,-0.25263981693740867,,,,2014-2024
NBA,LogisticRegression,Expected FG,spatial,spatial_surface,-105.07246376811594,276.95652173913044,-0.24645838185810234,,,,2014-2024
NBA,LogisticRegression,Expected FG,spatial,spatial_surface,-97.82608695652175,276.95652173913044,-0.24062218098631508,,,,2014-2024
NBA,LogisticRegression,Expected FG,spatial,spatial_surface,-90.57971014492753,276.95652173913044,-0.23514031194498117,,,,2014-2024
NBA,LogisticRegression,Expected FG,spatial,spatial_surface,-83.33333333333331,276.95652173913044,-0.230021601785212,,,,2014-2024
NBA,LogisticRegression,Expected FG,spatial,spatial_surface,-76.08695652173913,276.95652173913044,-0.2252745467823765,,,,2014-2024
NBA,LogisticRegression,Expected FG,spatial,spatial_surface,-68.84057971014494,276.95652173913044,-0.22090725101105294,,,,2014-2024
NBA,LogisticRegression,Expected FG,spatial,spatial_surface,-61.59420289855072,276.95652173913044,-0.21692736454575987,,,,2014-2024
NBA,LogisticRegression,Expected FG,spatial,spatial_surface,-54.3478260869565,276.95652173913044,-0.21334202222673618,,,,2014-2024
NBA,LogisticRegression,Expected FG,spatial,spatial_surface,-47.10144927536231,276.95652173913044,-0.21015778400286492,,,,2014-2024
NBA,LogisticRegression,Expected FG,spatial,spatial_surface,-39.855072463768124,276.95652173913044,-0.20738057791164413,,,,2014-2024
NBA,LogisticRegression,Expected FG,spatial,spatial_surface,-32.60869565217391,276.95652173913044,-0.20501564677417836,,,,2014-2024
NBA,LogisticRegression,Expected FG,spatial,spatial_surface,-25.36231884057969,276.95652173913044,-0.20306749966776358,,,,2014-2024
NBA,LogisticRegression,Expected FG,spatial,spatial_surface,-18.1159420289855,276.95652173913044,-0.20153986918746594,,,,2014-2024
NBA,LogisticRegression,Expected FG,spatial,spatial_surface,-10.869565217391312,276.95652173913044,-0.20043567542062393,,,,2014-2024
NBA,LogisticRegression,Expected FG,spatial,spatial_surface,-3.6231884057970944,276.95652173913044,-0.19975699743581396,,,,2014-2024
NBA,LogisticRegression,Expected FG,spatial,spatial_surface,3.623188405797123,276.95652173913044,-0.19950505293389606,,,,2014-2024
NBA,LogisticRegression,Expected FG,spatial,spatial_surface,10.869565217391312,276.95652173913044,-0.19968018652861672,,,,2014-2024
NBA,LogisticRegression,Expected FG,spatial,spatial_surface,18.1159420289855,276.95652173913044,-0.200281866924832,,,,2014-2024
NBA,LogisticRegression,Expected FG,spatial,spatial_surface,25.362318840579746,276.95652173913044,-0.2013086930519011,,,,2014-2024
NBA,LogisticRegression,Expected FG,spatial,spatial_surface,32.608695652173935,276.95652173913044,-0.20275840899712125,,,,2014-2024
NBA,LogisticRegression,Expected FG,spatial,spatial_surface,39.855072463768124,276.95652173913044,-0.2046279273782404,,,,2014-2024
NBA,LogisticRegression,Expected FG,spatial,spatial_surface,47.10144927536231,276.95652173913044,-0.20691336060370194,,,,2014-2024
NBA,LogisticRegression,Expected FG,spatial,spatial_surface,54.3478260869565,276.95652173913044,-0.20961005930184098,,,,2014-2024
NBA,LogisticRegression,Expected FG,spatial,spatial_surface,61.59420289855075,276.95652173913044,-0.21271265706191375,,,,2014-2024
NBA,LogisticRegression,Expected FG,spatial,spatial_surface,68.84057971014494,276.95652173913044,-0.2162151205247915,,,,2014-2024
NBA,LogisticRegression,Expected FG,spatial,spatial_surface,76.08695652173913,276.95652173913044,-0.22011080379172723,,,,2014-2024
NBA,LogisticRegression,Expected FG,spatial,spatial_surface,83.33333333333337,276.95652173913044,-0.22439250608616942,,,,2014-2024
NBA,LogisticRegression,Expected FG,spatial,spatial_surface,90.57971014492756,276.95652173913044,-0.22905253160456077,,,,2014-2024
NBA,LogisticRegression,Expected FG,spatial,spatial_surface,97.82608695652175,276.95652173913044,-0.23408275052449093,,,,2014-2024
NBA,LogisticRegression,Expected FG,spatial,spatial_surface,105.07246376811594,276.95652173913044,-0.23947466019807942,,,,2014-2024
NBA,LogisticRegression,Expected FG,spatial,spatial_surface,112.31884057971013,276.95652173913044,-0.24521944564007783,,,,2014-2024
NBA,LogisticRegression,Expected FG,spatial,spatial_surface,119.56521739130437,276.95652173913044,-0.2513080385182783,,,,2014-2024
NBA,LogisticRegression,Expected FG,spatial,spatial_surface,126.81159420289856,276.95652173913044,-0.25773117396296663,,,,2014-2024
NBA,LogisticRegression,Expected FG,spatial,spatial_surface,134.05797101449275,276.95652173913044,-0.26447944462697903,,,,2014-2024
NBA,LogisticRegression,Expected FG,spatial,spatial_surface,141.304347826087,276.95652173913044,-0.27154335154371834,,,,2014-2024
NBA,LogisticRegression,Expected FG,spatial,spatial_surface,148.55072463768118,276.95652173913044,-0.2789133514431207,,,,2014-2024
NBA,LogisticRegression,Expected FG,spatial,spatial_surface,155.79710144927537,276.95652173913044,-0.28657990029180747,,,,2014-2024
NBA,LogisticRegression,Expected FG,spatial,spatial_surface,163.04347826086956,276.95652173913044,-0.2945334929209438,,,,2014-2024
NBA,LogisticRegression,Expected FG,spatial,spatial_surface,170.28985507246375,276.95652173913044,-0.3027646986920469,,,,2014-2024
NBA,LogisticRegression,Expected FG,spatial,spatial_surface,177.536231884058,276.95652173913044,-0.3112641932260911,,,,2014-2024
NBA,LogisticRegression,Expected FG,spatial,spatial_surface,184.7826086956522,276.95652173913044,-0.32002278628445235,,,,2014-2024
NBA,LogisticRegression,Expected FG,spatial,spatial_surface,192.02898550724638,276.95652173913044,-0.32903144594163847,,,,2014-2024
NBA,LogisticRegression,Expected FG,spatial,spatial_surface,199.27536231884062,276.95652173913044,-0.33828131922998206,,,,2014-2024
NBA,LogisticRegression,Expected FG,spatial,spatial_surface,206.5217391304348,276.95652173913044,-0.3477637494663207,,,,2014-2024
NBA,LogisticRegression,Expected FG,spatial,spatial_surface,213.768115942029,276.95652173913044,-0.3574702904912981,,,,2014-2024
NBA,LogisticRegression,Expected FG,spatial,spatial_surface,221.0144927536232,276.95652173913044,-0.3673927180643355,,,,2014-2024
NBA,LogisticRegression,Expected FG,spatial,spatial_surface,228.26086956521738,276.95652173913044,-0.37752303866284276,,,,2014-2024
NBA,LogisticRegression,Expected FG,spatial,spatial_surface,235.50724637681162,276.95652173913044,-0.387853495933953,,,,2014-2024
NBA,LogisticRegression,Expected FG,spatial,spatial_surface,242.7536231884058,276.95652173913044,-0.39837657504212154,,,,2014-2024
NBA,LogisticRegression,Expected FG,spatial,spatial_surface,250.0,276.95652173913044,-0.40908500514734236,,,,2014-2024
NBA,LogisticRegression,Expected FG,spatial,spatial_surface,-250.0,283.768115942029,-0.43456292992807055,,,,2014-2024
NBA,LogisticRegression,Expected FG,spatial,spatial_surface,-242.7536231884058,283.768115942029,-0.42372133714828664,,,,2014-2024
NBA,LogisticRegression,Expected FG,spatial,spatial_surface,-235.5072463768116,283.768115942029,-0.41305908056965357,,,,2014-2024
NBA,LogisticRegression,Expected FG,spatial,spatial_surface,-228.26086956521738,283.768115942029,-0.4025831238194807,,,,2014-2024
NBA,LogisticRegression,Expected FG,spatial,spatial_surface,-221.0144927536232,283.768115942029,-0.3923006620634164,,,,2014-2024
NBA,LogisticRegression,Expected FG,spatial,spatial_surface,-213.768115942029,283.768115942029,-0.38221911983272294,,,,2014-2024
NBA,LogisticRegression,Expected FG,spatial,spatial_surface,-206.52173913043478,283.768115942029,-0.37234614715503667,,,,2014-2024
NBA,LogisticRegression,Expected FG,spatial,spatial_surface,-199.27536231884056,283.768115942029,-0.36268961377930875,,,,2014-2024
NBA,LogisticRegression,Expected FG,spatial,spatial_surface,-192.02898550724638,283.768115942029,-0.3532576012782952,,,,2014-2024
NBA,LogisticRegression,Expected FG,spatial,spatial_surface,-184.7826086956522,283.768115942029,-0.3440583928078126,,,,2014-2024
NBA,LogisticRegression,Expected FG,spatial,spatial_surface,-177.53623188405797,283.768115942029,-0.33510046030189145,,,,2014-2024
NBA,LogisticRegression,Expected FG,spatial,spatial_surface,-170.28985507246375,283.768115942029,-0.32639244888781593,,,,2014-2024
NBA,LogisticRegression,Expected FG,spatial,spatial_surface,-163.04347826086956,283.768115942029,-0.3179431583158653,,,,2014-2024
NBA,LogisticRegression,Expected FG,spatial,spatial_surface,-155.79710144927537,283.768115942029,-0.3097615212163246,,,,2014-2024
NBA,LogisticRegression,Expected FG,spatial,spatial_surface,-148.55072463768116,283.768115942029,-0.3018565780219812,,,,2014-2024
NBA,LogisticRegression,Expected FG,spatial,spatial_surface,-141.30434782608694,283.768115942029,-0.29423744842873145,,,,2014-2024
NBA,LogisticRegression,Expected FG,spatial,spatial_surface,-134.05797101449275,283.768115942029,-0.28691329931081033,,,,2014-2024
NBA,LogisticRegression,Expected FG,spatial,spatial_surface,-126.81159420289855,283.768115942029,-0.2798933090609729,,,,2014-2024
NBA,LogisticRegression,Expected FG,spatial,spatial_surface,-119.56521739130434,283.768115942029,-0.2731866283898685,,,,2014-2024
NBA,LogisticRegression,Expected FG,spatial,spatial_surface,-112.31884057971013,283.768115942029,-0.2668023376925641,,,,2014-2024
NBA,LogisticRegression,Expected FG,spatial,spatial_surface,-105.07246376811594,283.768115942029,-0.2607494011729339,,,,2014-2024
NBA,LogisticRegression,Expected FG,spatial,spatial_surface,-97.82608695652175,283.768115942029,-0.2550366180070679,,,,2014-2024
NBA,LogisticRegression,Expected FG,spatial,spatial_surface,-90.57971014492753,283.768115942029,-0.24967257092299297,,,,2014-2024
NBA,LogisticRegression,Expected FG,spatial,spatial_surface,-83.33333333333331,283.768115942029,-0.2446655726732113,,,,2014-2024
NBA,LogisticRegression,Expected FG,spatial,spatial_surface,-76.08695652173913,283.768115942029,-0.24002361097552902,,,,2014-2024
NBA,LogisticRegression,Expected FG,spatial,spatial_surface,-68.84057971014494,283.768115942029,-0.23575429259262756,,,,2014-2024
NBA,LogisticRegression,Expected FG,spatial,spatial_surface,-61.59420289855072,283.768115942029,-0.23186478730744073,,,,2014-2024
NBA,LogisticRegression,Expected FG,spatial,spatial_surface,-54.3478260869565,283.768115942029,-0.22836177262522564,,,,2014-2024
NBA,LogisticRegression,Expected FG,spatial,spatial_surface,-47.10144927536231,283.768115942029,-0.2252513800896552,,,,2014-2024
NBA,LogisticRegression,Expected FG,spatial,spatial_surface,-39.855072463768124,283.768115942029,-0.22253914413511713,,,,2014-2024
NBA,LogisticRegression,Expected FG,spatial,spatial_surface,-32.60869565217391,283.768115942029,-0.22022995440696716,,,,2014-2024
NBA,LogisticRegression,Expected FG,spatial,spatial_surface,-25.36231884057969,283.768115942029,-0.21832801246300484,,,,2014-2024
NBA,LogisticRegression,Expected FG,spatial,spatial_surface,-18.1159420289855,283.768115942029,-0.2168367937213103,,,,2014-2024
NBA,LogisticRegression,Expected FG,spatial,spatial_surface,-10.869565217391312,283.768115942029,-0.21575901544159795,,,,2014-2024
NBA,LogisticRegression,Expected FG,spatial,spatial_surface,-3.6231884057970944,283.768115942029,-0.21509661142073613,,,,2014-2024
NBA,LogisticRegression,Expected FG,spatial,spatial_surface,3.623188405797123,283.768115942029,-0.21485071395098707,,,,2014-2024
NBA,LogisticRegression,Expected FG,spatial,spatial_surface,10.869565217391312,283.768115942029,-0.21502164343620087,,,,2014-2024
NBA,LogisticRegression,Expected FG,spatial,spatial_surface,18.1159420289855,283.768115942029,-0.21560890589232543,,,,2014-2024
NBA,LogisticRegression,Expected FG,spatial,spatial_surface,25.362318840579746,283.768115942029,-0.21661119838082513,,,,2014-2024
NBA,LogisticRegression,Expected FG,spatial,spatial_surface,32.608695652173935,283.768115942029,-0.21802642224402316,,,,2014-2024
NBA,LogisticRegression,Expected FG,spatial,spatial_surface,39.855072463768124,283.768115942029,-0.21985170383739097,,,,2014-2024
NBA,LogisticRegression,Expected FG,spatial,spatial_surface,47.10144927536231,283.768115942029,-0.2220834222921951,,,,2014-2024
NBA,LogisticRegression,Expected FG,spatial,spatial_surface,54.3478260869565,283.768115942029,-0.22471724369889443,,,,2014-2024
NBA,LogisticRegression,Expected FG,spatial,spatial_surface,61.59420289855075,283.768115942029,-0.2277481609822158,,,,2014-2024
NBA,LogisticRegression,Expected FG,spatial,spatial_surface,68.84057971014494,283.768115942029,-0.23117053864650353,,,,2014-2024
NBA,LogisticRegression,Expected FG,spatial,spatial_surface,76.08695652173913,283.768115942029,-0.23497816150680115,,,,2014-2024
NBA,LogisticRegression,Expected FG,spatial,spatial_surface,83.33333333333337,283.768115942029,-0.23916428648770346,,,,2014-2024
NBA,LogisticRegression,Expected FG,spatial,spatial_surface,90.57971014492756,283.768115942029,-0.24372169656729423,,,,2014-2024
NBA,LogisticRegression,Expected FG,spatial,spatial_surface,97.82608695652175,283.768115942029,-0.24864275596528615,,,,2014-2024
NBA,LogisticRegression,Expected FG,spatial,spatial_surface,105.07246376811594,283.768115942029,-0.25391946571951907,,,,2014-2024
NBA,LogisticRegression,Expected FG,spatial,spatial_surface,112.31884057971013,283.768115942029,-0.25954351885931004,,,,2014-2024
NBA,LogisticRegression,Expected FG,spatial,spatial_surface,119.56521739130437,283.768115942029,-0.2655063544633959,,,,2014-2024
NBA,LogisticRegression,Expected FG,spatial,spatial_surface,126.81159420289856,283.768115942029,-0.2717992099799117,,,,2014-2024
NBA,LogisticRegression,Expected FG,spatial,spatial_surface,134.05797101449275,283.768115942029,-0.27841317128162946,,,,2014-2024
NBA,LogisticRegression,Expected FG,spatial,spatial_surface,141.304347826087,283.768115942029,-0.28533922002756973,,,,2014-2024
NBA,LogisticRegression,Expected FG,spatial,spatial_surface,148.55072463768118,283.768115942029,-0.2925682779985941,,,,2014-2024
NBA,LogisticRegression,Expected FG,spatial,spatial_surface,155.79710144927537,283.768115942029,-0.3000912481667868,,,,2014-2024
NBA,LogisticRegression,Expected FG,spatial,spatial_surface,163.04347826086956,283.768115942029,-0.3078990523440619,,,,2014-2024
NBA,LogisticRegression,Expected FG,spatial,spatial_surface,170.28985507246375,283.768115942029,-0.3159826653328839,,,,2014-2024
NBA,LogisticRegression,Expected FG,spatial,spatial_surface,177.536231884058,283.768115942029,-0.32433314557017656,,,,2014-2024
NBA,LogisticRegression,Expected FG,spatial,spatial_surface,184.7826086956522,283.768115942029,-0.3329416623139616,,,,2014-2024
NBA,LogisticRegression,Expected FG,spatial,spatial_surface,192.02898550724638,283.768115942029,-0.34179951947088627,,,,2014-2024
NBA,LogisticRegression,Expected FG,spatial,spatial_surface,199.27536231884062,283.768115942029,-0.35089817620191865,,,,2014-2024
NBA,LogisticRegression,Expected FG,spatial,spatial_surface,206.5217391304348,283.768115942029,-0.3602292644736571,,,,2014-2024
NBA,LogisticRegression,Expected FG,spatial,spatial_surface,213.768115942029,283.768115942029,-0.3697846037446655,,,,2014-2024
NBA,LogisticRegression,Expected FG,spatial,spatial_surface,221.0144927536232,283.768115942029,-0.3795562129909549,,,,2014-2024
NBA,LogisticRegression,Expected FG,spatial,spatial_surface,228.26086956521738,283.768115942029,-0.38953632028304186,,,,2014-2024
NBA,LogisticRegression,Expected FG,spatial,spatial_surface,235.50724637681162,283.768115942029,-0.3997173701299733,,,,2014-2024
NBA,LogisticRegression,Expected FG,spatial,spatial_surface,242.7536231884058,283.768115942029,-0.41009202880417894,,,,2014-2024
NBA,LogisticRegression,Expected FG,spatial,spatial_surface,250.0,283.768115942029,-0.42065318785590433,,,,2014-2024
NBA,LogisticRegression,Expected FG,spatial,spatial_surface,-250.0,290.57971014492756,-0.4460225536355331,,,,2014-2024
NBA,LogisticRegression,Expected FG,spatial,spatial_surface,-242.7536231884058,290.57971014492756,-0.43532667767843036,,,,2014-2024
NBA,LogisticRegression,Expected FG,spatial,spatial_surface,-235.5072463768116,290.57971014492756,-0.4248113376157596,,,,2014-2024
NBA,LogisticRegression,Expected FG,spatial,spatial_surface,-228.26086956521738,290.57971014492756,-0.4144833469418071,,,,2014-2024
NBA,LogisticRegression,Expected FG,spatial,spatial_surface,-221.0144927536232,290.57971014492756,-0.40434973331226054,,,,2014-2024
NBA,LogisticRegression,Expected FG,spatial,spatial_surface,-213.768115942029,290.57971014492756,-0.3944177354148902,,,,2014-2024
NBA,LogisticRegression,Expected FG,spatial,spatial_surface,-206.52173913043478,290.57971014492756,-0.384694798195814,,,,2014-2024
NBA,LogisticRegression,Expected FG,spatial,spatial_surface,-199.27536231884056,290.57971014492756,-0.37518856625492847,,,,2014-2024
NBA,LogisticRegression,Expected FG,spatial,spatial_surface,-192.02898550724638,290.57971014492756,-0.3659068752197556,,,,2014-2024
NBA,LogisticRegression,Expected FG,spatial,spatial_surface,-184.7826086956522,290.57971014492756,-0.35685774090574773,,,,2014-2024
NBA,LogisticRegression,Expected FG,spatial,spatial_surface,-177.53623188405797,290.57971014492756,-0.34804934607375493,,,,2014-2024
NBA,LogisticRegression,Expected FG,spatial,spatial_surface,-170.28985507246375,290.57971014492756,-0.33949002460265665,,,,2014-2024
NBA,LogisticRegression,Expected FG,spatial,spatial_surface,-163.04347826086956,290.57971014492756,-0.3311882429079037,,,,2014-2024
NBA,LogisticRegression,Expected FG,spatial,spatial_surface,-155.79710144927537,290.57971014492756,-0.32315257845569056,,,,2014-2024
NBA,LogisticRegression,Expected FG,spatial,spatial_surface,-148.55072463768116,290.57971014492756,-0.31539169524841415,,,,2014-2024
NBA,LogisticRegression,Expected FG,spatial,spatial_surface,-141.30434782608694,290.57971014492756,-0.3079143161906224,,,,2014-2024
NBA,LogisticRegression,Expected FG,spatial,spatial_surface,-134.05797101449275,290.57971014492756,-0.3007291922862705,,,,2014-2024
NBA,LogisticRegression,Expected FG,spatial,spatial_surface,-126.81159420289855,290.57971014492756,-0.2938450686680488,,,,2014-2024
NBA,LogisticRegression,Expected FG,spatial,spatial_surface,-119.56521739130434,290.57971014492756,-0.2872706475177649,,,,2014-2024
NBA,LogisticRegression,Expected FG,spatial,spatial_surface,-112.31884057971013,290.57971014492756,-0.28101454800286574,,,,2014-2024
NBA,LogisticRegression,Expected FG,spatial,spatial_surface,-105.07246376811594,290.57971014492756,-0.27508526342731854,,,,2014-2024
NBA,LogisticRegression,Expected FG,spatial,spatial_surface,-97.82608695652175,290.57971014492756,-0.26949111587392327,,,,2014-2024
NBA,LogisticRegression,Expected FG,spatial,spatial_surface,-90.57971014492753,290.57971014492756,-0.2642402086979032,,,,2014-2024
NBA,LogisticRegression,Expected FG,spatial,spatial_surface,-83.33333333333331,290.57971014492756,-0.2593403773159484,,,,2014-2024
NBA,LogisticRegression,Expected FG,spatial,spatial_surface,-76.08695652173913,290.57971014492756,-0.25479913881796956,,,,2014-2024
NBA,LogisticRegression,Expected FG,spatial,spatial_surface,-68.84057971014494,290.57971014492756,-0.25062364100741974,,,,2014-2024
NBA,LogisticRegression,Expected FG,spatial,spatial_surface,-61.59420289855072,290.57971014492756,-0.2468206115466192,,,,2014-2024
NBA,LogisticRegression,Expected FG,spatial,spatial_surface,-54.3478260869565,290.57971014492756,-0.24339630794240366,,,,2014-2024
NBA,LogisticRegression,Expected FG,spatial,spatial_surface,-47.10144927536231,290.57971014492756,-0.24035646915098305,,,,2014-2024
NBA,LogisticRegression,Expected FG,spatial,spatial_surface,-39.855072463768124,290.57971014492756,-0.2377062696058094,,,,2014-2024
NBA,LogisticRegression,Expected FG,spatial,spatial_surface,-32.60869565217391,290.57971014492756,-0.23545027647566544,,,,2014-2024
NBA,LogisticRegression,Expected FG,spatial,spatial_surface,-25.36231884057969,290.57971014492756,-0.23359241094006047,,,,2014-2024
NBA,LogisticRegression,Expected FG,spatial,spatial_surface,-18.1159420289855,290.57971014492756,-0.2321359142242264,,,,2014-2024
NBA,LogisticRegression,Expected FG,spatial,spatial_surface,-10.869565217391312,290.57971014492756,-0.23108331906658772,,,,2014-2024
NBA,LogisticRegression,Expected FG,spatial,spatial_surface,-3.6231884057970944,290.57971014492756,-0.23043642719877774,,,,2014-2024
NBA,LogisticRegression,Expected FG,spatial,spatial_surface,3.623188405797123,290.57971014492756,-0.2301962933045851,,,,2014-2024
NBA,LogisticRegression,Expected FG,spatial,spatial_surface,10.869565217391312,290.57971014492756,-0.23036321579328548,,,,2014-2024
NBA,LogisticRegression,Expected FG,spatial,spatial_surface,18.1159420289855,290.57971014492756,-0.2309367345792744,,,,2014-2024
NBA,LogisticRegression,Expected FG,spatial,spatial_surface,25.362318840579746,290.57971014492756,-0.23191563590918127,,,,2014-2024
NBA,LogisticRegression,Expected FG,spatial,spatial_surface,32.608695652173935,290.57971014492756,-0.23329796412543932,,,,2014-2024
NBA,LogisticRegression,Expected FG,spatial,spatial_surface,39.855072463768124,290.57971014492756,-0.2350810401076109,,,,2014-2024
NBA,LogisticRegression,Expected FG,spatial,spatial_surface,47.10144927536231,290.57971014492756,-0.2372614859951029,,,,2014-2024
NBA,LogisticRegression,Expected FG,spatial,spatial_surface,54.3478260869565,290.57971014492756,-0.23983525567236072,,,,2014-2024
NBA,LogisticRegression,Expected FG,spatial,spatial_surface,61.59420289855075,290.57971014492756,-0.24279767039422998,,,,2014-2024
NBA,LogisticRegression,Expected FG,spatial,spatial_surface,68.84057971014494,290.57971014492756,-0.24614345884799785,,,,2014-2024
NBA,LogisticRegression,Expected FG,spatial,spatial_surface,76.08695652173913,290.57971014492756,-0.24986680089147426,,,,2014-2024
NBA,LogisticRegression,Expected FG,spatial,spatial_surface,83.33333333333337,290.57971014492756,-0.25396137417390197,,,,2014-2024
NBA,LogisticRegression,Expected FG,spatial,spatial_surface,90.57971014492756,290.57971014492756,-0.2584204028379441,,,,2014-2024
NBA,LogisticRegression,Expected FG,spatial,spatial_surface,97.82608695652175,290.57971014492756,-0.2632367075148463,,,,2014-2024
NBA,LogisticRegression,Expected FG,spatial,spatial_surface,105.07246376811594,290.57971014492756,-0.2684027558586298,,,,2014-2024
NBA,LogisticRegression,Expected FG,spatial,spatial_surface,112.31884057971013,290.57971014492756,-0.2739107129157695,,,,2014-2024
NBA,LogisticRegression,Expected FG,spatial,spatial_surface,119.56521739130437,290.57971014492756,-0.2797524906907709,,,,2014-2024
NBA,LogisticRegression,Expected FG,spatial,spatial_surface,126.81159420289856,290.57971014492756,-0.2859197963417608,,,,2014-2024
NBA,LogisticRegression,Expected FG,spatial,spatial_surface,134.05797101449275,290.57971014492756,-0.2924041785200623,,,,2014-2024
NBA,LogisticRegression,Expected FG,spatial,spatial_surface,141.304347826087,290.57971014492756,-0.29919707145044727,,,,2014-2024
NBA,LogisticRegression,Expected FG,spatial,spatial_surface,148.55072463768118,290.57971014492756,-0.3062898364312795,,,,2014-2024
NBA,LogisticRegression,Expected FG,spatial,spatial_surface,155.79710144927537,290.57971014492756,-0.31367380051366744,,,,2014-2024
NBA,LogisticRegression,Expected FG,spatial,spatial_surface,163.04347826086956,290.57971014492756,-0.3213402921938623,,,,2014-2024
NBA,LogisticRegression,Expected FG,spatial,spatial_surface,170.28985507246375,290.57971014492756,-0.32928067402203864,,,,2014-2024
NBA,LogisticRegression,Expected FG,spatial,spatial_surface,177.536231884058,290.57971014492756,-0.33748637209217436,,,,2014-2024
NBA,LogisticRegression,Expected FG,spatial,spatial_surface,184.7826086956522,290.57971014492756,-0.34594890243139265,,,,2014-2024
NBA,LogisticRegression,Expected FG,spatial,spatial_surface,192.02898550724638,290.57971014492756,-0.35465989435266176,,,,2014-2024
NBA,LogisticRegression,Expected FG,spatial,spatial_surface,199.27536231884062,290.57971014492756,-0.3636111108722049,,,,2014-2024
NBA,LogisticRegression,Expected FG,spatial,spatial_surface,206.5217391304348,290.57971014492756,-0.37279446632275726,,,,2014-2024
NBA,LogisticRegression,Expected FG,spatial,spatial_surface,213.768115942029,290.57971014492756,-0.38220204131642377,,,,2014-2024
NBA,LogisticRegression,Expected FG,spatial,spatial_surface,221.0144927536232,290.57971014492756,-0.3918260952270306,,,,2014-2024
NBA,LogisticRegression,Expected FG,spatial,spatial_surface,228.26086956521738,290.57971014492756,-0.4016590763722381,,,,2014-2024
NBA,LogisticRegression,Expected FG,spatial,spatial_surface,235.50724637681162,290.57971014492756,-0.41169363008109683,,,,2014-2024
NBA,LogisticRegression,Expected FG,spatial,spatial_surface,242.7536231884058,290.57971014492756,-0.4219226048339366,,,,2014-2024
NBA,LogisticRegression,Expected FG,spatial,spatial_surface,250.0,290.57971014492756,-0.43233905665920047,,,,2014-2024
NBA,LogisticRegression,Expected FG,spatial,spatial_surface,-250.0,297.39130434782606,-0.4576011779218152,,,,2014-2024
NBA,LogisticRegression,Expected FG,spatial,spatial_surface,-242.7536231884058,297.39130434782606,-0.4470485643492791,,,,2014-2024
NBA,LogisticRegression,Expected FG,spatial,spatial_surface,-235.5072463768116,297.39130434782606,-0.43667751908359953,,,,2014-2024
NBA,LogisticRegression,Expected FG,spatial,spatial_surface,-228.26086956521738,297.39130434782606,-0.42649470322489147,,,,2014-2024
NBA,LogisticRegression,Expected FG,spatial,spatial_surface,-221.0144927536232,297.39130434782606,-0.4165069755501214,,,,2014-2024
NBA,LogisticRegression,Expected FG,spatial,spatial_surface,-213.768115942029,297.39130434782606,-0.40672138856622586,,,,2014-2024
NBA,LogisticRegression,Expected FG,spatial,spatial_surface,-206.52173913043478,297.39130434782606,-0.39714518297847323,,,,2014-2024
NBA,LogisticRegression,Expected FG,spatial,spatial_surface,-199.27536231884056,297.39130434782606,-0.38778578040890166,,,,2014-2024
NBA,LogisticRegression,Expected FG,spatial,spatial_surface,-192.02898550724638,297.39130434782606,-0.378650774197819,,,,2014-2024
NBA,LogisticRegression,Expected FG,spatial,spatial_surface,-184.7826086956522,297.39130434782606,-0.36974791812245966,,,,2014-2024
NBA,LogisticRegression,Expected FG,spatial,spatial_surface,-177.53623188405797,297.39130434782606,-0.36108511287169753,,,,2014-2024
NBA,LogisticRegression,Expected FG,spatial,spatial_surface,-170.28985507246375,297.39130434782606,-0.3526703901247614,,,,2014-2024
NBA,LogisticRegression,Expected FG,spatial,spatial_surface,-163.04347826086956,297.39130434782606,-0.3445118940959012,,,,2014-2024
NBA,LogisticRegression,Expected FG,spatial,spatial_surface,-155.79710144927537,297.39130434782606,-0.3366178604265112,,,,2014-2024
NBA,LogisticRegression,Expected FG,spatial,spatial_surface,-148.55072463768116,297.39130434782606,-0.32899659233185163,,,,2014-2024
NBA,LogisticRegression,Expected FG,spatial,spatial_surface,-141.30434782608694,297.39130434782606,-0.32165643394174626,,,,2014-2024
NBA,LogisticRegression,Expected FG,spatial,spatial_surface,-134.05797101449275,297.39130434782606,-0.31460574081366555,,,,2014-2024
NBA,LogisticRegression,Expected FG,spatial,spatial_surface,-126.81159420289855,297.39130434782606,-0.30785284764261556,,,,2014-2024
NBA,LogisticRegression,Expected FG,spatial,spatial_surface,-119.56521739130434,297.39130434782606,-0.3014060332450056,,,,2014-2024
NBA,LogisticRegression,Expected FG,spatial,spatial_surface,-112.31884057971013,297.39130434782606,-0.2952734829526691,,,,2014-2024
NBA,LogisticRegression,Expected FG,spatial,spatial_surface,-105.07246376811594,297.39130434782606,-0.28946324861768136,,,,2014-2024
NBA,LogisticRegression,Expected FG,spatial,spatial_surface,-97.82608695652175,297.39130434782606,-0.28398320649722386,,,,2014-2024
NBA,LogisticRegression,Expected FG,spatial,spatial_surface,-90.57971014492753,297.39130434782606,-0.27884101335891587,,,,2014-2024
NBA,LogisticRegression,Expected FG,spatial,spatial_surface,-83.33333333333331,297.39130434782606,-0.27404406121866864,,,,2014-2024
NBA,LogisticRegression,Expected FG,spatial,spatial_surface,-76.08695652173913,297.39130434782606,-0.26959943119281893,,,,2014-2024
NBA,LogisticRegression,Expected FG,spatial,spatial_surface,-68.84057971014494,297.39130434782606,-0.2655138470113476,,,,2014-2024
NBA,LogisticRegression,Expected FG,spatial,spatial_surface,-61.59420289855072,297.39130434782606,-0.26179362879645685,,,,2014-2024
NBA,LogisticRegression,Expected FG,spatial,spatial_surface,-54.3478260869565,297.39130434782606,-0.2584446477576513,,,,2014-2024
NBA,LogisticRegression,Expected FG,spatial,spatial_surface,-47.10144927536231,297.39130434782606,-0.25547228248792,,,,2014-2024
NBA,LogisticRegression,Expected FG,spatial,spatial_surface,-39.855072463768124,297.39130434782606,-0.25288137756289364,,,,2014-2024
NBA,LogisticRegression,Expected FG,spatial,spatial_surface,-32.60869565217391,297.39130434782606,-0.2506762051439083,,,,2014-2024
NBA,LogisticRegression,Expected FG,spatial,spatial_surface,-25.36231884057969,297.39130434782606,-0.24886043026510182,,,,2014-2024
NBA,LogisticRegression,Expected FG,spatial,spatial_surface,-18.1159420289855,297.39130434782606,-0.2474370804433413,,,,2014-2024
NBA,LogisticRegression,Expected FG,spatial,spatial_surface,-10.869565217391312,297.39130434782606,-0.24640852018800177,,,,2014-2024
NBA,LogisticRegression,Expected FG,spatial,spatial_surface,-3.6231884057970944,297.39130434782606,-0.2457764309066692,,,,2014-2024
NBA,LogisticRegression,Expected FG,spatial,spatial_surface,3.623188405797123,297.39130434782606,-0.24554179660470862,,,,2014-2024
NBA,LogisticRegression,Expected FG,spatial,spatial_surface,10.869565217391312,297.39130434782606,-0.24570489566447454,,,,2014-2024
NBA,LogisticRegression,Expected FG,spatial,spatial_surface,18.1159420289855,297.39130434782606,-0.2462652988674994,,,,2014-2024
NBA,LogisticRegression,Expected FG,spatial,spatial_surface,25.362318840579746,297.39130434782606,-0.24722187369467044,,,,2014-2024
NBA,LogisticRegression,Expected FG,spatial,spatial_surface,32.608695652173935,297.39130434782606,-0.24857279480995906,,,,2014-2024
NBA,LogisticRegression,Expected FG,spatial,spatial_surface,39.855072463768124,297.39130434782606,-0.2503155605074052,,,,2014-2024
NBA,LogisticRegression,Expected FG,spatial,spatial_surface,47.10144927536231,297.39130434782606,-0.2524470147834391,,,,2014-2024
NBA,LogisticRegression,Expected FG,spatial,spatial_surface,54.3478260869565,297.39130434782606,-0.2549633745912552,,,,2014-2024
NBA,LogisticRegression,Expected FG,spatial,spatial_surface,61.59420289855075,297.39130434782606,-0.2578602617442979,,,,2014-2024
NBA,LogisticRegression,Expected FG,spatial,spatial_surface,68.84057971014494,297.39130434782606,-0.2611327388645014,,,,2014-2024
NBA,LogisticRegression,Expected FG,spatial,spatial_surface,76.08695652173913,297.39130434782606,-0.26477534871932284,,,,2014-2024
NBA,LogisticRegression,Expected FG,spatial,spatial_surface,83.33333333333337,297.39130434782606,-0.26878215626048163,,,,2014-2024
NBA,LogisticRegression,Expected FG,spatial,spatial_surface,90.57971014492756,297.39130434782606,-0.2731467926662856,,,,2014-2024
NBA,LogisticRegression,Expected FG,spatial,spatial_surface,97.82608695652175,297.39130434782606,-0.27786250069735363,,,,2014-2024
NBA,LogisticRegression,Expected FG,spatial,spatial_surface,105.07246376811594,297.39130434782606,-0.2829221807005443,,,,2014-2024
NBA,LogisticRegression,Expected FG,spatial,spatial_surface,112.31884057971013,297.39130434782606,-0.2883184366355499,,,,2014-2024
NBA,LogisticRegression,Expected FG,spatial,spatial_surface,119.56521739130437,297.39130434782606,-0.2940436215501754,,,,2014-2024
NBA,LogisticRegression,Expected FG,spatial,spatial_surface,126.81159420289856,297.39130434782606,-0.3000898819908616,,,,2014-2024
NBA,LogisticRegression,Expected FG,spatial,spatial_surface,134.05797101449275,297.39130434782606,-0.3064492009015676,,,,2014-2024
NBA,LogisticRegression,Expected FG,spatial,spatial_surface,141.304347826087,297.39130434782606,-0.3131134386339862,,,,2014-2024
NBA,LogisticRegression,Expected FG,spatial,spatial_surface,148.55072463768118,297.39130434782606,-0.32007437176259623,,,,2014-2024
NBA,LogisticRegression,Expected FG,spatial,spatial_surface,155.79710144927537,297.39130434782606,-0.3273237294671538,,,,2014-2024
NBA,LogisticRegression,Expected FG,spatial,spatial_surface,163.04347826086956,297.39130434782606,-0.3348532273110115,,,,2014-2024
NBA,LogisticRegression,Expected FG,spatial,spatial_surface,170.28985507246375,297.39130434782606,-0.3426545983047157,,,,2014-2024
NBA,LogisticRegression,Expected FG,spatial,spatial_surface,177.536231884058,297.39130434782606,-0.350719621199696,,,,2014-2024
NBA,LogisticRegression,Expected FG,spatial,spatial_surface,184.7826086956522,297.39130434782606,-0.35904014600579803,,,,2014-2024
NBA,LogisticRegression,Expected FG,spatial,spatial_surface,192.02898550724638,297.39130434782606,-0.3676081167686597,,,,2014-2024
NBA,LogisticRegression,Expected FG,spatial,spatial_surface,199.27536231884062,297.39130434782606,-0.3764155916784008,,,,2014-2024
NBA,LogisticRegression,Expected FG,spatial,spatial_surface,206.5217391304348,297.39130434782606,-0.3854547606099926,,,,2014-2024
NBA,LogisticRegression,Expected FG,spatial,spatial_surface,213.768115942029,297.39130434782606,-0.3947179602183679,,,,2014-2024
NBA,LogisticRegression,Expected FG,spatial,spatial_surface,221.0144927536232,297.39130434782606,-0.4041976867282624,,,,2014-2024
NBA,LogisticRegression,Expected FG,spatial,spatial_surface,228.26086956521738,297.39130434782606,-0.41388660657058707,,,,2014-2024
NBA,LogisticRegression,Expected FG,spatial,spatial_surface,235.50724637681162,297.39130434782606,-0.4237775650243647,,,,2014-2024
NBA,LogisticRegression,Expected FG,spatial,spatial_surface,242.7536231884058,297.39130434782606,-0.43386359302660293,,,,2014-2024
NBA,LogisticRegression,Expected FG,spatial,spatial_surface,250.0,297.39130434782606,-0.4441379123125173,,,,2014-2024
NBA,LogisticRegression,Expected FG,spatial,spatial_surface,-250.0,304.2028985507246,-0.46929412636371115,,,,2014-2024
NBA,LogisticRegression,Expected FG,spatial,spatial_surface,-242.7536231884058,304.2028985507246,-0.45888230642576755,,,,2014-2024
NBA,LogisticRegression,Expected FG,spatial,spatial_surface,-235.5072463768116,304.2028985507246,-0.4486529295289202,,,,2014-2024
NBA,LogisticRegression,Expected FG,spatial,spatial_surface,-228.26086956521738,304.2028985507246,-0.43861250293263687,,,,2014-2024
NBA,LogisticRegression,Expected FG,spatial,spatial_surface,-221.0144927536232,304.2028985507246,-0.42876771597580754,,,,2014-2024
NBA,LogisticRegression,Expected FG,spatial,spatial_surface,-213.768115942029,304.2028985507246,-0.41912543543822445,,,,2014-2024
NBA,LogisticRegression,Expected FG,spatial,spatial_surface,-206.52173913043478,304.2028985507246,-0.4096926993824238,,,,2014-2024
NBA,LogisticRegression,Expected FG,spatial,spatial_surface,-199.27536231884056,304.2028985507246,-0.400476709330313,,,,2014-2024
NBA,LogisticRegression,Expected FG,spatial,spatial_surface,-192.02898550724638,304.2028985507246,-0.3914848206291647,,,,2014-2024
NBA,LogisticRegression,Expected FG,spatial,spatial_surface,-184.7826086956522,304.2028985507246,-0.38272453086449376,,,,2014-2024
NBA,LogisticRegression,Expected FG,spatial,spatial_surface,-177.53623188405797,304.2028985507246,-0.3742034661837219,,,,2014-2024
NBA,LogisticRegression,Expected FG,spatial,spatial_surface,-170.28985507246375,304.2028985507246,-0.36592936540481746,,,,2014-2024
NBA,LogisticRegression,Expected FG,spatial,spatial_surface,-163.04347826086956,304.2028985507246,-0.3579100617988019,,,,2014-2024
NBA,LogisticRegression,Expected FG,spatial,spatial_surface,-155.79710144927537,304.2028985507246,-0.35015346245465595,,,,2014-2024
NBA,LogisticRegression,Expected FG,spatial,spatial_surface,-148.55072463768116,304.2028985507246,-0.3426675251601029,,,,2014-2024
NBA,LogisticRegression,Expected FG,spatial,spatial_surface,-141.30434782608694,304.2028985507246,-0.33546023276232284,,,,2014-2024
NBA,LogisticRegression,Expected FG,spatial,spatial_surface,-134.05797101449275,304.2028985507246,-0.32853956500898573,,,,2014-2024
NBA,LogisticRegression,Expected FG,spatial,spatial_surface,-126.81159420289855,304.2028985507246,-0.32191346791210573,,,,2014-2024
NBA,LogisticRegression,Expected FG,spatial,spatial_surface,-119.56521739130434,304.2028985507246,-0.31558982072477315,,,,2014-2024
NBA,LogisticRegression,Expected FG,spatial,spatial_surface,-112.31884057971013,304.2028985507246,-0.309576400673357,,,,2014-2024
NBA,LogisticRegression,Expected FG,spatial,spatial_surface,-105.07246376811594,304.2028985507246,-0.30388084564442064,,,,2014-2024
NBA,LogisticRegression,Expected FG,spatial,spatial_surface,-97.82608695652175,304.2028985507246,-0.29851061508521914,,,,2014-2024
NBA,LogisticRegression,Expected FG,spatial,spatial_surface,-90.57971014492753,304.2028985507246,-0.29347294943775715,,,,2014-2024
NBA,LogisticRegression,Expected FG,spatial,spatial_surface,-83.33333333333331,304.2028985507246,-0.2887748284872166,,,,2014-2024
NBA,LogisticRegression,Expected FG,spatial,spatial_surface,-76.08695652173913,304.2028985507246,-0.28442292906402133,,,,2014-2024
NBA,LogisticRegression,Expected FG,spatial,spatial_surface,-68.84057971014494,304.2028985507246,-0.28042358259261324,,,,2014-2024
NBA,LogisticRegression,Expected FG,spatial,spatial_surface,-61.59420289855072,304.2028985507246,-0.2767827330267816,,,,2014-2024
NBA,LogisticRegression,Expected FG,spatial,spatial_surface,-54.3478260869565,304.2028985507246,-0.2735058957486026,,,,2014-2024
NBA,LogisticRegression,Expected FG,spatial,spatial_surface,-47.10144927536231,304.2028985507246,-0.27059811803351697,,,,2014-2024
NBA,LogisticRegression,Expected FG,spatial,spatial_surface,-39.855072463768124,304.2028985507246,-0.268063941695568,,,,2014-2024
NBA,LogisticRegression,Expected FG,spatial,spatial_surface,-32.60869565217391,304.2028985507246,-0.26590736852280095,,,,2014-2024
NBA,LogisticRegression,Expected FG,spatial,spatial_surface,-25.36231884057969,304.2028985507246,-0.26413182909205535,,,,2014-2024
NBA,LogisticRegression,Expected FG,spatial,spatial_surface,-18.1159420289855,304.2028985507246,-0.26274015551444785,,,,2014-2024
NBA,LogisticRegression,Expected FG,spatial,spatial_surface,-10.869565217391312,304.2028985507246,-0.2617345586079317,,,,2014-2024
NBA,LogisticRegression,Expected FG,spatial,spatial_surface,-3.6231884057970944,304.2028985507246,-0.2611166099225404,,,,2014-2024
NBA,LogisticRegression,Expected FG,spatial,spatial_surface,3.623188405797123,304.2028985507246,-0.26088722895905225,,,,2014-2024
NBA,LogisticRegression,Expected FG,spatial,spatial_surface,10.869565217391312,304.2028985507246,-0.261046675825383,,,,2014-2024
NBA,LogisticRegression,Expected FG,spatial,spatial_surface,18.1159420289855,304.2028985507246,-0.2615945494702162,,,,2014-2024
NBA,LogisticRegression,Expected FG,spatial,spatial_surface,25.362318840579746,304.2028985507246,-0.2625297915237742,,,,2014-2024
NBA,LogisticRegression,Expected FG,spatial,spatial_surface,32.608695652173935,304.2028985507246,-0.26385069566507013,,,,2014-2024
NBA,LogisticRegression,Expected FG,spatial,spatial_surface,39.855072463768124,304.2028985507246,-0.26555492232741074,,,,2014-2024
NBA,LogisticRegression,Expected FG,spatial,spatial_surface,47.10144927536231,304.2028985507246,-0.2676395184530258,,,,2014-2024
NBA,LogisticRegression,Expected FG,spatial,spatial_surface,54.3478260869565,304.2028985507246,-0.27010094191688505,,,,2014-2024
NBA,LogisticRegression,Expected FG,spatial,spatial_surface,61.59420289855075,304.2028985507246,-0.2729350901618274,,,,2014-2024
NBA,LogisticRegression,Expected FG,spatial,spatial_surface,68.84057971014494,304.2028985507246,-0.27613733252424877,,,,2014-2024
NBA,LogisticRegression,Expected FG,spatial,spatial_surface,76.08695652173913,304.2028985507246,-0.27970254568313,,,,2014-2024
NBA,LogisticRegression,Expected FG,spatial,spatial_surface,83.33333333333337,304.2028985507246,-0.28362515163578295,,,,2014-2024
NBA,LogisticRegression,Expected FG,spatial,spatial_surface,90.57971014492756,304.2028985507246,-0.28789915759118767,,,,2014-2024
NBA,LogisticRegression,Expected FG,spatial,spatial_surface,97.82608695652175,304.2028985507246,-0.292518197175344,,,,2014-2024
NBA,LogisticRegression,Expected FG,spatial,spatial_surface,105.07246376811594,304.2028985507246,-0.2974755723612531,,,,2014-2024
NBA,LogisticRegression,Expected FG,spatial,spatial_surface,112.31884057971013,304.2028985507246,-0.3027642955670833,,,,2014-2024
NBA,LogisticRegression,Expected FG,spatial,spatial_surface,119.56521739130437,304.2028985507246,-0.30837713140758316,,,,2014-2024
NBA,LogisticRegression,Expected FG,spatial,spatial_surface,126.81159420289856,304.2028985507246,-0.31430663763349487,,,,2014-2024
NBA,LogisticRegression,Expected FG,spatial,spatial_surface,134.05797101449275,304.2028985507246,-0.3205452048492011,,,,2014-2024
NBA,LogisticRegression,Expected FG,spatial,spatial_surface,141.304347826087,304.2028985507246,-0.32708509465777313,,,,2014-2024
NBA,LogisticRegression,Expected FG,spatial,spatial_surface,148.55072463768118,304.2028985507246,-0.3339184759428715,,,,2014-2024
NBA,LogisticRegression,Expected FG,spatial,spatial_surface,155.79710144927537,304.2028985507246,-0.34103745905659655,,,,2014-2024
NBA,LogisticRegression,Expected FG,spatial,spatial_surface,163.04347826086956,304.2028985507246,-0.34843412773988336,,,,2014-2024
NBA,LogisticRegression,Expected FG,spatial,spatial_surface,170.28985507246375,304.2028985507246,-0.356100568656048,,,,2014-2024
NBA,LogisticRegression,Expected FG,spatial,spatial_surface,177.536231884058,304.2028985507246,-0.36402889846762543,,,,2014-2024
NBA,LogisticRegression,Expected FG,spatial,spatial_surface,184.7826086956522,304.2028985507246,-0.3722112884310822,,,,2014-2024
NBA,LogisticRegression,Expected FG,spatial,spatial_surface,192.02898550724638,304.2028985507246,-0.38063998652291753,,,,2014-2024
NBA,LogisticRegression,Expected FG,spatial,spatial_surface,199.27536231884062,304.2028985507246,-0.3893073371439194,,,,2014-2024
NBA,LogisticRegression,Expected FG,spatial,spatial_surface,206.5217391304348,304.2028985507246,-0.3982057984760431,,,,2014-2024
NBA,LogisticRegression,Expected FG,spatial,spatial_surface,213.768115942029,304.2028985507246,-0.4073279575886678,,,,2014-2024
NBA,LogisticRegression,Expected FG,spatial,spatial_surface,221.0144927536232,304.2028985507246,-0.41666654340826825,,,,2014-2024
NBA,LogisticRegression,Expected FG,spatial,spatial_surface,228.26086956521738,304.2028985507246,-0.42621443767821665,,,,2014-2024
NBA,LogisticRegression,Expected FG,spatial,spatial_surface,235.50724637681162,304.2028985507246,-0.43596468404400013,,,,2014-2024
NBA,LogisticRegression,Expected FG,spatial,spatial_surface,242.7536231884058,304.2028985507246,-0.445910495404077,,,,2014-2024
NBA,LogisticRegression,Expected FG,spatial,spatial_surface,250.0,304.2028985507246,-0.45604525966850173,,,,2014-2024
NBA,LogisticRegression,Expected FG,spatial,spatial_surface,-250.0,311.0144927536232,-0.4810969226001567,,,,2014-2024
NBA,LogisticRegression,Expected FG,spatial,spatial_surface,-242.7536231884058,311.0144927536232,-0.4708234211480239,,,,2014-2024
NBA,LogisticRegression,Expected FG,spatial,spatial_surface,-235.5072463768116,311.0144927536232,-0.46073308912171973,,,,2014-2024
NBA,LogisticRegression,Expected FG,spatial,spatial_surface,-228.26086956521738,311.0144927536232,-0.4508322792170196,,,,2014-2024
NBA,LogisticRegression,Expected FG,spatial,spatial_surface,-221.0144927536232,311.0144927536232,-0.4411275114858715,,,,2014-2024
NBA,LogisticRegression,Expected FG,spatial,spatial_surface,-213.768115942029,311.0144927536232,-0.4316254681197059,,,,2014-2024
NBA,LogisticRegression,Expected FG,spatial,spatial_surface,-206.52173913043478,311.0144927536232,-0.4223329867818977,,,,2014-2024
NBA,LogisticRegression,Expected FG,spatial,spatial_surface,-199.27536231884056,311.0144927536232,-0.4132570523617659,,,,2014-2024
NBA,LogisticRegression,Expected FG,spatial,spatial_surface,-192.02898550724638,311.0144927536232,-0.40440478702419647,,,,2014-2024
NBA,LogisticRegression,Expected FG,spatial,spatial_surface,-184.7826086956522,311.0144927536232,-0.3957834384333444,,,,2014-2024
NBA,LogisticRegression,Expected FG,spatial,spatial_surface,-177.53623188405797,311.0144927536232,-0.38740036603640604,,,,2014-2024
NBA,LogisticRegression,Expected FG,spatial,spatial_surface,-170.28985507246375,311.0144927536232,-0.37926302530447875,,,,2014-2024
NBA,LogisticRegression,Expected FG,spatial,spatial_surface,-163.04347826086956,311.0144927536232,-0.3713789498425749,,,,2014-2024
NBA,LogisticRegression,Expected FG,spatial,spatial_surface,-155.79710144927537,311.0144927536232,-0.3637557313001696,,,,2014-2024
NBA,LogisticRegression,Expected FG,spatial,spatial_surface,-148.55072463768116,311.0144927536232,-0.35640099703762973,,,,2014-2024
NBA,LogisticRegression,Expected FG,spatial,spatial_surface,-141.30434782608694,311.0144927536232,-0.34932238553260253,,,,2014-2024
NBA,LogisticRegression,Expected FG,spatial,spatial_surface,-134.05797101449275,311.0144927536232,-0.3425275195440364,,,,2014-2024
NBA,LogisticRegression,Expected FG,spatial,spatial_surface,-126.81159420289855,311.0144927536232,-0.3360239770898461,,,,2014-2024
NBA,LogisticRegression,Expected FG,spatial,spatial_surface,-119.56521739130434,311.0144927536232,-0.32981926033694986,,,,2014-2024
NBA,LogisticRegression,Expected FG,spatial,spatial_surface,-112.31884057971013,311.0144927536232,-0.323920762549055,,,,2014-2024
NBA,LogisticRegression,Expected FG,spatial,spatial_surface,-105.07246376811594,311.0144927536232,-0.31833573328725095,,,,2014-2024
NBA,LogisticRegression,Expected FG,spatial,spatial_surface,-97.82608695652175,311.0144927536232,-0.3130712421102073,,,,2014-2024
NBA,LogisticRegression,Expected FG,spatial,spatial_surface,-90.57971014492753,311.0144927536232,-0.30813414107323234,,,,2014-2024
NBA,LogisticRegression,Expected FG,spatial,spatial_surface,-83.33333333333331,311.0144927536232,-0.30353102637706053,,,,2014-2024
NBA,LogisticRegression,Expected FG,spatial,spatial_surface,-76.08695652173913,311.0144927536232,-0.2992681995662553,,,,2014-2024
NBA,LogisticRegression,Expected FG,spatial,spatial_surface,-68.84057971014494,311.0144927536232,-0.29535162872161946,,,,2014-2024
NBA,LogisticRegression,Expected FG,spatial,spatial_surface,-61.59420289855072,311.0144927536232,-0.2917869101289928,,,,2014-2024
NBA,LogisticRegression,Expected FG,spatial,spatial_surface,-54.3478260869565,311.0144927536232,-0.28857923093632576,,,,2014-2024
NBA,LogisticRegression,Expected FG,spatial,spatial_surface,-47.10144927536231,311.0144927536232,-0.28573333333004547,,,,2014-2024
NBA,LogisticRegression,Expected FG,spatial,spatial_surface,-39.855072463768124,311.0144927536232,-0.283253480768893,,,,2014-2024
NBA,LogisticRegression,Expected FG,spatial,spatial_surface,-32.60869565217391,311.0144927536232,-0.281143426807267,,,,2014-2024
NBA,LogisticRegression,Expected FG,spatial,spatial_surface,-25.36231884057969,311.0144927536232,-0.27940638701984377,,,,2014-2024
NBA,LogisticRegression,Expected FG,spatial,spatial_surface,-18.1159420289855,311.0144927536232,-0.2780450145045873,,,,2014-2024
NBA,LogisticRegression,Expected FG,spatial,spatial_surface,-10.869565217391312,311.0144927536232,-0.27706137939244135,,,,2014-2024
NBA,LogisticRegression,Expected FG,spatial,spatial_surface,-3.6231884057970944,311.0144927536232,-0.2764569527300156,,,,2014-2024
NBA,LogisticRegression,Expected FG,spatial,spatial_surface,3.623188405797123,311.0144927536232,-0.27623259502798003,,,,2014-2024
NBA,LogisticRegression,Expected FG,spatial,spatial_surface,10.869565217391312,311.0144927536232,-0.2763885496847409,,,,2014-2024
NBA,LogisticRegression,Expected FG,spatial,spatial_surface,18.1159420289855,311.0144927536232,-0.2769244414049683,,,,2014-2024
NBA,LogisticRegression,Expected FG,spatial,spatial_surface,25.362318840579746,311.0144927536232,-0.2778392796385938,,,,2014-2024
NBA,LogisticRegression,Expected FG,spatial,spatial_surface,32.608695652173935,311.0144927536232,-0.2791314669711624,,,,2014-2024
NBA,LogisticRegression,Expected FG,spatial,spatial_surface,39.855072463768124,311.0144927536232,-0.2807988123041444,,,,2014-2024
NBA,LogisticRegression,Expected FG,spatial,spatial_surface,47.10144927536231,311.0144927536232,-0.28283854857700763,,,,2014-2024
NBA,LogisticRegression,Expected FG,spatial,spatial_surface,54.3478260869565,311.0144927536232,-0.28524735470434215,,,,2014-2024
NBA,LogisticRegression,Expected FG,spatial,spatial_surface,61.59420289855075,311.0144927536232,-0.28802138133346145,,,,2014-2024
NBA,LogisticRegression,Expected FG,spatial,spatial_surface,68.84057971014494,311.0144927536232,-0.2911562799724444,,,,2014-2024
NBA,LogisticRegression,Expected FG,spatial,spatial_surface,76.08695652173913,311.0144927536232,-0.29464723499685297,,,,2014-2024
NBA,LogisticRegression,Expected FG,spatial,spatial_surface,83.33333333333337,311.0144927536232,-0.29848899801582207,,,,2014-2024
NBA,LogisticRegression,Expected FG,spatial,spatial_surface,90.57971014492756,311.0144927536232,-0.3026759240649556,,,,2014-2024
NBA,LogisticRegression,Expected FG,spatial,spatial_surface,97.82608695652175,311.0144927536232,-0.3072020090938208,,,,2014-2024
NBA,LogisticRegression,Expected FG,spatial,spatial_surface,105.07246376811594,311.0144927536232,-0.3120609282287359,,,,2014-2024
NBA,LogisticRegression,Expected FG,spatial,spatial_surface,112.31884057971013,311.0144927536232,-0.31724607431557916,,,,2014-2024
NBA,LogisticRegression,Expected FG,spatial,spatial_surface,119.56521739130437,311.0144927536232,-0.3227505962806615,,,,2014-2024
NBA,LogisticRegression,Expected FG,spatial,spatial_surface,126.81159420289856,311.0144927536232,-0.32856743688850165,,,,2014-2024
NBA,LogisticRegression,Expected FG,spatial,spatial_surface,134.05797101449275,311.0144927536232,-0.33468936952155204,,,,2014-2024
NBA,LogisticRegression,Expected FG,spatial,spatial_surface,141.304347826087,311.0144927536232,-0.3411090336566517,,,,2014-2024
NBA,LogisticRegression,Expected FG,spatial,spatial_surface,148.55072463768118,311.0144927536232,-0.3478189687644385,,,,2014-2024
NBA,LogisticRegression,Expected FG,spatial,spatial_surface,155.79710144927537,311.0144927536232,-0.3548116464094335,,,,2014-2024
NBA,LogisticRegression,Expected FG,spatial,spatial_surface,163.04347826086956,311.0144927536232,-0.3620795003786619,,,,2014-2024
NBA,LogisticRegression,Expected FG,spatial,spatial_surface,170.28985507246375,311.0144927536232,-0.36961495471433403,,,,2014-2024
NBA,LogisticRegression,Expected FG,spatial,spatial_surface,177.536231884058,311.0144927536232,-0.37741044957031533,,,,2014-2024
NBA,LogisticRegression,Expected FG,spatial,spatial_surface,184.7826086956522,311.0144927536232,-0.38545846485228563,,,,2014-2024
NBA,LogisticRegression,Expected FG,spatial,spatial_surface,192.02898550724638,311.0144927536232,-0.3937515416371479,,,,2014-2024
NBA,LogisticRegression,Expected FG,spatial,spatial_surface,199.27536231884062,311.0144927536232,-0.4022823013982202,,,,2014-2024
NBA,LogisticRegression,Expected FG,spatial,spatial_surface,206.5217391304348,311.0144927536232,-0.41104346308896944,,,,2014-2024
NBA,LogisticRegression,Expected FG,spatial,spatial_surface,213.768115942029,311.0144927536232,-0.42002785815965504,,,,2014-2024
NBA,LogisticRegression,Expected FG,spatial,spatial_surface,221.0144927536232,311.0144927536232,-0.42922844359848633,,,,2014-2024
NBA,LogisticRegression,Expected FG,spatial,spatial_surface,228.26086956521738,311.0144927536232,-0.43863831310204104,,,,2014-2024
NBA,LogisticRegression,Expected FG,spatial,spatial_surface,235.50724637681162,311.0144927536232,-0.44825070648914467,,,,2014-2024
NBA,LogisticRegression,Expected FG,spatial,spatial_surface,242.7536231884058,311.0144927536232,-0.4580590174785907,,,,2014-2024
NBA,LogisticRegression,Expected FG,spatial,spatial_surface,250.0,311.0144927536232,-0.46805679995435834,,,,2014-2024
NBA,LogisticRegression,Expected FG,spatial,spatial_surface,-250.0,317.82608695652175,-0.49300528287758927,,,,2014-2024
NBA,LogisticRegression,Expected FG,spatial,spatial_surface,-242.7536231884058,317.82608695652175,-0.48286762539912975,,,,2014-2024
NBA,LogisticRegression,Expected FG,spatial,spatial_surface,-235.5072463768116,317.82608695652175,-0.4729137244045718,,,,2014-2024
NBA,LogisticRegression,Expected FG,spatial,spatial_surface,-228.26086956521738,317.82608695652175,-0.4631497779417395,,,,2014-2024
NBA,LogisticRegression,Expected FG,spatial,spatial_surface,-221.0144927536232,317.82608695652175,-0.45358213754646803,,,,2014-2024
NBA,LogisticRegression,Expected FG,spatial,spatial_surface,-213.768115942029,317.82608695652175,-0.444217302549468,,,,2014-2024
NBA,LogisticRegression,Expected FG,spatial,spatial_surface,-206.52173913043478,317.82608695652175,-0.4350619130033414,,,,2014-2024
NBA,LogisticRegression,Expected FG,spatial,spatial_surface,-199.27536231884056,317.82608695652175,-0.42612274111846293,,,,2014-2024
NBA,LogisticRegression,Expected FG,spatial,spatial_surface,-192.02898550724638,317.82608695652175,-0.41740668109935863,,,,2014-2024
NBA,LogisticRegression,Expected FG,spatial,spatial_surface,-184.7826086956522,317.82608695652175,-0.4089207372786646,,,,2014-2024
NBA,LogisticRegression,Expected FG,spatial,spatial_surface,-177.53623188405797,317.82608695652175,-0.40067201045402545,,,,2014-2024
NBA,LogisticRegression,Expected FG,spatial,spatial_surface,-170.28985507246375,317.82608695652175,-0.39266768234477356,,,,2014-2024
NBA,LogisticRegression,Expected FG,spatial,spatial_surface,-163.04347826086956,317.82608695652175,-0.3849149981002358,,,,2014-2024
NBA,LogisticRegression,Expected FG,spatial,spatial_surface,-155.79710144927537,317.82608695652175,-0.3774212468102731,,,,2014-2024
NBA,LogisticRegression,Expected FG,spatial,spatial_surface,-148.55072463768116,317.82608695652175,-0.37019373999142413,,,,2014-2024
NBA,LogisticRegression,Expected FG,spatial,spatial_surface,-141.30434782608694,317.82608695652175,-0.3632397880488272,,,,2014-2024
NBA,LogisticRegression,Expected FG,spatial,spatial_surface,-134.05797101449275,317.82608695652175,-0.3565666747449814,,,,2014-2024
NBA,LogisticRegression,Expected FG,spatial,spatial_surface,-126.81159420289855,317.82608695652175,-0.3501816297411394,,,,2014-2024
NBA,LogisticRegression,Expected FG,spatial,spatial_surface,-119.56521739130434,317.82608695652175,-0.344091799315418,,,,2014-2024
NBA,LogisticRegression,Expected FG,spatial,spatial_surface,-112.31884057971013,317.82608695652175,-0.3383042154029827,,,,2014-2024
NBA,LogisticRegression,Expected FG,spatial,spatial_surface,-105.07246376811594,317.82608695652175,-0.3328257631472099,,,,2014-2024
NBA,LogisticRegression,Expected FG,spatial,spatial_surface,-97.82608695652175,317.82608695652175,-0.3276631471955612,,,,2014-2024
NBA,LogisticRegression,Expected FG,spatial,spatial_surface,-90.57971014492753,317.82608695652175,-0.3228228570189011,,,,2014-2024
NBA,LogisticRegression,Expected FG,spatial,spatial_surface,-83.33333333333331,317.82608695652175,-0.3183111315767836,,,,2014-2024
NBA,LogisticRegression,Expected FG,spatial,spatial_surface,-76.08695652173913,317.82608695652175,-0.3141339236923033,,,,2014-2024
NBA,LogisticRegression,Expected FG,spatial,spatial_surface,-68.84057971014494,317.82608695652175,-0.3102968645369253,,,,2014-2024
NBA,LogisticRegression,Expected FG,spatial,spatial_surface,-61.59420289855072,317.82608695652175,-0.30680522865650983,,,,2014-2024
NBA,LogisticRegression,Expected FG,spatial,spatial_surface,-54.3478260869565,317.82608695652175,-0.30366389999304766,,,,2014-2024
NBA,LogisticRegression,Expected FG,spatial,spatial_surface,-47.10144927536231,317.82608695652175,-0.3008773393707932,,,,2014-2024
NBA,LogisticRegression,Expected FG,spatial,spatial_surface,-39.855072463768124,317.82608695652175,-0.29844955391935846,,,,2014-2024
NBA,LogisticRegression,Expected FG,spatial,spatial_surface,-32.60869565217391,317.82608695652175,-0.2963840688988144,,,,2014-2024
NBA,LogisticRegression,Expected FG,spatial,spatial_surface,-25.36231884057969,317.82608695652175,-0.29468390237239106,,,,2014-2024
NBA,LogisticRegression,Expected FG,spatial,spatial_surface,-18.1159420289855,317.82608695652175,-0.2933515431407845,,,,2014-2024
NBA,LogisticRegression,Expected FG,spatial,spatial_surface,-10.869565217391312,317.82608695652175,-0.29238893230868646,,,,2014-2024
NBA,LogisticRegression,Expected FG,spatial,spatial_surface,-3.6231884057970944,317.82608695652175,-0.29179744879977954,,,,2014-2024
NBA,LogisticRegression,Expected FG,spatial,spatial_surface,3.623188405797123,317.82608695652175,-0.2915778990724406,,,,2014-2024
NBA,LogisticRegression,Expected FG,spatial,spatial_surface,10.869565217391312,317.82608695652175,-0.29173051121652394,,,,2014-2024
NBA,LogisticRegression,Expected FG,spatial,spatial_surface,18.1159420289855,317.82608695652175,-0.2922549335340475,,,,2014-2024
NBA,LogisticRegression,Expected FG,spatial,spatial_surface,25.362318840579746,317.82608695652175,-0.2931502376257943,,,,2014-2024
NBA,LogisticRegression,Expected FG,spatial,spatial_surface,32.608695652173935,317.82608695652175,-0.29441492592441587,,,,2014-2024
NBA,LogisticRegression,Expected FG,spatial,spatial_surface,39.855072463768124,317.82608695652175,-0.29604694353519345,,,,2014-2024
NBA,LogisticRegression,Expected FG,spatial,spatial_surface,47.10144927536231,317.82608695652175,-0.2980436941707052,,,,2014-2024
NBA,LogisticRegression,Expected FG,spatial,spatial_surface,54.3478260869565,317.82608695652175,-0.30040205989759994,,,,2014-2024
NBA,LogisticRegression,Expected FG,spatial,spatial_surface,61.59420289855075,317.82608695652175,-0.3031184243544216,,,,2014-2024
NBA,LogisticRegression,Expected FG,spatial,spatial_surface,68.84057971014494,317.82608695652175,-0.30618869905050616,,,,2014-2024
NBA,LogisticRegression,Expected FG,spatial,spatial_surface,76.08695652173913,317.82608695652175,-0.3096083523184806,,,,2014-2024
NBA,LogisticRegression,Expected FG,spatial,spatial_surface,83.33333333333337,317.82608695652175,-0.3133724404673246,,,,2014-2024
NBA,LogisticRegression,Expected FG,spatial,spatial_surface,90.57971014492756,317.82608695652175,-0.31747564066942213,,,,2014-2024
NBA,LogisticRegression,Expected FG,spatial,spatial_surface,97.82608695652175,317.82608695652175,-0.321912285113089,,,,2014-2024
NBA,LogisticRegression,Expected FG,spatial,spatial_surface,105.07246376811594,317.82608695652175,-0.3266763959609106,,,,2014-2024
NBA,LogisticRegression,Expected FG,spatial,spatial_surface,112.31884057971013,317.82608695652175,-0.3317617206727089,,,,2014-2024
NBA,LogisticRegression,Expected FG,spatial,spatial_surface,119.56521739130437,317.82608695652175,-0.33716176727868086,,,,2014-2024
NBA,LogisticRegression,Expected FG,spatial,spatial_surface,126.81159420289856,317.82608695652175,-0.34286983922168035,,,,2014-2024
NBA,LogisticRegression,Expected FG,spatial,spatial_surface,134.05797101449275,317.82608695652175,-0.34887906942611024,,,,2014-2024
NBA,LogisticRegression,Expected FG,spatial,spatial_surface,141.304347826087,317.82608695652175,-0.35518245329283726,,,,2014-2024
NBA,LogisticRegression,Expected FG,spatial,spatial_surface,148.55072463768118,317.82608695652175,-0.3617728803634379,,,,2014-2024
NBA,LogisticRegression,Expected FG,spatial,spatial_surface,155.79710144927537,317.82608695652175,-0.36864316444148737,,,,2014-2024
NBA,LogisticRegression,Expected FG,spatial,spatial_surface,163.04347826086956,317.82608695652175,-0.37578607200229786,,,,2014-2024
NBA,LogisticRegression,Expected FG,spatial,spatial_surface,170.28985507246375,317.82608695652175,-0.38319434876446856,,,,2014-2024
NBA,LogisticRegression,Expected FG,spatial,spatial_surface,177.536231884058,317.82608695652175,-0.39086074433597917,,,,2014-2024
NBA,LogisticRegression,Expected FG,spatial,spatial_surface,184.7826086956522,317.82608695652175,-0.39877803488372765,,,,2014-2024
NBA,LogisticRegression,Expected FG,spatial,spatial_surface,192.02898550724638,317.82608695652175,-0.40693904380793366,,,,2014-2024
NBA,LogisticRegression,Expected FG,spatial,spatial_surface,199.27536231884062,317.82608695652175,-0.415336660431477,,,,2014-2024
NBA,LogisticRegression,Expected FG,spatial,spatial_surface,206.5217391304348,317.82608695652175,-0.4239638567388758,,,,2014-2024
NBA,LogisticRegression,Expected FG,spatial,spatial_surface,213.768115942029,317.82608695652175,-0.4328137022203261,,,,2014-2024
NBA,LogisticRegression,Expected FG,spatial,spatial_surface,221.0144927536232,317.82608695652175,-0.4418793768930923,,,,2014-2024
NBA,LogisticRegression,Expected FG,spatial,spatial_surface,228.26086956521738,317.82608695652175,-0.45115418258586015,,,,2014-2024
NBA,LogisticRegression,Expected FG,spatial,spatial_surface,235.50724637681162,317.82608695652175,-0.4606315525816559,,,,2014-2024
NBA,LogisticRegression,Expected FG,spatial,spatial_surface,242.7536231884058,317.82608695652175,-0.4703050597219497,,,,2014-2024
NBA,LogisticRegression,Expected FG,spatial,spatial_surface,250.0,317.82608695652175,-0.4801684230789677,,,,2014-2024
NBA,LogisticRegression,Expected FG,spatial,spatial_surface,-250.0,324.6376811594203,-0.5050151086212584,,,,2014-2024
NBA,LogisticRegression,Expected FG,spatial,spatial_surface,-242.7536231884058,324.6376811594203,-0.4950108274703393,,,,2014-2024
NBA,LogisticRegression,Expected FG,spatial,spatial_surface,-235.5072463768116,324.6376811594203,-0.4851907592281627,,,,2014-2024
NBA,LogisticRegression,Expected FG,spatial,spatial_surface,-228.26086956521738,324.6376811594203,-0.4755609477710825,,,,2014-2024
NBA,LogisticRegression,Expected FG,spatial,spatial_surface,-221.0144927536232,324.6376811594203,-0.4661275774264473,,,,2014-2024
NBA,LogisticRegression,Expected FG,spatial,spatial_surface,-213.768115942029,324.6376811594203,-0.4568969668937922,,,,2014-2024
NBA,LogisticRegression,Expected FG,spatial,spatial_surface,-206.52173913043478,324.6376811594203,-0.44787556185815847,,,,2014-2024
NBA,LogisticRegression,Expected FG,spatial,spatial_surface,-199.27536231884056,324.6376811594203,-0.43906992619901697,,,,2014-2024
NBA,LogisticRegression,Expected FG,spatial,spatial_surface,-192.02898550724638,324.6376811594203,-0.4304867317021518,,,,2014-2024
NBA,LogisticRegression,Expected FG,spatial,spatial_surface,-184.7826086956522,324.6376811594203,-0.42213274618803354,,,,2014-2024
NBA,LogisticRegression,Expected FG,spatial,spatial_surface,-177.53623188405797,324.6376811594203,-0.41401481997900125,,,,2014-2024
NBA,LogisticRegression,Expected FG,spatial,spatial_surface,-170.28985507246375,324.6376811594203,-0.406139870639175,,,,2014-2024
NBA,LogisticRegression,Expected FG,spatial,spatial_surface,-163.04347826086956,324.6376811594203,-0.3985148659357658,,,,2014-2024
NBA,LogisticRegression,Expected FG,spatial,spatial_surface,-155.79710144927537,324.6376811594203,-0.39114680498846244,,,,2014-2024
NBA,LogisticRegression,Expected FG,spatial,spatial_surface,-148.55072463768116,324.6376811594203,-0.384042697595003,,,,2014-2024
NBA,LogisticRegression,Expected FG,spatial,spatial_surface,-141.30434782608694,324.6376811594203,-0.3772095417458968,,,,2014-2024
NBA,LogisticRegression,Expected FG,spatial,spatial_surface,-134.05797101449275,324.6376811594203,-0.37065429936951555,,,,2014-2024
NBA,LogisticRegression,Expected FG,spatial,spatial_surface,-126.81159420289855,324.6376811594203,-0.3643838703801421,,,,2014-2024
NBA,LogisticRegression,Expected FG,spatial,spatial_surface,-119.56521739130434,324.6376811594203,-0.3584050651357815,,,,2014-2024
NBA,LogisticRegression,Expected FG,spatial,spatial_surface,-112.31884057971013,324.6376811594203,-0.3527245754489986,,,,2014-2024
NBA,LogisticRegression,Expected FG,spatial,spatial_surface,-105.07246376811594,324.6376811594203,-0.3473489443321609,,,,2014-2024
NBA,LogisticRegression,Expected FG,spatial,spatial_surface,-97.82608695652175,324.6376811594203,-0.3422845346972756,,,,2014-2024
NBA,LogisticRegression,Expected FG,spatial,spatial_surface,-90.57971014492753,324.6376811594203,-0.33753749726919635,,,,2014-2024
NBA,LogisticRegression,Expected FG,spatial,spatial_surface,-83.33333333333331,324.6376811594203,-0.33311373800810895,,,,2014-2024
NBA,LogisticRegression,Expected FG,spatial,spatial_surface,-76.08695652173913,324.6376811594203,-0.3290188853716406,,,,2014-2024
NBA,LogisticRegression,Expected FG,spatial,spatial_surface,-68.84057971014494,324.6376811594203,-0.32525825777732487,,,,2014-2024
NBA,LogisticRegression,Expected FG,spatial,spatial_surface,-61.59420289855072,324.6376811594203,-0.32183683165115373,,,,2014-2024
NBA,LogisticRegression,Expected FG,spatial,spatial_surface,-54.3478260869565,324.6376811594203,-0.3187592104661766,,,,2014-2024
NBA,LogisticRegression,Expected FG,spatial,spatial_surface,-47.10144927536231,324.6376811594203,-0.3160295951854766,,,,2014-2024
NBA,LogisticRegression,Expected FG,spatial,spatial_surface,-39.855072463768124,324.6376811594203,-0.3136517565251872,,,,2014-2024
NBA,LogisticRegression,Expected FG,spatial,spatial_surface,-32.60869565217391,324.6376811594203,-0.31162900944494687,,,,2014-2024
NBA,LogisticRegression,Expected FG,spatial,spatial_surface,-25.36231884057969,324.6376811594203,-0.30996419025466426,,,,2014-2024
NBA,LogisticRegression,Expected FG,spatial,spatial_surface,-18.1159420289855,324.6376811594203,-0.30865963669779606,,,,2014-2024
NBA,LogisticRegression,Expected FG,spatial,spatial_surface,-10.869565217391312,324.6376811594203,-0.30771717133272325,,,,2014-2024
NBA,LogisticRegression,Expected FG,spatial,spatial_surface,-3.6231884057970944,324.6376811594203,-0.30713808848605095,,,,2014-2024
NBA,LogisticRegression,Expected FG,spatial,spatial_surface,3.623188405797123,324.6376811594203,-0.3069231449958594,,,,2014-2024
NBA,LogisticRegression,Expected FG,spatial,spatial_surface,10.869565217391312,324.6376811594203,-0.30707255490062835,,,,2014-2024
NBA,LogisticRegression,Expected FG,spatial,spatial_surface,18.1159420289855,324.6376811594203,-0.307585988162533,,,,2014-2024
NBA,LogisticRegression,Expected FG,spatial,spatial_surface,25.362318840579746,324.6376811594203,-0.3084625734440962,,,,2014-2024
NBA,LogisticRegression,Expected FG,spatial,spatial_surface,32.608695652173935,324.6376811594203,-0.309700904886954,,,,2014-2024
NBA,LogisticRegression,Expected FG,spatial,spatial_surface,39.855072463768124,324.6376811594203,-0.31129905277290804,,,,2014-2024
NBA,LogisticRegression,Expected FG,spatial,spatial_surface,47.10144927536231,324.6376811594203,-0.313254577882631,,,,2014-2024
NBA,LogisticRegression,Expected FG,spatial,spatial_surface,54.3478260869565,324.6376811594203,-0.31556454930821254,,,,2014-2024
NBA,LogisticRegression,Expected FG,spatial,spatial_surface,61.59420289855075,324.6376811594203,-0.3182255654239242,,,,2014-2024
NBA,LogisticRegression,Expected FG,spatial,spatial_surface,68.84057971014494,324.6376811594203,-0.32123377767635475,,,,2014-2024
NBA,LogisticRegression,Expected FG,spatial,spatial_surface,76.08695652173913,324.6376811594203,-0.32458491682140334,,,,2014-2024
NBA,LogisticRegression,Expected FG,spatial,spatial_surface,83.33333333333337,324.6376811594203,-0.3282743212120012,,,,2014-2024
NBA,LogisticRegression,Expected FG,spatial,spatial_surface,90.57971014492756,324.6376811594203,-0.33229696672699904,,,,2014-2024
NBA,LogisticRegression,Expected FG,spatial,spatial_surface,97.82608695652175,324.6376811594203,-0.3366474979280898,,,,2014-2024
NBA,LogisticRegression,Expected FG,spatial,spatial_surface,105.07246376811594,324.6376811594203,-0.34132026003734983,,,,2014-2024
NBA,LogisticRegression,Expected FG,spatial,spatial_surface,112.31884057971013,324.6376811594203,-0.3463093313420895,,,,2014-2024
NBA,LogisticRegression,Expected FG,spatial,spatial_surface,119.56521739130437,324.6376811594203,-0.35160855565505256,,,,2014-2024
NBA,LogisticRegression,Expected FG,spatial,spatial_surface,126.81159420289856,324.6376811594203,-0.35721157448537033,,,,2014-2024
NBA,LogisticRegression,Expected FG,spatial,spatial_surface,134.05797101449275,324.6376811594203,-0.36311185860774275,,,,2014-2024
NBA,LogisticRegression,Expected FG,spatial,spatial_surface,141.304347826087,324.6376811594203,-0.36930273875267927,,,,2014-2024
NBA,LogisticRegression,Expected FG,spatial,spatial_surface,148.55072463768118,324.6376811594203,-0.3757774351780788,,,,2014-2024
NBA,LogisticRegression,Expected FG,spatial,spatial_surface,155.79710144927537,324.6376811594203,-0.3825290859206898,,,,2014-2024
NBA,LogisticRegression,Expected FG,spatial,spatial_surface,163.04347826086956,324.6376811594203,-0.38955077356403023,,,,2014-2024
NBA,LogisticRegression,Expected FG,spatial,spatial_surface,170.28985507246375,324.6376811594203,-0.396835550396228,,,,2014-2024
NBA,LogisticRegression,Expected FG,spatial,spatial_surface,177.536231884058,324.6376811594203,-0.4043764618662238,,,,2014-2024
NBA,LogisticRegression,Expected FG,spatial,spatial_surface,184.7826086956522,324.6376811594203,-0.4121665682792438,,,,2014-2024
NBA,LogisticRegression,Expected FG,spatial,spatial_surface,192.02898550724638,324.6376811594203,-0.4201989647020036,,,,2014-2024
NBA,LogisticRegression,Expected FG,spatial,spatial_surface,199.27536231884062,324.6376811594203,-0.4284667990744412,,,,2014-2024
NBA,LogisticRegression,Expected FG,spatial,spatial_surface,206.5217391304348,324.6376811594203,-0.43696328854779576,,,,2014-2024
NBA,LogisticRegression,Expected FG,spatial,spatial_surface,213.768115942029,324.6376811594203,-0.44568173408846357,,,,2014-2024
NBA,LogisticRegression,Expected FG,spatial,spatial_surface,221.0144927536232,324.6376811594203,-0.4546155334034311,,,,2014-2024
NBA,LogisticRegression,Expected FG,spatial,spatial_surface,228.26086956521738,324.6376811594203,-0.463758192256266,,,,2014-2024
NBA,LogisticRegression,Expected FG,spatial,spatial_surface,235.50724637681162,324.6376811594203,-0.47310333425295337,,,,2014-2024
NBA,LogisticRegression,Expected FG,spatial,spatial_surface,242.7536231884058,324.6376811594203,-0.4826447091844108,,,,2014-2024
NBA,LogisticRegression,Expected FG,spatial,spatial_surface,250.0,324.6376811594203,-0.49237620001773463,,,,2014-2024
NBA,LogisticRegression,Expected FG,spatial,spatial_surface,-250.0,331.4492753623189,-0.5171224790780568,,,,2014-2024
NBA,LogisticRegression,Expected FG,spatial,spatial_surface,-242.7536231884058,331.4492753623189,-0.5072491189657949,,,,2014-2024
NBA,LogisticRegression,Expected FG,spatial,spatial_surface,-235.5072463768116,331.4492753623189,-0.4975603059013832,,,,2014-2024
NBA,LogisticRegression,Expected FG,spatial,spatial_surface,-228.26086956521738,331.4492753623189,-0.4880619305553281,,,,2014-2024
NBA,LogisticRegression,Expected FG,spatial,spatial_surface,-221.0144927536232,331.4492753623189,-0.4787600118156128,,,,2014-2024
NBA,LogisticRegression,Expected FG,spatial,spatial_surface,-213.768115942029,331.4492753623189,-0.4696606904038324,,,,2014-2024
NBA,LogisticRegression,Expected FG,spatial,spatial_surface,-206.52173913043478,331.4492753623189,-0.46077022125541045,,,,2014-2024
NBA,LogisticRegression,Expected FG,spatial,spatial_surface,-199.27536231884056,331.4492753623189,-0.4520949645806608,,,,2014-2024
NBA,LogisticRegression,Expected FG,spatial,spatial_surface,-192.02898550724638,331.4492753623189,-0.4436413755280436,,,,2014-2024
NBA,LogisticRegression,Expected FG,spatial,spatial_surface,-184.7826086956522,331.4492753623189,-0.4354159923776526,,,,2014-2024
NBA,LogisticRegression,Expected FG,spatial,spatial_surface,-177.53623188405797,331.4492753623189,-0.42742542320197763,,,,2014-2024
NBA,LogisticRegression,Expected FG,spatial,spatial_surface,-170.28985507246375,331.4492753623189,-0.41967633094254964,,,,2014-2024
NBA,LogisticRegression,Expected FG,spatial,spatial_surface,-163.04347826086956,331.4492753623189,-0.4121754168653534,,,,2014-2024
NBA,LogisticRegression,Expected FG,spatial,spatial_surface,-155.79710144927537,331.4492753623189,-0.4049294023750234,,,,2014-2024
NBA,LogisticRegression,Expected FG,spatial,spatial_surface,-148.55072463768116,331.4492753623189,-0.3979450091878821,,,,2014-2024
NBA,LogisticRegression,Expected FG,spatial,spatial_surface,-141.30434782608694,331.4492753623189,-0.39122893788680946,,,,2014-2024
NBA,LogisticRegression,Expected FG,spatial,spatial_surface,-134.05797101449275,331.4492753623189,-0.3847878449066743,,,,2014-2024
NBA,LogisticRegression,Expected FG,spatial,spatial_surface,-126.81159420289855,331.4492753623189,-0.37862831802729935,,,,2014-2024
NBA,LogisticRegression,Expected FG,spatial,spatial_surface,-119.56521739130434,331.4492753623189,-0.3727568504814467,,,,2014-2024
NBA,LogisticRegression,Expected FG,spatial,spatial_surface,-112.31884057971013,331.4492753623189,-0.3671798138174732,,,,2014-2024
NBA,LogisticRegression,Expected FG,spatial,spatial_surface,-105.07246376811594,331.4492753623189,-0.36190342968961153,,,,2014-2024
NBA,LogisticRegression,Expected FG,spatial,spatial_surface,-97.82608695652175,331.4492753623189,-0.3569337407824297,,,,2014-2024
NBA,LogisticRegression,Expected FG,spatial,spatial_surface,-90.57971014492753,331.4492753623189,-0.3522765811090903,,,,2014-2024
NBA,LogisticRegression,Expected FG,spatial,spatial_surface,-83.33333333333331,331.4492753623189,-0.3479375459545023,,,,2014-2024
NBA,LogisticRegression,Expected FG,spatial,spatial_surface,-76.08695652173913,331.4492753623189,-0.34392196176333045,,,,2014-2024
NBA,LogisticRegression,Expected FG,spatial,spatial_surface,-68.84057971014494,331.4492753623189,-0.34023485629790196,,,,2014-2024
NBA,LogisticRegression,Expected FG,spatial,spatial_surface,-61.59420289855072,331.4492753623189,-0.3368809294112465,,,,2014-2024
NBA,LogisticRegression,Expected FG,spatial,spatial_surface,-54.3478260869565,331.4492753623189,-0.3338645247947477,,,,2014-2024
NBA,LogisticRegression,Expected FG,spatial,spatial_surface,-47.10144927536231,331.4492753623189,-0.3311896030671744,,,,2014-2024
NBA,LogisticRegression,Expected FG,spatial,spatial_surface,-39.855072463768124,331.4492753623189,-0.3288597165714313,,,,2014-2024
NBA,LogisticRegression,Expected FG,spatial,spatial_surface,-32.60869565217391,331.4492753623189,-0.3268779862366158,,,,2014-2024
NBA,LogisticRegression,Expected FG,spatial,spatial_surface,-25.36231884057969,331.4492753623189,-0.3252470808455803,,,,2014-2024
NBA,LogisticRegression,Expected FG,spatial,spatial_surface,-18.1159420289855,331.4492753623189,-0.32396919902215937,,,,2014-2024
NBA,LogisticRegression,Expected FG,spatial,spatial_surface,-10.869565217391312,331.4492753623189,-0.32304605421786714,,,,2014-2024
NBA,LogisticRegression,Expected FG,spatial,spatial_surface,-3.6231884057970944,331.4492753623189,-0.3224788629358145,,,,2014-2024
NBA,LogisticRegression,Expected FG,spatial,spatial_surface,3.623188405797123,331.4492753623189,-0.32226833638086483,,,,2014-2024
NBA,LogisticRegression,Expected FG,spatial,spatial_surface,10.869565217391312,331.4492753623189,-0.3224146756708659,,,,2014-2024
NBA,LogisticRegression,Expected FG,spatial,spatial_surface,18.1159420289855,331.4492753623189,-0.32291757068570304,,,,2014-2024
NBA,LogisticRegression,Expected FG,spatial,spatial_surface,25.362318840579746,331.4492753623189,-0.3237762025706027,,,,2014-2024
NBA,LogisticRegression,Expected FG,spatial,spatial_surface,32.608695652173935,331.4492753623189,-0.32498924984934774,,,,2014-2024
NBA,LogisticRegression,Expected FG,spatial,spatial_surface,39.855072463768124,331.4492753623189,-0.3265548980436932,,,,2014-2024
NBA,LogisticRegression,Expected FG,spatial,spatial_surface,47.10144927536231,331.4492753623189,-0.3284708526389992,,,,2014-2024
NBA,LogisticRegression,Expected FG,spatial,spatial_surface,54.3478260869565,331.4492753623189,-0.3307343551845645,,,,2014-2024
NBA,LogisticRegression,Expected FG,spatial,spatial_surface,61.59420289855075,331.4492753623189,-0.3333422022716942,,,,2014-2024
NBA,LogisticRegression,Expected FG,spatial,spatial_surface,68.84057971014494,331.4492753623189,-0.3362907670943138,,,,2014-2024
NBA,LogisticRegression,Expected FG,spatial,spatial_surface,76.08695652173913,331.4492753623189,-0.33957602326672676,,,,2014-2024
NBA,LogisticRegression,Expected FG,spatial,spatial_surface,83.33333333333337,331.4492753623189,-0.3431935705513872,,,,2014-2024
NBA,LogisticRegression,Expected FG,spatial,spatial_surface,90.57971014492756,331.4492753623189,-0.3471386621364533,,,,2014-2024
NBA,LogisticRegression,Expected FG,spatial,spatial_surface,97.82608695652175,331.4492753623189,-0.35140623309822494,,,,2014-2024
NBA,LogisticRegression,Expected FG,spatial,spatial_surface,105.07246376811594,331.4492753623189,-0.3559909296868864,,,,2014-2024
NBA,LogisticRegression,Expected FG,spatial,spatial_surface,112.31884057971013,331.4492753623189,-0.36088713908459,,,,2014-2024
NBA,LogisticRegression,Expected FG,spatial,spatial_surface,119.56521739130437,331.4492753623189,-0.36608901930191917,,,,2014-2024
NBA,LogisticRegression,Expected FG,spatial,spatial_surface,126.81159420289856,331.4492753623189,-0.37159052890114264,,,,2014-2024
NBA,LogisticRegression,Expected FG,spatial,spatial_surface,134.05797101449275,331.4492753623189,-0.3773854562613521,,,,2014-2024
NBA,LogisticRegression,Expected FG,spatial,spatial_surface,141.304347826087,331.4492753623189,-0.38346744813040456,,,,2014-2024
NBA,LogisticRegression,Expected FG,spatial,spatial_surface,148.55072463768118,331.4492753623189,-0.3898300372404996,,,,2014-2024
NBA,LogisticRegression,Expected FG,spatial,spatial_surface,155.79710144927537,331.4492753623189,-0.3964666687971963,,,,2014-2024
NBA,LogisticRegression,Expected FG,spatial,spatial_surface,163.04347826086956,331.4492753623189,-0.40337072568474985,,,,2014-2024
NBA,LogisticRegression,Expected FG,spatial,spatial_surface,170.28985507246375,331.4492753623189,-0.41053555226303706,,,,2014-2024
NBA,LogisticRegression,Expected FG,spatial,spatial_surface,177.536231884058,331.4492753623189,-0.41795447666234753,,,,2014-2024
NBA,LogisticRegression,Expected FG,spatial,spatial_surface,184.7826086956522,331.4492753623189,-0.42562083151141705,,,,2014-2024
NBA,LogisticRegression,Expected FG,spatial,spatial_surface,192.02898550724638,331.4492753623189,-0.4335279730608098,,,,2014-2024
NBA,LogisticRegression,Expected FG,spatial,spatial_surface,199.27536231884062,331.4492753623189,-0.4416692986879095,,,,2014-2024
NBA,LogisticRegression,Expected FG,spatial,spatial_surface,206.5217391304348,331.4492753623189,-0.4500382627910937,,,,2014-2024
NBA,LogisticRegression,Expected FG,spatial,spatial_surface,213.768115942029,331.4492753623189,-0.4586283910991933,,,,2014-2024
NBA,LogisticRegression,Expected FG,spatial,spatial_surface,221.0144927536232,331.4492753623189,-0.4674332934379364,,,,2014-2024
NBA,LogisticRegression,Expected FG,spatial,spatial_surface,228.26086956521738,331.4492753623189,-0.4764466750080706,,,,2014-2024
NBA,LogisticRegression,Expected FG,spatial,spatial_surface,235.50724637681162,331.4492753623189,-0.4856623462401032,,,,2014-2024
NBA,LogisticRegression,Expected FG,spatial,spatial_surface,242.7536231884058,331.4492753623189,-0.4950742312985902,,,,2014-2024
NBA,LogisticRegression,Expected FG,spatial,spatial_surface,250.0,331.4492753623189,-0.5046763753146135,,,,2014-2024
NBA,LogisticRegression,Expected FG,spatial,spatial_surface,-250.0,338.2608695652174,-0.5293236440685363,,,,2014-2024
NBA,LogisticRegression,Expected FG,spatial,spatial_surface,-242.7536231884058,338.2608695652174,-0.5195787668806621,,,,2014-2024
NBA,LogisticRegression,Expected FG,spatial,spatial_surface,-235.5072463768116,338.2608695652174,-0.5100186565850525,,,,2014-2024
NBA,LogisticRegression,Expected FG,spatial,spatial_surface,-228.26086956521738,338.2608695652174,-0.5006490520357865,,,,2014-2024
NBA,LogisticRegression,Expected FG,spatial,spatial_surface,-221.0144927536232,338.2608695652174,-0.4914758088440051,,,,2014-2024
NBA,LogisticRegression,Expected FG,spatial,spatial_surface,-213.768115942029,338.2608695652174,-0.48250489276026964,,,,2014-2024
NBA,LogisticRegression,Expected FG,spatial,spatial_surface,-206.52173913043478,338.2608695652174,-0.47374237189210877,,,,2014-2024
NBA,LogisticRegression,Expected FG,spatial,spatial_surface,-199.27536231884056,338.2608695652174,-0.4651944076854424,,,,2014-2024
NBA,LogisticRegression,Expected FG,spatial,spatial_surface,-192.02898550724638,338.2608695652174,-0.4568672446036458,,,,2014-2024
NBA,LogisticRegression,Expected FG,spatial,spatial_surface,-184.7826086956522,338.2608695652174,-0.4487671984449846,,,,2014-2024
NBA,LogisticRegression,Expected FG,spatial,spatial_surface,-177.53623188405797,338.2608695652174,-0.4409006432482495,,,,2014-2024
NBA,LogisticRegression,Expected FG,spatial,spatial_surface,-170.28985507246375,338.2608695652174,-0.4332739967477153,,,,2014-2024
NBA,LogisticRegression,Expected FG,spatial,spatial_surface,-163.04347826086956,338.2608695652174,-0.42589370435228124,,,,2014-2024
NBA,LogisticRegression,Expected FG,spatial,spatial_surface,-155.79710144927537,338.2608695652174,-0.4187662216397886,,,,2014-2024
NBA,LogisticRegression,Expected FG,spatial,spatial_surface,-148.55072463768116,338.2608695652174,-0.4118979953761628,,,,2014-2024
NBA,LogisticRegression,Expected FG,spatial,spatial_surface,-141.30434782608694,338.2608695652174,-0.4052954430900957,,,,2014-2024
NBA,LogisticRegression,Expected FG,spatial,spatial_surface,-134.05797101449275,338.2608695652174,-0.3989649312573187,,,,2014-2024
NBA,LogisticRegression,Expected FG,spatial,spatial_surface,-126.81159420289855,338.2608695652174,-0.3929127521739505,,,,2014-2024
NBA,LogisticRegression,Expected FG,spatial,spatial_surface,-119.56521739130434,338.2608695652174,-0.3871450996254825,,,,2014-2024
NBA,LogisticRegression,Expected FG,spatial,spatial_surface,-112.31884057971013,338.2608695652174,-0.38166804348637307,,,,2014-2024
NBA,LogisticRegression,Expected FG,spatial,spatial_surface,-105.07246376811594,338.2608695652174,-0.3764875034142512,,,,2014-2024
NBA,LogisticRegression,Expected FG,spatial,spatial_surface,-97.82608695652175,338.2608695652174,-0.3716092218318373,,,,2014-2024
NBA,LogisticRegression,Expected FG,spatial,spatial_surface,-90.57971014492753,338.2608695652174,-0.3670387364179817,,,,2014-2024
NBA,LogisticRegression,Expected FG,spatial,spatial_surface,-83.33333333333331,338.2608695652174,-0.3627813523559297,,,,2014-2024
NBA,LogisticRegression,Expected FG,spatial,spatial_surface,-76.08695652173913,338.2608695652174,-0.35884211461108706,,,,2014-2024
NBA,LogisticRegression,Expected FG,spatial,spatial_surface,-68.84057971014494,338.2608695652174,-0.35522578053124076,,,,2014-2024
NBA,LogisticRegression,Expected FG,spatial,spatial_surface,-61.59420289855072,338.2608695652174,-0.3519367930784766,,,,2014-2024
NBA,LogisticRegression,Expected FG,spatial,spatial_surface,-54.3478260869565,338.2608695652174,-0.34897925501303884,,,,2014-2024
NBA,LogisticRegression,Expected FG,spatial,spatial_surface,-47.10144927536231,338.2608695652174,-0.34635690435430466,,,,2014-2024
NBA,LogisticRegression,Expected FG,spatial,spatial_surface,-39.855072463768124,338.2608695652174,-0.34407309144230713,,,,2014-2024
NBA,LogisticRegression,Expected FG,spatial,spatial_surface,-32.60869565217391,338.2608695652174,-0.3421307579143259,,,,2014-2024
NBA,LogisticRegression,Expected FG,spatial,spatial_surface,-25.36231884057969,338.2608695652174,-0.3405324178948326,,,,2014-2024
NBA,LogisticRegression,Expected FG,spatial,spatial_surface,-18.1159420289855,338.2608695652174,-0.33928014167346165,,,,2014-2024
NBA,LogisticRegression,Expected FG,spatial,spatial_surface,-10.869565217391312,338.2608695652174,-0.338375542115091,,,,2014-2024
NBA,LogisticRegression,Expected FG,spatial,spatial_surface,-3.6231884057970944,338.2608695652174,-0.3378197640090207,,,,2014-2024
NBA,LogisticRegression,Expected FG,spatial,spatial_surface,3.623188405797123,338.2608695652174,-0.33761347652157925,,,,2014-2024
NBA,LogisticRegression,Expected FG,spatial,spatial_surface,10.869565217391312,338.2608695652174,-0.33775686886924494,,,,2014-2024
NBA,LogisticRegression,Expected FG,spatial,spatial_surface,18.1159420289855,338.2608695652174,-0.338249649278886,,,,2014-2024
NBA,LogisticRegression,Expected FG,spatial,spatial_surface,25.362318840579746,338.2608695652174,-0.33909104724936845,,,,2014-2024
NBA,LogisticRegression,Expected FG,spatial,spatial_surface,32.608695652173935,338.2608695652174,-0.3402798190760655,,,,2014-2024
NBA,LogisticRegression,Expected FG,spatial,spatial_surface,39.855072463768124,338.2608695652174,-0.3418142565482356,,,,2014-2024
NBA,LogisticRegression,Expected FG,spatial,spatial_surface,47.10144927536231,338.2608695652174,-0.3436921986802598,,,,2014-2024
NBA,LogisticRegression,Expected FG,spatial,spatial_surface,54.3478260869565,338.2608695652174,-0.34591104629272507,,,,2014-2024
NBA,LogisticRegression,Expected FG,spatial,spatial_surface,61.59420289855075,338.2608695652174,-0.34846777921939587,,,,2014-2024
NBA,LogisticRegression,Expected FG,spatial,spatial_surface,68.84057971014494,338.2608695652174,-0.35135897588228393,,,,2014-2024
NBA,LogisticRegression,Expected FG,spatial,spatial_surface,76.08695652173913,338.2608695652174,-0.3545808349498826,,,,2014-2024
NBA,LogisticRegression,Expected FG,spatial,spatial_surface,83.33333333333337,338.2608695652174,-0.35812919877373683,,,,2014-2024
NBA,LogisticRegression,Expected FG,spatial,spatial_surface,90.57971014492756,338.2608695652174,-0.36199957828587737,,,,2014-2024
NBA,LogisticRegression,Expected FG,spatial,spatial_surface,97.82608695652175,338.2608695652174,-0.366187179034296,,,,2014-2024
NBA,LogisticRegression,Expected FG,spatial,spatial_surface,105.07246376811594,338.2608695652174,-0.3706869280351347,,,,2014-2024
NBA,LogisticRegression,Expected FG,spatial,spatial_surface,112.31884057971013,338.2608695652174,-0.37549350112809954,,,,2014-2024
NBA,LogisticRegression,Expected FG,spatial,spatial_surface,119.56521739130437,338.2608695652174,-0.3806013505350878,,,,2014-2024
NBA,LogisticRegression,Expected FG,spatial,spatial_surface,126.81159420289856,338.2608695652174,-0.3860047323402871,,,,2014-2024
NBA,LogisticRegression,Expected FG,spatial,spatial_surface,134.05797101449275,338.2608695652174,-0.3916977336321732,,,,2014-2024
NBA,LogisticRegression,Expected FG,spatial,spatial_surface,141.304347826087,338.2608695652174,-0.3976742990730028,,,,2014-2024
NBA,LogisticRegression,Expected FG,spatial,spatial_surface,148.55072463768118,338.2608695652174,-0.40392825668858334,,,,2014-2024
NBA,LogisticRegression,Expected FG,spatial,spatial_surface,155.79710144927537,338.2608695652174,-0.41045334269949196,,,,2014-2024
NBA,LogisticRegression,Expected FG,spatial,spatial_surface,163.04347826086956,338.2608695652174,-0.4172432252436724,,,,2014-2024
NBA,LogisticRegression,Expected FG,spatial,spatial_surface,170.28985507246375,338.2608695652174,-0.4242915268687506,,,,2014-2024
NBA,LogisticRegression,Expected FG,spatial,spatial_surface,177.536231884058,338.2608695652174,-0.4315918456998541,,,,2014-2024
NBA,LogisticRegression,Expected FG,spatial,spatial_surface,184.7826086956522,338.2608695652174,-0.43913777521473774,,,,2014-2024
NBA,LogisticRegression,Expected FG,spatial,spatial_surface,192.02898550724638,338.2608695652174,-0.4469229225821534,,,,2014-2024
NBA,LogisticRegression,Expected FG,spatial,spatial_surface,199.27536231884062,338.2608695652174,-0.4549409255414256,,,,2014-2024
NBA,LogisticRegression,Expected FG,spatial,spatial_surface,206.5217391304348,338.2608695652174,-0.463185467820904,,,,2014-2024
NBA,LogisticRegression,Expected FG,spatial,spatial_surface,213.768115942029,338.2608695652174,-0.47165029311025675,,,,2014-2024
NBA,LogisticRegression,Expected FG,spatial,spatial_surface,221.0144927536232,338.2608695652174,-0.48032921761643477,,,,2014-2024
NBA,LogisticRegression,Expected FG,spatial,spatial_surface,228.26086956521738,338.2608695652174,-0.4892161412456354,,,,2014-2024
NBA,LogisticRegression,Expected FG,spatial,spatial_surface,235.50724637681162,338.2608695652174,-0.4983050574638038,,,,2014-2024
NBA,LogisticRegression,Expected FG,spatial,spatial_surface,242.7536231884058,338.2608695652174,-0.5075900618962892,,,,2014-2024
NBA,LogisticRegression,Expected FG,spatial,spatial_surface,250.0,338.2608695652174,-0.517065359733376,,,,2014-2024
NBA,LogisticRegression,Expected FG,spatial,spatial_surface,-250.0,345.07246376811594,-0.541615016878835,,,,2014-2024
NBA,LogisticRegression,Expected FG,spatial,spatial_surface,-242.7536231884058,345.07246376811594,-0.5319962058794852,,,,2014-2024
NBA,LogisticRegression,Expected FG,spatial,spatial_surface,-235.5072463768116,345.07246376811594,-0.522562274951237,,,,2014-2024
NBA,LogisticRegression,Expected FG,spatial,spatial_surface,-228.26086956521738,345.07246376811594,-0.513318812885567,,,,2014-2024
NBA,LogisticRegression,Expected FG,spatial,spatial_surface,-221.0144927536232,345.07246376811594,-0.504271514511409,,,,2014-2024
NBA,LogisticRegression,Expected FG,spatial,spatial_surface,-213.768115942029,345.07246376811594,-0.4954261739064404,,,,2014-2024
NBA,LogisticRegression,Expected FG,spatial,spatial_surface,-206.52173913043478,345.07246376811594,-0.48678867651320623,,,,2014-2024
NBA,LogisticRegression,Expected FG,spatial,spatial_surface,-199.27536231884056,345.07246376811594,-0.4783649900994036,,,,2014-2024
NBA,LogisticRegression,Expected FG,spatial,spatial_surface,-192.02898550724638,345.07246376811594,-0.47016115450703533,,,,2014-2024
NBA,LogisticRegression,Expected FG,spatial,spatial_surface,-184.7826086956522,345.07246376811594,-0.46218327014227456,,,,2014-2024
NBA,LogisticRegression,Expected FG,spatial,spatial_surface,-177.53623188405797,345.07246376811594,-0.4544374851668608,,,,2014-2024
NBA,LogisticRegression,Expected FG,spatial,spatial_surface,-170.28985507246375,345.07246376811594,-0.44692998136281825,,,,2014-2024
NBA,LogisticRegression,Expected FG,spatial,spatial_surface,-163.04347826086956,345.07246376811594,-0.43966695865533123,,,,2014-2024
NBA,LogisticRegression,Expected FG,spatial,spatial_surface,-155.79710144927537,345.07246376811594,-0.4326546182937693,,,,2014-2024
NBA,LogisticRegression,Expected FG,spatial,spatial_surface,-148.55072463768116,345.07246376811594,-0.4258991447080851,,,,2014-2024
NBA,LogisticRegression,Expected FG,spatial,spatial_surface,-141.30434782608694,345.07246376811594,-0.41940668607711395,,,,2014-2024
NBA,LogisticRegression,Expected FG,spatial,spatial_surface,-134.05797101449275,345.07246376811594,-0.41318333366641435,,,,2014-2024
NBA,LogisticRegression,Expected FG,spatial,spatial_surface,-126.81159420289855,345.07246376811594,-0.4072351000160961,,,,2014-2024
NBA,LogisticRegression,Expected FG,spatial,spatial_surface,-119.56521739130434,345.07246376811594,-0.4015678960831368,,,,2014-2024
NBA,LogisticRegression,Expected FG,spatial,spatial_surface,-112.31884057971013,345.07246376811594,-0.39618750746770093,,,,2014-2024
NBA,LogisticRegression,Expected FG,spatial,spatial_surface,-105.07246376811594,345.07246376811594,-0.3910995698782973,,,,2014-2024
NBA,LogisticRegression,Expected FG,spatial,spatial_surface,-97.82608695652175,345.07246376811594,-0.38630954401578343,,,,2014-2024
NBA,LogisticRegression,Expected FG,spatial,spatial_surface,-90.57971014492753,345.07246376811594,-0.3818226900804663,,,,2014-2024
NBA,LogisticRegression,Expected FG,spatial,spatial_surface,-83.33333333333331,345.07246376811594,-0.3776440421291726,,,,2014-2024
NBA,LogisticRegression,Expected FG,spatial,spatial_surface,-76.08695652173913,345.07246376811594,-0.37377838252939444,,,,2014-2024
NBA,LogisticRegression,Expected FG,spatial,spatial_surface,-68.84057971014494,345.07246376811594,-0.37023021677466605,,,,2014-2024
NBA,LogisticRegression,Expected FG,spatial,spatial_surface,-61.59420289855072,345.07246376811594,-0.36700374893837706,,,,2014-2024
NBA,LogisticRegression,Expected FG,spatial,spatial_surface,-54.3478260869565,345.07246376811594,-0.364102858051673,,,,2014-2024
NBA,LogisticRegression,Expected FG,spatial,spatial_surface,-47.10144927536231,345.07246376811594,-0.36153107569416887,,,,2014-2024
NBA,LogisticRegression,Expected FG,spatial,spatial_surface,-39.855072463768124,345.07246376811594,-0.35929156508352866,,,,2014-2024
NBA,LogisticRegression,Expected FG,spatial,spatial_surface,-32.60869565217391,345.07246376811594,-0.3573871019411171,,,,2014-2024
NBA,LogisticRegression,Expected FG,spatial,spatial_surface,-25.36231884057969,345.07246376811594,-0.35582005739581435,,,,2014-2024
NBA,LogisticRegression,Expected FG,spatial,spatial_surface,-18.1159420289855,345.07246376811594,-0.35459238316673614,,,,2014-2024
NBA,LogisticRegression,Expected FG,spatial,spatial_surface,-10.869565217391312,345.07246376811594,-0.3537055992382828,,,,2014-2024
NBA,LogisticRegression,Expected FG,spatial,spatial_surface,-3.6231884057970944,345.07246376811594,-0.3531607842082304,,,,2014-2024
NBA,LogisticRegression,Expected FG,spatial,spatial_surface,3.623188405797123,345.07246376811594,-0.35295856845208406,,,,2014-2024
NBA,LogisticRegression,Expected FG,spatial,spatial_surface,10.869565217391312,345.07246376811594,-0.3530991302056683,,,,2014-2024
NBA,LogisticRegression,Expected FG,spatial,spatial_surface,18.1159420289855,345.07246376811594,-0.3535821946239137,,,,2014-2024
NBA,LogisticRegression,Expected FG,spatial,spatial_surface,25.362318840579746,345.07246376811594,-0.3544070358282304,,,,2014-2024
NBA,LogisticRegression,Expected FG,spatial,spatial_surface,32.608695652173935,345.07246376811594,-0.3555724819090098,,,,2014-2024
NBA,LogisticRegression,Expected FG,spatial,spatial_surface,39.855072463768124,345.07246376811594,-0.35707692280486103,,,,2014-2024
NBA,LogisticRegression,Expected FG,spatial,spatial_surface,47.10144927536231,345.07246376811594,-0.35891832093749665,,,,2014-2024
NBA,LogisticRegression,Expected FG,spatial,spatial_surface,54.3478260869565,345.07246376811594,-0.36109422444172323,,,,2014-2024
NBA,LogisticRegression,Expected FG,spatial,spatial_surface,61.59420289855075,345.07246376811594,-0.36360178279487054,,,,2014-2024
NBA,LogisticRegression,Expected FG,spatial,spatial_surface,68.84057971014494,345.07246376811594,-0.36643776461996713,,,,2014-2024
NBA,LogisticRegression,Expected FG,spatial,spatial_surface,76.08695652173913,345.07246376811594,-0.3695985774126179,,,,2014-2024
NBA,LogisticRegression,Expected FG,spatial,spatial_surface,83.33333333333337,345.07246376811594,-0.37308028892330125,,,,2014-2024
NBA,LogisticRegression,Expected FG,spatial,spatial_surface,90.57971014492756,345.07246376811594,-0.37687864991480524,,,,2014-2024
NBA,LogisticRegression,Expected FG,spatial,spatial_surface,97.82608695652175,345.07246376811594,-0.38098911800872226,,,,2014-2024
NBA,LogisticRegression,Expected FG,spatial,spatial_surface,105.07246376811594,345.07246376811594,-0.38540688233504183,,,,2014-2024
NBA,LogisticRegression,Expected FG,spatial,spatial_surface,112.31884057971013,345.07246376811594,-0.3901268887045618,,,,2014-2024
NBA,LogisticRegression,Expected FG,spatial,spatial_surface,119.56521739130437,345.07246376811594,-0.3951438650344138,,,,2014-2024
NBA,LogisticRegression,Expected FG,spatial,spatial_surface,126.81159420289856,345.07246376811594,-0.400452346771911,,,,2014-2024
NBA,LogisticRegression,Expected FG,spatial,spatial_surface,134.05797101449275,345.07246376811594,-0.40604670208033644,,,,2014-2024
NBA,LogisticRegression,Expected FG,spatial,spatial_surface,141.304347826087,345.07246376811594,-0.41192115657149175,,,,2014-2024
NBA,LogisticRegression,Expected FG,spatial,spatial_surface,148.55072463768118,345.07246376811594,-0.4180698173930034,,,,2014-2024
NBA,LogisticRegression,Expected FG,spatial,spatial_surface,155.79710144927537,345.07246376811594,-0.42448669650283355,,,,2014-2024
NBA,LogisticRegression,Expected FG,spatial,spatial_surface,163.04347826086956,345.07246376811594,-0.43116573298839644,,,,2014-2024
NBA,LogisticRegression,Expected FG,spatial,spatial_surface,170.28985507246375,345.07246376811594,-0.4381008143126004,,,,2014-2024
NBA,LogisticRegression,Expected FG,spatial,spatial_surface,177.536231884058,345.07246376811594,-0.44528579639342203,,,,2014-2024
NBA,LogisticRegression,Expected FG,spatial,spatial_surface,184.7826086956522,345.07246376811594,-0.4527145224467797,,,,2014-2024
NBA,LogisticRegression,Expected FG,spatial,spatial_surface,192.02898550724638,345.07246376811594,-0.46038084054427564,,,,2014-2024
NBA,LogisticRegression,Expected FG,spatial,spatial_surface,199.27536231884062,345.07246376811594,-0.46827861985736163,,,,2014-2024
NBA,LogisticRegression,Expected FG,spatial,spatial_surface,206.5217391304348,345.07246376811594,-0.4764017655776397,,,,2014-2024
NBA,LogisticRegression,Expected FG,spatial,spatial_surface,213.768115942029,345.07246376811594,-0.48474423251907517,,,,2014-2024
NBA,LogisticRegression,Expected FG,spatial,spatial_surface,221.0144927536232,345.07246376811594,-0.4933000374219366,,,,2014-2024
NBA,LogisticRegression,Expected FG,spatial,spatial_surface,228.26086956521738,345.07246376811594,-0.5020632699902553,,,,2014-2024
NBA,LogisticRegression,Expected FG,spatial,spatial_surface,235.50724637681162,345.07246376811594,-0.511028102704548,,,,2014-2024
NBA,LogisticRegression,Expected FG,spatial,spatial_surface,242.7536231884058,345.07246376811594,-0.5201887994596426,,,,2014-2024
NBA,LogisticRegression,Expected FG,spatial,spatial_surface,250.0,345.07246376811594,-0.5295397230837574,,,,2014-2024
NBA,LogisticRegression,Expected FG,spatial,spatial_surface,-250.0,351.8840579710145,-0.5539931673171657,,,,2014-2024
NBA,LogisticRegression,Expected FG,spatial,spatial_surface,-242.7536231884058,351.8840579710145,-0.5444980307954895,,,,2014-2024
NBA,LogisticRegression,Expected FG,spatial,spatial_surface,-235.5072463768116,351.8840579710145,-0.5351877881240898,,,,2014-2024
NBA,LogisticRegression,Expected FG,spatial,spatial_surface,-228.26086956521738,351.8840579710145,-0.5260678800963392,,,,2014-2024
NBA,LogisticRegression,Expected FG,spatial,spatial_surface,-221.0144927536232,351.8840579710145,-0.5171438435307477,,,,2014-2024
NBA,LogisticRegression,Expected FG,spatial,spatial_surface,-213.768115942029,351.8840579710145,-0.5084213043660917,,,,2014-2024
NBA,LogisticRegression,Expected FG,spatial,spatial_surface,-206.52173913043478,351.8840579710145,-0.4999059697290755,,,,2014-2024
NBA,LogisticRegression,Expected FG,spatial,spatial_surface,-199.27536231884056,351.8840579710145,-0.49160361892328786,,,,2014-2024
NBA,LogisticRegression,Expected FG,spatial,spatial_surface,-192.02898550724638,351.8840579710145,-0.4835200932937985,,,,2014-2024
NBA,LogisticRegression,Expected FG,spatial,spatial_surface,-184.7826086956522,351.8840579710145,-0.4756612849288867,,,,2014-2024
NBA,LogisticRegression,Expected FG,spatial,spatial_surface,-177.53623188405797,351.8840579710145,-0.4680331241691613,,,,2014-2024
NBA,LogisticRegression,Expected FG,spatial,spatial_surface,-170.28985507246375,351.8840579710145,-0.4606415659048758,,,,2014-2024
NBA,LogisticRegression,Expected FG,spatial,spatial_surface,-163.04347826086956,351.8840579710145,-0.4534925746545644,,,,2014-2024
NBA,LogisticRegression,Expected FG,spatial,spatial_surface,-155.79710144927537,351.8840579710145,-0.44659210843224173,,,,2014-2024
NBA,LogisticRegression,Expected FG,spatial,spatial_surface,-148.55072463768116,351.8840579710145,-0.4399461014263376,,,,2014-2024
NBA,LogisticRegression,Expected FG,spatial,spatial_surface,-141.30434782608694,351.8840579710145,-0.4335604455310912,,,,2014-2024
NBA,LogisticRegression,Expected FG,spatial,spatial_surface,-134.05797101449275,351.8840579710145,-0.4274409707902386,,,,2014-2024
NBA,LogisticRegression,Expected FG,spatial,spatial_surface,-126.81159420289855,351.8840579710145,-0.42159342483322226,,,,2014-2024
NBA,LogisticRegression,Expected FG,spatial,spatial_surface,-119.56521739130434,351.8840579710145,-0.4160234514054906,,,,2014-2024
NBA,LogisticRegression,Expected FG,spatial,spatial_surface,-112.31884057971013,351.8840579710145,-0.4107365681164612,,,,2014-2024
NBA,LogisticRegression,Expected FG,spatial,spatial_surface,-105.07246376811594,351.8840579710145,-0.40573814355080506,,,,2014-2024
NBA,LogisticRegression,Expected FG,spatial,spatial_surface,-97.82608695652175,351.8840579710145,-0.40103337391046856,,,,2014-2024
NBA,LogisticRegression,Expected FG,spatial,spatial_surface,-90.57971014492753,351.8840579710145,-0.3966272593755973,,,,2014-2024
NBA,LogisticRegression,Expected FG,spatial,spatial_surface,-83.33333333333331,351.8840579710145,-0.3925245803917201,,,,2014-2024
NBA,LogisticRegression,Expected FG,spatial,spatial_surface,-76.08695652173913,351.8840579710145,-0.3887298741074545,,,,2014-2024
NBA,LogisticRegression,Expected FG,spatial,spatial_surface,-68.84057971014494,351.8840579710145,-0.3852474112010206,,,,2014-2024
NBA,LogisticRegression,Expected FG,spatial,spatial_surface,-61.59420289855072,351.8840579710145,-0.38208117334430536,,,,2014-2024
NBA,LogisticRegression,Expected FG,spatial,spatial_surface,-54.3478260869565,351.8840579710145,-0.3792348315595524,,,,2014-2024
NBA,LogisticRegression,Expected FG,spatial,spatial_surface,-47.10144927536231,351.8840579710145,-0.37671172572543676,,,,2014-2024
NBA,LogisticRegression,Expected FG,spatial,spatial_surface,-39.855072463768124,351.8840579710145,-0.3745148454859627,,,,2014-2024
NBA,LogisticRegression,Expected FG,spatial,spatial_surface,-32.60869565217391,351.8840579710145,-0.3726468128069752,,,,2014-2024
NBA,LogisticRegression,Expected FG,spatial,spatial_surface,-25.36231884057969,351.8840579710145,-0.37110986641106736,,,,2014-2024
NBA,LogisticRegression,Expected FG,spatial,spatial_surface,-18.1159420289855,351.8840579710145,-0.36990584830237205,,,,2014-2024
NBA,LogisticRegression,Expected FG,spatial,spatial_surface,-10.869565217391312,351.8840579710145,-0.36903619256830744,,,,2014-2024
NBA,LogisticRegression,Expected FG,spatial,spatial_surface,-3.6231884057970944,351.8840579710145,-0.36850191661643306,,,,2014-2024
NBA,LogisticRegression,Expected FG,spatial,spatial_surface,3.623188405797123,351.8840579710145,-0.3683036149715825,,,,2014-2024
NBA,LogisticRegression,Expected FG,spatial,spatial_surface,10.869565217391312,351.8840579710145,-0.36844145572231257,,,,2014-2024
NBA,LogisticRegression,Expected FG,spatial,spatial_surface,18.1159420289855,351.8840579710145,-0.36891517966723253,,,,2014-2024
NBA,LogisticRegression,Expected FG,spatial,spatial_surface,25.362318840579746,351.8840579710145,-0.36972410217204477,,,,2014-2024
NBA,LogisticRegression,Expected FG,spatial,spatial_surface,32.608695652173935,351.8840579710145,-0.3708671177080741,,,,2014-2024
NBA,LogisticRegression,Expected FG,spatial,spatial_surface,39.855072463768124,351.8840579710145,-0.3723427070038938,,,,2014-2024
NBA,LogisticRegression,Expected FG,spatial,spatial_surface,47.10144927536231,351.8840579710145,-0.37414894670424903,,,,2014-2024
NBA,LogisticRegression,Expected FG,spatial,spatial_surface,54.3478260869565,351.8840579710145,-0.37628352139587995,,,,2014-2024
NBA,LogisticRegression,Expected FG,spatial,spatial_surface,61.59420289855075,351.8840579710145,-0.37874373782887427,,,,2014-2024
NBA,LogisticRegression,Expected FG,spatial,spatial_surface,68.84057971014494,351.8840579710145,-0.3815265411354769,,,,2014-2024
NBA,LogisticRegression,Expected FG,spatial,spatial_surface,76.08695652173913,351.8840579710145,-0.38462853282644915,,,,2014-2024
NBA,LogisticRegression,Expected FG,spatial,spatial_surface,83.33333333333337,351.8840579710145,-0.38804599032839215,,,,2014-2024
NBA,LogisticRegression,Expected FG,spatial,spatial_surface,90.57971014492756,351.8840579710145,-0.39177488781410863,,,,2014-2024
NBA,LogisticRegression,Expected FG,spatial,spatial_surface,97.82608695652175,351.8840579710145,-0.3958109180720768,,,,2014-2024
NBA,LogisticRegression,Expected FG,spatial,spatial_surface,105.07246376811594,351.8840579710145,-0.40014951516021247,,,,2014-2024
NBA,LogisticRegression,Expected FG,spatial,spatial_surface,112.31884057971013,351.8840579710145,-0.40478587759303974,,,,2014-2024
NBA,LogisticRegression,Expected FG,spatial,spatial_surface,119.56521739130437,351.8840579710145,-0.4097149918196661,,,,2014-2024
NBA,LogisticRegression,Expected FG,spatial,spatial_surface,126.81159420289856,351.8840579710145,-0.41493165576205426,,,,2014-2024
NBA,LogisticRegression,Expected FG,spatial,spatial_surface,134.05797101449275,351.8840579710145,-0.4204305021983805,,,,2014-2024
NBA,LogisticRegression,Expected FG,spatial,spatial_surface,141.304347826087,351.8840579710145,-0.4262060217941167,,,,2014-2024
NBA,LogisticRegression,Expected FG,spatial,spatial_surface,148.55072463768118,351.8840579710145,-0.43225258560323765,,,,2014-2024
NBA,LogisticRegression,Expected FG,spatial,spatial_surface,155.79710144927537,351.8840579710145,-0.43856446688297246,,,,2014-2024
NBA,LogisticRegression,Expected FG,spatial,spatial_surface,163.04347826086956,351.8840579710145,-0.44513586208721256,,,,2014-2024
NBA,LogisticRegression,Expected FG,spatial,spatial_surface,170.28985507246375,351.8840579710145,-0.4519609109255086,,,,2014-2024
NBA,LogisticRegression,Expected FG,spatial,spatial_surface,177.536231884058,351.8840579710145,-0.4590337153960167,,,,2014-2024
NBA,LogisticRegression,Expected FG,spatial,spatial_surface,184.7826086956522,351.8840579710145,-0.4663483577214387,,,,2014-2024
NBA,LogisticRegression,Expected FG,spatial,spatial_surface,192.02898550724638,351.8840579710145,-0.4738989171365473,,,,2014-2024
NBA,LogisticRegression,Expected FG,spatial,spatial_surface,199.27536231884062,351.8840579710145,-0.4816794854940626,,,,2014-2024
NBA,LogisticRegression,Expected FG,spatial,spatial_surface,206.5217391304348,351.8840579710145,-0.48968418167224204,,,,2014-2024
NBA,LogisticRegression,Expected FG,spatial,spatial_surface,213.768115942029,351.8840579710145,-0.4979071647824732,,,,2014-2024
NBA,LogisticRegression,Expected FG,spatial,spatial_surface,221.0144927536232,351.8840579710145,-0.5063426461882923,,,,2014-2024
NBA,LogisticRegression,Expected FG,spatial,spatial_surface,228.26086956521738,351.8840579710145,-0.5149849003586393,,,,2014-2024
NBA,LogisticRegression,Expected FG,spatial,spatial_surface,235.50724637681162,351.8840579710145,-0.5238282745877971,,,,2014-2024
NBA,LogisticRegression,Expected FG,spatial,spatial_surface,242.7536231884058,351.8840579710145,-0.532867197622432,,,,2014-2024
NBA,LogisticRegression,Expected FG,spatial,spatial_surface,250.0,351.8840579710145,-0.5420961872425466,,,,2014-2024
NBA,LogisticRegression,Expected FG,spatial,spatial_surface,-250.0,358.69565217391306,-0.5664548149542348,,,,2014-2024
NBA,LogisticRegression,Expected FG,spatial,spatial_surface,-242.7536231884058,358.69565217391306,-0.5570809893662643,,,,2014-2024
NBA,LogisticRegression,Expected FG,spatial,spatial_surface,-235.5072463768116,358.69565217391306,-0.5478919789129992,,,,2014-2024
NBA,LogisticRegression,Expected FG,spatial,spatial_surface,-228.26086956521738,358.69565217391306,-0.5388930787164461,,,,2014-2024
NBA,LogisticRegression,Expected FG,spatial,spatial_surface,-221.0144927536232,358.69565217391306,-0.5300896705845466,,,,2014-2024
NBA,LogisticRegression,Expected FG,spatial,spatial_surface,-213.768115942029,358.69565217391306,-0.5214872160380047,,,,2014-2024
NBA,LogisticRegression,Expected FG,spatial,spatial_surface,-206.52173913043478,358.69565217391306,-0.513091248375,,,,2014-2024
NBA,LogisticRegression,Expected FG,spatial,spatial_surface,-199.27536231884056,358.69565217391306,-0.5049073637309299,,,,2014-2024
NBA,LogisticRegression,Expected FG,spatial,spatial_surface,-192.02898550724638,358.69565217391306,-0.49694121109594813,,,,2014-2024
NBA,LogisticRegression,Expected FG,spatial,spatial_surface,-184.7826086956522,358.69565217391306,-0.4891984812601481,,,,2014-2024
NBA,LogisticRegression,Expected FG,spatial,spatial_surface,-177.53623188405797,358.69565217391306,-0.4816848946647222,,,,2014-2024
NBA,LogisticRegression,Expected FG,spatial,spatial_surface,-170.28985507246375,358.69565217391306,-0.47440618814746605,,,,2014-2024
NBA,LogisticRegression,Expected FG,spatial,spatial_surface,-163.04347826086956,358.69565217391306,-0.46736810058257494,,,,2014-2024
NBA,LogisticRegression,Expected FG,spatial,spatial_surface,-155.79710144927537,358.69565217391306,-0.460576357427797,,,,2014-2024
NBA,LogisticRegression,Expected FG,spatial,spatial_surface,-148.55072463768116,358.69565217391306,-0.4540366542066253,,,,2014-2024
NBA,LogisticRegression,Expected FG,spatial,spatial_surface,-141.30434782608694,358.69565217391306,-0.447754638969186,,,,2014-2024
NBA,LogisticRegression,Expected FG,spatial,spatial_surface,-134.05797101449275,358.69565217391306,-0.4417358937927085,,,,2014-2024
NBA,LogisticRegression,Expected FG,spatial,spatial_surface,-126.81159420289855,358.69565217391306,-0.43598591540067355,,,,2014-2024
NBA,LogisticRegression,Expected FG,spatial,spatial_surface,-119.56521739130434,358.69565217391306,-0.43051009499867654,,,,2014-2024
NBA,LogisticRegression,Expected FG,spatial,spatial_surface,-112.31884057971013,358.69565217391306,-0.42531369744434555,,,,2014-2024
NBA,LogisticRegression,Expected FG,spatial,spatial_surface,-105.07246376811594,358.69565217391306,-0.42040183988794155,,,,2014-2024
NBA,LogisticRegression,Expected FG,spatial,spatial_surface,-97.82608695652175,358.69565217391306,-0.4157794700390516,,,,2014-2024
NBA,LogisticRegression,Expected FG,spatial,spatial_surface,-90.57971014492753,358.69565217391306,-0.41145134423254903,,,,2014-2024
NBA,LogisticRegression,Expected FG,spatial,spatial_surface,-83.33333333333331,358.69565217391306,-0.40742200548326934,,,,2014-2024
NBA,LogisticRegression,Expected FG,spatial,spatial_surface,-76.08695652173913,358.69565217391306,-0.4036957617329606,,,,2014-2024
NBA,LogisticRegression,Expected FG,spatial,spatial_surface,-68.84057971014494,358.69565217391306,-0.40027666450459753,,,,2014-2024
NBA,LogisticRegression,Expected FG,spatial,spatial_surface,-61.59420289855072,358.69565217391306,-0.3971684881874422,,,,2014-2024
NBA,LogisticRegression,Expected FG,spatial,spatial_surface,-54.3478260869565,358.69565217391306,-0.39437471018092807,,,,2014-2024
NBA,LogisticRegression,Expected FG,spatial,spatial_surface,-47.10144927536231,358.69565217391306,-0.39189849212603733,,,,2014-2024
NBA,LogisticRegression,Expected FG,spatial,spatial_surface,-39.855072463768124,358.69565217391306,-0.3897426624490824,,,,2014-2024
NBA,LogisticRegression,Expected FG,spatial,spatial_surface,-32.60869565217391,358.69565217391306,-0.387909700434486,,,,2014-2024
NBA,LogisticRegression,Expected FG,spatial,spatial_surface,-25.36231884057969,358.69565217391306,-0.3864017220302073,,,,2014-2024
NBA,LogisticRegression,Expected FG,spatial,spatial_surface,-18.1159420289855,358.69565217391306,-0.38522046757197403,,,,2014-2024
NBA,LogisticRegression,Expected FG,spatial,spatial_surface,-10.869565217391312,358.69565217391306,-0.38436729159071825,,,,2014-2024
NBA,LogisticRegression,Expected FG,spatial,spatial_surface,-3.6231884057970944,358.69565217391306,-0.38384315484194553,,,,2014-2024
NBA,LogisticRegression,Expected FG,spatial,spatial_surface,3.623188405797123,358.69565217391306,-0.3836486186666985,,,,2014-2024
NBA,LogisticRegression,Expected FG,spatial,spatial_surface,10.869565217391312,358.69565217391306,-0.3837838417620695,,,,2014-2024
NBA,LogisticRegression,Expected FG,spatial,spatial_surface,18.1159420289855,358.69565217391306,-0.3842485794054892,,,,2014-2024
NBA,LogisticRegression,Expected FG,spatial,spatial_surface,25.362318840579746,358.69565217391306,-0.38504218514225974,,,,2014-2024
NBA,LogisticRegression,Expected FG,spatial,spatial_surface,32.608695652173935,358.69565217391306,-0.3861636149107869,,,,2014-2024
NBA,LogisticRegression,Expected FG,spatial,spatial_surface,39.855072463768124,358.69565217391306,-0.38761143354564565,,,,2014-2024
NBA,LogisticRegression,Expected FG,spatial,spatial_surface,47.10144927536231,358.69565217391306,-0.3893838235658311,,,,2014-2024
NBA,LogisticRegression,Expected FG,spatial,spatial_surface,54.3478260869565,358.69565217391306,-0.39147859612510716,,,,2014-2024
NBA,LogisticRegression,Expected FG,spatial,spatial_surface,61.59420289855075,358.69565217391306,-0.39389320397398797,,,,2014-2024
NBA,LogisticRegression,Expected FG,spatial,spatial_surface,68.84057971014494,358.69565217391306,-0.39662475625914784,,,,2014-2024
NBA,LogisticRegression,Expected FG,spatial,spatial_surface,76.08695652173913,358.69565217391306,-0.3996700349664265,,,,2014-2024
NBA,LogisticRegression,Expected FG,spatial,spatial_surface,83.33333333333337,358.69565217391306,-0.4030255127983777,,,,2014-2024
NBA,LogisticRegression,Expected FG,spatial,spatial_surface,90.57971014492756,358.69565217391306,-0.4066873722666743,,,,2014-2024
NBA,LogisticRegression,Expected FG,spatial,spatial_surface,97.82608695652175,358.69565217391306,-0.4106515257735982,,,,2014-2024
NBA,LogisticRegression,Expected FG,spatial,spatial_surface,105.07246376811594,358.69565217391306,-0.4149136364552397,,,,2014-2024
NBA,LogisticRegression,Expected FG,spatial,spatial_surface,112.31884057971013,358.69565217391306,-0.4194691395615976,,,,2014-2024
NBA,LogisticRegression,Expected FG,spatial,spatial_surface,119.56521739130437,358.69565217391306,-0.42431326415517234,,,,2014-2024
NBA,LogisticRegression,Expected FG,spatial,spatial_surface,126.81159420289856,358.69565217391306,-0.4294410549194452,,,,2014-2024
NBA,LogisticRegression,Expected FG,spatial,spatial_surface,134.05797101449275,358.69565217391306,-0.4348473938813079,,,,2014-2024
NBA,LogisticRegression,Expected FG,spatial,spatial_surface,141.304347826087,358.69565217391306,-0.4405270218665458,,,,2014-2024
NBA,LogisticRegression,Expected FG,spatial,spatial_surface,148.55072463768118,358.69565217391306,-0.4464745595243055,,,,2014-2024
NBA,LogisticRegression,Expected FG,spatial,spatial_surface,155.79710144927537,358.69565217391306,-0.4526845277745618,,,,2014-2024
NBA,LogisticRegression,Expected FG,spatial,spatial_surface,163.04347826086956,358.69565217391306,-0.4591513675514439,,,,2014-2024
NBA,LogisticRegression,Expected FG,spatial,spatial_surface,170.28985507246375,358.69565217391306,-0.4658694587343537,,,,2014-2024
NBA,LogisticRegression,Expected FG,spatial,spatial_surface,177.536231884058,358.69565217391306,-0.47283313817775763,,,,2014-2024
NBA,LogisticRegression,Expected FG,spatial,spatial_surface,184.7826086956522,358.69565217391306,-0.48003671676890713,,,,2014-2024
NBA,LogisticRegression,Expected FG,spatial,spatial_surface,192.02898550724638,358.69565217391306,-0.4874744954603044,,,,2014-2024
NBA,LogisticRegression,Expected FG,spatial,spatial_surface,199.27536231884062,358.69565217391306,-0.49514078024016916,,,,2014-2024
NBA,LogisticRegression,Expected FG,spatial,spatial_surface,206.5217391304348,358.69565217391306,-0.50302989601934,,,,2014-2024
NBA,LogisticRegression,Expected FG,spatial,spatial_surface,213.768115942029,358.69565217391306,-0.5111361994268032,,,,2014-2024
NBA,LogisticRegression,Expected FG,spatial,spatial_surface,221.0144927536232,358.69565217391306,-0.5194540905183068,,,,2014-2024
NBA,LogisticRegression,Expected FG,spatial,spatial_surface,228.26086956521738,358.69565217391306,-0.5279780234132765,,,,2014-2024
NBA,LogisticRegression,Expected FG,spatial,spatial_surface,235.50724637681162,358.69565217391306,-0.5367025158844838,,,,2014-2024
NBA,LogisticRegression,Expected FG,spatial,spatial_surface,242.7536231884058,358.69565217391306,-0.5456221579326846,,,,2014-2024
NBA,LogisticRegression,Expected FG,spatial,spatial_surface,250.0,358.69565217391306,-0.5547316193848253,,,,2014-2024
NBA,LogisticRegression,Expected FG,spatial,spatial_surface,-250.0,365.5072463768116,-0.5789968225623855,,,,2014-2024
NBA,LogisticRegression,Expected FG,spatial,spatial_surface,-242.7536231884058,365.5072463768116,-0.5697419752167953,,,,2014-2024
NBA,LogisticRegression,Expected FG,spatial,spatial_surface,-235.5072463768116,365.5072463768116,-0.5606717783445269,,,,2014-2024
NBA,LogisticRegression,Expected FG,spatial,spatial_surface,-228.26086956521738,365.5072463768116,-0.5517913839417143,,,,2014-2024
NBA,LogisticRegression,Expected FG,spatial,spatial_surface,-221.0144927536232,365.5072463768116,-0.5431060219900091,,,,2014-2024
NBA,LogisticRegression,Expected FG,spatial,spatial_surface,-213.768115942029,365.5072463768116,-0.5346209934565752,,,,2014-2024
NBA,LogisticRegression,Expected FG,spatial,spatial_surface,-206.52173913043478,365.5072463768116,-0.5263416623947434,,,,2014-2024
NBA,LogisticRegression,Expected FG,spatial,spatial_surface,-199.27536231884056,365.5072463768116,-0.5182734471098169,,,,2014-2024
NBA,LogisticRegression,Expected FG,spatial,spatial_surface,-192.02898550724638,365.5072463768116,-0.5104218103601909,,,,2014-2024
NBA,LogisticRegression,Expected FG,spatial,spatial_surface,-184.7826086956522,365.5072463768116,-0.5027922485708084,,,,2014-2024
NBA,LogisticRegression,Expected FG,spatial,spatial_surface,-177.53623188405797,365.5072463768116,-0.49539028004415,,,,2014-2024
NBA,LogisticRegression,Expected FG,spatial,spatial_surface,-170.28985507246375,365.5072463768116,-0.48822143216344605,,,,2014-2024
NBA,LogisticRegression,Expected FG,spatial,spatial_surface,-163.04347826086956,365.5072463768116,-0.4812912275936214,,,,2014-2024
NBA,LogisticRegression,Expected FG,spatial,spatial_surface,-155.79710144927537,365.5072463768116,-0.47460516949762954,,,,2014-2024
NBA,LogisticRegression,Expected FG,spatial,spatial_surface,-148.55072463768116,365.5072463768116,-0.4681687257992053,,,,2014-2024
NBA,LogisticRegression,Expected FG,spatial,spatial_surface,-141.30434782608694,365.5072463768116,-0.4619873125375644,,,,2014-2024
NBA,LogisticRegression,Expected FG,spatial,spatial_surface,-134.05797101449275,365.5072463768116,-0.45606627637510844,,,,2014-2024
NBA,LogisticRegression,Expected FG,spatial,spatial_surface,-126.81159420289855,365.5072463768116,-0.45041087633540056,,,,2014-2024
NBA,LogisticRegression,Expected FG,spatial,spatial_surface,-119.56521739130434,365.5072463768116,-0.4450262648654927,,,,2014-2024
NBA,LogisticRegression,Expected FG,spatial,spatial_surface,-112.31884057971013,365.5072463768116,-0.43991746833361745,,,,2014-2024
NBA,LogisticRegression,Expected FG,spatial,spatial_surface,-105.07246376811594,365.5072463768116,-0.4350893670900696,,,,2014-2024
NBA,LogisticRegression,Expected FG,spatial,spatial_surface,-97.82608695652175,365.5072463768116,-0.4305466752353321,,,,2014-2024
NBA,LogisticRegression,Expected FG,spatial,spatial_surface,-90.57971014492753,365.5072463768116,-0.426293920254716,,,,2014-2024
NBA,LogisticRegression,Expected FG,spatial,spatial_surface,-83.33333333333331,365.5072463768116,-0.42233542269253943,,,,2014-2024
NBA,LogisticRegression,Expected FG,spatial,spatial_surface,-76.08695652173913,365.5072463768116,-0.4186752760506931,,,,2014-2024
NBA,LogisticRegression,Expected FG,spatial,spatial_surface,-68.84057971014494,365.5072463768116,-0.4153173271058368,,,,2014-2024
NBA,LogisticRegression,Expected FG,spatial,spatial_surface,-61.59420289855072,365.5072463768116,-0.41226515684605813,,,,2014-2024
NBA,LogisticRegression,Expected FG,spatial,spatial_surface,-54.3478260869565,365.5072463768116,-0.40952206223116583,,,,2014-2024
NBA,LogisticRegression,Expected FG,spatial,spatial_surface,-47.10144927536231,365.5072463768116,-0.40709103898057053,,,,2014-2024
NBA,LogisticRegression,Expected FG,spatial,spatial_surface,-39.855072463768124,365.5072463768116,-0.40497476558870416,,,,2014-2024
NBA,LogisticRegression,Expected FG,spatial,spatial_surface,-32.60869565217391,365.5072463768116,-0.40317558875996695,,,,2014-2024
NBA,LogisticRegression,Expected FG,spatial,spatial_surface,-25.36231884057969,365.5072463768116,-0.40169551044325413,,,,2014-2024
NBA,LogisticRegression,Expected FG,spatial,spatial_surface,-18.1159420289855,365.5072463768116,-0.4005361766303206,,,,2014-2024
NBA,LogisticRegression,Expected FG,spatial,spatial_surface,-10.869565217391312,365.5072463768116,-0.399698868062744,,,,2014-2024
NBA,LogisticRegression,Expected FG,spatial,spatial_surface,-3.6231884057970944,365.5072463768116,-0.3991844929694701,,,,2014-2024
NBA,LogisticRegression,Expected FG,spatial,spatial_surface,3.623188405797123,365.5072463768116,-0.39899358193127454,,,,2014-2024
NBA,LogisticRegression,Expected FG,spatial,spatial_surface,10.869565217391312,365.5072463768116,-0.39912628494051783,,,,2014-2024
NBA,LogisticRegression,Expected FG,spatial,spatial_surface,18.1159420289855,365.5072463768116,-0.399582370695008,,,,2014-2024
NBA,LogisticRegression,Expected FG,spatial,spatial_surface,25.362318840579746,365.5072463768116,-0.4003612281342579,,,,2014-2024
NBA,LogisticRegression,Expected FG,spatial,spatial_surface,32.608695652173935,365.5072463768116,-0.40146187019574076,,,,2014-2024
NBA,LogisticRegression,Expected FG,spatial,spatial_surface,39.855072463768124,365.5072463768116,-0.4028829397386269,,,,2014-2024
NBA,LogisticRegression,Expected FG,spatial,spatial_surface,47.10144927536231,365.5072463768116,-0.4046227175536625,,,,2014-2024
NBA,LogisticRegression,Expected FG,spatial,spatial_surface,54.3478260869565,365.5072463768116,-0.40667913235102426,,,,2014-2024
NBA,LogisticRegression,Expected FG,spatial,spatial_surface,61.59420289855075,365.5072463768116,-0.4090497725937383,,,,2014-2024
NBA,LogisticRegression,Expected FG,spatial,spatial_surface,68.84057971014494,365.5072463768116,-0.4117319000231052,,,,2014-2024
NBA,LogisticRegression,Expected FG,spatial,spatial_surface,76.08695652173913,365.5072463768116,-0.41472246470493423,,,,2014-2024
NBA,LogisticRegression,Expected FG,spatial,spatial_surface,83.33333333333337,365.5072463768116,-0.4180181214115052,,,,2014-2024
NBA,LogisticRegression,Expected FG,spatial,spatial_surface,90.57971014492756,365.5072463768116,-0.42161524714422993,,,,2014-2024
NBA,LogisticRegression,Expected FG,spatial,spatial_surface,97.82608695652175,365.5072463768116,-0.4255099595959846,,,,2014-2024
NBA,LogisticRegression,Expected FG,spatial,spatial_surface,105.07246376811594,365.5072463768116,-0.4296981363499256,,,,2014-2024
NBA,LogisticRegression,Expected FG,spatial,spatial_surface,112.31884057971013,365.5072463768116,-0.43417543461312835,,,,2014-2024
NBA,LogisticRegression,Expected FG,spatial,spatial_surface,119.56521739130437,365.5072463768116,-0.43893731128826496,,,,2014-2024
NBA,LogisticRegression,Expected FG,spatial,spatial_surface,126.81159420289856,365.5072463768116,-0.4439790431944298,,,,2014-2024
NBA,LogisticRegression,Expected FG,spatial,spatial_surface,134.05797101449275,365.5072463768116,-0.44929574725872845,,,,2014-2024
NBA,LogisticRegression,Expected FG,spatial,spatial_surface,141.304347826087,365.5072463768116,-0.4548824005128872,,,,2014-2024
NBA,LogisticRegression,Expected FG,spatial,spatial_surface,148.55072463768118,365.5072463768116,-0.4607338597434638,,,,2014-2024
NBA,LogisticRegression,Expected FG,spatial,spatial_surface,155.79710144927537,365.5072463768116,-0.46684488065982643,,,,2014-2024
NBA,LogisticRegression,Expected FG,spatial,spatial_surface,163.04347826086956,365.5072463768116,-0.4732101364603888,,,,2014-2024
NBA,LogisticRegression,Expected FG,spatial,spatial_surface,170.28985507246375,365.5072463768116,-0.47982423569429256,,,,2014-2024
NBA,LogisticRegression,Expected FG,spatial,spatial_surface,177.536231884058,365.5072463768116,-0.4866817393324513,,,,2014-2024
NBA,LogisticRegression,Expected FG,spatial,spatial_surface,184.7826086956522,365.5072463768116,-0.4937771769781869,,,,2014-2024
NBA,LogisticRegression,Expected FG,spatial,spatial_surface,192.02898550724638,365.5072463768116,-0.5011050621634282,,,,2014-2024
NBA,LogisticRegression,Expected FG,spatial,spatial_surface,199.27536231884062,365.5072463768116,-0.5086599066913048,,,,2014-2024
NBA,LogisticRegression,Expected FG,spatial,spatial_surface,206.5217391304348,365.5072463768116,-0.516436233999794,,,,2014-2024
NBA,LogisticRegression,Expected FG,spatial,spatial_surface,213.768115942029,365.5072463768116,-0.5244285915337327,,,,2014-2024
NBA,LogisticRegression,Expected FG,spatial,spatial_surface,221.0144927536232,365.5072463768116,-0.5326315621239092,,,,2014-2024
NBA,LogisticRegression,Expected FG,spatial,spatial_surface,228.26086956521738,365.5072463768116,-0.5410397743820601,,,,2014-2024
NBA,LogisticRegression,Expected FG,spatial,spatial_surface,235.50724637681162,365.5072463768116,-0.5496479121293781,,,,2014-2024
NBA,LogisticRegression,Expected FG,spatial,spatial_surface,242.7536231884058,365.5072463768116,-0.5584507228836558,,,,2014-2024
NBA,LogisticRegression,Expected FG,spatial,spatial_surface,250.0,365.5072463768116,-0.5674430254364485,,,,2014-2024
NBA,LogisticRegression,Expected FG,spatial,spatial_surface,-250.0,372.3188405797101,-0.5916161897643373,,,,2014-2024
NBA,LogisticRegression,Expected FG,spatial,spatial_surface,-242.7536231884058,372.3188405797101,-0.5824780210969989,,,,2014-2024
NBA,LogisticRegression,Expected FG,spatial,spatial_surface,-235.5072463768116,372.3188405797101,-0.5735242584960224,,,,2014-2024
NBA,LogisticRegression,Expected FG,spatial,spatial_surface,-228.26086956521738,372.3188405797101,-0.5647599135570185,,,,2014-2024
NBA,LogisticRegression,Expected FG,spatial,spatial_surface,-221.0144927536232,372.3188405797101,-0.5561900677653665,,,,2014-2024
NBA,LogisticRegression,Expected FG,spatial,spatial_surface,-213.768115942029,372.3188405797101,-0.5478198655051226,,,,2014-2024
NBA,LogisticRegression,Expected FG,spatial,spatial_surface,-206.52173913043478,372.3188405797101,-0.5396545062285664,,,,2014-2024
NBA,LogisticRegression,Expected FG,spatial,spatial_surface,-199.27536231884056,372.3188405797101,-0.531699235757367,,,,2014-2024
NBA,LogisticRegression,Expected FG,spatial,spatial_surface,-192.02898550724638,372.3188405797101,-0.5239593366919254,,,,2014-2024
NBA,LogisticRegression,Expected FG,spatial,spatial_surface,-184.7826086956522,372.3188405797101,-0.5164401179120928,,,,2014-2024
NBA,LogisticRegression,Expected FG,spatial,spatial_surface,-177.53623188405797,372.3188405797101,-0.5091469031602562,,,,2014-2024
NBA,LogisticRegression,Expected FG,spatial,spatial_surface,-170.28985507246375,372.3188405797101,-0.502085018706719,,,,2014-2024
NBA,LogisticRegression,Expected FG,spatial,spatial_surface,-163.04347826086956,372.3188405797101,-0.49525978010738403,,,,2014-2024
NBA,LogisticRegression,Expected FG,spatial,spatial_surface,-155.79710144927537,372.3188405797101,-0.4886764780749391,,,,2014-2024
NBA,LogisticRegression,Expected FG,spatial,spatial_surface,-148.55072463768116,372.3188405797101,-0.4823403634969615,,,,2014-2024
NBA,LogisticRegression,Expected FG,spatial,spatial_surface,-141.30434782608694,372.3188405797101,-0.47625663164750753,,,,2014-2024
NBA,LogisticRegression,Expected FG,spatial,spatial_surface,-134.05797101449275,372.3188405797101,-0.47043040565267447,,,,2014-2024
NBA,LogisticRegression,Expected FG,spatial,spatial_surface,-126.81159420289855,372.3188405797101,-0.4648667192851115,,,,2014-2024
NBA,LogisticRegression,Expected FG,spatial,spatial_surface,-119.56521739130434,372.3188405797101,-0.45957049917731174,,,,2014-2024
NBA,LogisticRegression,Expected FG,spatial,spatial_surface,-112.31884057971013,372.3188405797101,-0.4545465465583779,,,,2014-2024
NBA,LogisticRegression,Expected FG,spatial,spatial_surface,-105.07246376811594,372.3188405797101,-0.44979951863362766,,,,2014-2024
NBA,LogisticRegression,Expected FG,spatial,spatial_surface,-97.82608695652175,372.3188405797101,-0.4453339097403958,,,,2014-2024
NBA,LogisticRegression,Expected FG,spatial,spatial_surface,-90.57971014492753,372.3188405797101,-0.4411540324264317,,,,2014-2024
NBA,LogisticRegression,Expected FG,spatial,spatial_surface,-83.33333333333331,372.3188405797101,-0.43726399860892573,,,,2014-2024
NBA,LogisticRegression,Expected FG,spatial,spatial_surface,-76.08695652173913,372.3188405797101,-0.43366770098205,,,,2014-2024
NBA,LogisticRegression,Expected FG,spatial,spatial_surface,-68.84057971014494,372.3188405797101,-0.4303687948485888,,,,2014-2024
NBA,LogisticRegression,Expected FG,spatial,spatial_surface,-61.59420289855072,372.3188405797101,-0.42737068055637717,,,,2014-2024
NBA,LogisticRegression,Expected FG,spatial,spatial_surface,-54.3478260869565,372.3188405797101,-0.42467648672254565,,,,2014-2024
NBA,LogisticRegression,Expected FG,spatial,spatial_surface,-47.10144927536231,372.3188405797101,-0.422289054427767,,,,2014-2024
NBA,LogisticRegression,Expected FG,spatial,spatial_surface,-39.855072463768124,372.3188405797101,-0.42021092255853654,,,,2014-2024
NBA,LogisticRegression,Expected FG,spatial,spatial_surface,-32.60869565217391,372.3188405797101,-0.41844431446798214,,,,2014-2024
NBA,LogisticRegression,Expected FG,spatial,spatial_surface,-25.36231884057969,372.3188405797101,-0.416991126114728,,,,2014-2024
NBA,LogisticRegression,Expected FG,spatial,spatial_surface,-18.1159420289855,372.3188405797101,-0.4158529158250065,,,,2014-2024
NBA,LogisticRegression,Expected FG,spatial,spatial_surface,-10.869565217391312,372.3188405797101,-0.41503089580580355,,,,2014-2024
NBA,LogisticRegression,Expected FG,spatial,spatial_surface,-3.6231884057970944,372.3188405797101,-0.41452592551652745,,,,2014-2024
NBA,LogisticRegression,Expected FG,spatial,spatial_surface,3.623188405797123,372.3188405797101,-0.4143385069840063,,,,2014-2024
NBA,LogisticRegression,Expected FG,spatial,spatial_surface,10.869565217391312,372.3188405797101,-0.4144687821209696,,,,2014-2024
NBA,LogisticRegression,Expected FG,spatial,spatial_surface,18.1159420289855,372.3188405797101,-0.41491653208212365,,,,2014-2024
NBA,LogisticRegression,Expected FG,spatial,spatial_surface,25.362318840579746,372.3188405797101,-0.4156811786651182,,,,2014-2024
NBA,LogisticRegression,Expected FG,spatial,spatial_surface,32.608695652173935,372.3188405797101,-0.41676178773670625,,,,2014-2024
NBA,LogisticRegression,Expected FG,spatial,spatial_surface,39.855072463768124,372.3188405797101,-0.4181570746379195,,,,2014-2024
NBA,LogisticRegression,Expected FG,spatial,spatial_surface,47.10144927536231,372.3188405797101,-0.4198654114966869,,,,2014-2024
NBA,LogisticRegression,Expected FG,spatial,spatial_surface,54.3478260869565,372.3188405797101,-0.42188483635261087,,,,2014-2024
NBA,LogisticRegression,Expected FG,spatial,spatial_surface,61.59420289855075,372.3188405797101,-0.4242130639771329,,,,2014-2024
NBA,LogisticRegression,Expected FG,spatial,spatial_surface,68.84057971014494,372.3188405797101,-0.4268474982534317,,,,2014-2024
NBA,LogisticRegression,Expected FG,spatial,spatial_surface,76.08695652173913,372.3188405797101,-0.4297852459645445,,,,2014-2024
NBA,LogisticRegression,Expected FG,spatial,spatial_surface,83.33333333333337,372.3188405797101,-0.4330231318255421,,,,2014-2024
NBA,LogisticRegression,Expected FG,spatial,spatial_surface,90.57971014492756,372.3188405797101,-0.4365577145863264,,,,2014-2024
NBA,LogisticRegression,Expected FG,spatial,spatial_surface,97.82608695652175,372.3188405797101,-0.4403853040257537,,,,2014-2024
NBA,LogisticRegression,Expected FG,spatial,spatial_surface,105.07246376811594,372.3188405797101,-0.4445019786552924,,,,2014-2024
NBA,LogisticRegression,Expected FG,spatial,spatial_surface,112.31884057971013,372.3188405797101,-0.4489036039510873,,,,2014-2024
NBA,LogisticRegression,Expected FG,spatial,spatial_surface,119.56521739130437,372.3188405797101,-0.453585850936986,,,,2014-2024
NBA,LogisticRegression,Expected FG,spatial,spatial_surface,126.81159420289856,372.3188405797101,-0.4585442149474023,,,,2014-2024
NBA,LogisticRegression,Expected FG,spatial,spatial_surface,134.05797101449275,372.3188405797101,-0.46377403440756904,,,,2014-2024
NBA,LogisticRegression,Expected FG,spatial,spatial_surface,141.304347826087,372.3188405797101,-0.4692705094793568,,,,2014-2024
NBA,LogisticRegression,Expected FG,spatial,spatial_surface,148.55072463768118,372.3188405797101,-0.4750287204330582,,,,2014-2024
NBA,LogisticRegression,Expected FG,spatial,spatial_surface,155.79710144927537,372.3188405797101,-0.48104364561889035,,,,2014-2024
NBA,LogisticRegression,Expected FG,spatial,spatial_surface,163.04347826086956,372.3188405797101,-0.48731017892618755,,,,2014-2024
NBA,LogisticRegression,Expected FG,spatial,spatial_surface,170.28985507246375,372.3188405797101,-0.4938231466328237,,,,2014-2024
NBA,LogisticRegression,Expected FG,spatial,spatial_surface,177.536231884058,372.3188405797101,-0.5005773235621702,,,,2014-2024
NBA,LogisticRegression,Expected FG,spatial,spatial_surface,184.7826086956522,372.3188405797101,-0.5075674484793649,,,,2014-2024
NBA,LogisticRegression,Expected FG,spatial,spatial_surface,192.02898550724638,372.3188405797101,-0.5147882386727815,,,,2014-2024
NBA,LogisticRegression,Expected FG,spatial,spatial_surface,199.27536231884062,372.3188405797101,-0.5222344036799734,,,,2014-2024
NBA,LogisticRegression,Expected FG,spatial,spatial_surface,206.5217391304348,372.3188405797101,-0.5299006581299424,,,,2014-2024
NBA,LogisticRegression,Expected FG,spatial,spatial_surface,213.768115942029,372.3188405797101,-0.537781733685202,,,,2014-2024
NBA,LogisticRegression,Expected FG,spatial,spatial_surface,221.0144927536232,372.3188405797101,-0.5458723900776543,,,,2014-2024
NBA,LogisticRegression,Expected FG,spatial,spatial_surface,228.26086956521738,372.3188405797101,-0.5541674252417502,,,,2014-2024
NBA,LogisticRegression,Expected FG,spatial,spatial_surface,235.50724637681162,372.3188405797101,-0.5626616845567314,,,,2014-2024
NBA,LogisticRegression,Expected FG,spatial,spatial_surface,242.7536231884058,372.3188405797101,-0.5713500692169436,,,,2014-2024
NBA,LogisticRegression,Expected FG,spatial,spatial_surface,250.0,372.3188405797101,-0.5802275437553136,,,,2014-2024
NBA,LogisticRegression,Expected FG,spatial,spatial_surface,-250.0,379.1304347826087,-0.6043100468990327,,,,2014-2024
NBA,LogisticRegression,Expected FG,spatial,spatial_surface,-242.7536231884058,379.1304347826087,-0.5952862923777078,,,,2014-2024
NBA,LogisticRegression,Expected FG,spatial,spatial_surface,-235.5072463768116,379.1304347826087,-0.5864466256308161,,,,2014-2024
NBA,LogisticRegression,Expected FG,spatial,spatial_surface,-228.26086956521738,379.1304347826087,-0.5777959207239781,,,,2014-2024
NBA,LogisticRegression,Expected FG,spatial,spatial_surface,-221.0144927536232,379.1304347826087,-0.5693391140879233,,,,2014-2024
NBA,LogisticRegression,Expected FG,spatial,spatial_surface,-213.768115942029,379.1304347826087,-0.5610811975669099,,,,2014-2024
NBA,LogisticRegression,Expected FG,spatial,spatial_surface,-206.52173913043478,379.1304347826087,-0.5530272106848779,,,,2014-2024
NBA,LogisticRegression,Expected FG,spatial,spatial_surface,-199.27536231884056,379.1304347826087,-0.5451822321059957,,,,2014-2024
NBA,LogisticRegression,Expected FG,spatial,spatial_surface,-192.02898550724638,379.1304347826087,-0.537551370271674,,,,2014-2024
NBA,LogisticRegression,Expected FG,spatial,spatial_surface,-184.7826086956522,379.1304347826087,-0.5301397532025443,,,,2014-2024
NBA,LogisticRegression,Expected FG,spatial,spatial_surface,-177.53623188405797,379.1304347826087,-0.5229525174612443,,,,2014-2024
NBA,LogisticRegression,Expected FG,spatial,spatial_surface,-170.28985507246375,379.1304347826087,-0.5159947962802515,,,,2014-2024
NBA,LogisticRegression,Expected FG,spatial,spatial_surface,-163.04347826086956,379.1304347826087,-0.5092717068683557,,,,2014-2024
NBA,LogisticRegression,Expected FG,spatial,spatial_surface,-155.79710144927537,379.1304347826087,-0.5027883369196381,,,,2014-2024
NBA,LogisticRegression,Expected FG,spatial,spatial_surface,-148.55072463768116,379.1304347826087,-0.49654973035997874,,,,2014-2024
NBA,LogisticRegression,Expected FG,spatial,spatial_surface,-141.30434782608694,379.1304347826087,-0.4905608723779994,,,,2014-2024
NBA,LogisticRegression,Expected FG,spatial,spatial_surface,-134.05797101449275,379.1304347826087,-0.484826673799829,,,,2014-2024
NBA,LogisticRegression,Expected FG,spatial,spatial_surface,-126.81159420289855,379.1304347826087,-0.4793519548800169,,,,2014-2024
NBA,LogisticRegression,Expected FG,spatial,spatial_surface,-119.56521739130434,379.1304347826087,-0.47414142859401553,,,,2014-2024
NBA,LogisticRegression,Expected FG,spatial,spatial_surface,-112.31884057971013,379.1304347826087,-0.4691996835307348,,,,2014-2024
NBA,LogisticRegression,Expected FG,spatial,spatial_surface,-105.07246376811594,379.1304347826087,-0.4645311664964288,,,,2014-2024
NBA,LogisticRegression,Expected FG,spatial,spatial_surface,-97.82608695652175,379.1304347826087,-0.46014016495326115,,,,2014-2024
NBA,LogisticRegression,Expected FG,spatial,spatial_surface,-90.57971014492753,379.1304347826087,-0.45603078942706676,,,,2014-2024
NBA,LogisticRegression,Expected FG,spatial,spatial_surface,-83.33333333333331,379.1304347826087,-0.4522069560286489,,,,2014-2024
NBA,LogisticRegression,Expected FG,spatial,spatial_surface,-76.08695652173913,379.1304347826087,-0.4486723692411785,,,,2014-2024
NBA,LogisticRegression,Expected FG,spatial,spatial_surface,-68.84057971014494,379.1304347826087,-0.4454305051324955,,,,2014-2024
NBA,LogisticRegression,Expected FG,spatial,spatial_surface,-61.59420289855072,379.1304347826087,-0.4424845951551062,,,,2014-2024
NBA,LogisticRegression,Expected FG,spatial,spatial_surface,-54.3478260869565,379.1304347826087,-0.43983761069810845,,,,2014-2024
NBA,LogisticRegression,Expected FG,spatial,spatial_surface,-47.10144927536231,379.1304347826087,-0.4374922485540219,,,,2014-2024
NBA,LogisticRegression,Expected FG,spatial,spatial_surface,-39.855072463768124,379.1304347826087,-0.43545091745931286,,,,2014-2024
NBA,LogisticRegression,Expected FG,spatial,spatial_surface,-32.60869565217391,379.1304347826087,-0.43371572586029616,,,,2014-2024
NBA,LogisticRegression,Expected FG,spatial,spatial_surface,-25.36231884057969,379.1304347826087,-0.43228847104598467,,,,2014-2024
NBA,LogisticRegression,Expected FG,spatial,spatial_surface,-18.1159420289855,379.1304347826087,-0.4311706297765475,,,,2014-2024
NBA,LogisticRegression,Expected FG,spatial,spatial_surface,-10.869565217391312,379.1304347826087,-0.4303633505203549,,,,2014-2024
NBA,LogisticRegression,Expected FG,spatial,spatial_surface,-3.6231884057970944,379.1304347826087,-0.42986744739458216,,,,2014-2024
NBA,LogisticRegression,Expected FG,spatial,spatial_surface,3.623188405797123,379.1304347826087,-0.42968339588417304,,,,2014-2024
NBA,LogisticRegression,Expected FG,spatial,spatial_surface,10.869565217391312,379.1304347826087,-0.4298113303922104,,,,2014-2024
NBA,LogisticRegression,Expected FG,spatial,spatial_surface,18.1159420289855,379.1304347826087,-0.4302510436517446,,,,2014-2024
NBA,LogisticRegression,Expected FG,spatial,spatial_surface,25.362318840579746,379.1304347826087,-0.4310019880055108,,,,2014-2024
NBA,LogisticRegression,Expected FG,spatial,spatial_surface,32.608695652173935,379.1304347826087,-0.4320632785361844,,,,2014-2024
NBA,LogisticRegression,Expected FG,spatial,spatial_surface,39.855072463768124,379.1304347826087,-0.43343369800646336,,,,2014-2024
NBA,LogisticRegression,Expected FG,spatial,spatial_surface,47.10144927536231,379.1304347826087,-0.4351117035458607,,,,2014-2024
NBA,LogisticRegression,Expected FG,spatial,spatial_surface,54.3478260869565,379.1304347826087,-0.4370954350000905,,,,2014-2024
NBA,LogisticRegression,Expected FG,spatial,spatial_surface,61.59420289855075,379.1304347826087,-0.4393827248398352,,,,2014-2024
NBA,LogisticRegression,Expected FG,spatial,spatial_surface,68.84057971014494,379.1304347826087,-0.4419711095088241,,,,2014-2024
NBA,LogisticRegression,Expected FG,spatial,spatial_surface,76.08695652173913,379.1304347826087,-0.4448578420768552,,,,2014-2024
NBA,LogisticRegression,Expected FG,spatial,spatial_surface,83.33333333333337,379.1304347826087,-0.44803990605188593,,,,2014-2024
NBA,LogisticRegression,Expected FG,spatial,spatial_surface,90.57971014492756,379.1304347826087,-0.45151403019669734,,,,2014-2024
NBA,LogisticRegression,Expected FG,spatial,spatial_surface,97.82608695652175,379.1304347826087,-0.4552767041899778,,,,2014-2024
NBA,LogisticRegression,Expected FG,spatial,spatial_surface,105.07246376811594,379.1304347826087,-0.4593241949689394,,,,2014-2024
NBA,LogisticRegression,Expected FG,spatial,spatial_surface,112.31884057971013,379.1304347826087,-0.4636525635906221,,,,2014-2024
NBA,LogisticRegression,Expected FG,spatial,spatial_surface,119.56521739130437,379.1304347826087,-0.4682576824517187,,,,2014-2024
NBA,LogisticRegression,Expected FG,spatial,spatial_surface,126.81159420289856,379.1304347826087,-0.4731352527117949,,,,2014-2024
NBA,LogisticRegression,Expected FG,spatial,spatial_surface,134.05797101449275,379.1304347826087,-0.4782808217719352,,,,2014-2024
NBA,LogisticRegression,Expected FG,spatial,spatial_surface,141.304347826087,379.1304347826087,-0.4836898006697651,,,,2014-2024
NBA,LogisticRegression,Expected FG,spatial,spatial_surface,148.55072463768118,379.1304347826087,-0.4893574812621908,,,,2014-2024
NBA,LogisticRegression,Expected FG,spatial,spatial_surface,155.79710144927537,379.1304347826087,-0.4952790530787139,,,,2014-2024
NBA,LogisticRegression,Expected FG,spatial,spatial_surface,163.04347826086956,379.1304347826087,-0.5014496197404603,,,,2014-2024
NBA,LogisticRegression,Expected FG,spatial,spatial_surface,170.28985507246375,379.1304347826087,-0.5078642148528629,,,,2014-2024
NBA,LogisticRegression,Expected FG,spatial,spatial_surface,177.536231884058,379.1304347826087,-0.5145178172928931,,,,2014-2024
NBA,LogisticRegression,Expected FG,spatial,spatial_surface,184.7826086956522,379.1304347826087,-0.5214053658246193,,,,2014-2024
NBA,LogisticRegression,Expected FG,spatial,spatial_surface,192.02898550724638,379.1304347826087,-0.5285217729894606,,,,2014-2024
NBA,LogisticRegression,Expected FG,spatial,spatial_surface,199.27536231884062,379.1304347826087,-0.5358619382295821,,,,2014-2024
NBA,LogisticRegression,Expected FG,spatial,spatial_surface,206.5217391304348,379.1304347826087,-0.5434207602142775,,,,2014-2024
NBA,LogisticRegression,Expected FG,spatial,spatial_surface,213.768115942029,379.1304347826087,-0.5511931483498298,,,,2014-2024
NBA,LogisticRegression,Expected FG,spatial,spatial_surface,221.0144927536232,379.1304347826087,-0.5591740334630724,,,,2014-2024
NBA,LogisticRegression,Expected FG,spatial,spatial_surface,228.26086956521738,379.1304347826087,-0.5673583776576828,,,,2014-2024
NBA,LogisticRegression,Expected FG,spatial,spatial_surface,235.50724637681162,379.1304347826087,-0.5757411833500808,,,,2014-2024
NBA,LogisticRegression,Expected FG,spatial,spatial_surface,242.7536231884058,379.1304347826087,-0.5843175014986575,,,,2014-2024
NBA,LogisticRegression,Expected FG,spatial,spatial_surface,250.0,379.1304347826087,-0.5930824390459579,,,,2014-2024
NBA,LogisticRegression,Expected FG,spatial,spatial_surface,-250.0,385.94202898550725,-0.6170756491092442,,,,2014-2024
NBA,LogisticRegression,Expected FG,spatial,spatial_surface,-242.7536231884058,385.94202898550725,-0.6081640808063801,,,,2014-2024
NBA,LogisticRegression,Expected FG,spatial,spatial_surface,-235.5072463768116,385.94202898550725,-0.5994362136324645,,,,2014-2024
NBA,LogisticRegression,Expected FG,spatial,spatial_surface,-228.26086956521738,385.94202898550725,-0.590896787108067,,,,2014-2024
NBA,LogisticRegression,Expected FG,spatial,spatial_surface,-221.0144927536232,385.94202898550725,-0.5825505961324718,,,,2014-2024
NBA,LogisticRegression,Expected FG,spatial,spatial_surface,-213.768115942029,385.94202898550725,-0.5744024840976419,,,,2014-2024
NBA,LogisticRegression,Expected FG,spatial,spatial_surface,-206.52173913043478,385.94202898550725,-0.5664573352740538,,,,2014-2024
NBA,LogisticRegression,Expected FG,spatial,spatial_surface,-199.27536231884056,385.94202898550725,-0.558720066450019,,,,2014-2024
NBA,LogisticRegression,Expected FG,spatial,spatial_surface,-192.02898550724638,385.94202898550725,-0.5511956178113498,,,,2014-2024
NBA,LogisticRegression,Expected FG,spatial,spatial_surface,-184.7826086956522,385.94202898550725,-0.5438889430543244,,,,2014-2024
NBA,LogisticRegression,Expected FG,spatial,spatial_surface,-177.53623188405797,385.94202898550725,-0.536804998731877,,,,2014-2024
NBA,LogisticRegression,Expected FG,spatial,spatial_surface,-170.28985507246375,385.94202898550725,-0.5299487328407442,,,,2014-2024
NBA,LogisticRegression,Expected FG,spatial,spatial_surface,-163.04347826086956,385.94202898550725,-0.5233250726659711,,,,2014-2024
NBA,LogisticRegression,Expected FG,spatial,spatial_surface,-155.79710144927537,385.94202898550725,-0.5169389119085976,,,,2014-2024
NBA,LogisticRegression,Expected FG,spatial,spatial_surface,-148.55072463768116,385.94202898550725,-0.5107950971324847,,,,2014-2024
NBA,LogisticRegression,Expected FG,spatial,spatial_surface,-141.30434782608694,385.94202898550725,-0.5048984135769983,,,,2014-2024
NBA,LogisticRegression,Expected FG,spatial,spatial_surface,-134.05797101449275,385.94202898550725,-0.49925357039343266,,,,2014-2024
NBA,LogisticRegression,Expected FG,spatial,spatial_surface,-126.81159420289855,385.94202898550725,-0.49386518537458146,,,,2014-2024
NBA,LogisticRegression,Expected FG,spatial,spatial_surface,-119.56521739130434,385.94202898550725,-0.48873776925844414,,,,2014-2024
NBA,LogisticRegression,Expected FG,spatial,spatial_surface,-112.31884057971013,385.94202898550725,-0.48387570969852844,,,,2014-2024
NBA,LogisticRegression,Expected FG,spatial,spatial_surface,-105.07246376811594,385.94202898550725,-0.47928325500431646,,,,2014-2024
NBA,LogisticRegression,Expected FG,spatial,spatial_surface,-97.82608695652175,385.94202898550725,-0.47496449776590643,,,,2014-2024
NBA,LogisticRegression,Expected FG,spatial,spatial_surface,-90.57971014492753,385.94202898550725,-0.47092335848638855,,,,2014-2024
NBA,LogisticRegression,Expected FG,spatial,spatial_surface,-83.33333333333331,385.94202898550725,-0.4671635693538263,,,,2014-2024
NBA,LogisticRegression,Expected FG,spatial,spatial_surface,-76.08695652173913,385.94202898550725,-0.46368865829154204,,,,2014-2024
NBA,LogisticRegression,Expected FG,spatial,spatial_surface,-68.84057971014494,385.94202898550725,-0.4605019334304591,,,,2014-2024
NBA,LogisticRegression,Expected FG,spatial,spatial_surface,-61.59420289855072,385.94202898550725,-0.4576064681502875,,,,2014-2024
NBA,LogisticRegression,Expected FG,spatial,spatial_surface,-54.3478260869565,385.94202898550725,-0.45500508683714314,,,,2014-2024
NBA,LogisticRegression,Expected FG,spatial,spatial_surface,-47.10144927536231,385.94202898550725,-0.4527003515035798,,,,2014-2024
NBA,LogisticRegression,Expected FG,spatial,spatial_surface,-39.855072463768124,385.94202898550725,-0.4506945494129009,,,,2014-2024
NBA,LogisticRegression,Expected FG,spatial,spatial_surface,-32.60869565217391,385.94202898550725,-0.44898968184290733,,,,2014-2024
NBA,LogisticRegression,Expected FG,spatial,spatial_surface,-25.36231884057969,385.94202898550725,-0.44758745411498946,,,,2014-2024
NBA,LogisticRegression,Expected FG,spatial,spatial_surface,-18.1159420289855,385.94202898550725,-0.44648926700275293,,,,2014-2024
NBA,LogisticRegression,Expected FG,spatial,spatial_surface,-10.869565217391312,385.94202898550725,-0.4456962096203074,,,,2014-2024
NBA,LogisticRegression,Expected FG,spatial,spatial_surface,-3.6231884057970944,385.94202898550725,-0.4452090538742812,,,,2014-2024
NBA,LogisticRegression,Expected FG,spatial,spatial_surface,3.623188405797123,385.94202898550725,-0.4450282505456994,,,,2014-2024
NBA,LogisticRegression,Expected FG,spatial,spatial_surface,10.869565217391312,385.94202898550725,-0.44515392704859713,,,,2014-2024
NBA,LogisticRegression,Expected FG,spatial,spatial_surface,18.1159420289855,385.94202898550725,-0.4455858868919099,,,,2014-2024
NBA,LogisticRegression,Expected FG,spatial,spatial_surface,25.362318840579746,385.94202898550725,-0.44632361085031746,,,,2014-2024
NBA,LogisticRegression,Expected FG,spatial,spatial_surface,32.608695652173935,385.94202898550725,-0.4473662598287177,,,,2014-2024
NBA,LogisticRegression,Expected FG,spatial,spatial_surface,39.855072463768124,385.94202898550725,-0.44871267938437387,,,,2014-2024
NBA,LogisticRegression,Expected FG,spatial,spatial_surface,47.10144927536231,385.94202898550725,-0.4503614058509413,,,,2014-2024
NBA,LogisticRegression,Expected FG,spatial,spatial_surface,54.3478260869565,385.94202898550725,-0.4523106739899557,,,,2014-2024
NBA,LogisticRegression,Expected FG,spatial,spatial_surface,61.59420289855075,385.94202898550725,-0.45455842607837393,,,,2014-2024
NBA,LogisticRegression,Expected FG,spatial,spatial_surface,68.84057971014494,385.94202898550725,-0.4571023223256683,,,,2014-2024
NBA,LogisticRegression,Expected FG,spatial,spatial_surface,76.08695652173913,385.94202898550725,-0.4599397525010932,,,,2014-2024
NBA,LogisticRegression,Expected FG,spatial,spatial_surface,83.33333333333337,385.94202898550725,-0.4630678486412624,,,,2014-2024
NBA,LogisticRegression,Expected FG,spatial,spatial_surface,90.57971014492756,385.94202898550725,-0.4664834987001847,,,,2014-2024
NBA,LogisticRegression,Expected FG,spatial,spatial_surface,97.82608695652175,385.94202898550725,-0.4701833609984931,,,,2014-2024
NBA,LogisticRegression,Expected FG,spatial,spatial_surface,105.07246376811594,385.94202898550725,-0.47416387932571014,,,,2014-2024
NBA,LogisticRegression,Expected FG,spatial,spatial_surface,112.31884057971013,385.94202898550725,-0.4784212985489855,,,,2014-2024
NBA,LogisticRegression,Expected FG,spatial,spatial_surface,119.56521739130437,385.94202898550725,-0.48295168058359084,,,,2014-2024
NBA,LogisticRegression,Expected FG,spatial,spatial_surface,126.81159420289856,385.94202898550725,-0.48775092058446945,,,,2014-2024
NBA,LogisticRegression,Expected FG,spatial,spatial_surface,134.05797101449275,385.94202898550725,-0.4928147632239971,,,,2014-2024
NBA,LogisticRegression,Expected FG,spatial,spatial_surface,141.304347826087,385.94202898550725,-0.4981388189286081,,,,2014-2024
NBA,LogisticRegression,Expected FG,spatial,spatial_surface,148.55072463768118,385.94202898550725,-0.5037185799557735,,,,2014-2024
NBA,LogisticRegression,Expected FG,spatial,spatial_surface,155.79710144927537,385.94202898550725,-0.5095494362027162,,,,2014-2024
NBA,LogisticRegression,Expected FG,spatial,spatial_surface,163.04347826086956,385.94202898550725,-0.5156266906489079,,,,2014-2024
NBA,LogisticRegression,Expected FG,spatial,spatial_surface,170.28985507246375,385.94202898550725,-0.5219455743455808,,,,2014-2024
NBA,LogisticRegression,Expected FG,spatial,spatial_surface,177.536231884058,385.94202898550725,-0.5285012608768838,,,,2014-2024
NBA,LogisticRegression,Expected FG,spatial,spatial_surface,184.7826086956522,385.94202898550725,-0.5352888802287705,,,,2014-2024
NBA,LogisticRegression,Expected FG,spatial,spatial_surface,192.02898550724638,385.94202898550725,-0.5423035320129252,,,,2014-2024
NBA,LogisticRegression,Expected FG,spatial,spatial_surface,199.27536231884062,385.94202898550725,-0.5495402980039052,,,,2014-2024
NBA,LogisticRegression,Expected FG,spatial,spatial_surface,206.5217391304348,385.94202898550725,-0.5569942539580298,,,,2014-2024
NBA,LogisticRegression,Expected FG,spatial,spatial_surface,213.768115942029,385.94202898550725,-0.5646604806922344,,,,2014-2024
NBA,LogisticRegression,Expected FG,spatial,spatial_surface,221.0144927536232,385.94202898550725,-0.5725340744100984,,,,2014-2024
NBA,LogisticRegression,Expected FG,spatial,spatial_surface,228.26086956521738,385.94202898550725,-0.580610156270416,,,,2014-2024
NBA,LogisticRegression,Expected FG,spatial,spatial_surface,235.50724637681162,385.94202898550725,-0.5888838812010493,,,,2014-2024
NBA,LogisticRegression,Expected FG,spatial,spatial_surface,242.7536231884058,385.94202898550725,-0.5973504459672784,,,,2014-2024
NBA,LogisticRegression,Expected FG,spatial,spatial_surface,250.0,385.94202898550725,-0.6060050965095327,,,,2014-2024
NBA,LogisticRegression,Expected FG,spatial,spatial_surface,-250.0,392.7536231884058,-0.6299103706531995,,,,2014-2024
NBA,LogisticRegression,Expected FG,spatial,spatial_surface,-242.7536231884058,392.7536231884058,-0.62110879852158,,,,2014-2024
NBA,LogisticRegression,Expected FG,spatial,spatial_surface,-235.5072463768116,392.7536231884058,-0.6124904777335574,,,,2014-2024
NBA,LogisticRegression,Expected FG,spatial,spatial_surface,-228.26086956521738,392.7536231884058,-0.6040600163367434,,,,2014-2024
NBA,LogisticRegression,Expected FG,spatial,spatial_surface,-221.0144927536232,392.7536231884058,-0.595822071277498,,,,2014-2024
NBA,LogisticRegression,Expected FG,spatial,spatial_surface,-213.768115942029,392.7536231884058,-0.5877813416023739,,,,2014-2024
NBA,LogisticRegression,Expected FG,spatial,spatial_surface,-206.52173913043478,392.7536231884058,-0.57994256098263,,,,2014-2024
NBA,LogisticRegression,Expected FG,spatial,spatial_surface,-199.27536231884056,392.7536231884058,-0.5723104895477158,,,,2014-2024
NBA,LogisticRegression,Expected FG,spatial,spatial_surface,-192.02898550724638,392.7536231884058,-0.564889905018685,,,,2014-2024
NBA,LogisticRegression,Expected FG,spatial,spatial_surface,-184.7826086956522,392.7536231884058,-0.5576855931382838,,,,2014-2024
NBA,LogisticRegression,Expected FG,spatial,spatial_surface,-177.53623188405797,392.7536231884058,-0.5507023374009842,,,,2014-2024
NBA,LogisticRegression,Expected FG,spatial,spatial_surface,-170.28985507246375,392.7536231884058,-0.5439449080935341,,,,2014-2024
NBA,LogisticRegression,Expected FG,spatial,spatial_surface,-163.04347826086956,392.7536231884058,-0.5374180506645607,,,,2014-2024
NBA,LogisticRegression,Expected FG,spatial,spatial_surface,-155.79710144927537,392.7536231884058,-0.5311264734504019,,,,2014-2024
NBA,LogisticRegression,Expected FG,spatial,spatial_surface,-148.55072463768116,392.7536231884058,-0.5250748347935554,,,,2014-2024
NBA,LogisticRegression,Expected FG,spatial,spatial_surface,-141.30434782608694,392.7536231884058,-0.51926772959982,,,,2014-2024
NBA,LogisticRegression,Expected FG,spatial,spatial_surface,-134.05797101449275,392.7536231884058,-0.5137096753902192,,,,2014-2024
NBA,LogisticRegression,Expected FG,spatial,spatial_surface,-126.81159420289855,392.7536231884058,-0.5084050979140495,,,,2014-2024
NBA,LogisticRegression,Expected FG,spatial,spatial_surface,-119.56521739130434,392.7536231884058,-0.5033583163996219,,,,2014-2024
NBA,LogisticRegression,Expected FG,spatial,spatial_surface,-112.31884057971013,392.7536231884058,-0.498573528529323,,,,2014-2024
NBA,LogisticRegression,Expected FG,spatial,spatial_surface,-105.07246376811594,392.7536231884058,-0.4940547952353147,,,,2014-2024
NBA,LogisticRegression,Expected FG,spatial,spatial_surface,-97.82608695652175,392.7536231884058,-0.489806025421181,,,,2014-2024
NBA,LogisticRegression,Expected FG,spatial,spatial_surface,-90.57971014492753,392.7536231884058,-0.48583096072301846,,,,2014-2024
NBA,LogisticRegression,Expected FG,spatial,spatial_surface,-83.33333333333331,392.7536231884058,-0.4821331604304637,,,,2014-2024
NBA,LogisticRegression,Expected FG,spatial,spatial_surface,-76.08695652173913,392.7536231884058,-0.478715986693834,,,,2014-2024
NBA,LogisticRegression,Expected FG,spatial,spatial_surface,-68.84057971014494,392.7536231884058,-0.47558259014761284,,,,2014-2024
NBA,LogisticRegression,Expected FG,spatial,spatial_surface,-61.59420289855072,392.7536231884058,-0.47273589608277644,,,,2014-2024
NBA,LogisticRegression,Expected FG,spatial,spatial_surface,-54.3478260869565,392.7536231884058,-0.4701785913007487,,,,2014-2024
NBA,LogisticRegression,Expected FG,spatial,spatial_surface,-47.10144927536231,392.7536231884058,-0.46791311177994277,,,,2014-2024
NBA,LogisticRegression,Expected FG,spatial,spatial_surface,-39.855072463768124,392.7536231884058,-0.4659416312818112,,,,2014-2024
NBA,LogisticRegression,Expected FG,spatial,spatial_surface,-32.60869565217391,392.7536231884058,-0.4642660510170653,,,,2014-2024
NBA,LogisticRegression,Expected FG,spatial,spatial_surface,-25.36231884057969,392.7536231884058,-0.4628879904842199,,,,2014-2024
NBA,LogisticRegression,Expected FG,spatial,spatial_surface,-18.1159420289855,392.7536231884058,-0.4618087795820175,,,,2014-2024
NBA,LogisticRegression,Expected FG,spatial,spatial_surface,-10.869565217391312,392.7536231884058,-0.46102945208464896,,,,2014-2024
NBA,LogisticRegression,Expected FG,spatial,spatial_surface,-3.6231884057970944,392.7536231884058,-0.46055074055431655,,,,2014-2024
NBA,LogisticRegression,Expected FG,spatial,spatial_surface,3.623188405797123,392.7536231884058,-0.460373072749759,,,,2014-2024
NBA,LogisticRegression,Expected FG,spatial,spatial_surface,10.869565217391312,392.7536231884058,-0.46049656957222584,,,,2014-2024
NBA,LogisticRegression,Expected FG,spatial,spatial_surface,18.1159420289855,392.7536231884058,-0.4609210445724016,,,,2014-2024
NBA,LogisticRegression,Expected FG,spatial,spatial_surface,25.362318840579746,392.7536231884058,-0.461646005023305,,,,2014-2024
NBA,LogisticRegression,Expected FG,spatial,spatial_surface,32.608695652173935,392.7536231884058,-0.4626706545455931,,,,2014-2024
NBA,LogisticRegression,Expected FG,spatial,spatial_surface,39.855072463768124,392.7536231884058,-0.46399389725344764,,,,2014-2024
NBA,LogisticRegression,Expected FG,spatial,spatial_surface,47.10144927536231,392.7536231884058,-0.4656143433716172,,,,2014-2024
NBA,LogisticRegression,Expected FG,spatial,spatial_surface,54.3478260869565,392.7536231884058,-0.4675303162576466,,,,2014-2024
NBA,LogisticRegression,Expected FG,spatial,spatial_surface,61.59420289855075,392.7536231884058,-0.4697398607481704,,,,2014-2024
NBA,LogisticRegression,Expected FG,spatial,spatial_surface,68.84057971014494,392.7536231884058,-0.47224075273461974,,,,2014-2024
NBA,LogisticRegression,Expected FG,spatial,spatial_surface,76.08695652173913,392.7536231884058,-0.4750305098620947,,,,2014-2024
NBA,LogisticRegression,Expected FG,spatial,spatial_surface,83.33333333333337,392.7536231884058,-0.4781064032355776,,,,2014-2024
NBA,LogisticRegression,Expected FG,spatial,spatial_surface,90.57971014492756,392.7536231884058,-0.48146547001029905,,,,2014-2024
NBA,LogisticRegression,Expected FG,spatial,spatial_surface,97.82608695652175,392.7536231884058,-0.4851045267378896,,,,2014-2024
NBA,LogisticRegression,Expected FG,spatial,spatial_surface,105.07246376811594,392.7536231884058,-0.4890201833370271,,,,2014-2024
NBA,LogisticRegression,Expected FG,spatial,spatial_surface,112.31884057971013,392.7536231884058,-0.4932088575564868,,,,2014-2024
NBA,LogisticRegression,Expected FG,spatial,spatial_surface,119.56521739130437,392.7536231884058,-0.49766678979973356,,,,2014-2024
NBA,LogisticRegression,Expected FG,spatial,spatial_surface,126.81159420289856,392.7536231884058,-0.5023900581833419,,,,2014-2024
NBA,LogisticRegression,Expected FG,spatial,spatial_surface,134.05797101449275,392.7536231884058,-0.5073745937063154,,,,2014-2024
NBA,LogisticRegression,Expected FG,spatial,spatial_surface,141.304347826087,392.7536231884058,-0.51261619541365,,,,2014-2024
NBA,LogisticRegression,Expected FG,spatial,spatial_surface,148.55072463768118,392.7536231884058,-0.5181105454450249,,,,2014-2024
NBA,LogisticRegression,Expected FG,spatial,spatial_surface,155.79710144927537,392.7536231884058,-0.523853223867973,,,,2014-2024
NBA,LogisticRegression,Expected FG,spatial,spatial_surface,163.04347826086956,392.7536231884058,-0.5298397232041597,,,,2014-2024
NBA,LogisticRegression,Expected FG,spatial,spatial_surface,170.28985507246375,392.7536231884058,-0.5360654625671581,,,,2014-2024
NBA,LogisticRegression,Expected FG,spatial,spatial_surface,177.536231884058,392.7536231884058,-0.5425258013401548,,,,2014-2024
NBA,LogisticRegression,Expected FG,spatial,spatial_surface,184.7826086956522,392.7536231884058,-0.5492160523321664,,,,2014-2024
NBA,LogisticRegression,Expected FG,spatial,spatial_surface,192.02898550724638,392.7536231884058,-0.5561314943613803,,,,2014-2024
NBA,LogisticRegression,Expected FG,spatial,spatial_surface,199.27536231884062,392.7536231884058,-0.563267384223984,,,,2014-2024
NBA,LogisticRegression,Expected FG,spatial,spatial_surface,206.5217391304348,392.7536231884058,-0.5706189680162299,,,,2014-2024
NBA,LogisticRegression,Expected FG,spatial,spatial_surface,213.768115942029,392.7536231884058,-0.5781814917863188,,,,2014-2024
NBA,LogisticRegression,Expected FG,spatial,spatial_surface,221.0144927536232,392.7536231884058,-0.5859502115009178,,,,2014-2024
NBA,LogisticRegression,Expected FG,spatial,spatial_surface,228.26086956521738,392.7536231884058,-0.5939204023187297,,,,2014-2024
NBA,LogisticRegression,Expected FG,spatial,spatial_surface,235.50724637681162,392.7536231884058,-0.6020873671703644,,,,2014-2024
NBA,LogisticRegression,Expected FG,spatial,spatial_surface,242.7536231884058,392.7536231884058,-0.6104464446499235,,,,2014-2024
NBA,LogisticRegression,Expected FG,spatial,spatial_surface,250.0,392.7536231884058,-0.6189930162290742,,,,2014-2024
NBA,LogisticRegression,Expected FG,spatial,spatial_surface,-250.0,399.5652173913044,-0.6428116994404607,,,,2014-2024
NBA,LogisticRegression,Expected FG,spatial,spatial_surface,-242.7536231884058,399.5652173913044,-0.6341179723234721,,,,2014-2024
NBA,LogisticRegression,Expected FG,spatial,spatial_surface,-235.5072463768116,399.5652173913044,-0.6256069885330036,,,,2014-2024
NBA,LogisticRegression,Expected FG,spatial,spatial_surface,-228.26086956521738,399.5652173913044,-0.6172832277789578,,,,2014-2024
NBA,LogisticRegression,Expected FG,spatial,spatial_surface,-221.0144927536232,399.5652173913044,-0.6091512126656904,,,,2014-2024
NBA,LogisticRegression,Expected FG,spatial,spatial_surface,-213.768115942029,399.5652173913044,-0.6012155019992781,,,,2014-2024
NBA,LogisticRegression,Expected FG,spatial,spatial_surface,-206.52173913043478,399.5652173913044,-0.5934806834661049,,,,2014-2024
NBA,LogisticRegression,Expected FG,spatial,spatial_surface,-199.27536231884056,399.5652173913044,-0.5859513656724172,,,,2014-2024
NBA,LogisticRegression,Expected FG,spatial,spatial_surface,-192.02898550724638,399.5652173913044,-0.5786321695392791,,,,2014-2024
NBA,LogisticRegression,Expected FG,spatial,spatial_surface,-184.7826086956522,399.5652173913044,-0.571527719052857,,,,2014-2024
NBA,LogisticRegression,Expected FG,spatial,spatial_surface,-177.53623188405797,399.5652173913044,-0.5646426313760688,,,,2014-2024
NBA,LogisticRegression,Expected FG,spatial,spatial_surface,-170.28985507246375,399.5652173913044,-0.5579815063343889,,,,2014-2024
NBA,LogisticRegression,Expected FG,spatial,spatial_surface,-163.04347826086956,399.5652173913044,-0.5515489152959573,,,,2014-2024
NBA,LogisticRegression,Expected FG,spatial,spatial_surface,-155.79710144927537,399.5652173913044,-0.5453493894740099,,,,2014-2024
NBA,LogisticRegression,Expected FG,spatial,spatial_surface,-148.55072463768116,399.5652173913044,-0.5393874076880233,,,,2014-2024
NBA,LogisticRegression,Expected FG,spatial,spatial_surface,-141.30434782608694,399.5652173913044,-0.5336673836286844,,,,2014-2024
NBA,LogisticRegression,Expected FG,spatial,spatial_surface,-134.05797101449275,399.5652173913044,-0.5281936526807709,,,,2014-2024
NBA,LogisticRegression,Expected FG,spatial,spatial_surface,-126.81159420289855,399.5652173913044,-0.5229704583671235,,,,2014-2024
NBA,LogisticRegression,Expected FG,spatial,spatial_surface,-119.56521739130434,399.5652173913044,-0.5180019384859477,,,,2014-2024
NBA,LogisticRegression,Expected FG,spatial,spatial_surface,-112.31884057971013,399.5652173913044,-0.5132921110224944,,,,2014-2024
NBA,LogisticRegression,Expected FG,spatial,spatial_surface,-105.07246376811594,399.5652173913044,-0.5088448599245842,,,,2014-2024
NBA,LogisticRegression,Expected FG,spatial,spatial_surface,-97.82608695652175,399.5652173913044,-0.504663920839255,,,,2014-2024
NBA,LogisticRegression,Expected FG,spatial,spatial_surface,-90.57971014492753,399.5652173913044,-0.5007528669147375,,,,2014-2024
NBA,LogisticRegression,Expected FG,spatial,spatial_surface,-83.33333333333331,399.5652173913044,-0.4971150947779316,,,,2014-2024
NBA,LogisticRegression,Expected FG,spatial,spatial_surface,-76.08695652173913,399.5652173913044,-0.4937538108022155,,,,2014-2024
NBA,LogisticRegression,Expected FG,spatial,spatial_surface,-68.84057971014494,399.5652173913044,-0.4906720177836734,,,,2014-2024
NBA,LogisticRegression,Expected FG,spatial,spatial_surface,-61.59420289855072,399.5652173913044,-0.4878725021454715,,,,2014-2024
NBA,LogisticRegression,Expected FG,spatial,spatial_surface,-54.3478260869565,399.5652173913044,-0.4853578217899921,,,,2014-2024
NBA,LogisticRegression,Expected FG,spatial,spatial_surface,-47.10144927536231,399.5652173913044,-0.4831302947163676,,,,2014-2024
NBA,LogisticRegression,Expected FG,spatial,spatial_surface,-39.855072463768124,399.5652173913044,-0.48119198851715883,,,,2014-2024
NBA,LogisticRegression,Expected FG,spatial,spatial_surface,-32.60869565217391,399.5652173913044,-0.4795447108620464,,,,2014-2024
NBA,LogisticRegression,Expected FG,spatial,spatial_surface,-25.36231884057969,399.5652173913044,-0.47819000106864573,,,,2014-2024
NBA,LogisticRegression,Expected FG,spatial,spatial_surface,-18.1159420289855,399.5652173913044,-0.4771291228509057,,,,2014-2024
NBA,LogisticRegression,Expected FG,spatial,spatial_surface,-10.869565217391312,399.5652173913044,-0.47636305832421677,,,,2014-2024
NBA,LogisticRegression,Expected FG,spatial,spatial_surface,-3.6231884057970944,399.5652173913044,-0.47589250333346755,,,,2014-2024
NBA,LogisticRegression,Expected FG,spatial,spatial_surface,3.623188405797123,399.5652173913044,-0.47571786415608985,,,,2014-2024
NBA,LogisticRegression,Expected FG,spatial,spatial_surface,10.869565217391312,399.5652173913044,-0.47583925561692597,,,,2014-2024
NBA,LogisticRegression,Expected FG,spatial,spatial_surface,18.1159420289855,399.5652173913044,-0.47625650063573743,,,,2014-2024
NBA,LogisticRegression,Expected FG,spatial,spatial_surface,25.362318840579746,399.5652173913044,-0.4769691312118235,,,,2014-2024
NBA,LogisticRegression,Expected FG,spatial,spatial_surface,32.608695652173935,399.5652173913044,-0.4779763908337149,,,,2014-2024
NBA,LogisticRegression,Expected FG,spatial,spatial_surface,39.855072463768124,399.5652173913044,-0.4792772382857091,,,,2014-2024
NBA,LogisticRegression,Expected FG,spatial,spatial_surface,47.10144927536231,399.5652173913044,-0.48087035280737855,,,,2014-2024
NBA,LogisticRegression,Expected FG,spatial,spatial_surface,54.3478260869565,399.5652173913044,-0.48275414054745436,,,,2014-2024
NBA,LogisticRegression,Expected FG,spatial,spatial_surface,61.59420289855075,399.5652173913044,-0.48492674223994403,,,,2014-2024
NBA,LogisticRegression,Expected FG,spatial,spatial_surface,68.84057971014494,399.5652173913044,-0.4873860420182198,,,,2014-2024
NBA,LogisticRegression,Expected FG,spatial,spatial_surface,76.08695652173913,399.5652173913044,-0.49012967727232815,,,,2014-2024
NBA,LogisticRegression,Expected FG,spatial,spatial_surface,83.33333333333337,399.5652173913044,-0.49315504944605804,,,,2014-2024
NBA,LogisticRegression,Expected FG,spatial,spatial_surface,90.57971014492756,399.5652173913044,-0.49645933566349365,,,,2014-2024
NBA,LogisticRegression,Expected FG,spatial,spatial_surface,97.82608695652175,399.5652173913044,-0.5000395010698796,,,,2014-2024
NBA,LogisticRegression,Expected FG,spatial,spatial_surface,105.07246376811594,399.5652173913044,-0.5038923117686951,,,,2014-2024
NBA,LogisticRegression,Expected FG,spatial,spatial_surface,112.31884057971013,399.5652173913044,-0.5080143482357546,,,,2014-2024
NBA,LogisticRegression,Expected FG,spatial,spatial_surface,119.56521739130437,399.5652173913044,-0.5124020190919005,,,,2014-2024
NBA,LogisticRegression,Expected FG,spatial,spatial_surface,126.81159420289856,399.5652173913044,-0.5170515751182573,,,,2014-2024
NBA,LogisticRegression,Expected FG,spatial,spatial_surface,134.05797101449275,399.5652173913044,-0.5219591234019356,,,,2014-2024
NBA,LogisticRegression,Expected FG,spatial,spatial_surface,141.304347826087,399.5652173913044,-0.5271206415053176,,,,2014-2024
NBA,LogisticRegression,Expected FG,spatial,spatial_surface,148.55072463768118,399.5652173913044,-0.5325319915584446,,,,2014-2024
NBA,LogisticRegression,Expected FG,spatial,spatial_surface,155.79710144927537,399.5652173913044,-0.5381889341813275,,,,2014-2024
NBA,LogisticRegression,Expected FG,spatial,spatial_surface,163.04347826086956,399.5652173913044,-0.5440871421510202,,,,2014-2024
NBA,LogisticRegression,Expected FG,spatial,spatial_surface,170.28985507246375,399.5652173913044,-0.550222213736847,,,,2014-2024
NBA,LogisticRegression,Expected FG,spatial,spatial_surface,177.536231884058,399.5652173913044,-0.5565896856359948,,,,2014-2024
NBA,LogisticRegression,Expected FG,spatial,spatial_surface,184.7826086956522,399.5652173913044,-0.5631850454507024,,,,2014-2024
NBA,LogisticRegression,Expected FG,spatial,spatial_surface,192.02898550724638,399.5652173913044,-0.5700037436571959,,,,2014-2024
NBA,LogisticRegression,Expected FG,spatial,spatial_surface,199.27536231884062,399.5652173913044,-0.5770412050253045,,,,2014-2024
NBA,LogisticRegression,Expected FG,spatial,spatial_surface,206.5217391304348,399.5652173913044,-0.584292839456158,,,,2014-2024
NBA,LogisticRegression,Expected FG,spatial,spatial_surface,213.768115942029,399.5652173913044,-0.5917540522134115,,,,2014-2024
NBA,LogisticRegression,Expected FG,spatial,spatial_surface,221.0144927536232,399.5652173913044,-0.5994202535310016,,,,2014-2024
NBA,LogisticRegression,Expected FG,spatial,spatial_surface,228.26086956521738,399.5652173913044,-0.6072868675874409,,,,2014-2024
NBA,LogisticRegression,Expected FG,spatial,spatial_surface,235.50724637681162,399.5652173913044,-0.6153493408430409,,,,2014-2024
NBA,LogisticRegression,Expected FG,spatial,spatial_surface,242.7536231884058,399.5652173913044,-0.623603149742236,,,,2014-2024
NBA,LogisticRegression,Expected FG,spatial,spatial_surface,250.0,399.5652173913044,-0.6320438077882674,,,,2014-2024
NBA,LogisticRegression,Expected FG,spatial,spatial_surface,-250.0,406.3768115942029,-0.6557772317906314,,,,2014-2024
NBA,LogisticRegression,Expected FG,spatial,spatial_surface,-242.7536231884058,406.3768115942029,-0.6471892381960787,,,,2014-2024
NBA,LogisticRegression,Expected FG,spatial,spatial_surface,-235.5072463768116,406.3768115942029,-0.638783426294513,,,,2014-2024
NBA,LogisticRegression,Expected FG,spatial,spatial_surface,-228.26086956521738,406.3768115942029,-0.6305641506354425,,,,2014-2024
NBA,LogisticRegression,Expected FG,spatial,spatial_surface,-221.0144927536232,406.3768115942029,-0.6225358031046734,,,,2014-2024
NBA,LogisticRegression,Expected FG,spatial,spatial_surface,-213.768115942029,406.3768115942029,-0.6147028063525306,,,,2014-2024
NBA,LogisticRegression,Expected FG,spatial,spatial_surface,-206.52173913043478,406.3768115942029,-0.6070696066387978,,,,2014-2024
NBA,LogisticRegression,Expected FG,spatial,spatial_surface,-199.27536231884056,406.3768115942029,-0.5996406660872168,,,,2014-2024
NBA,LogisticRegression,Expected FG,spatial,spatial_surface,-192.02898550724638,406.3768115942029,-0.5924204543469612,,,,2014-2024
NBA,LogisticRegression,Expected FG,spatial,spatial_surface,-184.7826086956522,406.3768115942029,-0.5854134396636443,,,,2014-2024
NBA,LogisticRegression,Expected FG,spatial,spatial_surface,-177.53623188405797,406.3768115942029,-0.5786240793681504,,,,2014-2024
NBA,LogisticRegression,Expected FG,spatial,spatial_surface,-170.28985507246375,406.3768115942029,-0.5720568097978002,,,,2014-2024
NBA,LogisticRegression,Expected FG,spatial,spatial_surface,-163.04347826086956,406.3768115942029,-0.5657160356711429,,,,2014-2024
NBA,LogisticRegression,Expected FG,spatial,spatial_surface,-155.79710144927537,406.3768115942029,-0.5596061189448376,,,,2014-2024
NBA,LogisticRegression,Expected FG,spatial,spatial_surface,-148.55072463768116,406.3768115942029,-0.5537313671886765,,,,2014-2024
NBA,LogisticRegression,Expected FG,spatial,spatial_surface,-141.30434782608694,406.3768115942029,-0.5480960215226444,,,,2014-2024
NBA,LogisticRegression,Expected FG,spatial,spatial_surface,-134.05797101449275,406.3768115942029,-0.5427042441679546,,,,2014-2024
NBA,LogisticRegression,Expected FG,spatial,spatial_surface,-126.81159420289855,406.3768115942029,-0.5375601056720658,,,,2014-2024
NBA,LogisticRegression,Expected FG,spatial,spatial_surface,-119.56521739130434,406.3768115942029,-0.5326675718756912,,,,2014-2024
NBA,LogisticRegression,Expected FG,spatial,spatial_surface,-112.31884057971013,406.3768115942029,-0.5280304906975356,,,,2014-2024
NBA,LogisticRegression,Expected FG,spatial,spatial_surface,-105.07246376811594,406.3768115942029,-0.5236525788198306,,,,2014-2024
NBA,LogisticRegression,Expected FG,spatial,spatial_surface,-97.82608695652175,406.3768115942029,-0.5195374083644546,,,,2014-2024
NBA,LogisticRegression,Expected FG,spatial,spatial_surface,-90.57971014492753,406.3768115942029,-0.515688393655376,,,,2014-2024
NBA,LogisticRegression,Expected FG,spatial,spatial_surface,-83.33333333333331,406.3768115942029,-0.5121087781681607,,,,2014-2024
NBA,LogisticRegression,Expected FG,spatial,spatial_surface,-76.08695652173913,406.3768115942029,-0.5088016217711265,,,,2014-2024
NBA,LogisticRegression,Expected FG,spatial,spatial_surface,-68.84057971014494,406.3768115942029,-0.5057697883653166,,,,2014-2024
NBA,LogisticRegression,Expected FG,spatial,spatial_surface,-61.59420289855072,406.3768115942029,-0.5030159340315885,,,,2014-2024
NBA,LogisticRegression,Expected FG,spatial,spatial_surface,-54.3478260869565,406.3768115942029,-0.5005424957927012,,,,2014-2024
NBA,LogisticRegression,Expected FG,spatial,spatial_surface,-47.10144927536231,406.3768115942029,-0.4983516810962191,,,,2014-2024
NBA,LogisticRegression,Expected FG,spatial,spatial_surface,-39.855072463768124,406.3768115942029,-0.4964454581203148,,,,2014-2024
NBA,LogisticRegression,Expected FG,spatial,spatial_surface,-32.60869565217391,406.3768115942029,-0.4948255469990748,,,,2014-2024
NBA,LogisticRegression,Expected FG,spatial,spatial_surface,-25.36231884057969,406.3768115942029,-0.49349341205679653,,,,2014-2024
NBA,LogisticRegression,Expected FG,spatial,spatial_surface,-18.1159420289855,406.3768115942029,-0.4924502551320251,,,,2014-2024
NBA,LogisticRegression,Expected FG,spatial,spatial_surface,-10.869565217391312,406.3768115942029,-0.49169701006185107,,,,2014-2024
NBA,LogisticRegression,Expected FG,spatial,spatial_surface,-3.6231884057970944,406.3768115942029,-0.49123433838545016,,,,2014-2024
NBA,LogisticRegression,Expected FG,spatial,spatial_surface,3.623188405797123,406.3768115942029,-0.4910626263131641,,,,2014-2024
NBA,LogisticRegression,Expected FG,spatial,spatial_surface,10.869565217391312,406.3768115942029,-0.49118198299386295,,,,2014-2024
NBA,LogisticRegression,Expected FG,spatial,spatial_surface,18.1159420289855,406.3768115942029,-0.49159224009910074,,,,2014-2024
NBA,LogisticRegression,Expected FG,spatial,spatial_surface,25.362318840579746,406.3768115942029,-0.4922929527280243,,,,2014-2024
NBA,LogisticRegression,Expected FG,spatial,spatial_surface,32.608695652173935,406.3768115942029,-0.4932834016223523,,,,2014-2024
NBA,LogisticRegression,Expected FG,spatial,spatial_surface,39.855072463768124,406.3768115942029,-0.4945625966663185,,,,2014-2024
NBA,LogisticRegression,Expected FG,spatial,spatial_surface,47.10144927536231,406.3768115942029,-0.4961292816325691,,,,2014-2024
NBA,LogisticRegression,Expected FG,spatial,spatial_surface,54.3478260869565,406.3768115942029,-0.49798194012186014,,,,2014-2024
NBA,LogisticRegression,Expected FG,spatial,spatial_surface,61.59420289855075,406.3768115942029,-0.5001188026322894,,,,2014-2024
NBA,LogisticRegression,Expected FG,spatial,spatial_surface,68.84057971014494,406.3768115942029,-0.5025378546828934,,,,2014-2024
NBA,LogisticRegression,Expected FG,spatial,spatial_surface,76.08695652173913,406.3768115942029,-0.5052368459069809,,,,2014-2024
NBA,LogisticRegression,Expected FG,spatial,spatial_surface,83.33333333333337,406.3768115942029,-0.5082133000226224,,,,2014-2024
NBA,LogisticRegression,Expected FG,spatial,spatial_surface,90.57971014492756,406.3768115942029,-0.511464525581429,,,,2014-2024
NBA,LogisticRegression,Expected FG,spatial,spatial_surface,97.82608695652175,406.3768115942029,-0.5149876273921439,,,,2014-2024
NBA,LogisticRegression,Expected FG,spatial,spatial_surface,105.07246376811594,406.3768115942029,-0.5187795185126589,,,,2014-2024
NBA,LogisticRegression,Expected FG,spatial,spatial_surface,112.31884057971013,406.3768115942029,-0.5228369327028103,,,,2014-2024
NBA,LogisticRegression,Expected FG,spatial,spatial_surface,119.56521739130437,406.3768115942029,-0.527156437230645,,,,2014-2024
NBA,LogisticRegression,Expected FG,spatial,spatial_surface,126.81159420289856,406.3768115942029,-0.5317344459266834,,,,2014-2024
NBA,LogisticRegression,Expected FG,spatial,spatial_surface,134.05797101449275,406.3768115942029,-0.5365672323838626,,,,2014-2024
NBA,LogisticRegression,Expected FG,spatial,spatial_surface,141.304347826087,406.3768115942029,-0.5416509432052279,,,,2014-2024
NBA,LogisticRegression,Expected FG,spatial,spatial_surface,148.55072463768118,406.3768115942029,-0.5469816112068697,,,,2014-2024
NBA,LogisticRegression,Expected FG,spatial,spatial_surface,155.79710144927537,406.3768115942029,-0.5525551684898566,,,,2014-2024
NBA,LogisticRegression,Expected FG,spatial,spatial_surface,163.04347826086956,406.3768115942029,-0.5583674593018856,,,,2014-2024
NBA,LogisticRegression,Expected FG,spatial,spatial_surface,170.28985507246375,406.3768115942029,-0.5644142526168195,,,,2014-2024
NBA,LogisticRegression,Expected FG,spatial,spatial_surface,177.536231884058,406.3768115942029,-0.5706912543680766,,,,2014-2024
NBA,LogisticRegression,Expected FG,spatial,spatial_surface,184.7826086956522,406.3768115942029,-0.5771941192797875,,,,2014-2024
NBA,LogisticRegression,Expected FG,spatial,spatial_surface,192.02898550724638,406.3768115942029,-0.5839184622476286,,,,2014-2024
NBA,LogisticRegression,Expected FG,spatial,spatial_surface,199.27536231884062,406.3768115942029,-0.5908598692290877,,,,2014-2024
NBA,LogisticRegression,Expected FG,spatial,spatial_surface,206.5217391304348,406.3768115942029,-0.5980139076105989,,,,2014-2024
NBA,LogisticRegression,Expected FG,spatial,spatial_surface,213.768115942029,406.3768115942029,-0.6053761360262588,,,,2014-2024
NBA,LogisticRegression,Expected FG,spatial,spatial_surface,221.0144927536232,406.3768115942029,-0.6129421136097922,,,,2014-2024
NBA,LogisticRegression,Expected FG,spatial,spatial_surface,228.26086956521738,406.3768115942029,-0.6207074086678575,,,,2014-2024
NBA,LogisticRegression,Expected FG,spatial,spatial_surface,235.50724637681162,406.3768115942029,-0.6286676067687437,,,,2014-2024
NBA,LogisticRegression,Expected FG,spatial,spatial_surface,242.7536231884058,406.3768115942029,-0.6368183182458836,,,,2014-2024
NBA,LogisticRegression,Expected FG,spatial,spatial_surface,250.0,406.3768115942029,-0.6451551851204734,,,,2014-2024
NBA,LogisticRegression,Expected FG,spatial,spatial_surface,-250.0,413.18840579710144,-0.668804667412082,,,,2014-2024
NBA,LogisticRegression,Expected FG,spatial,spatial_surface,-242.7536231884058,413.18840579710144,-0.6603203360758919,,,,2014-2024
NBA,LogisticRegression,Expected FG,spatial,spatial_surface,-235.5072463768116,413.18840579710144,-0.6520175755180186,,,,2014-2024
NBA,LogisticRegression,Expected FG,spatial,spatial_surface,-228.26086956521738,413.18840579710144,-0.6439006183285374,,,,2014-2024
NBA,LogisticRegression,Expected FG,spatial,spatial_surface,-221.0144927536232,413.18840579710144,-0.6359737292935306,,,,2014-2024
NBA,LogisticRegression,Expected FG,spatial,spatial_surface,-213.768115942029,413.18840579710144,-0.6282411989565932,,,,2014-2024
NBA,LogisticRegression,Expected FG,spatial,spatial_surface,-206.52173913043478,413.18840579710144,-0.6207073366396617,,,,2014-2024
NBA,LogisticRegression,Expected FG,spatial,spatial_surface,-199.27536231884056,413.18840579710144,-0.613376462918748,,,,2014-2024
NBA,LogisticRegression,Expected FG,spatial,spatial_surface,-192.02898550724638,413.18840579710144,-0.6062529015545006,,,,2014-2024
NBA,LogisticRegression,Expected FG,spatial,spatial_surface,-184.7826086956522,413.18840579710144,-0.5993409708823535,,,,2014-2024
NBA,LogisticRegression,Expected FG,spatial,spatial_surface,-177.53623188405797,413.18840579710144,-0.592644974672315,,,,2014-2024
NBA,LogisticRegression,Expected FG,spatial,spatial_surface,-170.28985507246375,413.18840579710144,-0.5861691924742474,,,,2014-2024
NBA,LogisticRegression,Expected FG,spatial,spatial_surface,-163.04347826086956,413.18840579710144,-0.5799178694706612,,,,2014-2024
NBA,LogisticRegression,Expected FG,spatial,spatial_surface,-155.79710144927537,413.18840579710144,-0.5738952058656133,,,,2014-2024
NBA,LogisticRegression,Expected FG,spatial,spatial_surface,-148.55072463768116,413.18840579710144,-0.568105345845147,,,,2014-2024
NBA,LogisticRegression,Expected FG,spatial,spatial_surface,-141.30434782608694,413.18840579710144,-0.5625523661517831,,,,2014-2024
NBA,LogisticRegression,Expected FG,spatial,spatial_surface,-134.05797101449275,413.18840579710144,-0.5572402643227471,,,,2014-2024
NBA,LogisticRegression,Expected FG,spatial,spatial_surface,-126.81159420289855,413.18840579710144,-0.5521729466488011,,,,2014-2024
NBA,LogisticRegression,Expected FG,spatial,spatial_surface,-119.56521739130434,413.18840579710144,-0.5473542159176008,,,,2014-2024
NBA,LogisticRegression,Expected FG,spatial,spatial_surface,-112.31884057971013,413.18840579710144,-0.5427877590122833,,,,2014-2024
NBA,LogisticRegression,Expected FG,spatial,spatial_surface,-105.07246376811594,413.18840579710144,-0.538477134442362,,,,2014-2024
NBA,LogisticRegression,Expected FG,spatial,spatial_surface,-97.82608695652175,413.18840579710144,-0.534425759889814,,,,2014-2024
NBA,LogisticRegression,Expected FG,spatial,spatial_surface,-90.57971014492753,413.18840579710144,-0.5306368998583121,,,,2014-2024
NBA,LogisticRegression,Expected FG,spatial,spatial_surface,-83.33333333333331,413.18840579710144,-0.5271136535177627,,,,2014-2024
NBA,LogisticRegression,Expected FG,spatial,spatial_surface,-76.08695652173913,413.18840579710144,-0.5238589428394764,,,,2014-2024
NBA,LogisticRegression,Expected FG,spatial,spatial_surface,-68.84057971014494,413.18840579710144,-0.5208755011193078,,,,2014-2024
NBA,LogisticRegression,Expected FG,spatial,spatial_surface,-61.59420289855072,413.18840579710144,-0.5181658619868296,,,,2014-2024
NBA,LogisticRegression,Expected FG,spatial,spatial_surface,-54.3478260869565,413.18840579710144,-0.5157323489979629,,,,2014-2024
NBA,LogisticRegression,Expected FG,spatial,spatial_surface,-47.10144927536231,413.18840579710144,-0.51357706590638,,,,2014-2024
NBA,LogisticRegression,Expected FG,spatial,spatial_surface,-39.855072463768124,413.18840579710144,-0.5117018877054175,,,,2014-2024
NBA,LogisticRegression,Expected FG,spatial,spatial_surface,-32.60869565217391,413.18840579710144,-0.5101084525271655,,,,2014-2024
NBA,LogisticRegression,Expected FG,spatial,spatial_surface,-25.36231884057969,413.18840579710144,-0.5087981544788506,,,,2014-2024
NBA,LogisticRegression,Expected FG,spatial,spatial_surface,-18.1159420289855,413.18840579710144,-0.5077721374887182,,,,2014-2024
NBA,LogisticRegression,Expected FG,spatial,spatial_surface,-10.869565217391312,413.18840579710144,-0.5070312902243838,,,,2014-2024
NBA,LogisticRegression,Expected FG,spatial,spatial_surface,-3.6231884057970944,413.18840579710144,-0.506576242136264,,,,2014-2024
NBA,LogisticRegression,Expected FG,spatial,spatial_surface,3.623188405797123,413.18840579710144,-0.5064073606673637,,,,2014-2024
NBA,LogisticRegression,Expected FG,spatial,spatial_surface,10.869565217391312,413.18840579710144,-0.5065247496585686,,,,2014-2024
NBA,LogisticRegression,Expected FG,spatial,spatial_surface,18.1159420289855,413.18840579710144,-0.5069282489659456,,,,2014-2024
NBA,LogisticRegression,Expected FG,spatial,spatial_surface,25.362318840579746,413.18840579710144,-0.507617435293562,,,,2014-2024
NBA,LogisticRegression,Expected FG,spatial,spatial_surface,32.608695652173935,413.18840579710144,-0.5085916242323152,,,,2014-2024
NBA,LogisticRegression,Expected FG,spatial,spatial_surface,39.855072463768124,413.18840579710144,-0.5098498734824195,,,,2014-2024
NBA,LogisticRegression,Expected FG,spatial,spatial_surface,47.10144927536231,413.18840579710144,-0.511390987224782,,,,2014-2024
NBA,LogisticRegression,Expected FG,spatial,spatial_surface,54.3478260869565,413.18840579710144,-0.5132135215947679,,,,2014-2024
NBA,LogisticRegression,Expected FG,spatial,spatial_surface,61.59420289855075,413.18840579710144,-0.5153157912009881,,,,2014-2024
NBA,LogisticRegression,Expected FG,spatial,spatial_surface,68.84057971014494,413.18840579710144,-0.5176958766219595,,,,2014-2024
NBA,LogisticRegression,Expected FG,spatial,spatial_surface,76.08695652173913,413.18840579710144,-0.5203516328048907,,,,2014-2024
NBA,LogisticRegression,Expected FG,spatial,spatial_surface,83.33333333333337,413.18840579710144,-0.5232806982836331,,,,2014-2024
NBA,LogisticRegression,Expected FG,spatial,spatial_surface,90.57971014492756,413.18840579710144,-0.526480505127027,,,,2014-2024
NBA,LogisticRegression,Expected FG,spatial,spatial_surface,97.82608695652175,413.18840579710144,-0.5299482895245271,,,,2014-2024
NBA,LogisticRegression,Expected FG,spatial,spatial_surface,105.07246376811594,413.18840579710144,-0.5336811029131645,,,,2014-2024
NBA,LogisticRegression,Expected FG,spatial,spatial_surface,112.31884057971013,413.18840579710144,-0.5376758235485042,,,,2014-2024
NBA,LogisticRegression,Expected FG,spatial,spatial_surface,119.56521739130437,413.18840579710144,-0.5419291684222799,,,,2014-2024
NBA,LogisticRegression,Expected FG,spatial,spatial_surface,126.81159420289856,413.18840579710144,-0.5464377054307415,,,,2014-2024
NBA,LogisticRegression,Expected FG,spatial,spatial_surface,134.05797101449275,413.18840579710144,-0.5511978657002945,,,,2014-2024
NBA,LogisticRegression,Expected FG,spatial,spatial_surface,141.304347826087,413.18840579710144,-0.556205955980662,,,,2014-2024
NBA,LogisticRegression,Expected FG,spatial,spatial_surface,148.55072463768118,413.18840579710144,-0.5614581710203966,,,,2014-2024
NBA,LogisticRegression,Expected FG,spatial,spatial_surface,155.79710144927537,413.18840579710144,-0.5669506058449348,,,,2014-2024
NBA,LogisticRegression,Expected FG,spatial,spatial_surface,163.04347826086956,413.18840579710144,-0.5726792678634464,,,,2014-2024
NBA,LogisticRegression,Expected FG,spatial,spatial_surface,170.28985507246375,413.18840579710144,-0.5786400887372103,,,,2014-2024
NBA,LogisticRegression,Expected FG,spatial,spatial_surface,177.536231884058,413.18840579710144,-0.5848289359491351,,,,2014-2024
NBA,LogisticRegression,Expected FG,spatial,spatial_surface,184.7826086956522,413.18840579710144,-0.5912416240210693,,,,2014-2024
NBA,LogisticRegression,Expected FG,spatial,spatial_surface,192.02898550724638,413.18840579710144,-0.5978739253326626,,,,2014-2024
NBA,LogisticRegression,Expected FG,spatial,spatial_surface,199.27536231884062,413.18840579710144,-0.6047215805026107,,,,2014-2024
NBA,LogisticRegression,Expected FG,spatial,spatial_surface,206.5217391304348,413.18840579710144,-0.6117803083000003,,,,2014-2024
NBA,LogisticRegression,Expected FG,spatial,spatial_surface,213.768115942029,413.18840579710144,-0.6190458150601177,,,,2014-2024
NBA,LogisticRegression,Expected FG,spatial,spatial_surface,221.0144927536232,413.18840579710144,-0.6265138035854189,,,,2014-2024
NBA,LogisticRegression,Expected FG,spatial,spatial_surface,228.26086956521738,413.18840579710144,-0.6341799815182758,,,,2014-2024
NBA,LogisticRegression,Expected FG,spatial,spatial_surface,235.50724637681162,413.18840579710144,-0.6420400691776321,,,,2014-2024
NBA,LogisticRegression,Expected FG,spatial,spatial_surface,242.7536231884058,413.18840579710144,-0.6500898068567323,,,,2014-2024
NBA,LogisticRegression,Expected FG,spatial,spatial_surface,250.0,413.18840579710144,-0.6583249615836512,,,,2014-2024
NBA,LogisticRegression,Expected FG,spatial,spatial_surface,-250.0,420.0,-0.6818918045967892,,,,2014-2024
NBA,LogisticRegression,Expected FG,spatial,spatial_surface,-242.7536231884058,420.0,-0.6735091048604918,,,,2014-2024
NBA,LogisticRegression,Expected FG,spatial,spatial_surface,-235.5072463768116,420.0,-0.6653073197751186,,,,2014-2024
NBA,LogisticRegression,Expected FG,spatial,spatial_surface,-228.26086956521738,420.0,-0.6572905631798717,,,,2014-2024
NBA,LogisticRegression,Expected FG,spatial,spatial_surface,-221.0144927536232,420.0,-0.6494629763605814,,,,2014-2024
NBA,LogisticRegression,Expected FG,spatial,spatial_surface,-213.768115942029,420.0,-0.6418287217543651,,,,2014-2024
NBA,LogisticRegression,Expected FG,spatial,spatial_surface,-206.52173913043478,420.0,-0.6343919761534963,,,,2014-2024
NBA,LogisticRegression,Expected FG,spatial,spatial_surface,-199.27536231884056,420.0,-0.627156923406442,,,,2014-2024
NBA,LogisticRegression,Expected FG,spatial,spatial_surface,-192.02898550724638,420.0,-0.6201277466180736,,,,2014-2024
NBA,LogisticRegression,Expected FG,spatial,spatial_surface,-184.7826086956522,420.0,-0.613308619855598,,,,2014-2024
NBA,LogisticRegression,Expected FG,spatial,spatial_surface,-177.53623188405797,420.0,-0.6067036993716832,,,,2014-2024
NBA,LogisticRegression,Expected FG,spatial,spatial_surface,-170.28985507246375,420.0,-0.6003171143615709,,,,2014-2024
NBA,LogisticRegression,Expected FG,spatial,spatial_surface,-163.04347826086956,420.0,-0.5941529572766404,,,,2014-2024
NBA,LogisticRegression,Expected FG,spatial,spatial_surface,-155.79710144927537,420.0,-0.5882152737228584,,,,2014-2024
NBA,LogisticRegression,Expected FG,spatial,spatial_surface,-148.55072463768116,420.0,-0.5825080519787375,,,,2014-2024
NBA,LogisticRegression,Expected FG,spatial,spatial_surface,-141.30434782608694,420.0,-0.5770352121737939,,,,2014-2024
NBA,LogisticRegression,Expected FG,spatial,spatial_surface,-134.05797101449275,420.0,-0.5718005951748982,,,,2014-2024
NBA,LogisticRegression,Expected FG,spatial,spatial_surface,-126.81159420289855,420.0,-0.5668079512342985,,,,2014-2024
NBA,LogisticRegression,Expected FG,spatial,spatial_surface,-119.56521739130434,420.0,-0.562060928459316,,,,2014-2024
NBA,LogisticRegression,Expected FG,spatial,spatial_surface,-112.31884057971013,420.0,-0.5575630611696647,,,,2014-2024
NBA,LogisticRegression,Expected FG,spatial,spatial_surface,-105.07246376811594,420.0,-0.553317758213894,,,,2014-2024
NBA,LogisticRegression,Expected FG,spatial,spatial_surface,-97.82608695652175,420.0,-0.549328291321445,,,,2014-2024
NBA,LogisticRegression,Expected FG,spatial,spatial_surface,-90.57971014492753,420.0,-0.5455977835711543,,,,2014-2024
NBA,LogisticRegression,Expected FG,spatial,spatial_surface,-83.33333333333331,420.0,-0.5421291980605614,,,,2014-2024
NBA,LogisticRegression,Expected FG,spatial,spatial_surface,-76.08695652173913,420.0,-0.5389253268629541,,,,2014-2024
NBA,LogisticRegression,Expected FG,spatial,spatial_surface,-68.84057971014494,420.0,-0.5359887803606478,,,,2014-2024
NBA,LogisticRegression,Expected FG,spatial,spatial_surface,-61.59420289855072,420.0,-0.5333219770433935,,,,2014-2024
NBA,LogisticRegression,Expected FG,spatial,spatial_surface,-54.3478260869565,420.0,-0.5309271338599844,,,,2014-2024
NBA,LogisticRegression,Expected FG,spatial,spatial_surface,-47.10144927536231,420.0,-0.5288062572090366,,,,2014-2024
NBA,LogisticRegression,Expected FG,spatial,spatial_surface,-39.855072463768124,420.0,-0.5269611346515107,,,,2014-2024
NBA,LogisticRegression,Expected FG,spatial,spatial_surface,-32.60869565217391,420.0,-0.5253933274228276,,,,2014-2024
NBA,LogisticRegression,Expected FG,spatial,spatial_surface,-25.36231884057969,420.0,-0.5241041638164415,,,,2014-2024
NBA,LogisticRegression,Expected FG,spatial,spatial_surface,-18.1159420289855,420.0,-0.5230947335035275,,,,2014-2024
NBA,LogisticRegression,Expected FG,spatial,spatial_surface,-10.869565217391312,420.0,-0.5223658828451241,,,,2014-2024
NBA,LogisticRegression,Expected FG,spatial,spatial_surface,-3.6231884057970944,420.0,-0.5219182112437345,,,,2014-2024
NBA,LogisticRegression,Expected FG,spatial,spatial_surface,3.623188405797123,420.0,-0.5217520685712527,,,,2014-2024
NBA,LogisticRegression,Expected FG,spatial,spatial_surface,10.869565217391312,420.0,-0.5218675536992275,,,,2014-2024
NBA,LogisticRegression,Expected FG,spatial,spatial_surface,18.1159420289855,420.0,-0.5222645141461832,,,,2014-2024
NBA,LogisticRegression,Expected FG,spatial,spatial_surface,25.362318840579746,420.0,-0.5229425468451296,,,,2014-2024
NBA,LogisticRegression,Expected FG,spatial,spatial_surface,32.608695652173935,420.0,-0.5239010000227852,,,,2014-2024
NBA,LogisticRegression,Expected FG,spatial,spatial_surface,39.855072463768124,420.0,-0.525138976170562,,,,2014-2024
NBA,LogisticRegression,Expected FG,spatial,spatial_surface,47.10144927536231,420.0,-0.5266553360762728,,,,2014-2024
NBA,LogisticRegression,Expected FG,spatial,spatial_surface,54.3478260869565,420.0,-0.5284487038750261,,,,2014-2024
NBA,LogisticRegression,Expected FG,spatial,spatial_surface,61.59420289855075,420.0,-0.5305174730680235,,,,2014-2024
NBA,LogisticRegression,Expected FG,spatial,spatial_surface,68.84057971014494,420.0,-0.5328598134491324,,,,2014-2024
NBA,LogisticRegression,Expected FG,spatial,spatial_surface,76.08695652173913,420.0,-0.5354736788713672,,,,2014-2024
NBA,LogisticRegression,Expected FG,spatial,spatial_surface,83.33333333333337,420.0,-0.5383568157788055,,,,2014-2024
NBA,LogisticRegression,Expected FG,spatial,spatial_surface,90.57971014492756,420.0,-0.5415067724240976,,,,2014-2024
NBA,LogisticRegression,Expected FG,spatial,spatial_surface,97.82608695652175,420.0,-0.5449209086876978,,,,2014-2024
NBA,LogisticRegression,Expected FG,spatial,spatial_surface,105.07246376811594,420.0,-0.5485964064121545,,,,2014-2024
NBA,LogisticRegression,Expected FG,spatial,spatial_surface,112.31884057971013,420.0,-0.5525302801633519,,,,2014-2024
NBA,LogisticRegression,Expected FG,spatial,spatial_surface,119.56521739130437,420.0,-0.5567193883303578,,,,2014-2024
NBA,LogisticRegression,Expected FG,spatial,spatial_surface,126.81159420289856,420.0,-0.5611604444764884,,,,2014-2024
NBA,LogisticRegression,Expected FG,spatial,spatial_surface,134.05797101449275,420.0,-0.565850028856251,,,,2014-2024
NBA,LogisticRegression,Expected FG,spatial,spatial_surface,141.304347826087,420.0,-0.570784600015837,,,,2014-2024
NBA,LogisticRegression,Expected FG,spatial,spatial_surface,148.55072463768118,420.0,-0.5759605063987269,,,,2014-2024
NBA,LogisticRegression,Expected FG,spatial,spatial_surface,155.79710144927537,420.0,-0.5813739978826001,,,,2014-2024
NBA,LogisticRegression,Expected FG,spatial,spatial_surface,163.04347826086956,420.0,-0.5870212371789465,,,,2014-2024
NBA,LogisticRegression,Expected FG,spatial,spatial_surface,170.28985507246375,420.0,-0.5928983110324894,,,,2014-2024
NBA,LogisticRegression,Expected FG,spatial,spatial_surface,177.536231884058,420.0,-0.59900124116354,,,,2014-2024
NBA,LogisticRegression,Expected FG,spatial,spatial_surface,184.7826086956522,420.0,-0.6053259949026555,,,,2014-2024
NBA,LogisticRegression,Expected FG,spatial,spatial_surface,192.02898550724638,420.0,-0.6118684954733137,,,,2014-2024
NBA,LogisticRegression,Expected FG,spatial,spatial_surface,199.27536231884062,420.0,-0.6186246318846315,,,,2014-2024
NBA,LogisticRegression,Expected FG,spatial,spatial_surface,206.5217391304348,420.0,-0.6255902684023865,,,,2014-2024
NBA,LogisticRegression,Expected FG,spatial,spatial_surface,213.768115942029,420.0,-0.632761253572626,,,,2014-2024
NBA,LogisticRegression,Expected FG,spatial,spatial_surface,221.0144927536232,420.0,-0.6401334287779108,,,,2014-2024
NBA,LogisticRegression,Expected FG,spatial,spatial_surface,228.26086956521738,420.0,-0.6477026363117073,,,,2014-2024
NBA,LogisticRegression,Expected FG,spatial,spatial_surface,235.50724637681162,420.0,-0.6554647269615154,,,,2014-2024
NBA,LogisticRegression,Expected FG,spatial,spatial_surface,242.7536231884058,420.0,-0.6634155670960281,,,,2014-2024
NBA,LogisticRegression,Expected FG,spatial,spatial_surface,250.0,420.0,-0.6715510452558779,,,,2014-2024
