player,PLAYER_ID,role,cluster_id,cluster_confidence,archetype,avg_distance,avg_xFG,avg_sdi,actual_fg_pct,pullup_rate,usage_pct,attempts_per_game,total_attempts,games_played,pct_rim,pct_midrange,pct_3pt,pct_corner_3,distance_std,distance_iqr,distance_entropy,layup_rate,dunk_rate,hook_rate,floater_rate
LeBron James,2544,Wing,Wing-2,0.7479862038004846,Wing - Role Player (Mixed),11.799319727891156,0.49780817393579074,0.41673769176283,0.5017006802721088,0.5663265306122449,0.27457877630391,16.333333333333332,588,36,0.54421768707483,0.1717687074829932,0.2840136054421769,0.056122448979591844,10.230921474690328,21.0,1.5970132283699106,0.32482993197278914,0.09523809523809523,0.011904761904761904,0.04421768707482993
Kevin Durant,201142,Wing,Wing-0,0.999991494083023,Wing - Mid-Range Specialist (High Usage),15.88255033557047,0.4321578804145103,0.4967730992634389,0.5055928411633109,0.8870246085011185,0.2625283634150551,17.88,894,50,0.3713646532438479,0.30648769574944074,0.32214765100671144,0.030201342281879196,7.895926330396247,14.75,1.49442079799436,0.06823266219239374,0.04138702460850112,0.003355704697986577,0.052572706935123045
Al Horford,201143,Wing,Wing-1,0.9999981665839057,Wing - Role Player (Mixed) (Low Usage),18.28125,0.4120222081250074,0.49899598622086433,0.42857142857142855,0.7589285714285714,0.1571762876071522,6.588235294117647,224,34,0.2901785714285714,0.0625,0.6473214285714285,0.1607142857142857,9.536166994222793,17.0,1.3451301145307282,0.13839285714285715,0.013392857142857142,0.08482142857142858,0.049107142857142856
Russell Westbrook,201566,Wing,Wing-2,0.9999915938468052,Wing - Role Player (Mixed),14.948755490483162,0.43719730002774776,0.46200252872436676,0.43045387994143486,0.6588579795021962,0.25125902354062374,13.134615384615385,683,52,0.42020497803806733,0.1259150805270864,0.4538799414348462,0.13177159590043924,10.000235073642221,21.0,1.523139379933516,0.3279648609077599,0.010248901903367497,0.0,0.008784773060029283
Brook Lopez,201572,Guard,Guard-0,1.0,Guard - Perimeter-Focused (Low Usage),20.145833333333332,0.40133678770669634,0.4844213899133266,0.3854166666666667,0.8402777777777778,0.17571511672261214,6.260869565217392,288,46,0.2569444444444444,0.05555555555555555,0.6875,0.12152777777777778,9.305851255839999,15.25,1.3392548204276362,0.09375,0.020833333333333332,0.027777777777777776,0.06597222222222222
James Harden,201935,Wing,Wing-2,0.9985167397687308,Wing - Role Player (Mixed),16.324626865671643,0.4221434249803595,0.5145957046434219,0.42039800995024873,0.7798507462686567,0.2963802349104744,17.106382978723403,804,47,0.4104477611940298,0.08208955223880597,0.5074626865671642,0.028606965174129355,10.58007905038536,22.0,1.4571702518911058,0.21641791044776118,0.0,0.0037313432835820895,0.16044776119402984
Stephen Curry,201939,Guard,Guard-2,1.0,Guard - Perimeter-Focused (High Usage),19.022849462365592,0.4011723026236735,0.5049177612039404,0.46774193548387094,0.7553763440860215,0.3111064909552263,19.076923076923077,744,39,0.27553763440860213,0.12231182795698925,0.6021505376344085,0.040322580645161296,10.338068236257836,19.0,1.4337339457597449,0.23655913978494625,0.0013440860215053765,0.004032258064516129,0.056451612903225805
DeMar DeRozan,201942,Wing,Wing-0,1.0,Wing - Mid-Range Specialist (High Usage),13.967957276368491,0.4353988352751565,0.4885911489500109,0.4939919893190921,0.8317757009345794,0.21580637421632257,13.375,749,56,0.3604806408544726,0.4766355140186916,0.1628838451268358,0.06141522029372497,7.279304685480239,10.0,1.5107907822272357,0.14552736982643524,0.009345794392523364,0.0,0.05473965287049399
Jrue Holiday,201950,Wing,Wing-2,0.9911913187607096,Wing - Role Player (Mixed),15.780346820809248,0.4304639476048271,0.47461198675918576,0.45375722543352603,0.7254335260115607,0.22404119343001921,12.814814814814815,346,27,0.4219653179190751,0.0838150289017341,0.4942196531791907,0.05202312138728324,10.00627431547167,20.0,1.433142507213748,0.22254335260115607,0.005780346820809248,0.03468208092485549,0.08670520231213873
Paul George,202331,Guard,Guard-4,1.0,Guard - Mid-Range Specialist,17.2909604519774,0.42491524088026583,0.4866343411058015,0.423728813559322,0.8305084745762712,0.21677959175416234,13.11111111111111,354,27,0.2655367231638418,0.2457627118644068,0.4887005649717514,0.1271186440677966,9.095189257522877,15.0,1.5017034449233213,0.1497175141242938,0.011299435028248588,0.0,0.03389830508474576
Jonas Valančiūnas,202685,Big,Big-1,1.0,Big - Paint-Dominant (High Usage),6.966911764705882,0.5242624008756704,0.3175770554395738,0.5772058823529411,0.41544117647058826,0.2559935660542897,6.325581395348837,272,43,0.7610294117647058,0.17279411764705882,0.0661764705882353,0.003676470588235294,6.850189806911177,9.0,1.3475963978740533,0.3235294117647059,0.0625,0.1948529411764706,0.04779411764705882
Klay Thompson,202691,Guard,Guard-1,1.0,Guard - Perimeter-Focused,21.127906976744185,0.39010913154381266,0.5395262320681903,0.3875968992248062,0.9224806201550387,0.2087433885632529,10.53061224489796,516,49,0.12403100775193798,0.15310077519379844,0.7228682170542635,0.18023255813953487,7.049555262366209,5.0,1.1999977770246257,0.07751937984496124,0.0,0.0,0.029069767441860465
Kawhi Leonard,202695,Wing,Wing-0,0.973919391844946,Wing - Mid-Range Specialist (High Usage),15.016089108910892,0.4420807733786534,0.4567659088469948,0.49133663366336633,0.8094059405940595,0.3304241691468254,19.70731707317073,808,41,0.43564356435643564,0.2079207920792079,0.3564356435643565,0.04084158415841584,8.979171191884305,17.0,1.560517239096065,0.1311881188118812,0.039603960396039604,0.019801980198019802,0.07301980198019802
Nikola Vučević,202696,Wing,Wing-2,0.9942568867420256,Wing - Role Player (Mixed),12.441558441558442,0.4572554653427655,0.3962721246485172,0.5036075036075036,0.5887445887445888,0.21544512429934534,13.588235294117647,693,51,0.5728715728715729,0.09523809523809523,0.33189033189033185,0.030303030303030304,10.08739864586418,21.0,1.4728905422306182,0.19336219336219337,0.021645021645021644,0.1847041847041847,0.16017316017316016
Tobias Harris,202699,Wing,Wing-2,0.9999999864742005,Wing - Role Player (Mixed),13.417302798982188,0.46140446133494223,0.45550775799414245,0.455470737913486,0.7353689567430025,0.1836146538932972,10.621621621621621,393,37,0.46564885496183206,0.16030534351145037,0.3740458015267175,0.15776081424936386,9.367165071784443,18.0,1.576817759514907,0.2010178117048346,0.04580152671755725,0.015267175572519083,0.0916030534351145
Jimmy Butler III,202710,Wing,Wing-0,0.9998636683291374,Wing - Mid-Range Specialist (High Usage),8.796536796536797,0.5119032340720473,0.3964448703768804,0.5194805194805194,0.46320346320346323,0.22576022905177642,12.157894736842104,462,38,0.6645021645021645,0.15151515151515152,0.18398268398268397,0.08225108225108226,8.901835641314504,12.75,1.5171858536464806,0.44805194805194803,0.0670995670995671,0.010822510822510822,0.08874458874458875
Anthony Davis,203076,Wing,Wing-0,0.9999800779402028,Wing - Mid-Range Specialist (High Usage),8.718562874251496,0.5355646381494552,0.3620117454757258,0.5059880239520959,0.5269461077844312,0.2711524895436503,16.7,334,20,0.6676646706586826,0.2215568862275449,0.11077844311377245,0.017964071856287428,8.352508553103586,13.0,1.5227416332380956,0.281437125748503,0.1407185628742515,0.04491017964071856,0.1317365269461078
Andre Drummond,203083,Big,Big-2,1.0,Big - Paint-Dominant (Low Usage),6.838709677419355,0.5706141092415805,0.3104387023152807,0.5023041474654378,0.271889400921659,0.14620771744860306,5.7105263157894735,217,38,0.7603686635944701,0.004608294930875576,0.2350230414746544,0.1935483870967742,9.372772535062731,8.0,1.1430550118405371,0.5069124423963134,0.12903225806451613,0.09216589861751152,0.03225806451612903
Harrison Barnes,203084,Guard,Guard-0,1.0,Guard - Perimeter-Focused (Low Usage),16.68337129840547,0.43777214073262816,0.4705180019613789,0.44419134396355353,0.7722095671981777,0.14856308167299706,8.12962962962963,439,54,0.3416856492027335,0.0387243735763098,0.6195899772209568,0.32801822323462415,9.8721263214221,19.5,1.4991460626682724,0.17995444191343962,0.018223234624145785,0.022779043280182234,0.07289293849658314
Draymond Green,203110,Guard,Guard-0,1.0,Guard - Perimeter-Focused (Low Usage),17.049562682215743,0.43843883616480206,0.41850147708730856,0.41690962099125367,0.717201166180758,0.16680874554110325,7.456521739130435,343,46,0.33819241982507287,0.037900874635568516,0.6239067055393586,0.20408163265306123,10.351167043619721,21.0,1.395973381767599,0.25072886297376096,0.01749271137026239,0.014577259475218658,0.0728862973760933
Khris Middleton,203114,Guard,Guard-4,1.0,Guard - Mid-Range Specialist,15.294303797468354,0.4302668982710297,0.49704361790612084,0.4272151898734177,0.8037974683544303,0.1907505079937124,8.777777777777779,316,36,0.3227848101265823,0.34177215189873417,0.33544303797468356,0.10126582278481013,8.564902495175213,15.0,1.5679149583514502,0.1550632911392405,0.0,0.028481012658227847,0.09177215189873418
CJ McCollum,203468,Wing,Wing-2,0.9987169302488483,Wing - Role Player (Mixed),16.167095115681235,0.42360808197844707,0.5066397289979413,0.455012853470437,0.8419023136246787,0.2457509876704003,15.254901960784315,778,51,0.3611825192802056,0.19408740359897173,0.44473007712082263,0.06683804627249357,9.474091042131503,18.0,1.5746186878315513,0.15038560411311053,0.0038560411311053984,0.0038560411311053984,0.1928020565552699
Dennis Schröder,203471,Wing,Wing-2,0.999999916833488,Wing - Role Player (Mixed),15.043763676148796,0.42407285703400754,0.49284973603458226,0.40043763676148797,0.7308533916849015,0.22261769674888715,10.386363636363637,457,44,0.40700218818380746,0.19693654266958424,0.39606126914660833,0.0612691466083151,9.54664503465551,20.0,1.5679158809987173,0.26914660831509846,0.0,0.0,0.13347921225382933
Kentavious Caldwell-Pope,203484,Guard,Guard-4,1.0,Guard - Mid-Range Specialist,17.038251366120218,0.42489895629068475,0.5042152604307333,0.4098360655737705,0.8032786885245902,0.1726141197744269,7.176470588235294,366,51,0.3005464480874317,0.22404371584699453,0.47540983606557374,0.09562841530054644,9.06649174434856,16.75,1.4591363029444957,0.18032786885245902,0.01639344262295082,0.0,0.05737704918032787
Rudy Gobert,203497,Big,Big-0,1.0,Big - Paint-Dominant (Low Usage),1.8513119533527698,0.7055131348012165,0.21752589169241554,0.7026239067055393,0.04664723032069971,0.1243940419569379,6.351851851851852,343,54,0.9766763848396501,0.01749271137026239,0.0058309037900874635,0.0029154518950437317,2.9752472547608475,2.0,0.6328566180155221,0.4956268221574344,0.43440233236151604,0.023323615160349854,0.029154518950437316
Tim Hardaway Jr.,203501,Guard,Guard-1,1.0,Guard - Perimeter-Focused,20.281767955801104,0.40282841727434143,0.516486421160364,0.4530386740331492,0.861878453038674,0.17769430185380286,10.055555555555555,543,54,0.17863720073664824,0.12338858195211787,0.6979742173112339,0.13443830570902393,8.487660840093817,10.0,1.2657173218309279,0.10681399631675875,0.02394106813996317,0.0055248618784530384,0.04604051565377532
Giannis Antetokounmpo,203507,Big,Big-1,1.0,Big - Paint-Dominant (High Usage),5.675564681724846,0.608220595895828,0.31905505654649446,0.6447638603696099,0.25667351129363447,0.34944616057672184,16.79310344827586,487,29,0.7823408624229979,0.13963039014373715,0.07802874743326489,0.002053388090349076,7.946676612041238,6.5,1.1999648201352737,0.4887063655030801,0.24229979466119098,0.012320328542094456,0.014373716632443531
Zach LaVine,203897,Wing,Wing-2,0.999997869314099,Wing - Role Player (Mixed),16.23765996343693,0.4422071723479919,0.4916608218734626,0.4789762340036563,0.6910420475319927,0.23475991396327103,14.025641025641026,547,39,0.3583180987202925,0.1773308957952468,0.4643510054844607,0.09689213893967094,10.262230637847853,21.0,1.532225919509113,0.2522851919561243,0.05301645338208409,0.003656307129798903,0.03656307129798903
Jordan Clarkson,203903,Wing,Wing-2,0.999991334172623,Wing - Role Player (Mixed),14.561097256857856,0.44244684659707356,0.4724364205316499,0.4314214463840399,0.7581047381546134,0.20492023807464058,7.862745098039215,401,51,0.4513715710723192,0.08478802992518704,0.46384039900249374,0.19201995012468828,9.923299995113393,19.0,1.5697946885634384,0.20448877805486285,0.014962593516209476,0.022443890274314215,0.16209476309226933
Jerami Grant,203924,Wing,Wing-2,0.9943220513878185,Wing - Role Player (Mixed),14.056925996204933,0.4641556202957946,0.46186097250643193,0.43833017077798864,0.6015180265654649,0.23782680716423038,13.175,527,40,0.4554079696394687,0.0777988614800759,0.4667931688804554,0.17836812144212524,10.50423526932696,21.0,1.5254837311140104,0.3396584440227704,0.03795066413662239,0.017077798861480076,0.03984819734345351
Aaron Gordon,203932,Wing,Wing-2,0.9963797150408895,Wing - Role Player (Mixed),13.293040293040294,0.48934093919466665,0.4343458575556166,0.5091575091575091,0.5934065934065934,0.22849902650502327,11.869565217391305,273,23,0.48717948717948717,0.1282051282051282,0.3846153846153846,0.08424908424908426,10.506398046610059,23.0,1.5554108056151936,0.27472527472527475,0.10622710622710622,0.014652014652014652,0.02564102564102564
Marcus Smart,203935,Guard,Guard-0,1.0,Guard - Perimeter-Focused (Low Usage),17.384615384615383,0.42064356339142994,0.45755255801488703,0.4017094017094017,0.8034188034188035,0.15866331088739247,7.9772727272727275,351,44,0.3418803418803419,0.05982905982905983,0.5982905982905983,0.16809116809116809,9.835660617376941,18.0,1.4468037110204306,0.18518518518518517,0.002849002849002849,0.008547008547008548,0.11396011396011396
Julius Randle,203944,Wing,Wing-2,0.9629529489574951,Wing - Role Player (Mixed),11.866442199775532,0.48342763125821525,0.42451237536366815,0.49158249158249157,0.6094276094276094,0.2588664954615895,15.910714285714286,891,56,0.5589225589225589,0.14029180695847362,0.3007856341189674,0.06734006734006734,9.772876166400055,21.0,1.580771587886468,0.31425364758698093,0.05499438832772166,0.008978675645342313,0.0718294051627385
Andrew Wiggins,203952,Wing,Wing-2,0.9998959381544092,Wing - Role Player (Mixed),13.405864197530864,0.46352771280440314,0.43126866932389907,0.470679012345679,0.6466049382716049,0.19909873188405797,12.96,648,50,0.4922839506172839,0.125,0.3827160493827161,0.09104938271604937,10.227720742465392,21.0,1.5814980354173653,0.2716049382716049,0.037037037037037035,0.035493827160493825,0.09876543209876543
Joel Embiid,203954,Wing,Wing-0,0.99999940686052,Wing - Mid-Range Specialist (High Usage),12.671403197158082,0.46633819039826113,0.4183064547795301,0.4937833037300178,0.6749555950266429,0.3376307465349252,18.161290322580644,563,31,0.4689165186500888,0.31438721136767317,0.216696269982238,0.010657193605683837,9.132887035740966,16.0,1.6086749680100623,0.23978685612788633,0.02664298401420959,0.0497335701598579,0.03374777975133215
Jusuf Nurkić,203994,Wing,Wing-1,0.9999936217670244,Wing - Role Player (Mixed) (Low Usage),8.656424581005586,0.4888489011023462,0.33062434647720057,0.5027932960893855,0.38268156424581007,0.18600847914069835,8.731707317073171,358,41,0.7597765363128491,0.04189944134078212,0.1983240223463687,0.0111731843575419,8.87427595554659,9.0,1.2516554316417325,0.4581005586592179,0.027932960893854747,0.12569832402234637,0.17597765363128492
Nikola Jokić,203999,Wing,Wing-2,0.9203861201625511,Wing - Role Player (Mixed),11.123123123123124,0.4720591797452798,0.4107048531454552,0.5900900900900901,0.5855855855855856,0.29340567413000407,17.076923076923077,666,39,0.6231231231231231,0.10510510510510511,0.27177177177177175,0.015015015015015015,9.83272913597795,21.0,1.4912644408688964,0.28678678678678676,0.024024024024024024,0.09759759759759759,0.15015015015015015
Kristaps Porziņģis,204001,Wing,Wing-0,0.999991324739244,Wing - Mid-Range Specialist (High Usage),15.3,0.4693476477261423,0.42650580501806395,0.45714285714285713,0.7666666666666667,0.25892201557267924,12.352941176470589,210,17,0.40476190476190477,0.18571428571428572,0.4095238095238095,0.07142857142857142,10.14349203292483,19.0,1.6040840004412826,0.1,0.09047619047619047,0.023809523809523808,0.0380952380952381
T.J. McConnell,204456,Wing,Wing-0,0.9999999999892308,Wing - Mid-Range Specialist (High Usage),11.381818181818181,0.4559072343172184,0.48355811325111153,0.5393939393939394,0.7909090909090909,0.23709213461114245,8.25,330,40,0.5333333333333333,0.3515151515151515,0.11515151515151516,0.01818181818181818,7.18151352444567,10.0,1.5397480349816908,0.20606060606060606,0.0,0.0,0.012121212121212121
D'Angelo Russell,1626156,Wing,Wing-2,0.9999998804688273,Wing - Role Player (Mixed),16.823275862068964,0.41147284599554407,0.5167114551986105,0.4051724137931034,0.8448275862068966,0.26242823458079295,8.923076923076923,232,26,0.36637931034482757,0.15086206896551724,0.48275862068965514,0.07758620689655173,9.279627714567722,16.25,1.5305422537290285,0.14224137931034483,0.0,0.008620689655172414,0.1896551724137931
Karl-Anthony Towns,1626157,Wing,Wing-1,0.9998532816620815,Wing - Role Player (Mixed) (Low Usage),10.72549019607843,0.5082260370279755,0.36134026577820644,0.46638655462184875,0.47198879551820727,0.2508452122552907,14.0,714,51,0.6218487394957983,0.058823529411764705,0.319327731092437,0.014005602240896357,11.158817548744093,24.0,1.3345331740950892,0.4005602240896359,0.06722689075630252,0.05742296918767507,0.09663865546218488
Kelly Oubre Jr.,1626162,Wing,Wing-2,0.9999803550988087,Wing - Role Player (Mixed),14.055718475073315,0.4685110521763608,0.43693797832915604,0.46920821114369504,0.6862170087976539,0.16884507199464224,10.65625,341,32,0.49266862170087977,0.04398826979472141,0.46334310850439886,0.16422287390029328,10.659701649750199,22.0,1.5137688634192057,0.24633431085043989,0.05865102639296188,0.008797653958944282,0.0967741935483871
Devin Booker,1626164,Wing,Wing-0,0.9999514670821963,Wing - Mid-Range Specialist (High Usage),14.728900255754477,0.4338023539921599,0.5006776755746232,0.45524296675191817,0.7749360613810742,0.29861387247562776,18.186046511627907,782,43,0.438618925831202,0.2570332480818414,0.3030690537084399,0.023017902813299233,9.156802139477323,18.0,1.626739917518642,0.2020460358056266,0.016624040920716114,0.0025575447570332483,0.04603580562659847
Myles Turner,1626167,Wing,Wing-1,0.8220201772111962,Wing - Role Player (Mixed) (Low Usage),17.438923395445133,0.43466536747643486,0.44733667012671424,0.4409937888198758,0.7329192546583851,0.18128012842965557,9.66,483,50,0.33747412008281574,0.08488612836438923,0.577639751552795,0.10144927536231885,10.336350496045842,20.0,1.4417605594578944,0.18840579710144928,0.039337474120082816,0.028985507246376812,0.041407867494824016
Bobby Portis,1626171,Wing,Wing-2,0.9999999912485111,Wing - Role Player (Mixed),15.491949910554561,0.42700437403226615,0.4720221367170756,0.48300536672629696,0.7245080500894454,0.22170008336246538,10.96078431372549,559,51,0.3488372093023256,0.26654740608228983,0.38461538461538464,0.15026833631484796,8.961058102705685,17.0,1.5585007749790236,0.14311270125223613,0.01073345259391771,0.11806797853309481,0.08586762075134168
Norman Powell,1626181,Wing,Wing-0,0.9987010359363514,Wing - Mid-Range Specialist (High Usage),14.760989010989011,0.44296381944937135,0.47726984754977547,0.4739010989010989,0.6826923076923077,0.2627134654207415,16.177777777777777,728,45,0.4423076923076923,0.10714285714285714,0.4491758241758242,0.07417582417582418,10.551401146088782,22.0,1.528661109306477,0.28708791208791207,0.012362637362637362,0.01510989010989011,0.11950549450549451
Royce O'Neale,1626220,Guard,Guard-3,0.9999999999838529,Guard - Perimeter-Focused (Low Usage),22.197002141327623,0.382960124540778,0.5145534141718515,0.42398286937901497,0.8693790149892934,0.14382420305868504,8.49090909090909,467,55,0.16488222698072805,0.021413276231263382,0.8137044967880086,0.14132762312633834,8.74285432357027,4.0,1.1839132818916995,0.11991434689507495,0.008565310492505354,0.0,0.055674518201284794
Domantas Sabonis,1627734,Big,Big-1,1.0,Big - Paint-Dominant (High Usage),6.108597285067873,0.5545181496200646,0.30421475039881785,0.5429864253393665,0.2579185520361991,0.22237826408398637,11.631578947368421,221,19,0.83710407239819,0.04072398190045249,0.12217194570135748,0.027149321266968326,7.812982687680331,5.0,1.2617751137639797,0.5067873303167421,0.10407239819004525,0.12669683257918551,0.049773755656108594
Kris Dunn,1627739,Wing,Wing-2,0.999999553091378,Wing - Role Player (Mixed),14.27299703264095,0.45120928358134,0.4316288204185131,0.47774480712166173,0.7091988130563798,0.13073475876946586,6.2407407407407405,337,54,0.49554896142433236,0.04154302670623145,0.4629080118694362,0.19584569732937684,9.936237831345556,20.0,1.5546682499678526,0.22255192878338279,0.03560830860534125,0.026706231454005934,0.20474777448071216
Buddy Hield,1627741,Guard,Guard-0,1.0,Guard - Perimeter-Focused (Low Usage),18.292358803986712,0.4174896946004064,0.5114217635414815,0.4318936877076412,0.7342192691029901,0.187780838168367,6.688888888888889,301,45,0.27906976744186046,0.06976744186046512,0.6511627906976745,0.15614617940199338,10.279473466614455,21.0,1.3762532710193973,0.2591362126245847,0.0033222591362126247,0.0,0.023255813953488372
Brandon Ingram,1627742,Wing,Wing-0,0.9993606420890674,Wing - Mid-Range Specialist (High Usage),14.616740088105727,0.44695504991915835,0.4825623395118536,0.473568281938326,0.8061674008810573,0.2661032902532958,17.132075471698112,908,53,0.3799559471365639,0.3303964757709251,0.289647577092511,0.06938325991189427,8.539849229518719,14.0,1.5908411722952003,0.15528634361233482,0.034140969162995596,0.003303964757709251,0.03634361233480176
Caris LeVert,1627747,Wing,Wing-2,0.9999999327615656,Wing - Role Player (Mixed),15.632478632478632,0.4396281318961343,0.5069709903083139,0.43162393162393164,0.7264957264957265,0.17352959494208403,6.5,234,36,0.4358974358974359,0.07692307692307693,0.4871794871794871,0.08974358974358974,10.28486808017391,21.0,1.4920232480493518,0.23076923076923078,0.03418803418803419,0.004273504273504274,0.07692307692307693
Jamal Murray,1627750,Wing,Wing-0,0.9999999999978182,Wing - Mid-Range Specialist (High Usage),15.533617929562434,0.42737657138377877,0.498367088804814,0.48452508004268946,0.736392742796158,0.2772673688152413,18.74,937,50,0.39274279615795094,0.2102454642475987,0.3948772678762007,0.040554962646744935,9.798351020959325,20.0,1.5644089223089979,0.2518676627534685,0.005336179295624333,0.0032017075773745998,0.10032017075773746
Jaylen Brown,1627759,Wing,Wing-0,0.6778906202915131,Wing - Mid-Range Specialist (High Usage),13.458823529411765,0.44694439687299214,0.46774985303274264,0.4832579185520362,0.6868778280542986,0.3609900026858456,22.551020408163264,1105,49,0.4805429864253394,0.25429864253393664,0.265158371040724,0.02895927601809955,9.163292023946017,18.0,1.627404925099341,0.2823529411764706,0.02262443438914027,0.008144796380090498,0.07873303167420814
Gary Payton II,1627780,Wing,Wing-1,0.9999976805679045,Wing - Role Player (Mixed) (Low Usage),9.272727272727273,0.5358418632641838,0.367590557744624,0.5318181818181819,0.38181818181818183,0.16831733564543275,5.116279069767442,220,43,0.6772727272727272,0.013636363636363636,0.3090909090909091,0.13636363636363635,10.232376845436027,22.0,1.3369843393358587,0.4636363636363636,0.10454545454545454,0.045454545454545456,0.06818181818181818
Pascal Siakam,1627783,Wing,Wing-2,0.9299172126286923,Wing - Role Player (Mixed),12.104540654699049,0.4600054225648518,0.4304713438185786,0.4804646251319958,0.6451953537486801,0.28481389028589116,18.568627450980394,947,51,0.5649419218585006,0.1689545934530095,0.26610348468849,0.042238648363252376,9.338628910685175,20.0,1.5869989436516403,0.30623020063357975,0.009503695881731784,0.029567053854276663,0.10559662090813093
Ivica Zubac,1627826,Big,Big-0,1.0,Big - Paint-Dominant (Low Usage),3.613053613053613,0.5934046385672889,0.28097784256370917,0.6130536130536131,0.07925407925407925,0.18354601796557435,9.976744186046512,429,43,0.9766899766899766,0.023310023310023312,0.0,0.0,3.426725262913962,5.0,0.9147991496698203,0.32400932400932403,0.20279720279720279,0.3916083916083916,0.07692307692307693
De'Aaron Fox,1628368,Wing,Wing-2,0.9975611203219193,Wing - Role Player (Mixed),14.173590504451038,0.44694842338723134,0.4706417425975064,0.4836795252225519,0.7744807121661721,0.24363688067879685,14.977777777777778,674,45,0.47774480712166173,0.14391691394658754,0.3783382789317507,0.08160237388724036,9.689893780247562,19.0,1.5850122020382018,0.20919881305637983,0.011869436201780416,0.002967359050445104,0.10534124629080119
Malik Monk,1628370,Wing,Wing-2,0.9999987140521539,Wing - Role Player (Mixed),16.51834862385321,0.42401637924135654,0.4965836184762862,0.43577981651376146,0.7729357798165137,0.23106505131029176,10.13953488372093,436,43,0.40596330275229353,0.11467889908256881,0.47935779816513757,0.08027522935779817,9.753378808711778,18.25,1.5435287686697425,0.17660550458715596,0.04357798165137615,0.0045871559633027525,0.11009174311926606
Lauri Markkanen,1628374,Wing,Wing-2,0.9962071221121738,Wing - Role Player (Mixed),13.407928388746804,0.47963123712402145,0.42051058296881383,0.4782608695652174,0.6074168797953964,0.26790443948148934,19.073170731707318,782,41,0.5012787723785166,0.09718670076726342,0.40153452685422,0.0907928388746803,10.475437452108958,22.0,1.5189173690315512,0.2647058823529412,0.09335038363171355,0.028132992327365727,0.056265984654731455
Donovan Mitchell,1628378,Wing,Wing-2,0.6572998998208206,Wing - Role Player (Mixed),15.769811320754718,0.4329398474980771,0.4847885850972637,0.4867924528301887,0.7566037735849057,0.31660201914404584,20.784313725490197,1060,51,0.41509433962264153,0.12075471698113208,0.4641509433962264,0.052830188679245285,10.394932027790443,20.0,1.5347989473289572,0.2188679245283019,0.01509433962264151,0.008490566037735849,0.1660377358490566
Luke Kennard,1628379,Guard,Guard-0,1.0,Guard - Perimeter-Focused (Low Usage),17.83712121212121,0.4187320857762218,0.5009370916222624,0.5454545454545454,0.821969696969697,0.12518912199659962,5.387755102040816,264,49,0.2878787878787879,0.10606060606060606,0.6060606060606061,0.2272727272727273,9.150618880797168,15.0,1.4450365558483882,0.17045454545454544,0.0,0.003787878787878788,0.022727272727272728
John Collins,1628381,Wing,Wing-1,0.9629258007445245,Wing - Role Player (Mixed) (Low Usage),11.059426229508198,0.5215323059894708,0.4031661346561915,0.5655737704918032,0.48975409836065575,0.18162107909043082,9.568627450980392,488,51,0.5819672131147541,0.07991803278688525,0.33811475409836067,0.22336065573770492,9.775222904483002,21.0,1.511207042888858,0.2848360655737705,0.14344262295081966,0.08196721311475409,0.02459016393442623
OG Anunoby,1628384,Wing,Wing-1,0.9946299981738986,Wing - Role Player (Mixed) (Low Usage),13.02805611222445,0.5239668154879001,0.42584382138252036,0.4789579158316633,0.5751503006012024,0.1974996120355203,12.170731707317072,499,41,0.4849699398797595,0.05410821643286573,0.46092184368737477,0.24649298597194386,10.922656826866236,23.0,1.4639745742384167,0.23246492985971945,0.18236472945891782,0.01002004008016032,0.02404809619238477
Jarrett Allen,1628386,Big,Big-0,1.0,Big - Paint-Dominant (Low Usage),4.575376884422111,0.5978178028735904,0.29603703361681327,0.6231155778894473,0.24120603015075376,0.18537508864493804,9.255813953488373,398,43,0.9195979899497487,0.05778894472361809,0.022613065326633167,0.012562814070351758,5.021675609607744,6.0,1.0991152403510958,0.33668341708542715,0.25125628140703515,0.1658291457286432,0.15326633165829145
Bam Adebayo,1628389,Wing,Wing-2,0.9999949795581337,Wing - Role Player (Mixed),12.84822695035461,0.47480374013521554,0.4172417220849277,0.4425531914893617,0.6709219858156028,0.2379417037381316,14.6875,705,48,0.5347517730496454,0.1375886524822695,0.3276595744680851,0.12056737588652483,9.337634650033769,19.0,1.597857489143718,0.1673758865248227,0.075177304964539,0.07943262411347518,0.09078014184397164
Isaiah Hartenstein,1628392,Big,Big-0,1.0,Big - Paint-Dominant (Low Usage),4.317535545023697,0.6258565312341503,0.262540125575094,0.6350710900473934,0.3127962085308057,0.16380683339812535,7.033333333333333,211,30,0.919431279620853,0.05687203791469194,0.023696682464454978,0.009478672985781991,5.05009435012447,6.0,1.07282535781911,0.2843601895734597,0.3127962085308057,0.09004739336492891,0.24170616113744076
Kyle Kuzma,1628398,Wing,Wing-1,0.5541079118939778,Wing - Role Player (Mixed) (Low Usage),10.653465346534654,0.48880190848976257,0.4083194945050149,0.48118811881188117,0.48118811881188117,0.21019368748058403,10.1,505,50,0.6277227722772277,0.07128712871287128,0.300990099009901,0.09900990099009901,10.150881230379017,21.0,1.5132900227753534,0.403960396039604,0.04554455445544554,0.061386138613861385,0.09108910891089109
Derrick White,1628401,Guard,Guard-4,1.0,Guard - Mid-Range Specialist,18.86934673366834,0.4031334688092628,0.5128264515683679,0.38944723618090454,0.8592964824120602,0.22728698305148196,15.307692307692308,796,52,0.27889447236180903,0.1444723618090452,0.5766331658291456,0.0678391959798995,9.280154795682334,15.0,1.4647561152168973,0.12562814070351758,0.01256281407035176,0.0,0.12814070351758794
Josh Hart,1628404,Wing,Wing-2,0.9999546817891368,Wing - Role Player (Mixed),13.411167512690355,0.46631309162501094,0.4474104993175731,0.49746192893401014,0.6573604060913706,0.16316821837185114,9.162790697674419,394,43,0.4898477157360406,0.08629441624365482,0.42385786802030456,0.12436548223350254,10.466642865924566,22.0,1.5251114088444961,0.3147208121827411,0.02284263959390863,0.0,0.07614213197969544
Dillon Brooks,1628415,Wing,Wing-0,0.5054391572401894,Wing - Mid-Range Specialist (High Usage),15.996527777777779,0.42229381657800963,0.5037321964382692,0.4409722222222222,0.8414351851851852,0.2831785761183577,17.632653061224488,864,49,0.375,0.2337962962962963,0.3912037037037037,0.06481481481481483,8.894188709289141,16.0,1.5674130655963348,0.14699074074074073,0.005787037037037037,0.0023148148148148147,0.06828703703703703
Grayson Allen,1628960,Guard,Guard-2,1.0,Guard - Perimeter-Focused (High Usage),19.367303609341825,0.4022791293804781,0.5092710756958643,0.4182590233545648,0.7855626326963907,0.2230914039393367,13.457142857142857,471,35,0.3078556263269639,0.01910828025477707,0.673036093418259,0.09129511677282379,10.335176091468771,19.0,1.3721753600119597,0.1932059447983015,0.012738853503184714,0.004246284501061571,0.07430997876857749
Marvin Bagley III,1628963,Big,Big-0,1.0,Big - Paint-Dominant (Low Usage),4.354243542435424,0.609938755363656,0.2937577399349469,0.6162361623616236,0.1881918819188192,0.1818474240560432,6.775,271,40,0.9114391143911439,0.01107011070110701,0.07749077490774908,0.014760147601476014,6.558565962251818,4.0,0.9931772419398709,0.4907749077490775,0.23616236162361623,0.08487084870848709,0.08856088560885608
Mikal Bridges,1628969,Wing,Wing-2,0.9999999761033876,Wing - Role Player (Mixed),14.455331412103746,0.45947502068697704,0.46123375431408264,0.5043227665706052,0.7463976945244957,0.17161987512092164,12.618181818181819,694,55,0.4135446685878963,0.14553314121037464,0.4409221902017291,0.20172910662824206,9.71959797577258,20.0,1.5943782551325907,0.2132564841498559,0.03602305475504323,0.002881844380403458,0.03890489913544669
Miles Bridges,1628970,Wing,Wing-1,0.9989191021256077,Wing - Role Player (Mixed) (Low Usage),13.747066492829205,0.4699680265839594,0.440182695447996,0.4485006518904824,0.6192959582790091,0.2283514233833177,14.471698113207546,767,53,0.5202086049543677,0.03389830508474576,0.4445893089960887,0.1303780964797914,10.855021993524792,22.0,1.4986679520770474,0.24641460234680573,0.06779661016949153,0.0651890482398957,0.11734028683181226
Bruce Brown,1628971,Wing,Wing-1,0.938627316161908,Wing - Role Player (Mixed) (Low Usage),9.747093023255815,0.48965742396903383,0.38546454950506615,0.4622093023255814,0.4796511627906977,0.13610376888391937,6.254545454545455,344,55,0.6773255813953489,0.06686046511627906,0.25581395348837205,0.12209302325581395,9.41882568259626,20.0,1.5063119063909207,0.4796511627906977,0.023255813953488372,0.00872093023255814,0.1686046511627907
Jalen Brunson,1628973,Wing,Wing-0,0.7162623040329348,Wing - Mid-Range Specialist (High Usage),14.9228515625,0.43074381277233453,0.5005278549099161,0.4697265625,0.841796875,0.30209260045138014,20.48,1024,50,0.4306640625,0.1884765625,0.380859375,0.0654296875,9.177989378172272,18.0,1.5614673226352318,0.150390625,0.0,0.005859375,0.1865234375
Wendell Carter Jr.,1628976,Wing,Wing-2,0.9940130223018722,Wing - Role Player (Mixed),13.046838407494144,0.5127096645872276,0.3885843000688267,0.4918032786885246,0.6065573770491803,0.15454592446648366,8.372549019607844,427,51,0.5035128805620609,0.0936768149882904,0.4028103044496487,0.15456674473067916,10.355994752065703,22.0,1.5469726942033464,0.20843091334894615,0.1592505854800937,0.0234192037470726,0.053864168618266976
Donte DiVincenzo,1628978,Guard,Guard-0,1.0,Guard - Perimeter-Focused (Low Usage),20.20578231292517,0.4080726987064583,0.48353122503839674,0.41156462585034015,0.8452380952380952,0.1664223795330353,10.5,588,56,0.20748299319727892,0.03231292517006803,0.7602040816326531,0.1921768707482993,9.143014792132766,4.0,1.2623279431813772,0.1326530612244898,0.015306122448979591,0.00510204081632653,0.05612244897959184
Shai Gilgeous-Alexander,1628983,Wing,Wing-0,0.9711377838375393,Wing - Mid-Range Specialist (High Usage),12.367219917012449,0.45888039698442085,0.4892688673479277,0.553941908713693,0.7074688796680498,0.3229589671860004,19.6734693877551,964,49,0.5062240663900415,0.262448132780083,0.2313278008298755,0.012448132780082987,8.842923974152757,15.25,1.5848071427939439,0.27593360995850624,0.013485477178423237,0.001037344398340249,0.06431535269709543
Kevin Huerter,1628989,Wing,Wing-2,0.9946627092662489,Wing - Role Player (Mixed),15.543735224586289,0.44558955426299557,0.464276826978806,0.45390070921985815,0.7257683215130024,0.18704096118981042,8.8125,423,48,0.41371158392434987,0.037825059101654845,0.5484633569739953,0.1347517730496454,10.870297468684564,22.0,1.4271392864702133,0.25059101654846333,0.018912529550827423,0.002364066193853428,0.1182033096926714
Jaren Jackson Jr.,1628991,Wing,Wing-0,0.9528534635124586,Wing - Mid-Range Specialist (High Usage),12.364394993045897,0.4482640455990577,0.43036212220265335,0.4756606397774687,0.6203059805285118,0.252519815763242,14.979166666666666,719,48,0.5924895688456189,0.08066759388038942,0.32684283727399166,0.0764951321279555,9.250500890738676,19.0,1.4884862670338277,0.2141863699582754,0.02086230876216968,0.13351877607788595,0.24200278164116829
De'Anthony Melton,1629001,Wing,Wing-2,0.9996849516988457,Wing - Role Player (Mixed),14.66304347826087,0.4380967438250275,0.4787732527370867,0.42391304347826086,0.6594202898550725,0.24087607375389833,9.857142857142858,276,28,0.4782608695652174,0.043478260869565216,0.4782608695652174,0.14492753623188406,10.551632884143531,21.25,1.4620927029409345,0.3188405797101449,0.0036231884057971015,0.014492753623188406,0.10869565217391304
Svi Mykhailiuk,1629004,Guard,Guard-0,1.0,Guard - Perimeter-Focused (Low Usage),17.46518987341772,0.4323520466698093,0.4764409840565457,0.4778481012658228,0.7341772151898734,0.1363826860841424,7.022222222222222,316,45,0.310126582278481,0.04430379746835443,0.6455696202531646,0.2721518987341772,9.826852923318429,19.25,1.4056879441204628,0.23417721518987342,0.02531645569620253,0.006329113924050633,0.022151898734177215
Josh Okogie,1629006,Wing,Wing-1,0.999999971098736,Wing - Role Player (Mixed) (Low Usage),14.538812785388128,0.4910636850685885,0.43971364362710647,0.4383561643835616,0.6073059360730594,0.11239383701382429,4.469387755102041,219,49,0.4292237442922374,0.0182648401826484,0.5525114155251141,0.3744292237442922,10.695626322813782,21.0,1.4279464746864157,0.2648401826484018,0.1278538812785388,0.0,0.0365296803652968
Michael Porter Jr.,1629008,Wing,Wing-2,0.9999716074415065,Wing - Role Player (Mixed),16.63302752293578,0.4468677547792357,0.4625993040263257,0.4744429882044561,0.7418086500655308,0.2936149809689221,18.609756097560975,763,41,0.3328964613368283,0.1559633027522936,0.5111402359108781,0.0707732634338139,10.06183296195875,20.0,1.4496349838276719,0.1913499344692005,0.0563564875491481,0.00655307994757536,0.045871559633027525
Collin Sexton,1629012,Wing,Wing-2,0.9399480072240524,Wing - Role Player (Mixed),12.555555555555555,0.4595390864031512,0.4391378637266809,0.48148148148148145,0.6274509803921569,0.2504175957539766,10.2,459,45,0.5555555555555556,0.10021786492374728,0.34422657952069713,0.05664488017429194,10.192827914885767,23.0,1.5157197070233421,0.3616557734204793,0.0,0.008714596949891068,0.13725490196078433
Landry Shamet,1629013,Guard,Guard-0,1.0,Guard - Perimeter-Focused (Low Usage),19.19905213270142,0.4169956066209877,0.5294751923409365,0.44549763033175355,0.8436018957345972,0.15071934887724361,7.275862068965517,211,29,0.21800947867298578,0.052132701421800945,0.7298578199052133,0.36018957345971564,8.939383117745916,8.5,1.2874507491496119,0.14691943127962084,0.009478672985781991,0.0,0.023696682464454975
Anfernee Simons,1629014,Guard,Guard-4,1.0,Guard - Mid-Range Specialist,19.142628205128204,0.3972120530911199,0.5261467473333308,0.4423076923076923,0.8381410256410257,0.22590153112449798,11.773584905660377,624,53,0.2532051282051282,0.15865384615384615,0.5881410256410257,0.056089743589743585,9.025583940837496,15.0,1.390910696983163,0.14423076923076922,0.003205128205128205,0.01282051282051282,0.09455128205128205
Gary Trent Jr.,1629018,Guard,Guard-3,1.0,Guard - Perimeter-Focused (Low Usage),20.878612716763005,0.38776191244687125,0.5464817260127841,0.38439306358381503,0.9479768786127167,0.14914789845149057,7.361702127659575,346,47,0.17341040462427745,0.0953757225433526,0.7312138728323698,0.22254335260115607,7.414615753059559,7.0,1.2526369427687016,0.049132947976878616,0.0,0.002890173410404624,0.0953757225433526
P.J. Washington,1629023,Wing,Wing-2,0.9919068195640107,Wing - Role Player (Mixed),11.451612903225806,0.48978322901198407,0.4054934676474759,0.44731182795698926,0.5720430107526882,0.20273508273441415,11.923076923076923,465,39,0.6150537634408602,0.04516129032258064,0.33978494623655914,0.13978494623655915,9.804463411164717,20.0,1.4925744445008087,0.25591397849462366,0.08817204301075268,0.07741935483870968,0.17204301075268819
Deandre Ayton,1629028,Big,Big-0,1.0,Big - Paint-Dominant (Low Usage),4.910194174757281,0.5825506233292763,0.26907144782904774,0.6747572815533981,0.29854368932038833,0.16741942851277314,8.956521739130435,412,46,0.9393203883495145,0.06067961165048544,0.0,0.0,4.64341020763458,7.0,1.1202601597970314,0.32524271844660196,0.20388349514563106,0.17233009708737865,0.12135922330097088
Luka Dončić,1629029,Wing,Wing-0,0.921616035125666,Wing - Mid-Range Specialist (High Usage),17.317443120260023,0.41075124277948377,0.5209245558149119,0.4734561213434453,0.8775731310942578,0.36648697585059087,21.976190476190474,923,42,0.3640303358613218,0.16793066088840736,0.46803900325027087,0.027085590465872153,9.604996280168102,17.0,1.5412367642210194,0.11375947995666305,0.0032502708559046588,0.0010834236186348862,0.18418201516793067
Rui Hachimura,1629060,Wing,Wing-2,0.9999999999575726,Wing - Role Player (Mixed),15.80195599022005,0.45118184802388817,0.4809752070409818,0.511002444987775,0.7628361858190709,0.15081806071831827,9.295454545454545,409,44,0.33496332518337407,0.2273838630806846,0.43765281173594134,0.19070904645476772,9.232688946581755,17.0,1.5470456306720608,0.17359413202933985,0.05623471882640587,0.007334963325183374,0.009779951100244499
Jock Landale,1629111,Wing,Wing-1,0.991677439219694,Wing - Role Player (Mixed) (Low Usage),11.148681055155876,0.4934087856753643,0.37523721898513407,0.5275779376498801,0.45323741007194246,0.17869931960921145,8.510204081632653,417,49,0.60431654676259,0.05275779376498801,0.34292565947242204,0.08872901678657075,10.33254541003491,22.0,1.469560515927038,0.2997601918465228,0.05275779376498801,0.18944844124700239,0.02877697841726619
Duncan Robinson,1629130,Guard,Guard-3,0.9999999999995843,Guard - Perimeter-Focused (Low Usage),20.502092050209207,0.39835996632517584,0.5152262898780315,0.44142259414225943,0.8744769874476988,0.15173904470271649,9.372549019607844,478,51,0.200836820083682,0.02092050209205021,0.7782426778242678,0.20502092050209203,8.632430917110128,4.0,1.1559427298018798,0.11506276150627615,0.006276150627615063,0.0041841004184100415,0.08158995815899582
Terance Mann,1629611,Wing,Wing-2,0.9998796341785788,Wing - Role Player (Mixed),12.929577464788732,0.4785915354053559,0.4330887227228763,0.4507042253521127,0.6302816901408451,0.1347325974770642,6.173913043478261,284,46,0.5176056338028169,0.08098591549295775,0.4014084507042254,0.17957746478873238,10.36244093604343,22.0,1.5897752914144172,0.31690140845070425,0.04929577464788732,0.0035211267605633804,0.04225352112676056
Andrew Nembhard,1629614,Wing,Wing-2,0.9999966356221898,Wing - Role Player (Mixed),15.878787878787879,0.43038187741893214,0.4859630054817925,0.44107744107744107,0.7777777777777778,0.23534532617222856,13.813953488372093,594,43,0.37373737373737376,0.24242424242424243,0.38383838383838376,0.037037037037037035,9.865988447147389,18.0,1.6281960920668956,0.2138047138047138,0.005050505050505051,0.0016835016835016834,0.058922558922558925
Zion Williamson,1629627,Big,Big-0,1.0,Big - Paint-Dominant (Low Usage),3.1514598540145986,0.5771823404520395,0.3150292900417618,0.583941605839416,0.18795620437956204,0.26234730118621463,13.7,548,40,0.9744525547445255,0.020072992700729927,0.005474452554744526,0.0,3.3916848617332356,3.0,0.8711987312146542,0.6605839416058394,0.10583941605839416,0.043795620437956206,0.10036496350364964
RJ Barrett,1629628,Wing,Wing-2,0.9994900772033737,Wing - Role Player (Mixed),11.61111111111111,0.4808824972261099,0.38665642569030206,0.48148148148148145,0.5902777777777778,0.2525168070290568,13.935483870967742,432,31,0.6064814814814815,0.027777777777777776,0.36574074074074076,0.08564814814814814,10.503415273388889,22.0,1.4434789851069756,0.3425925925925926,0.041666666666666664,0.020833333333333332,0.1712962962962963
Ja Morant,1629630,Wing,Wing-2,0.9946594525342214,Wing - Role Player (Mixed),12.003105590062113,0.4620952589570222,0.4333104666669942,0.40993788819875776,0.6832298136645962,0.30523576663734975,16.1,322,20,0.6180124223602484,0.11801242236024845,0.2639751552795031,0.037267080745341616,9.311667704246048,19.0,1.5902413770006334,0.2857142857142857,0.031055900621118012,0.0,0.18012422360248448
De'Andre Hunter,1629631,Wing,Wing-2,0.9999976746452406,Wing - Role Player (Mixed),16.233532934131738,0.43145856985858994,0.4872957603461365,0.4151696606786427,0.7964071856287425,0.21760188007769854,11.133333333333333,501,45,0.3592814371257485,0.1497005988023952,0.4910179640718562,0.11377245508982035,9.519209698993564,17.0,1.51403426248698,0.16766467065868262,0.033932135728542916,0.001996007984031936,0.11976047904191617
Coby White,1629632,Wing,Wing-2,0.9998498469522351,Wing - Role Player (Mixed),15.885496183206106,0.44109012005895704,0.476353597292963,0.43765903307888043,0.6692111959287532,0.267435956210726,14.035714285714286,393,28,0.3969465648854962,0.0737913486005089,0.5292620865139949,0.05597964376590331,11.298348187045981,24.0,1.420741893499299,0.3231552162849873,0.002544529262086514,0.005089058524173028,0.04580152671755725
Darius Garland,1629636,Wing,Wing-2,0.9994994139530253,Wing - Role Player (Mixed),15.408488063660478,0.4255923578478357,0.4828736079582034,0.4509283819628647,0.7877984084880637,0.2501469517456175,14.5,377,26,0.4535809018567639,0.11140583554376658,0.4350132625994695,0.055702917771883284,10.16003497729627,19.0,1.6028613928499031,0.20689655172413793,0.0,0.002652519893899204,0.22546419098143236
Nickeil Alexander-Walker,1629638,Wing,Wing-2,0.9974900584914297,Wing - Role Player (Mixed),15.531764705882352,0.4413108818895262,0.4768324734173408,0.4329411764705882,0.6964705882352941,0.23750616033598454,15.74074074074074,850,54,0.4011764705882353,0.0811764705882353,0.5176470588235293,0.14588235294117646,10.409158463632606,22.0,1.5064925946483478,0.28941176470588237,0.007058823529411765,0.0058823529411764705,0.06352941176470588
Keldon Johnson,1629640,Wing,Wing-1,0.9999982682809645,Wing - Role Player (Mixed) (Low Usage),10.164356435643564,0.5017899764098389,0.42320296880196995,0.5485148514851486,0.45742574257425744,0.19647052891514863,9.351851851851851,505,54,0.6475247524752475,0.013861386138613862,0.3386138613861386,0.18613861386138614,10.287471037572454,22.0,1.3783122500739697,0.401980198019802,0.04950495049504951,0.07722772277227723,0.08712871287128712
Kevin Porter Jr.,1629645,Wing,Wing-2,0.9849091215178156,Wing - Role Player (Mixed),13.201570680628272,0.474639734831489,0.4633074813724133,0.4476439790575916,0.6649214659685864,0.2383774361692729,13.642857142857142,382,28,0.48429319371727747,0.19109947643979058,0.32460732984293195,0.06544502617801047,9.878723798051713,21.0,1.5863003554315034,0.2643979057591623,0.06806282722513089,0.0,0.07068062827225131
Nic Claxton,1629651,Big,Big-0,1.0,Big - Paint-Dominant (Low Usage),4.094470046082949,0.610203105477092,0.2995819191553606,0.5898617511520737,0.16820276497695852,0.17142087473112771,8.68,434,50,0.9193548387096774,0.04838709677419355,0.03225806451612903,0.002304147465437788,5.30787178031677,4.0,1.0449116647123717,0.4032258064516129,0.25806451612903225,0.17050691244239632,0.08986175115207373
Luguentz Dort,1629652,Wing,Wing-1,0.9999999999998161,Wing - Role Player (Mixed) (Low Usage),19.70028818443804,0.4158484486895609,0.4900783538412555,0.3976945244956772,0.8501440922190202,0.1369792170970805,7.711111111111111,347,45,0.23919308357348704,0.05187319884726225,0.7089337175792507,0.17002881844380402,8.984706011508752,12.0,1.2894175786904856,0.11527377521613832,0.03170028818443804,0.0,0.01729106628242075
Quentin Grimes,1629656,Wing,Wing-1,0.9999999510550704,Wing - Role Player (Mixed) (Low Usage),16.075723830734965,0.4549919469248313,0.47855854238042067,0.43875278396436523,0.643652561247216,0.17111383682149373,9.354166666666666,449,48,0.38530066815144765,0.0467706013363029,0.5657015590200445,0.12249443207126949,11.225909264572623,24.0,1.3266786135715656,0.3028953229398664,0.053452115812917596,0.0,0.013363028953229399
Cameron Johnson,1629661,Wing,Wing-2,0.9999970648599007,Wing - Role Player (Mixed),15.541353383458647,0.4585491671092869,0.44550328971711417,0.4699248120300752,0.6729323308270677,0.14137532715569073,8.580645161290322,266,31,0.368421052631579,0.12406015037593984,0.5075187969924811,0.16165413533834586,10.416250930371262,22.0,1.4842483394405566,0.2706766917293233,0.05263157894736842,0.0037593984962406013,0.04887218045112782
Jordan Poole,1629673,Guard,Guard-2,1.0,Guard - Perimeter-Focused (High Usage),18.115384615384617,0.4176537068147911,0.5100793548025211,0.3698224852071006,0.7514792899408284,0.24045862190397935,12.071428571428571,338,28,0.3254437869822485,0.05029585798816568,0.6242603550295858,0.05621301775147929,10.795165969479365,21.0,1.3566821968861493,0.24260355029585798,0.0029585798816568047,0.0029585798816568047,0.07396449704142012
Neemias Queta,1629674,Big,Big-0,1.0,Big - Paint-Dominant (Low Usage),3.3575757575757574,0.6230983847566371,0.24832546816472814,0.6393939393939394,0.15151515151515152,0.1459937740960717,6.470588235294118,330,51,0.9575757575757576,0.02727272727272727,0.015151515151515152,0.0030303030303030303,4.286759873681762,3.75,0.9212884909861008,0.4818181818181818,0.2636363636363636,0.1,0.11818181818181818
Naz Reid,1629675,Wing,Wing-1,0.9999999256189037,Wing - Role Player (Mixed) (Low Usage),16.0755905511811,0.43210662224854096,0.4738677016262716,0.4692913385826772,0.7086614173228346,0.21103862266271584,11.339285714285714,635,56,0.40472440944881893,0.04251968503937008,0.5511811023622047,0.1858267716535433,10.160880297126276,19.0,1.4959552107170644,0.17165354330708663,0.026771653543307086,0.08661417322834646,0.12755905511811025
Dean Wade,1629731,Wing,Wing-1,0.9999999999999996,Wing - Role Player (Mixed) (Low Usage),18.65686274509804,0.4354431880893048,0.4890293268704184,0.4166666666666667,0.7843137254901961,0.09647259435566133,4.857142857142857,204,42,0.23529411764705882,0.029411764705882353,0.7352941176470588,0.2892156862745098,9.821054188837524,9.5,1.1794418610369861,0.16666666666666666,0.04411764705882353,0.004901960784313725,0.00980392156862745
Javonte Green,1629750,Wing,Wing-1,0.5998513941882603,Wing - Role Player (Mixed) (Low Usage),15.485507246376812,0.4699437544695934,0.439775926317718,0.44565217391304346,0.6340579710144928,0.14289917741029,5.3076923076923075,276,52,0.39855072463768115,0.036231884057971016,0.5652173913043478,0.2210144927536232,10.976825510466131,22.0,1.4253587488815036,0.2753623188405797,0.08695652173913043,0.0036231884057971015,0.05434782608695652
Anthony Edwards,1630162,Wing,Wing-2,0.9130762596764073,Wing - Role Player (Mixed),15.03936170212766,0.4502542708593471,0.49793190745041593,0.4925531914893617,0.7340425531914894,0.3040770786103793,20.434782608695652,940,46,0.4053191489361702,0.18404255319148935,0.4106382978723404,0.0425531914893617,9.951508820960484,21.0,1.5476574577455364,0.21595744680851064,0.04468085106382979,0.00425531914893617,0.07659574468085106
LaMelo Ball,1630163,Wing,Wing-0,0.9754819401387443,Wing - Mid-Range Specialist (High Usage),17.61649214659686,0.41557904463212064,0.4795419011710533,0.4005235602094241,0.8206806282722513,0.3072269986227921,16.977777777777778,764,45,0.3756544502617801,0.06544502617801047,0.5589005235602094,0.07722513089005235,10.555764185252984,19.25,1.531937438537165,0.16753926701570682,0.006544502617801047,0.005235602094240838,0.193717277486911
Deni Avdija,1630166,Wing,Wing-2,0.9704494522823819,Wing - Role Player (Mixed),12.665359477124182,0.468297803129164,0.4318609865272581,0.4627450980392157,0.5790849673202615,0.2835804657849947,16.630434782608695,765,46,0.5660130718954248,0.048366013071895426,0.38562091503267976,0.043137254901960784,10.774845392298536,23.0,1.4707529933631314,0.3843137254901961,0.023529411764705882,0.009150326797385621,0.09542483660130718
Onyeka Okongwu,1630168,Wing,Wing-2,0.9951899111622439,Wing - Role Player (Mixed),13.230645161290322,0.47184310929019413,0.3945541518983012,0.4838709677419355,0.5709677419354838,0.19720518121730413,12.4,620,50,0.5516129032258064,0.00967741935483871,0.43870967741935485,0.11935483870967742,10.508402495525822,22.0,1.463516245496466,0.23548387096774193,0.06774193548387097,0.12258064516129032,0.11612903225806452
Devin Vassell,1630170,Guard,Guard-1,1.0,Guard - Perimeter-Focused,18.546938775510203,0.4158081687164847,0.5075743471436764,0.42244897959183675,0.8979591836734694,0.1835754290161318,11.951219512195122,490,41,0.22040816326530613,0.22653061224489796,0.5530612244897959,0.15102040816326529,8.016269296363914,12.0,1.4101548830578507,0.07551020408163266,0.024489795918367346,0.0,0.02857142857142857
Isaac Okoro,1630171,Wing,Wing-1,0.9999999757007932,Wing - Role Player (Mixed) (Low Usage),11.940993788819876,0.4980431670884775,0.39473255024187726,0.4658385093167702,0.5093167701863354,0.13539482335896577,7.0,322,46,0.5372670807453416,0.003105590062111801,0.45962732919254656,0.27329192546583847,11.134112898535944,22.0,1.346539786648982,0.4192546583850932,0.034161490683229816,0.037267080745341616,0.049689440993788817
Patrick Williams,1630172,Wing,Wing-2,0.9998688621522652,Wing - Role Player (Mixed),15.969418960244647,0.44356588080034953,0.47731762467213806,0.3853211009174312,0.7125382262996942,0.16214025137952176,6.411764705882353,327,51,0.41590214067278286,0.045871559633027525,0.5382262996941897,0.09785932721712538,10.746620839934206,22.0,1.407768286111678,0.22629969418960244,0.03363914373088685,0.027522935779816515,0.05198776758409786
Precious Achiuwa,1630173,Big,Big-2,1.0,Big - Paint-Dominant (Low Usage),7.430555555555555,0.5392096150719179,0.3305518931680946,0.5,0.3229166666666667,0.14988807773379262,6.127659574468085,288,47,0.7777777777777778,0.034722222222222224,0.1875,0.09027777777777778,8.79590717126687,6.25,1.3036685922439273,0.5104166666666666,0.125,0.041666666666666664,0.09375
Aaron Nesmith,1630174,Wing,Wing-2,0.9898082212632568,Wing - Role Player (Mixed),16.87837837837838,0.43214261778115,0.4859127792412781,0.3891891891891892,0.7486486486486487,0.1867938877892294,11.5625,370,32,0.34864864864864864,0.0972972972972973,0.5540540540540541,0.14594594594594595,10.019429231890637,19.0,1.4643528411640068,0.21891891891891893,0.032432432432432434,0.0,0.07297297297297298
Cole Anthony,1630175,Wing,Wing-2,0.9997495937228248,Wing - Role Player (Mixed),13.480519480519481,0.4397351684409341,0.47303548720771865,0.42424242424242425,0.7272727272727273,0.24470788365984114,7.21875,231,32,0.5411255411255411,0.1471861471861472,0.3116883116883117,0.0735930735930736,9.30069243276901,17.5,1.6182387451336717,0.22510822510822512,0.008658008658008658,0.03896103896103896,0.16883116883116883
Tyrese Maxey,1630178,Wing,Wing-2,0.9991940735952439,Wing - Role Player (Mixed),14.538048343777977,0.4498968291891725,0.46865171486319934,0.4691136974037601,0.6866606982990152,0.28359686376729787,21.48076923076923,1117,52,0.4717994628469113,0.11638316920322292,0.41181736794986573,0.03401969561324977,10.94682622641615,23.0,1.5280256681628615,0.2873769024171889,0.021486123545210387,0.0026857654431512983,0.1396598030438675
Saddiq Bey,1630180,Wing,Wing-2,0.990391469347603,Wing - Role Player (Mixed),13.056089743589743,0.4793868993041794,0.4371727096316738,0.44551282051282054,0.6153846153846154,0.20422499358595378,12.73469387755102,624,49,0.5096153846153846,0.0625,0.4278846153846154,0.15224358974358976,10.492299160226784,22.0,1.5096331029055456,0.3060897435897436,0.057692307692307696,0.017628205128205128,0.04807692307692308
Jaden McDaniels,1630183,Wing,Wing-2,0.9999999638167691,Wing - Role Player (Mixed),11.68135593220339,0.49279541150545786,0.418009228400856,0.5186440677966102,0.6559322033898305,0.17805844124631076,10.925925925925926,590,54,0.5745762711864406,0.1152542372881356,0.3101694915254237,0.13050847457627118,9.536463389630132,20.0,1.5936676245514427,0.23898305084745763,0.09491525423728814,0.003389830508474576,0.13898305084745763
Jalen Smith,1630188,Wing,Wing-1,0.9999937349942787,Wing - Role Player (Mixed) (Low Usage),14.46951219512195,0.48355219876536515,0.4132436464778891,0.4878048780487805,0.5823170731707317,0.18414920129022347,7.627906976744186,328,43,0.4451219512195122,0.021341463414634148,0.5335365853658537,0.13109756097560976,11.492012266730686,24.0,1.2805419446935449,0.29878048780487804,0.07317073170731707,0.042682926829268296,0.021341463414634148
Isaiah Stewart,1630191,Wing,Wing-1,0.9999985780073949,Wing - Role Player (Mixed) (Low Usage),9.604719764011799,0.5338890257381291,0.35875350298949343,0.5398230088495575,0.35693215339233036,0.16135128595752307,7.0625,339,48,0.6755162241887905,0.011799410029498525,0.3126843657817109,0.13864306784660768,10.253161216718883,21.0,1.3476027439214848,0.35693215339233036,0.13864306784660768,0.14749262536873156,0.02654867256637168
Immanuel Quickley,1630193,Wing,Wing-2,0.999761117495227,Wing - Role Player (Mixed),17.244956772334294,0.411887631504002,0.4687013471992708,0.4452449567723343,0.8487031700288185,0.209418088652798,13.346153846153847,694,52,0.3847262247838617,0.08789625360230548,0.5273775216138329,0.07492795389048992,9.672289553531979,18.0,1.4661626272189892,0.1440922190201729,0.004322766570605188,0.001440922190201729,0.21037463976945245
Isaiah Joe,1630198,Guard,Guard-3,0.9999999999963123,Guard - Perimeter-Focused (Low Usage),21.35158501440922,0.3962532077169602,0.5367861026134186,0.4409221902017291,0.8847262247838616,0.17416162429734036,7.382978723404255,347,47,0.1440922190201729,0.06340057636887608,0.792507204610951,0.20172910662824206,8.02940884748099,4.0,1.207186843189011,0.09221902017291066,0.020172910662824207,0.002881844380403458,0.005763688760806916
Tre Jones,1630200,Wing,Wing-0,0.9999900246567669,Wing - Mid-Range Specialist (High Usage),8.056291390728477,0.5073957710183749,0.40729346672173067,0.5496688741721855,0.45695364238410596,0.16619860507660644,7.947368421052632,302,38,0.7450331125827815,0.04304635761589404,0.21192052980132448,0.05629139072847682,9.363114711330502,10.75,1.3383766729601092,0.5331125827814569,0.0033112582781456954,0.0033112582781456954,0.19205298013245034
Payton Pritchard,1630202,Guard,Guard-4,1.0,Guard - Mid-Range Specialist,18.016129032258064,0.4059243451568025,0.5116660443461591,0.46236559139784944,0.842741935483871,0.2075533030577097,14.037735849056604,744,53,0.3467741935483871,0.13978494623655913,0.5134408602150538,0.043010752688172046,9.507368145814294,16.0,1.5451042617557316,0.15725806451612903,0.0,0.0,0.038978494623655914
Desmond Bane,1630217,Wing,Wing-2,0.9948133235862684,Wing - Role Player (Mixed),12.71267252195734,0.4547252374189144,0.44077657110923996,0.47176913425345046,0.5922208281053952,0.22637372765295927,15.037735849056604,797,53,0.5319949811794229,0.12421580928481807,0.3437892095357591,0.06900878293601004,10.26392925385062,21.0,1.5615484230299284,0.39397741530740277,0.0012547051442910915,0.011292346298619825,0.13048933500627352
Naji Marshall,1630230,Wing,Wing-2,0.9999999999512195,Wing - Role Player (Mixed),11.072463768115941,0.46610752317352144,0.4255536640818442,0.532608695652174,0.6594202898550725,0.18683734254584106,10.415094339622641,552,53,0.6521739130434783,0.06521739130434782,0.2826086956521739,0.14492753623188404,9.215616573901087,19.0,1.571197361346271,0.3170289855072464,0.014492753623188406,0.005434782608695652,0.2246376811594203
Sam Merrill,1630241,Guard,Guard-3,1.0,Guard - Perimeter-Focused (Low Usage),21.729824561403507,0.3883199971844792,0.5270302133930735,0.4842105263157895,0.8947368421052632,0.16991023655457727,9.193548387096774,285,31,0.13333333333333333,0.056140350877192984,0.8105263157894737,0.12982456140350876,7.680732362021229,2.0,1.0482093542657243,0.09473684210526316,0.0,0.007017543859649123,0.02456140350877193
Ayo Dosunmu,1630245,Wing,Wing-1,0.9999999999979008,Wing - Role Player (Mixed) (Low Usage),11.478764478764479,0.4900064403496482,0.4205651949099936,0.5173745173745173,0.5173745173745173,0.2011156090588405,10.791666666666666,518,48,0.5888030888030887,0.013513513513513514,0.3957528957528958,0.12162162162162163,11.187280910772323,23.0,1.3601800876983292,0.4555984555984556,0.025096525096525095,0.0019305019305019305,0.10617760617760617
Vít Krejčí,1630249,Guard,Guard-3,0.999999998795122,Guard - Perimeter-Focused (Low Usage),20.421348314606742,0.40135340821819493,0.5236216957651297,0.46348314606741575,0.8764044943820225,0.14178074881693828,6.980392156862745,356,51,0.2050561797752809,0.028089887640449437,0.7668539325842696,0.18820224719101125,8.667049102708356,4.0,1.1969089000320898,0.10393258426966293,0.014044943820224719,0.0,0.06179775280898876
Pat Spencer,1630311,Wing,Wing-2,0.9998568591912027,Wing - Role Player (Mixed),13.321100917431192,0.44515033567207035,0.47077724634804885,0.43577981651376146,0.7477064220183486,0.18938373939228031,6.228571428571429,218,35,0.5229357798165137,0.12385321100917432,0.3532110091743119,0.08256880733944955,9.510005145147742,19.0,1.557784561345577,0.22477064220183487,0.009174311926605505,0.009174311926605505,0.11926605504587157
Brandon Williams,1630314,Wing,Wing-0,0.9999989800925081,Wing - Mid-Range Specialist (High Usage),10.14864864864865,0.4864443901441983,0.43056726804609563,0.46621621621621623,0.4797297297297297,0.24465099499209278,9.652173913043478,444,46,0.6463963963963963,0.0990990990990991,0.2522522522522523,0.06306306306306306,9.869600039603244,20.0,1.5052007720867144,0.48873873873873874,0.024774774774774775,0.0045045045045045045,0.07657657657657657
Herbert Jones,1630529,Wing,Wing-2,0.9384698413117756,Wing - Role Player (Mixed),14.996402877697841,0.4628234155054931,0.43670389490320577,0.3920863309352518,0.6690647482014388,0.1492485425300274,8.424242424242424,278,33,0.4136690647482014,0.06474820143884892,0.5215827338129497,0.19424460431654678,10.492733673270592,22.75,1.4596899785234396,0.27697841726618705,0.03597122302158273,0.01079136690647482,0.07194244604316546
Trey Murphy III,1630530,Wing,Wing-2,0.9999738972688561,Wing - Role Player (Mixed),16.159198113207548,0.46324682019079777,0.4624464089453739,0.47641509433962265,0.7040094339622641,0.2255802871123264,16.307692307692307,848,52,0.419811320754717,0.055424528301886794,0.5247641509433962,0.054245283018867926,11.242497603595211,23.0,1.4876738614398635,0.18867924528301888,0.10141509433962265,0.0023584905660377358,0.10023584905660378
Franz Wagner,1630532,Wing,Wing-0,0.8419407912698198,Wing - Mid-Range Specialist (High Usage),10.686915887850468,0.4785832175949427,0.40929877498467826,0.47897196261682246,0.530373831775701,0.2519861215023193,15.285714285714286,428,28,0.6495327102803738,0.08177570093457943,0.26869158878504673,0.04205607476635514,9.828035071669097,21.0,1.47429051509021,0.3901869158878505,0.030373831775700934,0.04439252336448598,0.18457943925233644
Ziaire Williams,1630533,Wing,Wing-1,0.9999951744503315,Wing - Role Player (Mixed) (Low Usage),17.645833333333332,0.44977252957433994,0.48612255939765675,0.4166666666666667,0.7430555555555556,0.17270145890620228,7.578947368421052,288,38,0.30208333333333337,0.020833333333333332,0.6770833333333334,0.2361111111111111,10.157964040568233,20.0,1.3071949939938212,0.1736111111111111,0.0763888888888889,0.0,0.034722222222222224
Bones Hyland,1630538,Guard,Guard-0,1.0,Guard - Perimeter-Focused (Low Usage),17.43609022556391,0.4276360924340274,0.498796935807796,0.46616541353383456,0.7368421052631579,0.18864599204638013,6.186046511627907,266,43,0.2932330827067669,0.09022556390977443,0.6165413533834587,0.09398496240601503,10.4746618865294,20.75,1.379170336245524,0.2593984962406015,0.0,0.0,0.03759398496240601
Miles McBride,1630540,Guard,Guard-1,1.0,Guard - Perimeter-Focused,19.84806629834254,0.40309195485840177,0.5323672750958257,0.43370165745856354,0.8812154696132597,0.16980852835704208,10.342857142857143,362,35,0.16574585635359115,0.16298342541436464,0.6712707182320441,0.19060773480662985,8.003573240502707,9.75,1.3390103064497303,0.10773480662983426,0.0055248618784530384,0.0,0.024861878453038673
Moses Moody,1630541,Guard,Guard-0,1.0,Guard - Perimeter-Focused (Low Usage),18.603411513859275,0.41962752775462236,0.4831175611630028,0.43710021321961623,0.7974413646055437,0.16959030081494184,8.849056603773585,469,53,0.2622601279317697,0.06183368869936034,0.6759061833688699,0.2515991471215352,9.351885698322162,14.0,1.4111286067644133,0.17697228144989338,0.019189765458422176,0.0042643923240938165,0.02771855010660981
Tre Mann,1630544,Wing,Wing-2,0.9999999966336299,Wing - Role Player (Mixed),17.032128514056225,0.4144126343041975,0.5274149064139089,0.3654618473895582,0.7991967871485943,0.22868809560288034,7.545454545454546,249,33,0.38152610441767065,0.0963855421686747,0.5220883534136547,0.10040160642570281,10.172254914616211,20.0,1.581837588305192,0.1927710843373494,0.008032128514056224,0.0,0.12048192771084337
Day'Ron Sharpe,1630549,Big,Big-2,1.0,Big - Paint-Dominant (Low Usage),4.930909090909091,0.5852694940071432,0.32501110406716494,0.610909090909091,0.15636363636363637,0.18312668596850507,5.392156862745098,275,51,0.8727272727272728,0.01090909090909091,0.11636363636363636,0.03636363636363636,7.650601634833503,4.0,1.028654577828289,0.5381818181818182,0.15636363636363637,0.14909090909090908,0.025454545454545455
Justin Champagnie,1630551,Wing,Wing-1,0.9986929555439517,Wing - Role Player (Mixed) (Low Usage),10.61744966442953,0.5212821118472458,0.3783849476173843,0.5,0.3959731543624161,0.1497846517975917,6.340425531914893,298,47,0.6174496644295302,0.016778523489932886,0.3657718120805369,0.1342281879194631,11.06004262961216,23.0,1.3636791443610665,0.46308724832214765,0.11073825503355705,0.02348993288590604,0.026845637583892617
Jalen Johnson,1630552,Wing,Wing-2,0.9999480796816503,Wing - Role Player (Mixed),11.335656213704993,0.4872099898760428,0.40763689403446296,0.5017421602787456,0.6364692218350755,0.263450954556923,17.22,861,50,0.6306620209059233,0.09639953542392567,0.27293844367015097,0.022067363530778164,9.761933386126024,22.0,1.5149963676751146,0.27293844367015097,0.07317073170731707,0.008130081300813009,0.17073170731707318
Corey Kispert,1630557,Wing,Wing-2,0.9982165539341243,Wing - Role Player (Mixed),16.556451612903224,0.4407820474461968,0.4633391196559717,0.4637096774193548,0.6774193548387096,0.16838972328311347,7.085714285714285,248,35,0.3870967741935484,0.012096774193548387,0.6008064516129032,0.12096774193548387,11.134294266609936,23.0,1.4363625879261304,0.29838709677419356,0.024193548387096774,0.0,0.056451612903225805
Davion Mitchell,1630558,Wing,Wing-2,0.9999982804480808,Wing - Role Player (Mixed),13.295977011494253,0.45055397976959893,0.440269402318351,0.46839080459770116,0.646551724137931,0.13660569034297615,7.565217391304348,348,46,0.5201149425287357,0.08620689655172414,0.3936781609195403,0.048850574712643674,10.164995363648025,22.0,1.4579626207146403,0.34195402298850575,0.0,0.008620689655172414,0.12931034482758622
Austin Reaves,1630559,Wing,Wing-2,0.9291642923126054,Wing - Role Player (Mixed),15.02771362586605,0.4400864892182105,0.45876267595281617,0.5080831408775982,0.7020785219399538,0.27982904571682204,15.464285714285714,433,28,0.48498845265588914,0.06928406466512702,0.4457274826789838,0.046189376443418015,10.658163650426912,22.0,1.5451666027058342,0.2840646651270208,0.006928406466512702,0.0023094688221709007,0.09237875288683603
Cam Thomas,1630560,Wing,Wing-0,1.0,Wing - Mid-Range Specialist (High Usage),15.286127167630058,0.42605734861452804,0.5040340099538871,0.407514450867052,0.8092485549132948,0.299638694396002,12.814814814814815,346,27,0.3959537572254335,0.22832369942196531,0.37283236994219654,0.04624277456647399,9.30336909683247,18.0,1.5840972877233201,0.18497109826589594,0.002890173410404624,0.002890173410404624,0.1676300578034682
Scottie Barnes,1630567,Wing,Wing-0,0.9740294582592579,Wing - Mid-Range Specialist (High Usage),9.933002481389579,0.5123498184299589,0.39210628698733613,0.5037220843672456,0.5210918114143921,0.23212255857182626,14.925925925925926,806,54,0.6439205955334988,0.15384615384615385,0.2022332506203474,0.04838709677419355,9.127964140979088,14.0,1.5480416558257242,0.2866004962779156,0.10669975186104218,0.07444168734491315,0.06823821339950373
Luka Garza,1630568,Wing,Wing-1,0.9935743980208044,Wing - Role Player (Mixed) (Low Usage),10.839449541284404,0.4889499121846226,0.3699128426718808,0.5825688073394495,0.4541284403669725,0.15285659328441184,4.954545454545454,218,44,0.6238532110091743,0.04128440366972477,0.3348623853211009,0.05963302752293578,10.844391770649121,23.5,1.403641720156481,0.47706422018348627,0.022935779816513763,0.045871559633027525,0.10091743119266056
Sandro Mamukelashvili,1630572,Wing,Wing-1,0.9795455936713343,Wing - Role Player (Mixed) (Low Usage),13.05152224824356,0.4895539743098395,0.42048298759196123,0.5245901639344263,0.5761124121779859,0.1782357926913992,8.056603773584905,427,53,0.531615925058548,0.00936768149882904,0.45901639344262296,0.10772833723653397,11.36451797499926,24.0,1.3379842837729707,0.2903981264637002,0.07494145199063232,0.04449648711943794,0.07259953161592506
Sam Hauser,1630573,Guard,Guard-3,1.0,Guard - Perimeter-Focused (Low Usage),23.49616368286445,0.37402383456797034,0.5320166945489168,0.4092071611253197,0.9539641943734015,0.14520201910403957,7.666666666666667,391,51,0.07672634271099744,0.0639386189258312,0.8593350383631714,0.14322250639386191,6.238372619300789,3.0,1.0020540233840844,0.043478260869565216,0.0025575447570332483,0.0,0.010230179028132993
Julian Champagnie,1630577,Wing,Wing-1,1.0,Wing - Role Player (Mixed) (Low Usage),19.73846153846154,0.4186760688836985,0.4903237535130261,0.421978021978022,0.8351648351648352,0.14780694267868003,8.425925925925926,455,54,0.21098901098901096,0.01978021978021978,0.7692307692307692,0.26373626373626374,9.111385737132977,3.0,1.2343054483220883,0.12307692307692308,0.03296703296703297,0.004395604395604396,0.05274725274725275
Alperen Sengun,1630578,Wing,Wing-0,0.9998888119725232,Wing - Mid-Range Specialist (High Usage),8.346774193548388,0.5064288002426991,0.37096333161039047,0.49731182795698925,0.37231182795698925,0.2649929869574514,16.533333333333335,744,45,0.7728494623655914,0.11021505376344086,0.11693548387096774,0.009408602150537635,8.015003785218816,10.0,1.4216511464037755,0.33736559139784944,0.07258064516129033,0.21236559139784947,0.06989247311827956
Josh Giddey,1630581,Wing,Wing-2,0.9993088977517827,Wing - Role Player (Mixed),11.704255319148936,0.47503174742005094,0.4146420663567357,0.46170212765957447,0.6340425531914894,0.2509424206276381,13.823529411764707,470,34,0.5893617021276596,0.06808510638297872,0.34255319148936164,0.04893617021276596,10.532100539225867,22.0,1.449846167164017,0.32978723404255317,0.014893617021276596,0.014893617021276596,0.2170212765957447
Santi Aldama,1630583,Wing,Wing-2,0.9994703845131419,Wing - Role Player (Mixed),13.586134453781513,0.4592874039517236,0.4474523063866632,0.4789915966386555,0.6911764705882353,0.19070205603316362,11.069767441860465,476,43,0.4957983193277311,0.08403361344537816,0.4201680672268907,0.10294117647058823,10.220049282752216,21.0,1.5035939760503694,0.24369747899159663,0.04411764705882353,0.02100840336134454,0.19117647058823528
Jalen Suggs,1630591,Wing,Wing-2,0.9999450469729382,Wing - Role Player (Mixed),16.872972972972974,0.4380529112445405,0.4781124781386903,0.44324324324324327,0.7783783783783784,0.22512712089077414,11.212121212121213,370,33,0.35135135135135137,0.11621621621621622,0.5324324324324324,0.0945945945945946,10.106885378735035,19.75,1.4830582997931234,0.1810810810810811,0.03513513513513514,0.005405405405405406,0.0945945945945946
Cade Cunningham,1630595,Wing,Wing-2,0.9781165096852134,Wing - Role Player (Mixed),12.622641509433961,0.46193215852830205,0.4456744219487948,0.46170921198668147,0.6437291897891232,0.29879017439733324,19.170212765957448,901,47,0.5516093229744727,0.1453940066592675,0.3029966703662597,0.014428412874583796,9.854254473926346,22.0,1.5478620202061635,0.27968923418423974,0.03995560488346282,0.03551609322974473,0.12097669256381798
Evan Mobley,1630596,Wing,Wing-1,0.9999245188812463,Wing - Role Player (Mixed) (Low Usage),10.283450704225352,0.5426652499914104,0.3666371150257417,0.5123239436619719,0.48063380281690143,0.21636688782668664,13.523809523809524,568,42,0.653169014084507,0.06690140845070422,0.278169014084507,0.03345070422535211,10.331828225991403,23.0,1.451960070156127,0.22183098591549297,0.2007042253521127,0.09330985915492958,0.07746478873239436
Aaron Wiggins,1630598,Wing,Wing-2,0.9863450685955366,Wing - Role Player (Mixed),14.991735537190083,0.4537461987613301,0.4601711339243719,0.44352617079889806,0.6721763085399449,0.19096907498631635,8.853658536585366,363,41,0.4352617079889807,0.030303030303030304,0.534435261707989,0.17079889807162535,10.848909002180866,22.0,1.4771563356313548,0.2809917355371901,0.03856749311294766,0.008264462809917356,0.08539944903581267
Jose Alvarado,1630631,Guard,Guard-0,1.0,Guard - Perimeter-Focused (Low Usage),18.806451612903224,0.4091201921670582,0.5238046412722244,0.42258064516129035,0.8258064516129032,0.16070002260830246,7.209302325581396,310,43,0.2935483870967742,0.012903225806451613,0.6935483870967742,0.2,9.593077853744703,17.0,1.3295574361957183,0.17419354838709677,0.0,0.0,0.11935483870967742
Jay Huff,1630643,Wing,Wing-1,0.9999999712483381,Wing - Role Player (Mixed) (Low Usage),17.17866666666667,0.48083050732115756,0.4118859134438363,0.4693333333333333,0.6666666666666666,0.1682409685962921,7.0754716981132075,375,53,0.36266666666666664,0.0026666666666666666,0.6346666666666667,0.088,11.5243324691359,23.5,1.2152740622145808,0.15733333333333333,0.152,0.018666666666666668,0.016
Jordan Goodwin,1630692,Wing,Wing-2,0.9913664812885726,Wing - Role Player (Mixed),15.714285714285714,0.4401269556132786,0.47233659625935026,0.405152224824356,0.7002341920374707,0.1742412174942605,8.211538461538462,427,52,0.405152224824356,0.06088992974238876,0.5339578454332553,0.17798594847775176,10.627180014647148,22.0,1.5147164160637188,0.2810304449648712,0.0117096018735363,0.00468384074941452,0.07962529274004684
Dru Smith,1630696,Wing,Wing-2,0.9992900550672178,Wing - Role Player (Mixed),12.705454545454545,0.45243608680804687,0.44936589071016,0.4109090909090909,0.5963636363636363,0.14648967811196567,5.0,275,55,0.5490909090909091,0.03636363636363636,0.41454545454545455,0.16,10.306107221049007,21.0,1.4881935355818066,0.36363636363636365,0.0,0.04,0.14909090909090908
Dyson Daniels,1630700,Big,Big-2,1.0,Big - Paint-Dominant (Low Usage),6.801818181818182,0.5281599631236391,0.328994537911822,0.49818181818181817,0.4509090909090909,0.16027151431166373,10.377358490566039,550,53,0.8418181818181818,0.02181818181818182,0.13636363636363635,0.04,7.875788702727802,6.0,1.2561113083818252,0.43272727272727274,0.07454545454545454,0.04181818181818182,0.2909090909090909
Jaden Hardy,1630702,Guard,Guard-0,1.0,Guard - Perimeter-Focused (Low Usage),18.08955223880597,0.4130476215884438,0.5202662233432452,0.40298507462686567,0.8606965174129353,0.22575459406537127,5.911764705882353,201,34,0.29850746268656714,0.05970149253731343,0.6417910447761195,0.20398009950248758,8.827906903593144,15.0,1.4480891473796473,0.12437810945273632,0.014925373134328358,0.0,0.11442786069651742
Jaden Ivey,1631093,Wing,Wing-2,0.9999997448881246,Wing - Role Player (Mixed),16.61328125,0.4315305496250282,0.4942200825901024,0.4453125,0.71484375,0.193190107922614,6.918918918918919,256,37,0.35546875,0.12109375,0.5234375,0.08984375,10.506900597777094,21.0,1.538446956661583,0.2578125,0.01953125,0.0078125,0.05078125
Paolo Banchero,1631094,Wing,Wing-0,0.7437227136229657,Wing - Mid-Range Specialist (High Usage),10.844776119402985,0.4889467174307634,0.4304117788180513,0.4537313432835821,0.5656716417910448,0.26638507486191887,15.581395348837209,670,43,0.5940298507462687,0.16417910447761194,0.24179104477611943,0.04477611940298507,9.463947538637223,17.0,1.5529721877998024,0.3567164179104478,0.05522388059701493,0.016417910447761194,0.07164179104477612
Jabari Smith Jr.,1631095,Wing,Wing-2,0.999999902702483,Wing - Role Player (Mixed),16.27469135802469,0.4463288098887372,0.46984718515018553,0.4367283950617284,0.7808641975308642,0.17518512933004296,12.461538461538462,648,52,0.3487654320987654,0.1558641975308642,0.49537037037037035,0.18518518518518517,9.454610100141926,17.0,1.564949789882226,0.15895061728395063,0.05864197530864197,0.0015432098765432098,0.020061728395061727
Chet Holmgren,1631096,Wing,Wing-2,0.9381773355900287,Wing - Role Player (Mixed),11.147887323943662,0.5343339949891435,0.3684441685325881,0.5598591549295775,0.5669014084507042,0.2174642020216152,11.591836734693878,568,49,0.6109154929577465,0.08098591549295775,0.30809859154929575,0.0528169014084507,10.286853775965378,23.0,1.484574867965038,0.23415492957746478,0.1813380281690141,0.017605633802816902,0.0528169014084507
Bennedict Mathurin,1631097,Wing,Wing-2,0.9994396991162446,Wing - Role Player (Mixed),15.356955380577428,0.44132373469318703,0.47403431475467916,0.4251968503937008,0.7086614173228346,0.22877319406344518,12.7,381,30,0.4015748031496063,0.17585301837270342,0.42257217847769024,0.07349081364829396,10.230173902447586,21.0,1.5421314488268614,0.25984251968503935,0.023622047244094488,0.005249343832020997,0.08661417322834646
Keegan Murray,1631099,Wing,Wing-2,0.9999999221589522,Wing - Role Player (Mixed),14.818532818532818,0.433870566352957,0.4562554021729111,0.42857142857142855,0.7644787644787645,0.18272363476648285,13.631578947368421,259,19,0.4749034749034749,0.16988416988416988,0.35521235521235517,0.0694980694980695,9.398266177405311,19.0,1.6014824369628415,0.1891891891891892,0.03861003861003861,0.007722007722007722,0.14285714285714285
Shaedon Sharpe,1631101,Wing,Wing-2,0.9538857309326582,Wing - Role Player (Mixed),13.59504132231405,0.4748981953215689,0.45435422031317657,0.4557260920897285,0.6186540731995277,0.2928125912028351,17.645833333333332,847,48,0.47225501770956313,0.1770956316410862,0.35064935064935066,0.04014167650531287,10.360185836159317,22.0,1.5703957429396598,0.3010625737898465,0.0755608028335301,0.0035419126328217238,0.053128689492325853
Jalen Duren,1631105,Big,Big-0,1.0,Big - Paint-Dominant (Low Usage),3.3520833333333333,0.6234894696393547,0.28933754772430614,0.63125,0.16875,0.22115647366332294,10.909090909090908,480,44,0.9625,0.0375,0.0,0.0,3.340614221230428,3.0,0.9009997617954315,0.4666666666666667,0.25833333333333336,0.10208333333333333,0.08333333333333333
Tari Eason,1631106,Wing,Wing-1,1.0,Wing - Role Player (Mixed) (Low Usage),14.511041009463723,0.4626183124940059,0.4400784303217695,0.45110410094637227,0.6403785488958991,0.1933699534490055,10.225806451612904,317,31,0.45110410094637227,0.07570977917981073,0.47003154574132494,0.24605678233438488,10.437761799410078,21.0,1.5760434554248128,0.3028391167192429,0.05362776025236593,0.0031545741324921135,0.06624605678233439
Nikola Jović,1631107,Wing,Wing-2,0.9796128718477279,Wing - Role Player (Mixed),15.229508196721312,0.441367298860311,0.4675705332873734,0.3704918032786885,0.6852459016393443,0.20175339715547666,7.261904761904762,305,42,0.419672131147541,0.04918032786885246,0.5311475409836066,0.14754098360655737,10.656714961492208,21.0,1.3937752877017264,0.26885245901639343,0.009836065573770493,0.03278688524590164,0.11147540983606558
Max Christie,1631108,Wing,Wing-1,0.9499065233591611,Wing - Role Player (Mixed) (Low Usage),17.002057613168724,0.43761613728796267,0.4902029234704475,0.4670781893004115,0.7860082304526749,0.16272051112184058,9.72,486,50,0.3271604938271605,0.07818930041152264,0.5946502057613169,0.23251028806584362,9.613885784697569,19.0,1.479697760829977,0.16666666666666666,0.043209876543209874,0.00205761316872428,0.07818930041152264
Mark Williams,1631109,Big,Big-0,1.0,Big - Paint-Dominant (Low Usage),2.9673024523160763,0.6439300648161536,0.25371893329183054,0.6648501362397821,0.09536784741144415,0.16418216747811856,7.34,367,50,0.9673024523160764,0.02997275204359673,0.0027247956403269754,0.0027247956403269754,3.631077016393764,4.0,0.8641876676872327,0.47956403269754766,0.3106267029972752,0.11444141689373297,0.0653950953678474
Jalen Williams,1631114,Wing,Wing-0,0.9990251922094744,Wing - Mid-Range Specialist (High Usage),9.887671232876713,0.49536521621874174,0.4135255773273596,0.4794520547945205,0.5643835616438356,0.25444165986454587,14.038461538461538,365,26,0.6520547945205479,0.1726027397260274,0.17534246575342466,0.0273972602739726,8.597276996802366,13.0,1.5407943128317,0.3698630136986301,0.06575342465753424,0.0,0.0821917808219178
Jaylin Williams,1631119,Wing,Wing-1,0.9999999999996056,Wing - Role Player (Mixed) (Low Usage),19.410138248847925,0.4179779384671531,0.4986376758671281,0.3778801843317972,0.8341013824884793,0.15230823113654055,5.2926829268292686,217,41,0.23963133640552997,0.041474654377880185,0.7188940092165899,0.15207373271889402,9.137452866538146,12.0,1.2571297892749227,0.11059907834101383,0.041474654377880185,0.013824884792626729,0.055299539170506916
Caleb Love,1631126,Guard,Guard-2,1.0,Guard - Perimeter-Focused (High Usage),18.05360824742268,0.4151456085908987,0.5166041523740876,0.38969072164948454,0.7711340206185567,0.2284281139502302,10.777777777777779,485,45,0.3237113402061855,0.07835051546391752,0.5979381443298969,0.07628865979381444,10.23349368228595,20.0,1.4032838508313863,0.21443298969072164,0.01443298969072165,0.0,0.09072164948453608
Ryan Rollins,1631157,Wing,Wing-2,0.998319389278928,Wing - Role Player (Mixed),14.436797752808989,0.44926248553934595,0.4723262548066562,0.46348314606741575,0.6713483146067416,0.23280449738690184,13.96078431372549,712,51,0.4424157303370787,0.13623595505617977,0.4213483146067416,0.09269662921348315,10.468031563218856,22.0,1.56196463018077,0.30337078651685395,0.019662921348314606,0.0056179775280898875,0.06601123595505617
Keon Ellis,1631165,Wing,Wing-1,0.9999999991147965,Wing - Role Player (Mixed) (Low Usage),19.709251101321588,0.41445386413958446,0.5279603905165937,0.3964757709251101,0.8722466960352423,0.130797994610019,5.27906976744186,227,43,0.2026431718061674,0.09691629955947137,0.7004405286343613,0.23348017621145375,8.671694002344495,12.0,1.3729821763317258,0.07929515418502203,0.048458149779735685,0.0,0.048458149779735685
Jaime Jaquez Jr.,1631170,Wing,Wing-0,0.9999999925308809,Wing - Mid-Range Specialist (High Usage),8.19935691318328,0.49587075491632165,0.4066184452253162,0.5048231511254019,0.5080385852090032,0.2155002265056966,12.196078431372548,622,51,0.7652733118971061,0.0707395498392283,0.16398713826366557,0.057877813504823156,8.17356799424008,8.0,1.3819924252502718,0.39228295819935693,0.03215434083601286,0.06270096463022508,0.1977491961414791
Peyton Watson,1631212,Wing,Wing-2,0.9998203919976116,Wing - Role Player (Mixed),12.18233082706767,0.4967378882023819,0.4235850910918484,0.49624060150375937,0.6127819548872181,0.2025468739596511,11.083333333333334,532,48,0.5526315789473684,0.10902255639097744,0.3383458646616541,0.13909774436090225,10.119745751122988,21.0,1.5836892211722735,0.2669172932330827,0.10902255639097744,0.007518796992481203,0.11466165413533834
Tyrese Martin,1631213,Wing,Wing-2,0.9977901281432813,Wing - Role Player (Mixed),17.270588235294117,0.42404991440683254,0.48409566721477293,0.39215686274509803,0.7294117647058823,0.18158936781609195,6.891891891891892,255,37,0.3568627450980392,0.047058823529411764,0.596078431372549,0.12156862745098039,10.79375902568635,21.0,1.4685349827764667,0.24705882352941178,0.023529411764705882,0.0,0.08235294117647059
Moussa Diabaté,1631217,Big,Big-0,1.0,Big - Paint-Dominant (Low Usage),2.782608695652174,0.6506022978560893,0.2583991501253312,0.6324110671936759,0.11462450592885376,0.11686506758547575,5.06,253,50,0.9723320158102766,0.019762845849802372,0.007905138339920948,0.003952569169960474,3.618209830019683,3.0,0.838718806904559,0.4743083003952569,0.31620553359683795,0.09486166007905138,0.08300395256916997
Collin Gillespie,1631221,Guard,Guard-1,0.9999999999999876,Guard - Perimeter-Focused,20.34201388888889,0.3904850241793583,0.52947161903464,0.4340277777777778,0.8836805555555556,0.1865646979235998,10.666666666666666,576,54,0.22395833333333331,0.1076388888888889,0.6684027777777777,0.1111111111111111,8.746042410727357,13.0,1.380226713117716,0.11631944444444445,0.0,0.0,0.050347222222222224
Jake LaRavia,1631222,Wing,Wing-1,1.0,Wing - Role Player (Mixed) (Low Usage),13.850899742930592,0.47078164568973807,0.4347612415403919,0.4652956298200514,0.6195372750642674,0.14503645414204583,7.339622641509434,389,53,0.506426735218509,0.012853470437017995,0.4781491002570694,0.2287917737789203,10.782210456706279,21.0,1.5204184689371514,0.29562982005141386,0.05912596401028278,0.02056555269922879,0.056555269922879174
Dominick Barlow,1631230,Big,Big-2,1.0,Big - Paint-Dominant (Low Usage),7.587786259541985,0.5676807145089311,0.33702100730295315,0.5572519083969466,0.366412213740458,0.13218630650424892,6.093023255813954,262,43,0.7290076335877863,0.03435114503816794,0.2366412213740458,0.19083969465648853,9.315557974052501,12.0,1.2987158424075727,0.45038167938931295,0.16793893129770993,0.015267175572519083,0.061068702290076333
Mouhamed Gueye,1631243,Wing,Wing-1,0.9998621823249842,Wing - Role Player (Mixed) (Low Usage),12.312775330396477,0.5258056002589746,0.4222967651022125,0.44493392070484583,0.5947136563876652,0.13077791139731554,4.63265306122449,227,49,0.5154185022026432,0.05726872246696035,0.42731277533039647,0.30396475770925113,10.35365630589637,22.0,1.474585298150447,0.18061674008810572,0.18502202643171806,0.039647577092511016,0.07488986784140969
Vince Williams Jr.,1631246,Guard,Guard-0,1.0,Guard - Perimeter-Focused (Low Usage),17.597864768683273,0.4211439840921089,0.48581337062534435,0.3594306049822064,0.8469750889679716,0.19079781097470788,7.394736842105263,281,38,0.3416370106761566,0.05693950177935943,0.601423487544484,0.11387900355871886,9.402423456379518,16.0,1.439692172439274,0.13167259786476868,0.014234875444839857,0.0071174377224199285,0.11387900355871886
AJ Green,1631260,Guard,Guard-3,1.0,Guard - Perimeter-Focused (Low Usage),23.40153452685422,0.3764442404400402,0.54862214274247,0.4398976982097187,0.959079283887468,0.12853828658927907,7.979591836734694,391,49,0.06649616368286446,0.03836317135549872,0.8951406649616369,0.2710997442455243,5.4636230768940255,3.0,0.9854385654972145,0.03324808184143223,0.0,0.0,0.01278772378516624
Sidy Cissoko,1631321,Wing,Wing-1,0.9978561124437866,Wing - Role Player (Mixed) (Low Usage),16.471910112359552,0.4660343272031397,0.45445050012187077,0.40823970037453183,0.7078651685393258,0.12532662038422407,5.448979591836735,267,49,0.35205992509363293,0.0299625468164794,0.6179775280898876,0.27340823970037453,10.271600992019613,21.0,1.3871081618850296,0.18726591760299627,0.10112359550561797,0.003745318352059925,0.052434456928838954
Simone Fontecchio,1631323,Guard,Guard-0,1.0,Guard - Perimeter-Focused (Low Usage),18.443569553805773,0.4224363536719849,0.4885229894704737,0.3910761154855643,0.7454068241469817,0.18784867654701531,7.326923076923077,381,52,0.27296587926509186,0.028871391076115485,0.6955380577427822,0.20734908136482938,10.119033231516946,19.0,1.2808515940919958,0.2152230971128609,0.01837270341207349,0.01837270341207349,0.031496062992125984
Victor Wembanyama,1641705,Wing,Wing-0,0.9989437917878086,Wing - Mid-Range Specialist (High Usage),12.438837920489297,0.5137346331180875,0.41252541947787985,0.5107033639143731,0.6207951070336392,0.317274232899911,16.35,654,40,0.4923547400611621,0.20030581039755352,0.30733944954128434,0.027522935779816515,10.247403101114067,22.0,1.5500749831008453,0.19571865443425077,0.1620795107033639,0.010703363914373088,0.047400611620795105
Brandon Miller,1641706,Wing,Wing-2,0.6489243160012775,Wing - Role Player (Mixed),16.44182389937107,0.4392043510946206,0.468027823999913,0.42452830188679247,0.8144654088050315,0.2836000287894055,16.736842105263158,636,38,0.39308176100628933,0.12106918238993711,0.4858490566037736,0.059748427672955975,9.908784576640198,19.0,1.5136812617616127,0.11635220125786164,0.055031446540880505,0.012578616352201259,0.10220125786163523
Amen Thompson,1641708,Big,Big-1,1.0,Big - Paint-Dominant (High Usage),7.74964234620887,0.5529168733636497,0.35825741580628706,0.5050071530758226,0.4363376251788269,0.19594012094519617,13.442307692307692,699,52,0.7639484978540773,0.11015736766809728,0.12446351931330474,0.07439198855507868,8.059341819254197,10.0,1.4207019199246198,0.3719599427753934,0.18025751072961374,0.005722460658082976,0.12160228898426323
Ausar Thompson,1641709,Big,Big-2,0.9999999999969233,Big - Paint-Dominant (Low Usage),5.4689826302729525,0.574030891268907,0.3284947545525613,0.511166253101737,0.337468982630273,0.17314412223426473,8.224489795918368,403,49,0.8734491315136477,0.07692307692307693,0.04962779156327543,0.022332506203473948,6.313210165535827,6.0,1.209223067571972,0.4441687344913151,0.18114143920595532,0.022332506203473945,0.10918114143920596
Anthony Black,1641710,Wing,Wing-1,0.9980787344526207,Wing - Role Player (Mixed) (Low Usage),12.801503759398496,0.49272918233396706,0.43180526554027443,0.46015037593984964,0.5834586466165413,0.22050504836117765,12.547169811320755,665,53,0.5323308270676692,0.081203007518797,0.3849624060150376,0.11879699248120301,10.580856099937813,22.0,1.5345497152368,0.3022556390977444,0.1037593984962406,0.009022556390977444,0.081203007518797
Gradey Dick,1641711,Wing,Wing-2,0.9999319945793458,Wing - Role Player (Mixed),15.589830508474575,0.4551113623878672,0.4769958309135932,0.423728813559322,0.688135593220339,0.1639628659708354,5.462962962962963,295,54,0.376271186440678,0.10508474576271186,0.5186440677966102,0.20677966101694917,10.402996934021951,22.0,1.5235733063853678,0.2440677966101695,0.0576271186440678,0.010169491525423728,0.03389830508474576
GG Jackson,1641713,Wing,Wing-2,0.9769005014648876,Wing - Role Player (Mixed),12.921052631578947,0.5017312094236172,0.42185570185862004,0.4824561403508772,0.5877192982456141,0.18923346766559382,7.6,228,30,0.5307017543859649,0.02631578947368421,0.44298245614035087,0.19298245614035087,10.67802283076367,22.0,1.5350877140117405,0.27631578947368424,0.12719298245614036,0.0043859649122807015,0.07894736842105263
Jarace Walker,1641716,Wing,Wing-2,0.9997615769696265,Wing - Role Player (Mixed),15.559006211180124,0.4393441067712022,0.4671633953529783,0.40372670807453415,0.7184265010351967,0.1956108747895596,8.944444444444445,483,54,0.43685300207039335,0.07453416149068323,0.48861283643892345,0.08281573498964803,10.22476331767396,20.0,1.475278733565837,0.22981366459627328,0.037267080745341616,0.014492753623188406,0.10973084886128365
Cason Wallace,1641717,Wing,Wing-2,0.9925143320899041,Wing - Role Player (Mixed),14.817708333333334,0.4664665341932699,0.44011872213993053,0.4244791666666667,0.6458333333333334,0.13304559659758447,7.245283018867925,384,53,0.43489583333333337,0.033854166666666664,0.53125,0.18229166666666669,10.661568029828267,22.0,1.4590692433717307,0.2838541666666667,0.06770833333333333,0.0026041666666666665,0.0703125
Keyonte George,1641718,Wing,Wing-2,0.9859139020953119,Wing - Role Player (Mixed),15.097186700767264,0.43256516671777623,0.48866143460785216,0.4578005115089514,0.7250639386189258,0.27131880973333605,16.291666666666668,782,48,0.4258312020460358,0.1636828644501279,0.41048593350383633,0.058823529411764705,9.426351342360991,20.0,1.5040201912998858,0.23529411764705882,0.034526854219948847,0.0025575447570332483,0.1483375959079284
Brice Sensabaugh,1641729,Wing,Wing-2,0.9991345946200572,Wing - Role Player (Mixed),17.035087719298247,0.42794612692072664,0.502932837478809,0.4502923976608187,0.8011695906432749,0.22105820576462318,9.865384615384615,513,52,0.3508771929824561,0.10721247563352826,0.5419103313840156,0.1442495126705653,9.516778811518558,17.0,1.5128410620990425,0.15204678362573099,0.04093567251461988,0.001949317738791423,0.10916179337231968
Noah Clowney,1641730,Wing,Wing-1,0.9995053954193364,Wing - Role Player (Mixed) (Low Usage),17.534591194968552,0.43197993047377264,0.4702787551162487,0.3920335429769392,0.7547169811320755,0.20594797897181674,10.148936170212766,477,47,0.32704402515723274,0.033542976939203356,0.639412997903564,0.19077568134171907,9.899354792369872,19.0,1.366208589557801,0.16771488469601678,0.0440251572327044,0.029350104821802937,0.0880503144654088
Bilal Coulibaly,1641731,Wing,Wing-2,0.9032296531603405,Wing - Role Player (Mixed),12.338289962825279,0.513537122448077,0.4015098106967017,0.3940520446096654,0.5315985130111525,0.16914711261099905,8.151515151515152,269,33,0.5576208178438662,0.02973977695167286,0.41263940520446096,0.1784386617100372,10.679561944832678,22.0,1.4965870128783578,0.2936802973977695,0.16356877323420074,0.0037174721189591076,0.08550185873605948
Toumani Camara,1641739,Wing,Wing-1,0.9998949071053238,Wing - Role Player (Mixed) (Low Usage),17.675675675675677,0.4392917799407543,0.47328551818747516,0.4408783783783784,0.7297297297297297,0.1576821360570849,10.571428571428571,592,56,0.3091216216216216,0.02364864864864865,0.6672297297297297,0.20945945945945946,10.155619061754013,19.25,1.325746755927073,0.19256756756756757,0.0472972972972973,0.028716216216216218,0.05067567567567568
Jordan Miller,1641757,Wing,Wing-2,0.9991571585347946,Wing - Role Player (Mixed),11.651741293532337,0.4663403446677728,0.42421645596593055,0.5124378109452736,0.5572139303482587,0.18788113747954174,6.7,201,30,0.6218905472636815,0.029850746268656716,0.3482587064676617,0.11442786069651742,10.468911569630164,22.0,1.4862898115701193,0.4228855721393035,0.014925373134328358,0.004975124378109453,0.11940298507462686
Brandin Podziemski,1641764,Wing,Wing-2,0.9999999627302969,Wing - Role Player (Mixed),16.051724137931036,0.4263984182819368,0.48844724215932295,0.4482758620689655,0.7624521072796935,0.18467381108079467,9.49090909090909,522,55,0.3908045977011494,0.13793103448275862,0.47126436781609193,0.08429118773946359,9.877522851111706,19.0,1.5215081971511264,0.22030651340996169,0.007662835249042145,0.0038314176245210726,0.1417624521072797
Ben Sheppard,1641767,Guard,Guard-0,1.0,Guard - Perimeter-Focused (Low Usage),17.365079365079364,0.43152681733066933,0.49108321000999944,0.4007936507936508,0.7341269841269841,0.12602540583695557,5.7272727272727275,252,44,0.3055555555555555,0.06349206349206349,0.6309523809523809,0.23412698412698413,10.351282750236773,21.0,1.416668037361217,0.25396825396825395,0.011904761904761904,0.0,0.03571428571428571
Nae'Qwan Tomlin,1641772,Wing,Wing-1,0.9999999999999221,Wing - Role Player (Mixed) (Low Usage),9.823529411764707,0.5711316186634975,0.3640972320696596,0.48739495798319327,0.42436974789915966,0.151533328890962,5.534883720930233,238,43,0.634453781512605,0.0,0.365546218487395,0.24789915966386555,10.850846908418394,22.0,1.2745513302551292,0.3235294117647059,0.23109243697478993,0.02100840336134454,0.03361344537815126
Tristan da Silva,1641783,Wing,Wing-2,0.9614089831523291,Wing - Role Player (Mixed),15.476584022038567,0.453614801135633,0.4601393869972652,0.42699724517906334,0.71900826446281,0.16120389089325704,7.5625,363,48,0.40771349862258954,0.07162534435261708,0.5206611570247934,0.19559228650137742,10.008911907926256,20.0,1.5328833148789576,0.17355371900826447,0.06336088154269973,0.03856749311294766,0.12947658402203857
Pelle Larsson,1641796,Wing,Wing-2,0.988564811352786,Wing - Role Player (Mixed),11.60960960960961,0.48734928246486287,0.40190579440724955,0.4954954954954955,0.5495495495495496,0.15698728058623948,7.568181818181818,333,44,0.5915915915915916,0.03003003003003003,0.37837837837837834,0.12012012012012012,10.579482480061653,22.0,1.4416973892268827,0.3783783783783784,0.05405405405405406,0.012012012012012012,0.13813813813813813
Matas Buzelis,1641824,Wing,Wing-1,0.9667947843483402,Wing - Role Player (Mixed) (Low Usage),13.182250396196514,0.4970519956420312,0.40655201708966343,0.47385103011093505,0.554675118858954,0.2126885059566574,11.472727272727273,631,55,0.5007923930269413,0.017432646592709985,0.4817749603803486,0.1489698890649762,11.293209169247548,24.0,1.3684748851208584,0.34548335974643424,0.0919175911251981,0.004754358161648178,0.05229793977812995
Ronald Holland II,1641842,Wing,Wing-1,0.9877087050730646,Wing - Role Player (Mixed) (Low Usage),11.492877492877493,0.4981297436713074,0.42082085114344125,0.4131054131054131,0.5156695156695157,0.18189054016370587,7.468085106382978,351,47,0.5698005698005698,0.05698005698005698,0.3732193732193732,0.23361823361823364,10.187910509693367,21.0,1.4850603933575857,0.3789173789173789,0.09971509971509972,0.002849002849002849,0.09971509971509972
Craig Porter Jr.,1641854,Wing,Wing-2,0.9999999935055506,Wing - Role Player (Mixed),12.223880597014926,0.4713531750494231,0.45581881549374803,0.4577114427860697,0.6716417910447762,0.11869032307165417,4.369565217391305,201,46,0.5870646766169154,0.06965174129353234,0.34328358208955223,0.1044776119402985,9.82825655269904,21.0,1.5662605788711665,0.2736318407960199,0.04477611940298507,0.009950248756218905,0.12437810945273632
Zaccharie Risacher,1642258,Wing,Wing-2,0.9957372995655229,Wing - Role Player (Mixed),14.712793733681462,0.4851927670667812,0.4288870449920856,0.4490861618798956,0.6370757180156658,0.1769144449909821,9.119047619047619,383,42,0.42297650130548303,0.10182767624020887,0.4751958224543081,0.1462140992167102,10.892190308376339,23.0,1.4719168015859088,0.2349869451697128,0.1122715404699739,0.013054830287206266,0.03655352480417755
Alex Sarr,1642259,Wing,Wing-0,0.9898438279342942,Wing - Mid-Range Specialist (High Usage),9.445217391304348,0.5190746803988402,0.3643159869472757,0.4956521739130435,0.4817391304347826,0.24982186923431735,14.024390243902438,575,41,0.6973913043478261,0.09565217391304348,0.20695652173913046,0.01565217391304348,9.227479822856845,13.0,1.4291724310930451,0.2782608695652174,0.11652173913043479,0.11130434782608696,0.09565217391304348
Cody Williams,1642262,Wing,Wing-1,0.999999999021059,Wing - Role Player (Mixed) (Low Usage),9.845454545454546,0.5335796130634677,0.3924086670984551,0.4818181818181818,0.43636363636363634,0.13006027375005078,5.945945945945946,220,37,0.6409090909090909,0.045454545454545456,0.3136363636363636,0.2318181818181818,9.534064247265372,20.0,1.3694065994914306,0.36818181818181817,0.17727272727272728,0.013636363636363636,0.08181818181818182
Reed Sheppard,1642263,Guard,Guard-4,1.0,Guard - Mid-Range Specialist,18.842735042735043,0.4077935645977892,0.5074409319806621,0.4256410256410256,0.8358974358974359,0.20847768294389254,11.037735849056604,585,53,0.28888888888888886,0.1452991452991453,0.5658119658119658,0.08376068376068377,9.293495628657865,15.0,1.5120735258849982,0.1282051282051282,0.020512820512820513,0.011965811965811967,0.0735042735042735
Stephon Castle,1642264,Wing,Wing-2,0.9106892777835006,Wing - Role Player (Mixed),10.856610800744878,0.5022740475328223,0.3997835244678614,0.46368715083798884,0.553072625698324,0.2490874965463542,12.204545454545455,537,44,0.6219739292364991,0.08007448789571694,0.297951582867784,0.0595903165735568,10.244033486570975,21.0,1.4973111004287962,0.35940409683426444,0.08193668528864059,0.0037243947858473,0.08193668528864059
Ja'Kobe Walter,1642266,Wing,Wing-1,0.9538351329138242,Wing - Role Player (Mixed) (Low Usage),16.6858407079646,0.45508650170029186,0.47151964992099604,0.42920353982300885,0.7168141592920354,0.13624260748624295,5.136363636363637,226,44,0.3451327433628319,0.022123893805309734,0.6327433628318584,0.24778761061946902,10.729956961758045,22.0,1.3927891025487813,0.2079646017699115,0.06637168141592921,0.004424778761061947,0.05309734513274336
Bub Carrington,1642267,Guard,Guard-1,1.0,Guard - Perimeter-Focused,19.920430107526883,0.3969347454076699,0.5419758853065353,0.4021505376344086,0.8774193548387097,0.1683305725684104,8.773584905660377,465,53,0.20645161290322583,0.1913978494623656,0.6021505376344086,0.07741935483870968,8.472325118765047,12.0,1.394293816521122,0.1010752688172043,0.015053763440860216,0.004301075268817204,0.04516129032258064
Isaiah Collier,1642268,Wing,Wing-0,0.9999999420493143,Wing - Mid-Range Specialist (High Usage),9.323287671232876,0.473116805424644,0.41274371554704864,0.5095890410958904,0.5260273972602739,0.18522066845319876,7.604166666666667,365,48,0.7534246575342466,0.0410958904109589,0.2054794520547945,0.049315068493150684,8.864029677779532,10.0,1.4205277071545763,0.4465753424657534,0.01643835616438356,0.010958904109589041,0.1726027397260274
Donovan Clingan,1642270,Wing,Wing-1,0.9999999999884368,Wing - Role Player (Mixed) (Low Usage),10.602708803611739,0.5513752728765462,0.31888094547866735,0.5259593679458239,0.3905191873589165,0.15046618745202037,8.51923076923077,443,52,0.6207674943566591,0.020316027088036117,0.35891647855530473,0.03160270880361174,11.31431607751395,24.0,1.2165776485296322,0.38826185101580135,0.18510158013544017,0.03611738148984198,0.006772009029345372
Kyle Filipowski,1642271,Wing,Wing-1,0.5131047387064289,Wing - Role Player (Mixed) (Low Usage),10.85432098765432,0.49777850849426486,0.4051122153478476,0.48641975308641977,0.528395061728395,0.17966450154162386,7.363636363636363,405,55,0.6320987654320988,0.027160493827160494,0.3407407407407408,0.17777777777777778,9.873758217231945,20.0,1.4526360267646596,0.35802469135802467,0.0962962962962963,0.01728395061728395,0.10123456790123457
Jared McCain,1642272,Wing,Wing-2,0.9999432908231327,Wing - Role Player (Mixed),16.25,0.4281349960866178,0.4864700539519538,0.3923076923076923,0.7153846153846154,0.18224567133354147,6.666666666666667,260,39,0.38846153846153847,0.1,0.5115384615384615,0.13076923076923078,10.320865771352242,21.0,1.5577450241518518,0.2846153846153846,0.0,0.0,0.057692307692307696
Kyshawn George,1642273,Wing,Wing-2,0.9999894522857753,Wing - Role Player (Mixed),15.869318181818182,0.43525941632033277,0.48588504939882543,0.4412878787878788,0.7424242424242424,0.21900994071578297,12.279069767441861,528,43,0.3977272727272727,0.14962121212121213,0.4526515151515152,0.0946969696969697,10.189474696992752,20.0,1.6061956888149307,0.22916666666666666,0.01893939393939394,0.007575757575757576,0.07196969696969698
Yves Missi,1642274,Big,Big-0,1.0,Big - Paint-Dominant (Low Usage),2.4285714285714284,0.6351621526264287,0.2775194469373167,0.5380952380952381,0.09047619047619047,0.12048486074087691,4.883720930232558,210,43,0.980952380952381,0.014285714285714285,0.004761904761904762,0.0,3.6217237769994433,3.0,0.7840413946126988,0.5523809523809524,0.24285714285714285,0.11428571428571428,0.06190476190476191
Kel'el Ware,1642276,Wing,Wing-1,0.999992285281688,Wing - Role Player (Mixed) (Low Usage),9.88963963963964,0.5692528106575023,0.35768311229652977,0.5315315315315315,0.41216216216216217,0.17455463718951242,8.538461538461538,444,52,0.6418918918918919,0.02252252252252252,0.33558558558558554,0.11486486486486487,10.825685569117772,22.0,1.325760022555719,0.26126126126126126,0.240990990990991,0.07882882882882883,0.04279279279279279
Tyler Kolek,1642278,Wing,Wing-2,0.9999963634386937,Wing - Role Player (Mixed),14.781818181818181,0.43107288377522746,0.4647846582979112,0.42272727272727273,0.7545454545454545,0.1764284292672707,5.0,220,44,0.4727272727272728,0.07727272727272727,0.45,0.07272727272727272,10.2733256749415,21.0,1.5075858655545564,0.2409090909090909,0.0,0.004545454545454545,0.16818181818181818
Jaylon Tyson,1642281,Wing,Wing-2,0.9796975037869851,Wing - Role Player (Mixed),12.666015625,0.4821783224283939,0.4140269578446631,0.513671875,0.615234375,0.183613179038254,10.24,512,50,0.52734375,0.044921875,0.427734375,0.189453125,10.576891018821247,22.0,1.5198097670189201,0.296875,0.060546875,0.015625,0.150390625
Cam Spencer,1642285,Guard,Guard-1,1.0,Guard - Perimeter-Focused,19.218673218673217,0.3967062479975387,0.5274630490198716,0.47665847665847666,0.9041769041769042,0.17135364531084782,7.980392156862745,407,51,0.26044226044226043,0.13513513513513514,0.6044226044226044,0.0687960687960688,8.534707189279786,14.0,1.3264209582994884,0.09090909090909091,0.0,0.004914004914004914,0.13022113022113022
Oso Ighodaro,1642345,Big,Big-0,1.0,Big - Paint-Dominant (Low Usage),4.144859813084112,0.618784880044391,0.2878886398937818,0.6308411214953271,0.24766355140186916,0.11792028864918837,4.037735849056604,214,53,0.9719626168224298,0.02336448598130841,0.004672897196261682,0.0,4.062024603195919,6.0,0.9922261497297217,0.32710280373831774,0.3177570093457944,0.102803738317757,0.22897196261682243
Ryan Dunn,1642346,Wing,Wing-1,0.9999987057849584,Wing - Role Player (Mixed) (Low Usage),12.613026819923371,0.5098207637171028,0.4098275137297196,0.44061302681992337,0.5632183908045977,0.14397564152896247,5.4375,261,48,0.5210727969348659,0.019157088122605363,0.45977011494252873,0.33333333333333337,10.61021200919412,21.0,1.4534928721524758,0.3065134099616858,0.13026819923371646,0.0,0.07662835249042145
Jamal Shead,1642347,Wing,Wing-2,0.9999960169083892,Wing - Role Player (Mixed),16.268571428571427,0.42511355221942787,0.48700903631865733,0.3628571428571429,0.7828571428571428,0.15576791497700243,6.363636363636363,350,55,0.41714285714285715,0.04,0.5428571428571429,0.1057142857142857,10.541330076757246,20.0,1.4411044705249871,0.19714285714285715,0.002857142857142857,0.008571428571428572,0.2257142857142857
Ajay Mitchell,1642349,Wing,Wing-2,0.9824905979572721,Wing - Role Player (Mixed),11.56140350877193,0.45941598434224906,0.43539586851068135,0.4868421052631579,0.625,0.2130955446933562,10.604651162790697,456,43,0.611842105263158,0.08771929824561403,0.3004385964912281,0.09210526315789473,9.499830039168412,20.0,1.5153769635492302,0.35964912280701755,0.008771929824561403,0.006578947368421052,0.17982456140350878
Nique Clifford,1642363,Wing,Wing-2,0.9999999884658749,Wing - Role Player (Mixed),14.929447852760736,0.4413596151415475,0.47913655862438437,0.39263803680981596,0.7269938650306749,0.15463336947682296,6.653061224489796,326,49,0.4386503067484663,0.13496932515337423,0.4263803680981595,0.1411042944785276,9.788121105253982,19.0,1.5914004566270967,0.2147239263803681,0.03987730061349693,0.015337423312883436,0.09815950920245399
Quinten Post,1642366,Wing,Wing-1,0.9989695664465201,Wing - Role Player (Mixed) (Low Usage),17.955307262569832,0.42992040348572713,0.4534495027658284,0.43854748603351956,0.770949720670391,0.1799743334163967,7.019607843137255,358,51,0.2988826815642458,0.04748603351955307,0.6536312849162011,0.21508379888268156,9.930752524539342,19.0,1.3897889156369925,0.13966480446927373,0.03910614525139665,0.04748603351955307,0.0893854748603352
Jaylen Wells,1642377,Wing,Wing-2,0.9999998558532235,Wing - Role Player (Mixed),16.45697896749522,0.44023195458712855,0.48445497027321693,0.4149139579349904,0.7724665391969407,0.18532215687680795,10.057692307692308,523,52,0.3326959847036329,0.15296367112810708,0.51434034416826,0.18546845124282985,9.563838945577839,19.0,1.514007982886354,0.17590822179732313,0.04397705544933078,0.0057361376673040155,0.0745697896749522
Walter Clayton Jr.,1642383,Wing,Wing-2,0.9940373506146373,Wing - Role Player (Mixed),16.905454545454546,0.4192140071727549,0.4883661987212373,0.4,0.7454545454545455,0.1703783438504123,5.851063829787234,275,47,0.3709090909090909,0.08,0.5490909090909091,0.06181818181818182,9.982748224319424,19.0,1.3660261761685173,0.24363636363636362,0.01090909090909091,0.0,0.08727272727272728
Daniss Jenkins,1642450,Wing,Wing-0,1.0,Wing - Mid-Range Specialist (High Usage),14.438127090301004,0.4364456915055206,0.4927720421082996,0.42474916387959866,0.6688963210702341,0.2097208821811975,7.2926829268292686,299,41,0.42474916387959866,0.19732441471571907,0.3745819397993311,0.08361204013377926,9.922451890233345,21.0,1.5797310797269475,0.2976588628762542,0.026755852842809364,0.006688963210702341,0.0802675585284281
Cooper Flagg,1642843,Wing,Wing-2,0.887958488739133,Wing - Role Player (Mixed),11.082278481012658,0.4824260542283538,0.42695411315102166,0.48227848101265824,0.6215189873417721,0.2474920983537821,16.122448979591837,790,49,0.5936708860759494,0.18734177215189873,0.2189873417721519,0.03417721518987342,9.018053425080707,16.0,1.5752405583294786,0.2759493670886076,0.06835443037974684,0.02911392405063291,0.15063291139240506
Dylan Harper,1642844,Wing,Wing-0,0.9543811597565344,Wing - Mid-Range Specialist (High Usage),9.874074074074073,0.503363044376985,0.4194392817468536,0.4666666666666667,0.4839506172839506,0.2179787332821456,9.418604651162791,405,43,0.6444444444444444,0.09135802469135802,0.26419753086419756,0.06172839506172839,9.98198597496512,21.0,1.4502896752651886,0.47160493827160493,0.037037037037037035,0.0049382716049382715,0.07901234567901234
VJ Edgecombe,1642845,Wing,Wing-2,0.999998057006886,Wing - Role Player (Mixed),14.578866768759571,0.4689381086392701,0.44055031930288424,0.4226646248085758,0.6906584992343032,0.18609217919227722,13.06,653,50,0.44716692189892804,0.11791730474732007,0.4349157733537519,0.06431852986217458,10.659624266894363,22.0,1.5172820292660059,0.23736600306278713,0.06891271056661562,0.0015313935681470138,0.09800918836140889
Ace Bailey,1642846,Wing,Wing-2,0.999997617265417,Wing - Role Player (Mixed),14.88030888030888,0.4835840356798624,0.4469316617961419,0.4498069498069498,0.7142857142857143,0.18797640723666367,10.571428571428571,518,49,0.3687258687258687,0.21621621621621623,0.41505791505791506,0.15057915057915058,9.673647542212096,20.0,1.5538111897001774,0.14671814671814673,0.12934362934362933,0.005791505791505791,0.05019305019305019
Jeremiah Fears,1642847,Wing,Wing-2,0.9551511600420016,Wing - Role Player (Mixed),11.016717325227964,0.4815120315229686,0.4185312467113725,0.42857142857142855,0.5425531914893617,0.23898845112642184,11.75,658,56,0.6094224924012158,0.11398176291793313,0.276595744680851,0.0364741641337386,10.175687749293157,21.0,1.5208756086277992,0.4316109422492401,0.02127659574468085,0.00303951367781155,0.11094224924012158
Tre Johnson,1642848,Guard,Guard-4,1.0,Guard - Mid-Range Specialist,17.933806146572103,0.40587708262216826,0.5000327214735791,0.4397163120567376,0.8557919621749409,0.20822926715289483,10.575,423,40,0.3404255319148936,0.13947990543735225,0.5200945626477541,0.09692671394799054,9.368717050674649,16.0,1.5945089726780726,0.12529550827423167,0.009456264775413711,0.0070921985815602835,0.13002364066193853
Nolan Traore,1642849,Wing,Wing-2,0.9994120668317816,Wing - Role Player (Mixed),13.339712918660288,0.4515290275034207,0.4588606064603207,0.4019138755980861,0.6746411483253588,0.18152538852131098,6.966666666666667,209,30,0.507177033492823,0.06698564593301436,0.4258373205741627,0.11961722488038277,10.307502957791492,21.0,1.4725441019572743,0.32057416267942584,0.0,0.0,0.18660287081339713
Kon Knueppel,1642851,Wing,Wing-1,0.999987444602909,Wing - Role Player (Mixed) (Low Usage),17.326417704011064,0.42844821338182615,0.47786688326698196,0.48409405255878285,0.7828492392807745,0.21547494714587737,13.38888888888889,723,54,0.35408022130013833,0.058091286307053944,0.5864453665283541,0.14107883817427386,10.16967992519728,18.0,1.4657635257151287,0.19225449515905949,0.019363762102351315,0.0,0.056708160442600276
Derik Queen,1642852,Big,Big-1,1.0,Big - Paint-Dominant (High Usage),7.533206831119545,0.5334826076646415,0.3648114823891032,0.49146110056925996,0.41935483870967744,0.21524169159672668,9.581818181818182,527,55,0.7609108159392789,0.1366223908918406,0.10246679316888045,0.03795066413662239,7.999663595642711,10.0,1.4172636747026652,0.4364326375711575,0.08918406072106262,0.05313092979127135,0.09108159392789374
Egor Dëmin,1642856,Guard,Guard-1,0.9999999999984261,Guard - Perimeter-Focused,20.226600985221676,0.40341367236923403,0.5171263769949608,0.4064039408866995,0.8275862068965517,0.18832700913870262,8.826086956521738,406,46,0.20935960591133007,0.06896551724137931,0.7216748768472907,0.11083743842364532,9.106930302208475,7.0,1.2136799618880267,0.14532019704433496,0.014778325123152709,0.0024630541871921183,0.034482758620689655
Will Riley,1642860,Wing,Wing-2,0.9999937191949234,Wing - Role Player (Mixed),14.072992700729927,0.4540550573443359,0.4710910616364657,0.4124087591240876,0.6204379562043796,0.18471120189302614,6.523809523809524,274,42,0.4963503649635037,0.10218978102189781,0.40145985401459855,0.06569343065693431,10.415285355328177,21.0,1.564145081835396,0.28102189781021897,0.06204379562043796,0.029197080291970802,0.08394160583941605
Collin Murray-Boyles,1642867,Big,Big-2,1.0,Big - Paint-Dominant (Low Usage),6.673151750972763,0.5808569736994339,0.32363318087301807,0.5525291828793775,0.3035019455252918,0.14644439001347168,6.119047619047619,257,42,0.7587548638132295,0.0622568093385214,0.17898832684824903,0.04669260700389105,9.351751328937693,8.0,1.177428405191265,0.4785992217898833,0.16731517509727625,0.04669260700389105,0.07782101167315175
Danny Wolf,1642874,Wing,Wing-2,0.9836364969301442,Wing - Role Player (Mixed),13.554421768707483,0.4685513629708544,0.44787444076893473,0.40476190476190477,0.54421768707483,0.19397696008817483,7.945945945945946,294,37,0.4931972789115646,0.03741496598639456,0.4693877551020408,0.13605442176870747,11.120596954613756,23.0,1.4340736284267188,0.36054421768707484,0.03741496598639456,0.05782312925170068,0.030612244897959183
Maxime Raynaud,1642875,Big,Big-2,1.0,Big - Paint-Dominant (Low Usage),7.7845303867403315,0.4899589464037761,0.3484812941714507,0.5524861878453039,0.4723756906077348,0.1640152424600828,7.541666666666667,362,48,0.8342541436464088,0.052486187845303865,0.11325966850828728,0.03038674033149171,7.228596904915608,7.0,1.3026376779164222,0.26519337016574585,0.055248618784530384,0.19337016574585636,0.32320441988950277
Micah Peavy,1642877,Wing,Wing-2,0.9682711368041246,Wing - Role Player (Mixed),12.181818181818182,0.4954314595695664,0.4468087067170879,0.38181818181818183,0.5818181818181818,0.14247492540186735,5.116279069767442,220,43,0.5454545454545454,0.05454545454545454,0.4,0.21363636363636362,10.49608043231744,21.0,1.5526946827919657,0.33181818181818185,0.08181818181818182,0.004545454545454545,0.045454545454545456
Sion James,1642883,Wing,Wing-1,1.0,Wing - Role Player (Mixed) (Low Usage),15.888446215139442,0.4546753968216688,0.46468787982880244,0.3784860557768924,0.6533864541832669,0.10567276826997378,4.648148148148148,251,54,0.398406374501992,0.01195219123505976,0.5856573705179283,0.250996015936255,11.001250200595184,22.0,1.4422424696565619,0.2908366533864542,0.043824701195219126,0.01195219123505976,0.0398406374501992
Cedric Coward,1642907,Wing,Wing-2,0.9994941469200543,Wing - Role Player (Mixed),13.19277108433735,0.4740754550480232,0.42977764205765673,0.4678714859437751,0.6626506024096386,0.20005725064967617,10.375,498,48,0.5180722891566265,0.06224899598393574,0.41967871485943775,0.1244979919678715,10.215533795951362,21.75,1.5285103564899818,0.2710843373493976,0.060240963855421686,0.006024096385542169,0.10843373493975904
Kobe Sanders,1642920,Wing,Wing-2,0.9999997539005944,Wing - Role Player (Mixed),16.083333333333332,0.44472303613708125,0.4809166607082278,0.4356060606060606,0.7386363636363636,0.15188602209565635,5.866666666666666,264,45,0.3787878787878788,0.14015151515151514,0.4810606060606061,0.16287878787878787,9.698137225917403,19.0,1.5706880525175027,0.19318181818181818,0.06060606060606061,0.007575757575757576,0.003787878787878788
Ryan Nembhard,1642948,Wing,Wing-2,0.9999950400104107,Wing - Role Player (Mixed),16.351020408163265,0.4128418976052814,0.5009839542498267,0.42857142857142855,0.8571428571428571,0.17881991074974882,6.805555555555555,245,36,0.3510204081632653,0.2938775510204082,0.35510204081632657,0.044897959183673466,8.357732319730653,15.0,1.5185092605390218,0.14285714285714285,0.0,0.0,0.08979591836734693
Will Richard,1642954,Wing,Wing-1,0.9096022726134976,Wing - Role Player (Mixed) (Low Usage),16.77327935222672,0.443502489005504,0.47321766554342026,0.46963562753036436,0.7044534412955465,0.13197058980422838,5.145833333333333,247,48,0.340080971659919,0.03643724696356275,0.6234817813765182,0.2874493927125506,10.393733189217288,22.0,1.4688363901827923,0.25101214574898784,0.03643724696356275,0.004048582995951417,0.02834008097165992
Drake Powell,1642962,Wing,Wing-2,0.9999159905598194,Wing - Role Player (Mixed),15.92822966507177,0.4417392307886896,0.4854722092175512,0.430622009569378,0.7416267942583732,0.14761464326513657,5.5,209,38,0.3684210526315789,0.11961722488038277,0.5119617224880383,0.15789473684210525,9.60917116137177,19.0,1.5227621075430728,0.22009569377990432,0.03827751196172249,0.0,0.05741626794258373
