player,avg_sdi,avg_xG,actual_goal_pct,attempts,residual
Matt Greene,0.5085264832555824,0.016919362569444433,0.027777777777777776,144,0.010858415208333343
Andrew Ference,0.5052921479823419,0.0228003699099099,0.02702702702702703,111,0.00422665711711713
Jan Hejda,0.5049752265250748,0.02429865194915252,0.00847457627118644,118,-0.01582407567796608
Cody Goloubef,0.5023474303711211,0.021227935243243228,0.010810810810810811,185,-0.010417124432432416
Willie Mitchell,0.5015584542577365,0.02510342308176099,0.025157232704402517,159,5.380962264152703e-05
Johnny Boychuk,0.5010306503683816,0.027359036647230304,0.025510204081632654,1372,-0.0018488325655976502
Zbynek Michalek,0.49959172394916895,0.021526630945945938,0.02702702702702703,222,0.005500396081081091
Francois Beauchemin,0.49808854737646574,0.03143600180141842,0.03829787234042553,705,0.006861870539007109
Michael Stone,0.49786020398947495,0.02270148220035777,0.026833631484794274,1118,0.004132149284436504
Brooks Orpik,0.4973648772474314,0.02059693739495797,0.014705882352941176,476,-0.005891055042016792
David Rundblad,0.4948639836333429,0.023164353551401853,0.028037383177570093,107,0.00487302962616824
Dalton Prout,0.4940984174750034,0.022015214254385948,0.017543859649122806,228,-0.004471354605263142
Christian Folin,0.4938441166497216,0.021744081238095223,0.025396825396825397,315,0.0036527441587301743
Shea Weber,0.49328512765304405,0.03570679205992508,0.05403959336543606,1869,0.01833280130551098
Johnny Oduya,0.49246586048840874,0.024555609910313886,0.02914798206278027,446,0.004592372152466384
Clayton Stoner,0.49211363739258257,0.02241382550264549,0.021164021164021163,189,-0.0012498043386243267
P.K. Subban,0.4916354485721227,0.0313950797507788,0.04205607476635514,1926,0.010660995015576338
Rob Scuderi,0.4916300496937168,0.019189033359999986,0.008,125,-0.011189033359999986
Duncan Keith,0.4916098437481514,0.030035509336124387,0.028708133971291867,1672,-0.0013273753648325205
Radko Gudas,0.49111428736003226,0.022057755002739713,0.020273972602739727,1825,-0.0017837823999999856
Marc Methot,0.4909551618853571,0.026056920092307676,0.027692307692307693,325,0.001635387600000017
Alexander Petrovic,0.4908032734952692,0.02681247813253011,0.015060240963855422,332,-0.011752237168674688
Nikita Okhotiuk,0.49053503909635,0.029312418932038828,0.02912621359223301,103,-0.00018620533980581722
Greg Pateryn,0.49045063497952945,0.02066251809619237,0.01002004008016032,499,-0.010642478016032051
Ben Lovejoy,0.49014523683031835,0.02516184820895521,0.020895522388059702,670,-0.004266325820895509
Martin Marincin,0.4898378127583224,0.024543219641693793,0.016286644951140065,307,-0.008256574690553728
Barret Jackman,0.4897530346282804,0.022449996860986535,0.013452914798206279,223,-0.008997082062780257
Keith Yandle,0.4896298435224876,0.03086201530318601,0.023124357656731757,1946,-0.007737657646454253
Eric Gelinas,0.489314209306108,0.0249142062142857,0.025,280,8.579378571429985e-05
Josh Gorges,0.48926204895377656,0.027113438202764965,0.013824884792626729,217,-0.013288553410138236
Oscar Fantenberg,0.48923669044880375,0.023597084143426282,0.0199203187250996,251,-0.003676765418326681
Dylan McIlrath,0.48921486873497855,0.020727954358974343,0.02564102564102564,117,0.004913071282051297
Jakub Kindl,0.4890432639834514,0.02802444173913042,0.030434782608695653,230,0.0024103408695652327
Kevin Korchinski,0.48900109154881044,0.02387102322580645,0.03870967741935484,155,0.014838654193548389
Logan Stanley,0.4885161011409754,0.021415947749999987,0.0175,400,-0.003915947749999985
David Warsofsky,0.48837241484803795,0.020405005327868837,0.00819672131147541,122,-0.012208284016393426
Joe Morrow,0.4879159929804152,0.025494429700598793,0.029940119760479042,334,0.004445690059880249
Alexei Emelin,0.48783226743178654,0.023043417581395335,0.01627906976744186,430,-0.0067643478139534745
Brent Seabrook,0.4874862605056821,0.03198375006456818,0.0387409200968523,1239,0.00675717003228412
Ryan Murphy,0.4871400005717284,0.03843111600938966,0.028169014084507043,213,-0.010262101924882614
Christian Ehrhoff,0.4870226167678768,0.028390193724137917,0.017241379310344827,290,-0.01114881441379309
Tyler Kleven,0.4867355375102488,0.023832518068965507,0.027586206896551724,145,0.0037536888275862164
Zach Bogosian,0.4865536885162383,0.029915644400337827,0.022804054054054054,1184,-0.0071115903462837735
Colin Miller,0.48640664410558704,0.027830628460471556,0.03259361997226075,1442,0.004762991511789192
Nick Schultz,0.48619487865326677,0.02998519919540229,0.011494252873563218,261,-0.01849094632183907
Dion Phaneuf,0.48615840957957973,0.0330766937142857,0.023645320197044337,1015,-0.00943137351724136
Jonas Brodin,0.4861080900987918,0.030228822668500677,0.0343878954607978,1454,0.00415907279229712
Kevin Gravel,0.48593018597785204,0.023452712401746713,0.004366812227074236,229,-0.019085900174672477
Chris Wideman,0.4858747381814768,0.03161955715930901,0.04030710172744722,521,0.008687544568138209
Justin Braun,0.48578970658047654,0.024749872619808294,0.022364217252396165,1252,-0.002385655367412129
Brett Kulak,0.48562213918940395,0.02771387883683359,0.025040387722132473,1238,-0.0026734911147011167
Parker Wotherspoon,0.4854129289885188,0.02339726815384614,0.007692307692307693,130,-0.015704960461538447
Jason Garrison,0.4853998954466543,0.02711170032478631,0.023931623931623933,585,-0.003180076393162378
Stephen Johns,0.48538961473423736,0.023935558680203035,0.03807106598984772,394,0.014135507309644683
Travis Hamonic,0.48484465697238355,0.02484234060456507,0.025293028994447873,1621,0.0004506883898828043
Fredrik Claesson,0.4847383636210564,0.025524689344262278,0.028688524590163935,244,0.003163835245901657
Michal Rozsival,0.4846422132065238,0.027281828263473033,0.017964071856287425,167,-0.009317756407185608
Ron Hainsey,0.4844667516550905,0.030557394855643034,0.031496062992125984,762,0.0009386681364829501
Jonathan Ericsson,0.4841207982745787,0.024364201294820705,0.025896414342629483,502,0.0015322130478087788
Erik Gudbranson,0.4837632407507729,0.02258466334397445,0.02314445331205108,1253,0.0005597899680766273
Henry Thrun,0.48356235635228584,0.02668357849999999,0.03125,160,0.004566421500000011
Noah Juulsen,0.482810311371082,0.021262670518134706,0.010362694300518135,193,-0.010899976217616571
Jordie Benn,0.4825479533190689,0.024552771585956402,0.026634382566585957,826,0.0020816109806295544
Eric Gryba,0.4825410370049781,0.024545211049180317,0.009836065573770493,305,-0.014709145475409824
Nate Prosser,0.482443377589512,0.02372130243654821,0.04060913705583756,197,0.01688783461928935
Rasmus Andersson,0.48189703527711614,0.034971367925675664,0.03648648648648649,1480,0.0015151185608108242
Jordan Spence,0.481886613328917,0.027830552193732185,0.02564102564102564,351,-0.0021895265527065444
Brayden Pachal,0.4818161044622381,0.024832861617647046,0.024509803921568627,204,-0.0003230576960784187
Calen Addison,0.4817047165655375,0.029512766053639835,0.022988505747126436,261,-0.0065242603065133985
Nikita Nikitin,0.4815955763934437,0.032530543884297505,0.03305785123966942,121,0.0005273073553719171
Cale Fleury,0.4815710028609493,0.024917636929824547,0.008771929824561403,114,-0.016145707105263144
Tim Heed,0.48156298936276976,0.026852896180904508,0.03015075376884422,199,0.003297857587939712
Kevin Bieksa,0.4815120131111538,0.03056261617696159,0.018363939899833055,599,-0.012198676277128534
Karl Alzner,0.48144244608687664,0.025304507882797717,0.02835538752362949,529,0.0030508796408317725
Brandon Davidson,0.48121097851113476,0.025260555457516324,0.029411764705882353,306,0.004151209248366029
Oscar Klefbom,0.4810976935384913,0.028993109170542618,0.027131782945736434,1290,-0.001861326224806184
Klas Dahlbeck,0.48107240586436195,0.02546175251968502,0.023622047244094488,254,-0.0018397052755905335
Philippe Myers,0.48081529662269346,0.023590746946236547,0.02795698924731183,465,0.004366242301075282
Simon Benoit,0.48073335732696343,0.025652741452054782,0.01643835616438356,365,-0.009214385287671222
Kevin Connauton,0.48068581520876436,0.025479345015479868,0.04179566563467492,646,0.01631632061919505
Fedor Tyutin,0.48068565578528644,0.021580515771144265,0.024875621890547265,201,0.0032951061194030004
Toby Enstrom,0.48068030918633653,0.02948828859060401,0.026845637583892617,298,-0.0026426510067113947
Urho Vaakanainen,0.48066197632543495,0.02247305620817843,0.007434944237918215,269,-0.015038111970260216
Arber Xhekaj,0.4805803940056863,0.024488470620915023,0.029411764705882353,306,0.00492329408496733
Ty Emberson,0.4805156649001324,0.02069659289655171,0.020689655172413793,145,-6.937724137918294e-06
Zdeno Chara,0.4804275856600224,0.030791817853982287,0.03761061946902655,1356,0.006818801615044265
Jacob Larsson,0.4803576862558552,0.020670125599999988,0.012,250,-0.008670125599999988
Dennis Seidenberg,0.48028749281601923,0.02400308381578946,0.02368421052631579,380,-0.000318873289473668
Mark Fayne,0.4802830742076444,0.024030294134615368,0.019230769230769232,208,-0.004799524903846136
Joakim Ryan,0.47999057091875663,0.026442566625514387,0.01646090534979424,243,-0.009981661275720147
James Wisniewski,0.4799725495501923,0.04679109522388058,0.03980099502487562,201,-0.0069901001990049574
Nick Seeler,0.47982520040914733,0.02673516062499999,0.018581081081081082,592,-0.008154079543918908
Patrick Wiercioch,0.47982323318567777,0.03279746873754151,0.029900332225913623,301,-0.0028971365116278874
Josh Brown,0.4797935674731653,0.030412682301136352,0.03125,352,0.0008373176988636481
Kevin Bahl,0.47973350482208166,0.024825781293375385,0.022082018927444796,317,-0.002743762365930588
Adam McQuaid,0.47968254566706653,0.02139913453521125,0.02535211267605634,355,0.003952978140845088
Steven Kampfer,0.47956212655447833,0.02916100963333332,0.03,300,0.0008389903666666775
Dan Girardi,0.4794762368050659,0.03387563682926828,0.03353658536585366,656,-0.0003390514634146191
Luke Schenn,0.4794595590664274,0.025943857836846915,0.022914757103574702,1091,-0.0030291007332722136
Vincent Desharnais,0.4794564771879567,0.020588549578313246,0.006024096385542169,166,-0.014564453192771077
Mark Stuart,0.4794116490073276,0.02786785166666666,0.03333333333333333,180,0.0054654816666666745
Kyle Quincey,0.47940517096454816,0.0320506570447761,0.03880597014925373,335,0.006755313104477627
Jared Cowen,0.47929456306645307,0.024910776534653453,0.0297029702970297,101,0.004792193762376249
Marek Zidlicky,0.4792243435752442,0.04314616349090908,0.04,275,-0.0031461634909090777
Brad Hunt,0.47919687913732195,0.03131064844628098,0.04297520661157025,605,0.011664558165289267
Derek Forbort,0.4788579506064804,0.02169981423349055,0.025943396226415096,848,0.004243581992924544
Brandon Carlo,0.47866652486771794,0.02803336680183625,0.026013771996939557,1307,-0.002019594804896694
Andreas Englund,0.47852612020779145,0.024440544779874205,0.012578616352201259,159,-0.011861928427672946
Drew Doughty,0.4784949779322447,0.03792543805602715,0.044142614601018676,2356,0.006217176544991529
Ryan Ellis,0.478261361068282,0.03755105444124007,0.05191059841384282,1387,0.01435954397260275
Gustav Lindstrom,0.47825193862628845,0.029962578881578945,0.03289473684210526,152,0.002932157960526316
Michal Kempny,0.47820536705508687,0.025583551374999985,0.030357142857142857,560,0.004773591482142871
Roman Polak,0.47806312517805793,0.030767683363914358,0.019877675840978593,654,-0.010890007522935764
Dylan Samberg,0.4779394239023787,0.02276511825857519,0.023746701846965697,379,0.0009815835883905076
Joel Edmundson,0.4779156390461526,0.03118015075930143,0.031131359149582385,1317,-4.87916097190455e-05
Egor Zamula,0.47774421236920267,0.02702745189655172,0.04597701149425287,174,0.018949559597701154
Marcus Pettersson,0.47767491589401334,0.028907103005025112,0.018090452261306532,995,-0.01081665074371858
Cody Franson,0.47762661964373504,0.029420662558593734,0.029296875,512,-0.00012378755859373397
Dakota Mermis,0.47727431948216215,0.024890661949152536,0.03389830508474576,118,0.009007643135593227
Jalen Chatfield,0.47727222443238704,0.03038144969798657,0.03859060402684564,596,0.008209154328859068
Jake Christiansen,0.4772609208425667,0.024235101986754954,0.013245033112582781,151,-0.010990068874172173
Xavier Ouellet,0.477260610491333,0.026517561420289843,0.014492753623188406,345,-0.012024807797101437
Andrew MacDonald,0.4771902952557062,0.031501692126168206,0.03271028037383177,428,0.0012085882476635668
Rasmus Ristolainen,0.477065055736054,0.03724706168150863,0.028810895756940808,1909,-0.008436165924567824
Mark Streit,0.4770369543560782,0.04210075544933078,0.040152963671128104,523,-0.0019477917782026732
Neal Pionk,0.4770295001500176,0.03033059212523718,0.028462998102466792,1581,-0.00186759402277039
Matt Niskanen,0.47699107226749193,0.02994082213963962,0.03003003003003003,1332,8.92078903904081e-05
Dennis Wideman,0.476952832910783,0.036557788615984396,0.042884990253411304,513,0.0063272016374269074
Sam Malinski,0.47693718784480044,0.02693209434210525,0.03508771929824561,228,0.008155624956140362
Jacob Bernard-Docker,0.4768953069964542,0.023544454623655904,0.03225806451612903,186,0.008713609892473127
Jyrki Jokipakka,0.4767979509081666,0.027081233291925452,0.018633540372670808,161,-0.008447692919254644
Nathan Beaulieu,0.4766772181237033,0.028570863958904093,0.01643835616438356,730,-0.012132507794520533
Henri Jokiharju,0.4764791760174162,0.02706789876093293,0.027696793002915453,686,0.0006288942419825222
Darren Raddysh,0.4764553660703136,0.029014145520581104,0.03389830508474576,413,0.0048841595641646585
Mark Borowiecki,0.4763590398402399,0.028112404415357752,0.02443280977312391,573,-0.003679594642233844
Calvin de Haan,0.4763505470857102,0.024619539252265846,0.01661631419939577,1324,-0.008003225052870076
Jarred Tinordi,0.47624529747754496,0.02042106220095693,0.019138755980861243,209,-0.0012823062200956852
Dylan DeMelo,0.47605538494737304,0.02806468361545537,0.01839926402943882,1087,-0.00966541958601655
Justin Falk,0.47602381997052795,0.023671877283950604,0.012345679012345678,162,-0.011326198271604925
Ryan Pulock,0.475932821015942,0.032452723672486444,0.03672486453943408,1661,0.004272140866947632
Adam Clendening,0.4758984071279606,0.025262474550898188,0.023952095808383235,167,-0.0013103787425149532
Artem Zub,0.4757867128065427,0.03485416667386608,0.04103671706263499,463,0.006182550388768908
Alexander Romanov,0.4756918889458302,0.0239014224587912,0.024725274725274724,728,0.0008238522664835227
Alexander Edler,0.4756633298474723,0.025485804613402052,0.029639175257731958,1552,0.004153370644329905
Zach Trotman,0.47563871397404117,0.02163550494791665,0.015625,192,-0.006010504947916651
Dylan Coghlan,0.47561225872925306,0.03091932445692883,0.02247191011235955,267,-0.00844741434456928
Kevan Miller,0.4755964942648031,0.024296826336842093,0.02736842105263158,475,0.003071594715789487
Jake Walman,0.47544218068009286,0.03524584363417568,0.039711191335740074,831,0.004465347701564391
Brian Campbell,0.47541087300898643,0.03514299283687942,0.03309692671394799,423,-0.002046066122931428
Ian Cole,0.47529609507419296,0.027542818454731097,0.0224642614023145,1469,-0.005078557052416596
Jaccob Slavin,0.4752665722503696,0.03203345710297482,0.029290617848970253,2185,-0.0027428392540045643
Mirco Mueller,0.475261658389305,0.031820714923076907,0.02564102564102564,195,-0.006179689282051266
Andrew Peeke,0.47525938470144097,0.026787205696202524,0.023206751054852322,474,-0.0035804546413502024
Haydn Fleury,0.4752263793766386,0.028031304904013954,0.020942408376963352,573,-0.007088896527050602
Nils Lundkvist,0.4751602147717086,0.025498242341597786,0.024793388429752067,363,-0.0007048539118457188
Mike Reilly,0.4750563976053993,0.028112383393025436,0.017907634307257305,1061,-0.010204749085768131
Andrej Sekera,0.4750199801543089,0.03126303921022066,0.027874564459930314,861,-0.003388474750290346
Will Borgen,0.47501483835289376,0.024831068084210515,0.029473684210526315,475,0.0046426161263158
Gustav Forsling,0.4749303663598857,0.032321860898513244,0.04201680672268908,1547,0.009694945824175835
Jani Hakanpaa,0.47482818125658727,0.025080954406779654,0.03389830508474576,354,0.008817350677966108
Brent Burns,0.4747927468136791,0.03396236161856126,0.040408525754884544,4504,0.006446164136323283
Alexey Marchenko,0.47477257756426333,0.027368541458333322,0.027777777777777776,144,0.00040923631944445385
Casey Nelson,0.4747143763837525,0.02460570057553955,0.02877697841726619,139,0.004171277841726637
Matt Bartkowski,0.4746397020224501,0.026832177558528413,0.026755852842809364,299,-7.632471571904914e-05
Joel Hanley,0.47459112206617166,0.023780449081272075,0.02120141342756184,283,-0.0025790356537102356
Jake Muzzin,0.47457397629138925,0.02936566583726414,0.036556603773584904,1696,0.007190937936320765
Ilya Lyubushkin,0.47452560211383016,0.026320461937499987,0.0125,480,-0.013820461937499987
Tom Gilbert,0.47451854417328226,0.02436756559139784,0.043010752688172046,186,0.018643187096774205
Ben Chiarot,0.474464467149087,0.029178280498381868,0.02977346278317152,1545,0.0005951822847896533
Alexander Alexeyev,0.4743741655528183,0.02187591629629628,0.009259259259259259,108,-0.012616657037037023
Matt Irwin,0.47434802158239264,0.02475466668531467,0.023776223776223775,715,-0.0009784429090908958
Mark Barberio,0.47425234431326485,0.03433507239608801,0.022004889975550123,409,-0.012330182420537888
Christian Jaros,0.4742145372322862,0.025684361403508757,0.008771929824561403,114,-0.016912431578947354
Danny DeKeyser,0.47421292272383514,0.02890639048209365,0.04132231404958678,726,0.012415923567493128
Jeff Petry,0.474196610567074,0.033199168772175526,0.04108309990662932,2142,0.007883931134453792
Ryan Graves,0.474174833822934,0.030088240620475687,0.03516028955532575,967,0.005072048934850061
Brayden McNabb,0.4741199121380178,0.02850828295205478,0.025342465753424658,1460,-0.003165817198630124
Marco Scandella,0.4740689987134747,0.03084706044934639,0.0392156862745098,1224,0.008368625825163414
Jake Dotchin,0.4740302605393884,0.023408217705882344,0.01764705882352941,170,-0.005761158882352933
Colton Parayko,0.4739035013236389,0.030197922939941186,0.03611927761444771,2381,0.005921354674506527
Frank Corrado,0.47369861602672275,0.024877451333333318,0.01904761904761905,105,-0.005829832285714268
Chris Tanev,0.473650411413947,0.01954474430107526,0.025089605734767026,279,0.005544861433691765
Connor Murphy,0.4736494593489779,0.02564601355932202,0.032357473035439135,1298,0.006711459476117114
Jack Johnson,0.47360613840095894,0.03050970087677724,0.02764612954186414,1266,-0.0028635713349130995
Paul Martin,0.4735590124330415,0.02847033839743588,0.035256410256410256,312,0.006786071858974375
Matt Roy,0.4734532958621925,0.031664970450044995,0.025202520252025202,1111,-0.006462450198019793
Jan Rutta,0.4733545305459922,0.02712199913563829,0.034574468085106384,752,0.007452468949468095
Adam Larsson,0.4732866600664503,0.030010194891435454,0.031966224366706875,1658,0.001956029475271421
Andrei Markov,0.4731530692365766,0.0372608695892857,0.039285714285714285,560,0.0020248446964285863
Luca Sbisa,0.47309072004891495,0.02772911510471203,0.031413612565445025,382,0.0036844974607329953
Erik Karlsson,0.47303957284377135,0.03329634133414931,0.043451652386780906,3268,0.010155311052631594
Evgeny Medvedev,0.4728884426372837,0.04128051530434781,0.034782608695652174,115,-0.006497906608695633
Jonas Siegenthaler,0.4728218543922782,0.024431701339285704,0.019642857142857142,560,-0.004788844196428561
Brandon Manning,0.4728088080140739,0.029641382515991455,0.029850746268656716,469,0.00020936375266526058
Chad Ruhwedel,0.4725853731507669,0.02163607636200716,0.023297491039426525,558,0.0016614146774193636
Simon Despres,0.47246040609181283,0.030515290633484148,0.01809954751131222,221,-0.012415743122171929
Niklas Hjalmarsson,0.4724184254964285,0.02870351650434781,0.022608695652173914,575,-0.006094820852173895
Deryk Engelland,0.47200502139860606,0.022344152716688215,0.02199223803363519,773,-0.00035191468305302565
David Schlemko,0.47196648674496744,0.029384387095435668,0.024896265560165973,482,-0.004488121535269694
Dante Fabbro,0.47164045183199654,0.02482555045517241,0.034482758620689655,725,0.009657208165517246
Patrik Nemeth,0.47162024511166883,0.028318654829001356,0.013679890560875513,731,-0.014638764268125843
Ben Harpur,0.47159502823161376,0.02324856409638553,0.008032128514056224,249,-0.015216435582329307
Brandt Clarke,0.47151136199718374,0.04592086106995883,0.037037037037037035,243,-0.008883824032921796
Braydon Coburn,0.471267128168129,0.027850313210784298,0.01715686274509804,816,-0.010693450465686257
Kale Clague,0.47119090288146487,0.029900021067961156,0.019417475728155338,103,-0.010482545339805818
Tucker Poolman,0.471160511329227,0.027710689174917476,0.0231023102310231,303,-0.004608378943894376
Jay Bouwmeester,0.47113620898339076,0.0290472874131274,0.015444015444015444,777,-0.013603271969111954
Filip Hronek,0.4710267038831062,0.03418343416323165,0.033800494641384994,1213,-0.000382939521846655
Taylor Fedun,0.47097230074136937,0.027032710691056897,0.024390243902439025,246,-0.002642466788617872
Cody Ceci,0.4709566324498197,0.031369531317699595,0.02959240647682859,1791,-0.0017771248408710062
Matt Grzelcyk,0.4709405278279046,0.026288359448160523,0.025919732441471572,1196,-0.0003686270066889513
Alex Goligoski,0.47075260978301153,0.03261931827407406,0.034074074074074076,1350,0.0014547558000000127
Steven Santini,0.4707400753764514,0.022300559230769217,0.02262443438914027,221,0.00032387515837105363
Mathew Dumba,0.4707287705508259,0.031009225779816494,0.009174311926605505,109,-0.02183491385321099
Matt Benning,0.47069627511927764,0.02547660275908478,0.02288021534320323,743,-0.00259638741588155
Matt Dumba,0.4706693071255264,0.03837675830563001,0.04611260053619303,1865,0.00773584223056302
Riley Stillman,0.4705574777297037,0.02752881640167363,0.016736401673640166,239,-0.010792414728033464
Gavin Bayreuther,0.47053163503356504,0.028122905124378098,0.024875621890547265,201,-0.0032472832338308333
Mikey Anderson,0.47040164674157725,0.03425173493506493,0.02922077922077922,616,-0.005030955714285707
Evan Bouchard,0.47038564378538367,0.03748808026280323,0.05053908355795148,1484,0.013051003295148252
Noah Dobson,0.4701806511931817,0.02995689819610778,0.0374251497005988,1336,0.0074682515044910205
Nikita Zaitsev,0.4700377269186505,0.023733407990255778,0.02679658952496955,821,0.0030631815347137714
Robert Hagg,0.46987269390516073,0.0284355094736842,0.028070175438596492,570,-0.0003653340350877089
Anthony Bitetto,0.46986237792631286,0.02542338881679388,0.011450381679389313,262,-0.013973007137404568
Dan Hamhuis,0.46978546157113893,0.0308668693121693,0.014109347442680775,567,-0.016757521869488524
Trevor van Riemsdyk,0.4697549705631756,0.028629073484848475,0.022727272727272728,1188,-0.005901800757575747
Ryan Suter,0.46962649623376473,0.030902399658198604,0.02725173210161663,2165,-0.0036506675565819748
Dmitry Kulikov,0.46958491565747895,0.03201252204506065,0.02512998266897747,1154,-0.006882539376083182
John-Michael Liles,0.46952851093893677,0.03167179619999999,0.022857142857142857,350,-0.008814653342857134
Nick Jensen,0.46947386511038053,0.0281892053558394,0.01916058394160584,1096,-0.009028621414233561
Ian Mitchell,0.46943652346238607,0.03122676297029702,0.039603960396039604,101,0.008377197425742583
Erik Brannstrom,0.4693901138798952,0.034669459129554644,0.020242914979757085,494,-0.01442654414979756
Shayne Gostisbehere,0.46938023280499414,0.042443133253115585,0.046841426729694886,2327,0.004398293476579301
Matt Hunwick,0.46937452442109245,0.028198786302325564,0.020930232558139535,430,-0.007268553744186029
Alex Biega,0.4693169271330871,0.02559559456611569,0.008264462809917356,484,-0.017331131756198333
Olli Maatta,0.46929635635580047,0.029153409707792198,0.030844155844155844,1232,0.001690746136363646
Matt Tennyson,0.46928487153861664,0.026347398151260495,0.01680672268907563,238,-0.009540675462184865
Brenden Dillon,0.46928303881000544,0.02615698699083861,0.021846370683579985,1419,-0.0043106163072586245
Jaycob Megna,0.4691298833898995,0.028637892575107283,0.017167381974248927,233,-0.011470510600858356
Mattias Ekholm,0.4691117104703254,0.037367647836281354,0.04031262854792267,2431,0.002944980711641315
Josh Mahura,0.4690751515227621,0.02722932287581698,0.032679738562091505,306,0.0054504156862745234
John Carlson,0.4690719033777744,0.039621347067833684,0.04345107846201938,3199,0.003829731394185694
Mike Weber,0.4690517217990921,0.026197926803278673,0.01639344262295082,122,-0.009804484180327852
Korbinian Holzer,0.4690086961540808,0.027601344421052616,0.021052631578947368,190,-0.006548712842105248
Julius Honka,0.4687593927137863,0.027162674105960256,0.013245033112582781,151,-0.013917640993377474
Ryker Evans,0.46866900114354504,0.02702441999999999,0.03409090909090909,176,0.007066489090909098
Adam Pelech,0.46860794533530004,0.029127391043137243,0.022745098039215685,1275,-0.006382293003921558
Emil Lilleberg,0.4683711617808133,0.027293592910447747,0.007462686567164179,134,-0.019830906343283567
Jason Demers,0.46831968429380455,0.03376536507620163,0.03399765533411489,853,0.00023229025791326324
Erik Gustafsson,0.4683134766953539,0.030901478956862734,0.03764705882352941,1275,0.006745579866666674
Jake Gardiner,0.46805703224918793,0.03215919037442921,0.030136986301369864,1095,-0.002022204073059343
Alec Martinez,0.4679004153185524,0.03512286688720856,0.045998739760554505,1587,0.010875872873345946
Nikita Zadorov,0.4678966271539643,0.028610364539792373,0.03944636678200692,1445,0.010836002242214548
Declan Chisholm,0.46783121726250637,0.026755834374999992,0.034722222222222224,144,0.007966387847222232
Lubomir Visnovsky,0.4675700618029649,0.033243319448818885,0.03937007874015748,127,0.006126759291338595
Torey Krug,0.4674790075484595,0.035245240003930804,0.031839622641509434,2544,-0.0034056173624213704
Nikita Nesterov,0.4674586532427909,0.033332294606060596,0.030303030303030304,330,-0.003029264303030292
Nick Holden,0.4673324470698461,0.034597649548611095,0.03993055555555555,1152,0.005332906006944457
Nicolas Hague,0.46728412541089276,0.030155059599999992,0.027058823529411764,850,-0.0030962360705882284
Erik Cernak,0.46719769326550753,0.027696199096385533,0.02610441767068273,996,-0.0015917814257028033
Marc-Edouard Vlasic,0.46695432960531635,0.03187222728739912,0.03600248292985723,1611,0.004130255642458107
Ethan Bear,0.4668320260499201,0.031501536450980375,0.03333333333333333,510,0.0018317968823529582
Kyle Burroughs,0.46672047767254954,0.028026627068273084,0.020080321285140562,249,-0.007946305783132521
Justin Faulk,0.46655818916761405,0.03985159298613579,0.041237113402061855,2813,0.0013855204159260656
Jacob Trouba,0.46649249329769493,0.03523180700495048,0.028052805280528052,2424,-0.007179001724422429
Tyler Tucker,0.46640676463358127,0.022574855277777764,0.05555555555555555,108,0.03298070027777779
Libor Hajek,0.46635475434406704,0.02297312743801652,0.03305785123966942,121,0.010084723801652904
Jon Merrill,0.46633920763171194,0.028612932039554992,0.027194066749072928,809,-0.0014188652904820638
Jayden Struble,0.4662036181867383,0.025610136258992795,0.03597122302158273,139,0.010361086762589938
Troy Stecher,0.4661758139855024,0.027336624507434935,0.024163568773234202,1076,-0.0031730557342007325
Sami Vatanen,0.4661558455651372,0.034108630225752494,0.03762541806020067,1196,0.0035167878344481776
Alex Vlasic,0.46608136940854655,0.02881732861313868,0.025547445255474453,274,-0.003269883357664226
Noah Hanifin,0.4660763496173574,0.034653776965240635,0.03342245989304813,2244,-0.0012313170721925046
Alex Pietrangelo,0.46606925233987173,0.036993569666146635,0.038377535101404056,3205,0.0013839654352574213
Aaron Ekblad,0.46605669848399417,0.04326431148411214,0.04747663551401869,2675,0.004212324029906553
Madison Bowey,0.4660107069346324,0.031186845119047603,0.01984126984126984,252,-0.011345575277777763
Scott Mayfield,0.4659961101941205,0.02751405882565491,0.028906955736224028,1107,0.0013928969105691177
Dmitry Orlov,0.4657118293277131,0.03565241739059966,0.039978390059427334,1851,0.004325972668827671
Mark Giordano,0.46563594569512956,0.033226257811588146,0.042934556065027094,2399,0.009708298253438948
William Lagesson,0.465547113031513,0.02260374259259259,0.0,108,-0.02260374259259259
Nicklas Grossmann,0.4654923965886837,0.025551425279999988,0.064,125,0.03844857472000002
Roman Josi,0.46543440681880266,0.04379904829293992,0.04715489989462592,3796,0.0033558516016859996
Michael Del Zotto,0.4653974838035791,0.03435154839999999,0.04,900,0.005648451600000014
Yannick Weber,0.46513503326749134,0.03713671276252018,0.029079159935379646,619,-0.008057552827140536
Michael Kesselring,0.4650188435930382,0.027784629629629614,0.031746031746031744,378,0.00396140211640213
Philip Broberg,0.4649870539086697,0.031218402743682296,0.04693140794223827,277,0.015713005198555972
Erik Johnson,0.46496262102295105,0.0344575347010178,0.039440203562340966,1572,0.004982668861323168
Nick Perbix,0.4648071689590103,0.03140468387700534,0.034759358288770054,374,0.0033546744117647145
David Savard,0.46475790450857357,0.03150634107849393,0.03063178047223995,1567,-0.0008745606062539775
Jared Spurgeon,0.4645031229468435,0.0434004082542194,0.05590717299578059,1896,0.012506764741561191
Brett Pesce,0.4644900928102045,0.030845306286990497,0.026242322724734785,1791,-0.004602983562255712
Paul LaDue,0.46434258041224286,0.02676322354545453,0.05454545454545454,110,0.02778223100000001
Brady Skjei,0.464339667468546,0.03416552691322901,0.04030346135609293,2109,0.006137934442863924
Niklas Kronwall,0.4643296191190796,0.03724011295585412,0.04030710172744722,521,0.0030669887715931016
Brendan Smith,0.46431690233629275,0.04047285412451361,0.033073929961089495,1028,-0.007398924163424116
Jeremy Lauzon,0.4642434017409354,0.02996032957089551,0.026119402985074626,536,-0.003840926585820883
Kris Letang,0.4641726045728087,0.038257764196023704,0.044994768050226716,2867,0.006737003854203012
Ben Hutton,0.46409247744977217,0.029282225143884878,0.02068345323741007,1112,-0.008598771906474807
Andy Greene,0.46404020330187323,0.02884020402464064,0.02566735112936345,974,-0.003172852895277193
Josh Morrissey,0.4640326431248721,0.03790287526503566,0.04383282364933741,1962,0.0059299483843017475
Christopher Tanev,0.463961418946208,0.02823429470588234,0.034055727554179564,646,0.0058214328482972255
Yohann Auvitu,0.4639487404001401,0.02877873326666665,0.03333333333333333,150,0.0045546000666666815
Tyson Barrie,0.4639138610037303,0.03816528469335603,0.041737649063032366,2348,0.0035723643696763327
Slater Koekkoek,0.46389083056085134,0.030923377370129852,0.02922077922077922,308,-0.0017025981493506322
Brandon Montour,0.46373666090260895,0.04079624002169196,0.04121475054229935,2305,0.0004185105206073944
Nate Schmidt,0.4635574552678063,0.03529518198067631,0.036231884057971016,1656,0.000936702077294703
Jordan Oesterle,0.4635434729969221,0.030795381920980913,0.0326975476839237,734,0.0019021657629427896
Conor Timmins,0.46352280066718343,0.02913574868312756,0.024691358024691357,243,-0.004444390658436204
Dougie Hamilton,0.46347840476631236,0.03714817172661869,0.043764988009592325,3336,0.006616816282973635
Jake Sanderson,0.4633766335329882,0.03408434288275861,0.03586206896551724,725,0.0017777260827586266
John Moore,0.4633601733347465,0.03187517814064361,0.03694874851013111,839,0.005073570369487496
Justin Holl,0.4632054493259252,0.03268394612716762,0.025048169556840076,519,-0.007635776570327546
Anton Stralman,0.4628348826734613,0.039485829341117586,0.040033361134278564,1199,0.0005475317931609783
Kevin Shattenkirk,0.4627027312657818,0.03399076385911178,0.03879530372639101,1959,0.004804539867279231
Derrick Pouliot,0.46265940283896856,0.031343892253885994,0.02072538860103627,386,-0.010618503652849724
Connor Clifton,0.4625841227205939,0.03223405753424656,0.0289193302891933,657,-0.003314727245053259
Seth Jones,0.4625088566410154,0.03580836195494462,0.038946162657502864,2619,0.003137800702558244
Thomas Hickey,0.46243914226314886,0.03260187413153455,0.03035413153456998,593,-0.0022477425969645685
Mike Green,0.46241496313884384,0.03745781036931817,0.045454545454545456,1056,0.007996735085227288
Kyle Capobianco,0.46214120412045445,0.031674656226415084,0.04716981132075472,106,0.015495155094339637
Carson Soucy,0.46194024045567295,0.029020878617363334,0.04662379421221865,622,0.017602915594855315
Timothy Liljegren,0.4619175612198864,0.03313181335999999,0.04,500,0.00686818664000001
MacKenzie Weegar,0.4619075237464288,0.03511700921341069,0.03868471953578337,1551,0.003567710322372679
Samuel Girard,0.46174684325436777,0.02880011497005987,0.03165098374679213,1169,0.002850868776732258
Thomas Chabot,0.4616701245568174,0.037696792470238084,0.04285714285714286,1680,0.005160350386904773
Jamie Oleksiak,0.46146485863997894,0.03497934855357141,0.04196428571428571,1120,0.0069849371607143
Paul Postma,0.46146442653462294,0.03545076654255317,0.026595744680851064,188,-0.008855021861702107
Brian Strait,0.46138523921608526,0.02655483625766869,0.018404907975460124,163,-0.008149928282208566
Tony DeAngelo,0.4613348582934934,0.03498872603806227,0.045847750865051905,1156,0.010859024826989631
Niko Mikkola,0.46102234267016096,0.0324430329752066,0.03140495867768595,605,-0.001038074297520647
Juuso Riikola,0.46099673526520596,0.03820076166666666,0.023809523809523808,126,-0.014391237857142851
Cal Foote,0.46082882827503024,0.028234961624365475,0.02030456852791878,197,-0.007930393096446695
Tyler Myers,0.46079112328752286,0.03548702849397589,0.03450164293537788,1826,-0.0009853855585980134
Jacob Bryson,0.46066483338164527,0.028522596521739118,0.021739130434782608,184,-0.00678346608695651
Carlo Colaiacovo,0.4605611630065544,0.03644232747826086,0.02608695652173913,115,-0.010355370956521729
John Marino,0.4603556347830375,0.04095689137323943,0.03345070422535211,568,-0.007506187147887318
Moritz Seider,0.4601834732741739,0.03407459607142856,0.03236607142857143,896,-0.0017085246428571316
Connor Carrick,0.46015108480373784,0.03450866351999998,0.032,375,-0.002508663519999982
Carl Gunnarsson,0.46006346010912325,0.029738245474999984,0.04,400,0.010261754525000017
Jake McCabe,0.45996807623516406,0.032116257667984184,0.03458498023715415,1012,0.0024687225691699677
Mario Ferraro,0.45973175857722715,0.03532800748447204,0.026397515527950312,644,-0.008930491956521729
Andrej Sustr,0.4596968409547915,0.027996855607064004,0.026490066225165563,453,-0.0015067893818984414
Nikita Tryamkin,0.45964022817363126,0.03276451338461537,0.023076923076923078,130,-0.009687590307692291
Oliver Kylington,0.4596107877703533,0.03107737378640776,0.04611650485436893,412,0.015039131067961172
Zach Redmond,0.4595763181711381,0.03481755632432431,0.03783783783783784,185,0.00302028151351353
Kris Russell,0.459562495659995,0.033131858045292,0.023837902264600714,839,-0.009293955780691286
Christian Djoos,0.4595198142719734,0.032931601155555545,0.03111111111111111,225,-0.0018204900444444352
Damon Severson,0.4594218812228215,0.04023408597844582,0.041406693136698806,1763,0.0011726071582529862
Michal Jordan,0.45938571440824966,0.040945736039603955,0.0297029702970297,101,-0.011242765742574254
Mike Matheson,0.4592615796301855,0.03540900598233994,0.041390728476821195,1812,0.005981722494481256
Quinn Hughes,0.459153936053184,0.03200356358778625,0.04233171408743928,1441,0.010328150499653029
Dustin Byfuglien,0.45914020746640466,0.045149294333756335,0.04378172588832487,1576,-0.0013675684454314621
Christian Wolanin,0.45896226979264215,0.03421191478632477,0.05128205128205128,117,0.017070136495726508
John Gilmour,0.45890924588594023,0.032760797407407394,0.018518518518518517,108,-0.014242278888888876
Victor Hedman,0.4587764251052816,0.04006923890756301,0.047522457258765576,3451,0.007453218351202565
Jakob Chychrun,0.45872518042095206,0.04033872886374578,0.04814636494944632,2077,0.007807636085700537
Jamie Drysdale,0.4584571480351853,0.032352923185840696,0.03761061946902655,452,0.005257696283185856
Taylor Chorney,0.45821449996811786,0.02988644136752135,0.02564102564102564,117,-0.00424541572649571
Caleb Jones,0.45818467991433226,0.03584310204379561,0.0340632603406326,411,-0.0017798417031630043
Pierre-Olivier Joseph,0.45817275181643774,0.024055726115107902,0.02877697841726619,278,0.004721252302158287
Justin Schultz,0.4581249679643365,0.03833976112499998,0.03875,1600,0.00041023887500001716
Scott Harrington,0.4581196752512322,0.02958698393292682,0.03353658536585366,328,0.003949601432926841
Oliver Ekman-Larsson,0.45809232562484026,0.036350943620820655,0.0459726443768997,2632,0.009621700756079044
Radim Simek,0.4580881478080341,0.044916408697478975,0.029411764705882353,238,-0.015504643991596623
Brendan Guhle,0.4580477764404626,0.0283081269387755,0.027210884353741496,147,-0.0010972425850340056
Lane Hutson,0.45790819596899535,0.037985875645161274,0.03225806451612903,186,-0.0057278111290322425
Martin Fehervary,0.45790157839928547,0.03851955843881855,0.05063291139240506,474,0.01211335295358651
Zach Whitecloud,0.45782800926146167,0.031086497563291127,0.04113924050632911,632,0.010052742943037984
Dan Boyle,0.45780651778386017,0.04899749898876402,0.05898876404494382,356,0.009991265056179796
Nick Leddy,0.45773317579563116,0.03237885006606605,0.036036036036036036,1665,0.0036571859699699866
Rasmus Dahlin,0.45771081403709685,0.04369052015634771,0.05190744215134459,1599,0.008216921994996879
Daniil Miromanov,0.45761579770634464,0.03167552882653061,0.03571428571428571,196,0.004038756887755103
Dennis Cholowski,0.4574873612525616,0.038055369626865655,0.048507462686567165,268,0.01045209305970151
Travis Dermott,0.4574831659124841,0.03141794378277152,0.033707865168539325,534,0.002289921385767807
Brian Dumoulin,0.45746986381368693,0.030630510669745946,0.024634334103156273,1299,-0.005996176566589673
Jani Hakanp,0.4573286019236528,0.026146012018348607,0.027522935779816515,109,0.0013769237614679082
Mason Lohrei,0.45729488017448466,0.03931709587234041,0.0425531914893617,235,0.0032360956170212896
Ivan Provorov,0.4572206525873195,0.038197580437464934,0.0443073471676949,1783,0.006109766730229962
Darnell Nurse,0.45721228494877525,0.033810328480429766,0.03376822716807368,2606,-4.210131235608816e-05
Scott Perunovich,0.4571979666177213,0.025834389108910883,0.019801980198019802,101,-0.006032408910891081
Mark Pysyk,0.45700107419464464,0.03969349970930231,0.0377906976744186,688,-0.001902802034883709
Jake Middleton,0.45663139265741753,0.03954234254691688,0.045576407506702415,373,0.0060340649597855345
Mikhail Sergachev,0.45644525057766067,0.0345477899587264,0.04245283018867924,1696,0.007905040229952844
Josh Manson,0.45636083271308175,0.034875622238349877,0.03514132925897632,1309,0.00026570702062644197
Trevor Daley,0.45631088768124123,0.0406228158343634,0.049443757725587144,809,0.008820941891223746
Olen Zellweger,0.45630002965821925,0.030653037490196065,0.03529411764705882,255,0.004641080156862758
Mattias Samuelsson,0.45619586251867955,0.031237287749196128,0.022508038585209004,311,-0.008729249163987124
Sean Walker,0.4561101556981175,0.03555604324612402,0.03294573643410853,1032,-0.0026103068120154893
Hampus Lindholm,0.4560406988280222,0.03829011687429853,0.04040404040404041,1782,0.002113923529741879
Braden Schneider,0.45595630534947607,0.027974764639830497,0.04025423728813559,472,0.012279472648305093
Ryan McDonagh,0.4558754723643419,0.03548913329770176,0.03260288615713522,1871,-0.002886247140566539
Lucas Carlsson,0.4553700041052409,0.032234162616822416,0.037383177570093455,107,0.005149014953271039
Matt Carle,0.4552637750063782,0.03450142330275228,0.027522935779816515,218,-0.006978487522935763
Juuso Valimaki,0.45477030608437463,0.03547908245202558,0.023454157782515993,469,-0.012024924669509586
Ryan Murray,0.4546997926886979,0.03707129399209485,0.023715415019762844,506,-0.013355878972332005
Brock Faber,0.454517282892337,0.04020736637755101,0.04591836734693878,392,0.005711000969387765
Luke Hughes,0.4543897073016849,0.04166186561855669,0.04381443298969072,388,0.0021525673711340274
Robert Bortuzzo,0.45432594579861835,0.03155467828776977,0.02877697841726619,695,-0.0027776998705035805
TJ Brodie,0.454308007840875,0.03969309933693137,0.04240555127216654,1297,0.0027124519352351717
Kevin Klein,0.454248186367694,0.03923375563467491,0.06501547987616099,323,0.02578172424148608
Wyatt Kaiser,0.4540146899174409,0.027513318920863297,0.02877697841726619,139,0.0012636594964028913
Marc Del Gaizo,0.4540116731872073,0.033840404913793094,0.017241379310344827,116,-0.016599025603448267
Marc Staal,0.4539238271950521,0.03620862987951806,0.02710843373493976,996,-0.009100196144578302
Kaiden Guhle,0.4539169141362659,0.03312204440624999,0.05,320,0.016877955593750014
Tobias Bjornfot,0.453835670862266,0.03006259769736841,0.006578947368421052,152,-0.023483650328947357
Morgan Rielly,0.45381346263415834,0.03349378840778097,0.035662824207492796,2776,0.0021690357997118243
Kaedan Korczak,0.4537820484550206,0.022289536666666655,0.008130081300813009,123,-0.014159455365853646
Nick Blankenburg,0.45371731633023765,0.04513660092105262,0.043859649122807015,228,-0.001276951798245607
Mark Friedman,0.45341674496071943,0.03976917392156862,0.032679738562091505,153,-0.007089435359477113
Simon Nemec,0.4534072881693649,0.041245048036809805,0.03680981595092025,163,-0.004435232085889557
Markus Nutivaara,0.4532643547612664,0.033328061759999986,0.036,500,0.0026719382400000116
Devon Toews,0.45325051180769366,0.03807009822972972,0.05,1480,0.011929901770270285
Simon Edvinsson,0.45313966051294474,0.04422914865030674,0.06134969325153374,163,0.017120544601227
Calle Rosen,0.4529016880272126,0.02961260174698794,0.06626506024096386,166,0.03665245849397592
Dysin Mayo,0.4528859156486784,0.02719138728813559,0.03389830508474576,118,0.006706917796610173
Vladislav Gavrikov,0.4527484457770819,0.04137054996277915,0.03722084367245657,806,-0.0041497062903225745
Shea Theodore,0.4526684627256583,0.03776180265070542,0.04061564771269773,2339,0.0028538450619923147
Vince Dunn,0.45259217242623795,0.03805621835671342,0.052104208416833664,1497,0.014047990060120245
Johnathan Kovacevic,0.4524803198809004,0.0336003083569405,0.028328611898016998,353,-0.005271696458923503
K'Andre Miller,0.45242820149842744,0.036735438258642755,0.0499359795134443,781,0.013200541254801544
Justin Barron,0.45239461114188056,0.03819991599250935,0.06741573033707865,267,0.029215814344569296
Esa Lindell,0.4518782208237471,0.03767964735423197,0.03761755485893417,1595,-6.209249529779554e-05
Will Butcher,0.4518382338160325,0.032115041688311675,0.03153988868274583,539,-0.0005751530055658483
Jacob Middleton,0.45172594865946214,0.04855051826666666,0.03333333333333333,150,-0.015217184933333329
Ty Smith,0.4515116604872928,0.03362195397003744,0.033707865168539325,267,8.591119850188261e-05
Jake Bean,0.4514916334755518,0.033510609258474565,0.03389830508474576,472,0.0003876958262711977
Cam Fowler,0.4514283572674291,0.03998567453573437,0.050647158131682614,1777,0.010661483595948242
Dean Kukan,0.4512597323282083,0.030996723903508754,0.02631578947368421,228,-0.004680934429824545
Sean Durzi,0.4509962950481293,0.0413165556198347,0.04462809917355372,605,0.003311543553719015
Jordan Harris,0.4503038781125183,0.032419181999999984,0.046153846153846156,195,0.013734664153846173
Miro Heiskanen,0.4490469852385271,0.04434391045826513,0.041462084015275506,1833,-0.002881826442989621
Rasmus Sandin,0.44895739232963633,0.035965539080234823,0.0410958904109589,511,0.005130351330724078
Ryan Lindgren,0.4486629848422748,0.03455670091757387,0.026438569206842923,643,-0.008118131710730944
Charlie McAvoy,0.44822852425635407,0.042100192618231655,0.045236463331048665,1459,0.0031362707128170103
Travis Sanheim,0.4476650504203109,0.045046628574660616,0.04147812971342383,1326,-0.0035684988612367866
Uvis Balinskis,0.4474304110389184,0.032957292514970045,0.03592814371257485,167,0.002970851197604804
Alexandre Carrier,0.4473017682894063,0.037662162927272716,0.02727272727272727,550,-0.010389435654545445
Kurtis MacDermid,0.44659072684976264,0.0409366789353612,0.04182509505703422,263,0.0008884161216730149
Zach Werenski,0.44633917902113746,0.04290155934306568,0.0502361528553027,2329,0.007334593512237024
John Klingberg,0.44597989227236073,0.038710867737333975,0.04525332021642892,2033,0.006542452479094948
Martin Frk,0.44518672697375294,0.06627053042801556,0.07782101167315175,257,0.01155048124513619
Jackson LaCombe,0.4449626523947088,0.049533429446494456,0.05904059040590406,271,0.009507160959409601
Pavel Mintyukov,0.44349296206435357,0.05274756542222221,0.04,225,-0.012747565422222211
Maxime Lajoie,0.4423692310739818,0.041178603880597006,0.05223880597014925,134,0.011060202089552246
Cam York,0.4402448658262627,0.04289124533180777,0.043478260869565216,437,0.000587015537757446
Adam Boqvist,0.43998267510962014,0.041300923546255495,0.05947136563876652,454,0.01817044209251102
Teemu Pulkkinen,0.43988213444422136,0.06709973296296295,0.06018518518518518,216,-0.006914547777777773
Shawn Thornton,0.43981489964167797,0.0477181197156398,0.018957345971563982,211,-0.028760773744075818
Adam Fox,0.43926863327973603,0.04674188819199999,0.0544,1250,0.007658111808000009
Victor Mete,0.43919856474106117,0.04243314071207429,0.015479876160990712,323,-0.02695326455108358
Zac Jones,0.4387635637340417,0.029171602021276586,0.02127659574468085,188,-0.007895006276595735
Owen Power,0.43868739408825996,0.044046081231060595,0.03598484848484849,528,-0.008061232746212108
Bowen Byram,0.43715599306634423,0.05122534211132436,0.05758157389635317,521,0.00635623178502881
J.J. Moser,0.4371258399239152,0.0397521820289855,0.03768115942028986,345,-0.0020710226086956413
Thomas Harley,0.4370871529422748,0.03781244470137824,0.05666156202143951,653,0.018849117320061268
Cale Makar,0.43665595508766764,0.047097879401107184,0.06945143432310015,1987,0.022353554921992966
Mason Shaw,0.4346798788221453,0.057085614183006526,0.05228758169934641,153,-0.00479803248366012
Mike Hoffman,0.4338228270751782,0.06735717333586624,0.08966565349544073,2632,0.022308480159574484
Radim Vrbata,0.43378633296884095,0.06287838338664156,0.0658513640639699,1063,0.0029729806773283324
Brad Richards,0.4328685825364228,0.05418596215053762,0.04659498207885305,558,-0.007590980071684572
Jason Pominville,0.4319758687210836,0.06350578781446539,0.06367924528301887,1272,0.00017345746855347566
Jacob MacDonald,0.4314982849312624,0.049879526702898545,0.036231884057971016,276,-0.01364764264492753
Patrik Laine,0.4311367524964572,0.0689475648595259,0.10184372256365233,2278,0.03289615770412643
Luke Witkowski,0.43059446891154457,0.05145779169811319,0.018867924528301886,106,-0.0325898671698113
Alex Ovechkin,0.4292108999161565,0.07573529472759856,0.0931899641577061,5580,0.01745466943010754
Olli Jokinen,0.42873506691671703,0.053350281148648634,0.02702702702702703,148,-0.026323254121621606
Tomas Kopecky,0.42868082435091887,0.06040433083333331,0.013888888888888888,144,-0.04651544194444442
Alexander Semin,0.4266799514090587,0.059507708012048174,0.04216867469879518,166,-0.017339033313252997
Dylan Guenther,0.4266396633548069,0.07472371915951971,0.08747855917667238,583,0.012754840017152672
Derek MacKenzie,0.42563348263232176,0.07671629287912086,0.04395604395604396,455,-0.032760248923076905
Artemi Panarin,0.42543504606906657,0.06747283953686775,0.09841560024375381,3282,0.030942760706886063
Jack Eichel,0.42521117092379634,0.06991443162020333,0.08133814365365694,3049,0.011423712033453604
Claude Giroux,0.42404103890699474,0.06885282182760855,0.08165910563836681,3086,0.012806283810758268
Jakub Voracek,0.4240298588463668,0.07137376371885283,0.05923836389280677,2127,-0.012135399826046063
David Pastrnak,0.423173155095212,0.07421793319816722,0.09782359679266896,4365,0.02360566359450174
Brandon Bollig,0.4229918125691596,0.04052583893048126,0.026737967914438502,187,-0.013787871016042761
Nikolaj Ehlers,0.42291862565583854,0.06690065353084697,0.08121296619031021,2869,0.014312312659463242
Tyler Kennedy,0.4228787264700305,0.04481096975845409,0.043478260869565216,207,-0.0013327088888888741
Victor Olofsson,0.4221178682313365,0.07477989582347588,0.09463148316651501,1099,0.01985158734303913
Cutter Gauthier,0.4221040371017669,0.05885671760517798,0.06472491909385113,309,0.005868201488673147
Nikita Gusev,0.4215980862339146,0.06944973133779264,0.056856187290969896,299,-0.012593544046822745
Brandon Pirri,0.42122822308536156,0.06960885120226308,0.08203677510608204,707,0.012427923903818958
Tomas Plekanec,0.42101356902203346,0.06792316750493095,0.0601577909270217,1014,-0.007765376577909253
Ryan Getzlaf,0.4207972925977826,0.06154622858707556,0.06078860898138007,1826,-0.0007576196056954948
Dave Bolland,0.4204746777811331,0.07814004354166665,0.04861111111111111,144,-0.029528932430555536
Marcel Goc,0.41992614400437034,0.0537037553097345,0.02654867256637168,113,-0.02715508274336282
Yegor Chinakhov,0.4198556841078817,0.05743018151821861,0.06882591093117409,494,0.011395729412955476
Andreas Martinsen,0.4193366185987606,0.05487598425438595,0.039473684210526314,228,-0.015402300043859639
Ilya Kovalchuk,0.4190310364557953,0.07513883894586892,0.07407407407407407,351,-0.0010647648717948544
Will Smith,0.41898004311190246,0.0717020018181818,0.0962566844919786,187,0.024554682673796804
Max Willman,0.41883678918535394,0.05806998675675675,0.06306306306306306,111,0.004993076306306306
Patrick Kane,0.4187747999664598,0.06690801760729613,0.08851931330472103,3728,0.021611295697424898
Cody Hodgson,0.41873488934501096,0.06630350616858235,0.03065134099616858,261,-0.03565216517241378
Nathan Gerbe,0.41867646948240184,0.0566067734969325,0.03680981595092025,489,-0.019796957546012253
Patrick Sharp,0.41847718085202973,0.06295834744531932,0.05511811023622047,1143,-0.00784023720909885
Jarome Iginla,0.4183046977552633,0.07758731894964027,0.09352517985611511,695,0.015937860906474838
Brian Gionta,0.4182272022032935,0.07178836805022155,0.0620384047267356,677,-0.009749963323485954
Pontus Aberg,0.4180649284237674,0.06045451371710525,0.0625,304,0.0020454862828947484
Kyle Turris,0.41796938012469537,0.07044388538629737,0.07653061224489796,1372,0.006086726858600594
Mika Zibanejad,0.4177976486586752,0.0784296906965174,0.09043020193151888,3417,0.012000511235001482
Cole Caufield,0.41765473468172204,0.07300561602112675,0.0880281690140845,1420,0.015022552992957752
Mikhail Maltsev,0.41740788257891315,0.07082986818965517,0.05172413793103448,116,-0.01910573025862069
Michael Cammalleri,0.41726730101439163,0.08019343125894132,0.08297567954220315,699,0.0027822482832618317
Macklin Celebrini,0.4172361242917255,0.06520153492917846,0.0708215297450425,353,0.005619994815864032
Daniel Sprong,0.41722664570839596,0.05623058917030567,0.07598253275109171,1145,0.01975194358078604
Kent Johnson,0.417172451948841,0.0723418298198198,0.10135135135135136,444,0.02900952153153155
Viktor Arvidsson,0.4170194050976311,0.07308400712615165,0.07335223245924875,2822,0.0002682253330971024
Henrik Zetterberg,0.4169873812156115,0.05979235084192438,0.0506872852233677,1164,-0.00910506561855668
Johan Franzen,0.41695697821435684,0.07139916858407079,0.061946902654867256,113,-0.009452265929203535
Ryan Garbutt,0.41678730339920644,0.05896010277292575,0.039301310043668124,458,-0.019658792729257628
Nikita Kucherov,0.4165082127488077,0.07571746031847132,0.09799118079372857,4082,0.022273720475257247
Teuvo Teravainen,0.41594203260193396,0.07051849863805199,0.07965332232769294,2423,0.009134823689640956
Ryan White,0.41591033264048816,0.07468963920863309,0.09712230215827339,278,0.022432662949640303
Adam Fantilli,0.41574740289262363,0.06407616890868595,0.09799554565701558,449,0.033919376748329635
Nicholas Robertson,0.41569117379493375,0.061782629924623106,0.08542713567839195,398,0.02364450575376885
Martin Necas,0.41564977968066796,0.0717797702158693,0.07934655775962661,1714,0.0075667875437573084
Eeli Tolvanen,0.4156091140378517,0.0687278981882591,0.08502024291497975,988,0.016292344726720656
Scott Gomez,0.4156069960890069,0.06411980747899158,0.06722689075630252,119,0.0031070832773109347
Jared McCann,0.4155638200061248,0.06754644674766354,0.08644859813084112,2140,0.01890215138317758
Kris Versteeg,0.41553794892571994,0.06870757117816091,0.07183908045977011,696,0.003131509281609199
Zac Dalpe,0.41533796238433696,0.05589474301470587,0.058823529411764705,136,0.002928786397058833
Steven Stamkos,0.41525041646774974,0.08780156435139091,0.11332357247437774,3415,0.025522008122986828
Zac Rinaldo,0.4149904900234142,0.06062994071729956,0.046413502109704644,237,-0.014216438607594917
Sam Gagner,0.41484663781624975,0.06638452780585105,0.06382978723404255,1504,-0.002554740571808503
Jack Skille,0.4145173986679429,0.057245153810810794,0.051351351351351354,370,-0.005893802459459439
Vinni Lettieri,0.41451025420234333,0.0608738674117647,0.04411764705882353,340,-0.016756220352941165
Mark Arcobello,0.41443789964067207,0.05627742921487602,0.08264462809917356,242,0.02636719888429754
Michael Carcone,0.4144377851564023,0.07231474492753621,0.09855072463768116,345,0.02623597971014495
Jason Spezza,0.41424608722526807,0.07178986209687307,0.07541385652973635,1631,0.0036239944328632784
Conor Garland,0.4140519517781368,0.06889339824519229,0.0751201923076923,1664,0.006226794062500013
Matvei Michkov,0.41390777697030035,0.08573084705673757,0.09574468085106383,282,0.010013833794326257
Frank Vatrano,0.41365288391585175,0.07519349597060095,0.08084738434932988,2313,0.005653888378728933
Phillip Di Giuseppe,0.4135940607798014,0.06443383499999998,0.045454545454545456,638,-0.018979289545454525
Trevor Zegras,0.41358373152265654,0.06512240935790724,0.07966706302021404,841,0.014544653662306797
Mitch Marner,0.4135800492169027,0.08695590457831323,0.0963855421686747,332,0.009429637590361473
Jannik Hansen,0.41345188749612755,0.06861721462346759,0.08756567425569177,571,0.018948459632224177
Max Domi,0.4134504997268031,0.07556318563073948,0.07153214113098115,2069,-0.0040310444997583295
Matt Fraser,0.4133225653457405,0.052614870956521724,0.06956521739130435,115,0.016950346434782625
Brian Flynn,0.4131245251307959,0.05940040469750888,0.05693950177935943,281,-0.0024609029181494532
Jesse Ylonen,0.41285564914229045,0.06682794036231883,0.07971014492753623,138,0.012882204565217395
Tage Thompson,0.41278010557632594,0.07281712219094923,0.09713024282560706,1812,0.024313120634657834
Matt Hendricks,0.41275753472190496,0.0632660371842105,0.05789473684210526,380,-0.005371300342105242
Sean Kuraly,0.41268719284744076,0.0718842838080731,0.055597867479055596,1313,-0.016286416329017506
Arthur Kaliyev,0.41259799920407775,0.06948640120124805,0.059282371294851796,641,-0.010204029906396253
Owen Tippett,0.41255495810687076,0.06629008939984996,0.07126781695423856,1333,0.004977727554388606
Taylor Beck,0.41251788705765474,0.059161295714285696,0.06349206349206349,126,0.004330767777777793
Jussi Jokinen,0.4124603933727847,0.07320536535101403,0.06708268330733229,641,-0.006122682043681743
Alexander Steen,0.41235825092897527,0.07325209034055725,0.07662538699690402,1292,0.0033732966563467665
Alexander Holtz,0.41231644501933196,0.06869017944117646,0.06764705882352941,340,-0.001043120617647053
Ryan Spooner,0.4115572848792649,0.06726387557746477,0.0676056338028169,710,0.0003417582253521234
Filip Forsberg,0.4115229617145655,0.07401246192345678,0.08592592592592592,4050,0.011913464002469135
Steve Ott,0.4114964673078241,0.06854005474285713,0.03428571428571429,175,-0.03425434045714284
JJ Peterka,0.4112862262599866,0.07399527234234234,0.08622908622908623,777,0.012233813886743897
Clayton Keller,0.4111831142564972,0.07999101430901676,0.09062075215224287,2207,0.010629737843226114
Mason Raymond,0.41118005021408766,0.052534313146551714,0.06896551724137931,232,0.016431204094827595
Jake Virtanen,0.4111242906427343,0.06771258402285713,0.06628571428571428,875,-0.001426869737142844
Nathan MacKinnon,0.41098113270288106,0.07046310459168904,0.0822824064502791,4837,0.01181930185859005
Zack Bolduc,0.4109073294895497,0.06493080659999999,0.096,250,0.031069193400000014
Victor Rask,0.41080110879644016,0.0692091529048843,0.07626392459297343,1167,0.007054771688089129
Logan Shaw,0.41066165496472773,0.06847089525641024,0.041025641025641026,390,-0.02744525423076922
Evgeny Kuznetsov,0.41061593788549916,0.07665596667329883,0.08038201352964584,2513,0.003726046856347018
Kyle Brodziak,0.4105394980710217,0.06972262410714285,0.075,560,0.00527737589285715
Mats Zuccarello,0.41041580513706877,0.06683501384834896,0.08153281695882593,2453,0.01469780311047697
Ales Hemsky,0.4103613891561545,0.06289804829831931,0.06092436974789916,476,-0.0019736785504201534
Iiro Pakarinen,0.41002228032776483,0.06289448840163933,0.040983606557377046,244,-0.021910881844262285
Tyler Seguin,0.410016405746963,0.08395660925624472,0.08083076059500421,3563,-0.0031258486612405073
Derek Stepan,0.40999138842154526,0.06682564587487283,0.06052899287894201,1966,-0.006296652995930817
Kenny Agostino,0.4098644096927629,0.05972502331288342,0.04294478527607362,163,-0.0167802380368098
Evan Rodrigues,0.4097067300244874,0.06885153209956708,0.058982683982683984,1848,-0.0098688481168831
Adrian Kempe,0.40968959241033276,0.07634639847873738,0.0920648838228847,2281,0.015718485344147326
Max Pacioretty,0.4096360212975419,0.07191181850677339,0.0772783251231527,3248,0.005366506616379316
Blake Comeau,0.4095908878018779,0.07158742374999999,0.06843065693430657,1096,-0.003156766815693421
Anton Blidh,0.4095753876208409,0.06407937666666666,0.03508771929824561,114,-0.028991657368421048
Jonathan Marchessault,0.40946939276641187,0.07519689879377431,0.08500448967375038,3341,0.00980759087997607
Jonathan Drouin,0.4094177120629212,0.0718646717996171,0.07019783024888322,1567,-0.0016668415507338774
Eric Nystrom,0.40940319833874605,0.08335265863247862,0.11965811965811966,117,0.03630546102564104
Michael Eyssimont,0.4093587618333689,0.07005684292483659,0.042483660130718956,612,-0.027573182794117634
Mackie Samoskevich,0.40925419655103384,0.08109749082987551,0.06224066390041494,241,-0.01885682692946057
Darren Helm,0.4091869920542725,0.0720585071875,0.05945121951219512,1312,-0.012607287675304876
Matt Beleskey,0.4091492938624121,0.061562265870786496,0.06882022471910113,712,0.007257958848314629
Scottie Upshall,0.4089571563153145,0.06824829867446393,0.06237816764132553,513,-0.0058701310331383955
Vernon Fiddler,0.4087576401274205,0.0676128619114219,0.0675990675990676,429,-1.3794312354306615e-05
Carl Hagelin,0.4087278419792056,0.07112109589227773,0.05256327060350422,1541,-0.018557825288773512
Sven Andrighetto,0.4087129467905055,0.06373958717391302,0.06324110671936758,506,-0.0004984804545454385
Alexandre Texier,0.4086821347386193,0.06716003916356877,0.07806691449814127,538,0.010906875334572491
Teddy Purcell,0.4086737702721558,0.06827457623853209,0.06422018348623854,436,-0.004054392752293551
Nail Yakupov,0.4086275816269226,0.06753978684999999,0.056666666666666664,600,-0.010873120183333328
Connor Bedard,0.4085654663490826,0.06845171469387754,0.07653061224489796,588,0.008078897551020425
Justin Dowling,0.40850279411392526,0.06747945784753362,0.04035874439461883,223,-0.027120713452914787
Bryan Bickell,0.40827255568557486,0.06782418817777776,0.06666666666666667,225,-0.0011575215111110926
Vincent Lecavalier,0.40780832501239206,0.08001848157258064,0.07661290322580645,248,-0.003405578346774185
Derick Brassard,0.40772130030128934,0.07369935857948139,0.08511837655016911,1774,0.011419017970687728
Maxim Lapierre,0.4075952961324638,0.055768793278688514,0.01639344262295082,122,-0.03937535065573769
Rene Bourque,0.40751478191290785,0.06433187467532465,0.05194805194805195,385,-0.012383822727272703
Pierre-Edouard Bellemare,0.40741386634496063,0.07048474311802232,0.05502392344497608,1254,-0.015460819673046237
Marian Hossa,0.40738013436989706,0.08419865049945709,0.0738327904451683,921,-0.010365860054288786
Austin Watson,0.40724915624364433,0.07494508927252985,0.0781758957654723,921,0.0032308064929424535
Elias Pettersson,0.4072260078445804,0.0812757160753275,0.1064410480349345,1832,0.02516533195960699
Patrick Russell,0.4071677341422232,0.0710003183962264,0.0,106,-0.0710003183962264
John Leonard,0.40700896990176433,0.04906708416666665,0.045454545454545456,132,-0.003612538712121194
Justin Bailey,0.4069633989229816,0.05640744004310344,0.04310344827586207,232,-0.013303991767241369
Joakim Andersson,0.4069543662702185,0.0692640169918699,0.04065040650406504,123,-0.028613610487804864
Frederick Gaudreau,0.4068444095050892,0.06936982443236714,0.08333333333333333,828,0.01396350890096619
Jordin Tootoo,0.4068250481505524,0.06822230455516014,0.05693950177935943,281,-0.01128280277580071
Andreas Athanasiou,0.40680193061351283,0.07289803497094899,0.08198837959974177,1549,0.009090344628792782
Tanner Glass,0.4067782762784916,0.06346567457711441,0.03482587064676617,201,-0.02863980393034824
Kevin Fiala,0.4067267402693679,0.07875371839671885,0.08389261744966443,2682,0.005138899052945581
Stefan Matteau,0.4065202561204342,0.06121692803738317,0.04672897196261682,107,-0.014487956074766349
Kiefer Sherwood,0.40650730842152316,0.06401885623987032,0.0713128038897893,617,0.007293947649918989
Kevin Hayes,0.4065005359672333,0.07501200531141868,0.08217993079584775,2312,0.007167925484429072
Sean Bergenheim,0.40637801625907966,0.06944982854430377,0.056962025316455694,158,-0.01248780322784808
Bobby McMann,0.40630295445644776,0.07033706611235954,0.07865168539325842,445,0.008314619280898883
Jakob Silfverberg,0.4062747562863706,0.06889097714525608,0.06801007556675064,2382,-0.0008809015785054414
Ryan Hartman,0.40621725408643494,0.0770840494371023,0.07195301027900147,2043,-0.005131039158100828
Tomas Fleischmann,0.4062026320834681,0.06629062843749998,0.0625,352,-0.003790628437499985
Pavel Dorofeyev,0.40616611194932223,0.08073801636672324,0.09507640067911714,589,0.014338384312393898
Emil Bemstrom,0.40611772360384474,0.06871092317669172,0.06390977443609022,532,-0.004801148740601502
Beau Bennett,0.4059733724628836,0.05991277005882352,0.052941176470588235,340,-0.006971593588235285
Denis Gurianov,0.4059582035433112,0.07091351807563959,0.067853170189099,899,-0.003060347886540582
Johnny Gaudreau,0.40573660298739983,0.07831283638201463,0.08748692924363889,2869,0.009174092861624267
Trevor Lewis,0.40571458425022705,0.0653958672339246,0.04933481152993348,1804,-0.01606105570399112
Steve Downie,0.40555178505419104,0.07903887968152865,0.10828025477707007,157,0.029241375095541422
Daniel Sedin,0.40552151576302936,0.07560952700668895,0.07274247491638795,1196,-0.0028670520903009977
Anton Lundell,0.4055108809653391,0.07921758608993155,0.07038123167155426,1023,-0.008836354418377296
Emil Heineman,0.40540646782596546,0.07043737782258062,0.08870967741935484,124,0.01827229959677422
Logan Cooley,0.4053220068468203,0.08380339495454545,0.10227272727272728,440,0.018469332318181833
Colton Sceviour,0.4052845001547826,0.06783916371696502,0.05115089514066496,1173,-0.016688268576300062
Oscar Lindberg,0.40523523788497023,0.06509386628205127,0.07692307692307693,546,0.011829210641025656
Phil Kessel,0.4052292069121934,0.06738442444485158,0.07731769879076585,2729,0.009933274345914261
Matt Boldy,0.40521350940981865,0.07582802647694524,0.07780979827089338,1388,0.0019817717939481366
Paul Gaustad,0.40508277987880836,0.06074019591194966,0.0440251572327044,159,-0.01671503867924526
Gaetan Haas,0.4049571659133732,0.07103416850877191,0.05263157894736842,114,-0.01840258956140349
Jack Roslovic,0.40485605383546014,0.07412270358704452,0.08502024291497975,1235,0.010897539327935232
Charles Hudon,0.4047265276161751,0.06507680165697673,0.040697674418604654,344,-0.024379127238372073
Walker Duehr,0.4046714715081626,0.06151925185185184,0.08148148148148149,135,0.019962229629629645
Jack Hughes,0.404648029533981,0.07791624252722062,0.0836676217765043,1745,0.005751379249283678
Jonny Brodzinski,0.40441745765400267,0.05949322693654266,0.05908096280087528,457,-0.00041226413566738257
Matias Maccelli,0.4043055163104828,0.08039587813449023,0.08026030368763558,461,-0.00013557444685464992
Joe Thornton,0.40425410058097266,0.0851248077923387,0.09576612903225806,992,0.010641321239919357
Kasperi Kapanen,0.4041128595026881,0.06891728940586418,0.07561728395061729,1296,0.0066999945447531045
Patrick Brown,0.404092814825439,0.06292856467153284,0.04744525547445255,274,-0.015483309197080283
David Perron,0.403962783981697,0.07433311687323943,0.0925553319919517,2485,0.018222215118712276
Trevor Moore,0.4039423429903566,0.08005009881516587,0.06838185511171294,1477,-0.01166824370345293
Oliver Wahlstrom,0.4038938072897012,0.06765291302364865,0.06418918918918919,592,-0.0034637238344594617
Axel Jonsson-Fjallby,0.4038107422013794,0.06216053217105262,0.06578947368421052,152,0.0036289415131579017
Dylan Larkin,0.4036680794839267,0.07703444677557755,0.0801980198019802,3030,0.003163573026402647
Andrej Nestrasil,0.40349130830213875,0.07832901144694533,0.05466237942122187,311,-0.023666632025723465
Bobby Ryan,0.4034755717772953,0.07257753147103657,0.07545731707317073,1312,0.002879785602134158
Matt Luff,0.4033362610895541,0.06648420270935959,0.07389162561576355,203,0.007407422906403963
Mike Ribeiro,0.4033158436855023,0.0793308466978193,0.08411214953271028,321,0.004781302834890977
Blake Wheeler,0.40325737187200256,0.07753616586120099,0.07515282272563827,2781,-0.002383343135562724
Matthew Peca,0.4031742450518608,0.06888074603960394,0.0594059405940594,101,-0.009474805445544535
Jason Chimera,0.40315405711809493,0.07506921016616312,0.08006042296072508,662,0.004991212794561953
Miikka Salomaki,0.40299530834842096,0.06851960202702702,0.04391891891891892,296,-0.024600683108108097
James Neal,0.40294082479207266,0.07287653634654469,0.07977642276422764,1968,0.006899886417682952
Matt Coronato,0.4028235504675316,0.0716448893131868,0.07417582417582418,364,0.0025309348626373768
Cole Koepke,0.4027068762383592,0.08761522067073169,0.06707317073170732,164,-0.020542049939024365
Valtteri Puustinen,0.402688736352898,0.07621629632,0.056,125,-0.02021629632
Kirill Kaprizov,0.4025390349229603,0.09014842926521238,0.1148105625717566,1742,0.024662133306544223
Alex Galchenyuk,0.4025111260146744,0.07955226324873095,0.07931472081218274,1576,-0.00023754243654820761
Mikael Granlund,0.40248012304438663,0.08591511958208954,0.0767590618336887,2345,-0.009156057748400837
Rocco Grimaldi,0.40242209983809085,0.06767967186974788,0.06932773109243698,476,0.0016480592226890967
Kirill Marchenko,0.4023491219152967,0.0735499584893048,0.10026737967914438,748,0.02671742118983958
Tyler Toffoli,0.4023189338430902,0.08124151781609194,0.08458591217211907,3393,0.003344394356027125
Drew Miller,0.4022891221038471,0.07050479643171804,0.05286343612334802,227,-0.017641360308370026
Kyle MacLean,0.4022735309425058,0.06487689014388488,0.06474820143884892,139,-0.00012868870503596197
Michael Frolik,0.40223963887527936,0.06898743780544746,0.06459143968871596,1285,-0.004395998116731498
Jack Quinn,0.40220169342738243,0.07461593177685949,0.08057851239669421,484,0.00596258061983472
Jack Drury,0.402160586393514,0.06951665289473682,0.044534412955465584,494,-0.02498223993927124
Ryan Lomberg,0.4021200111345626,0.0679716697822706,0.05287713841368585,643,-0.015094531368584747
Mario Kempe,0.401986305553631,0.05728310266666666,0.05714285714285714,105,-0.0001402455238095207
Colin Blackwell,0.40190666054369406,0.0762207363235294,0.07904411764705882,544,0.0028233813235294253
Vladimir Tarasenko,0.4018510307458974,0.07300765934195401,0.09166666666666666,3480,0.01865900732471265
Kevin Labanc,0.40183473594599023,0.0656032248506919,0.06482155863073562,1373,-0.0007816662199562757
Alexandre Burrows,0.40176456761378937,0.07245568098630135,0.06438356164383562,730,-0.008072119342465739
Mark Letestu,0.40158758509139364,0.07530772202341135,0.07859531772575251,598,0.0032875957023411617
Henrik Sedin,0.40153412084832923,0.09306328707031249,0.095703125,512,0.0026398379296875135
Travis Konecny,0.4015084937103412,0.0773994448412353,0.08568943018703784,2299,0.008289985345802539
Parker Kelly,0.40142098375287366,0.0728078279357798,0.05733944954128441,436,-0.0154683783944954
Vinnie Hinostroza,0.40141531180852413,0.07167150317152103,0.06256742179072276,927,-0.009104081380798268
Noah Gregor,0.4012693165171091,0.06616965828793774,0.04669260700389105,771,-0.019477051284046684
Joakim Nordstrom,0.40111460203300947,0.07007721789343245,0.042131350681536554,807,-0.027945867211895896
Fabian Zetterlund,0.4010434814953717,0.07713282862362972,0.06333739342265529,821,-0.013795435200974426
Mason Appleton,0.4009870875597687,0.07349306136155605,0.06636155606407322,874,-0.007131505297482826
Sam Carrick,0.40097398155315256,0.07342496695075758,0.06439393939393939,528,-0.009031027556818186
Zack MacEwen,0.400948836441904,0.06816705249329758,0.045576407506702415,373,-0.02259064498659516
Oliver Bjorkstrand,0.4009470707865258,0.07247598356537259,0.08121374386434628,2241,0.00873776029897369
Jordan Schroeder,0.4009424473356833,0.06856867404371583,0.07103825136612021,183,0.0024695773224043815
Scott Wilson,0.40086505190342614,0.06599466334862383,0.052752293577981654,436,-0.013242369770642179
Matt Read,0.40086445367353113,0.07836573660808435,0.056239015817223195,569,-0.022126720790861157
Nikita Soshnikov,0.4008491688061456,0.060249623646408824,0.04419889502762431,181,-0.016050728618784517
Jesper Bratt,0.40083631347473697,0.08101009010011123,0.08453837597330367,1798,0.003528285873192441
Markus Hannikainen,0.4007364458049963,0.06779169622950817,0.06557377049180328,122,-0.0022179257377048928
Brad Boyes,0.40063940461222325,0.08418624171091443,0.06489675516224189,339,-0.019289486548672546
Nikolay Goldobin,0.40053005064333397,0.06521567857664233,0.06569343065693431,274,0.00047775208029197935
Scott Laughton,0.4004612258895631,0.08123587887001958,0.07315480078380143,1531,-0.00808107808621815
Andrew Desjardins,0.40029694665418236,0.07778206395424835,0.0457516339869281,306,-0.032030429967320244
Jason Robertson,0.40026508430172325,0.08020359819729887,0.1092190252495596,1703,0.029015427052260734
Yegor Sharangovich,0.4001874980580865,0.08152764500939848,0.09398496240601503,1064,0.012457317396616555
Jonatan Berggren,0.40004848222120315,0.07945585867346937,0.09863945578231292,294,0.019183597108843556
Nicklas Backstrom,0.40000458888453155,0.08183158482191778,0.09150684931506849,1825,0.009675264493150704
J.T. Brown,0.3999922905237201,0.06495951108391607,0.03496503496503497,572,-0.0299944761188811
Mikael Backlund,0.399957374154956,0.07276628290529152,0.06235254465790361,2967,-0.010413738247387914
Evander Kane,0.3997360021321223,0.07956090435390695,0.07874733961690483,3289,-0.0008135647370021148
Jakub Lauko,0.3997278960560679,0.07685881775862068,0.06896551724137931,174,-0.007893300517241367
Lucas Wallmark,0.3996994761219031,0.08349719672176308,0.06611570247933884,363,-0.01738149424242423
Kevin Stenlund,0.39963315079772793,0.07889187352601156,0.08477842003853564,519,0.005886546512524085
Evgeni Malkin,0.39961844265899643,0.08751911118425634,0.10414489724834552,2871,0.016625786064089182
Leon Draisaitl,0.39957428083001906,0.0975472614659994,0.13246982631733883,3397,0.03492256485133943
Boris Katchouk,0.3995693912856219,0.07065098679856115,0.0539568345323741,278,-0.01669415226618705
John Mitchell,0.3995652740844885,0.07840352366666664,0.06666666666666667,360,-0.011736856999999976
Jarret Stoll,0.3995163908925476,0.07243699582417581,0.054945054945054944,182,-0.01749194087912087
Kieffer Bellows,0.39940213137222313,0.05628905425531914,0.06808510638297872,235,0.011796052127659586
Par Lindholm,0.3993691008604695,0.06210233369047618,0.023809523809523808,168,-0.03829280988095237
Luke Evangelista,0.3993166397996376,0.07828061225053078,0.07218683651804671,471,-0.006093775732484069
Kaapo Kakko,0.39927634659020034,0.07811466703211516,0.08305647840531562,903,0.004941811373200461
Brad Malone,0.39923360304594324,0.06689596414141412,0.045454545454545456,198,-0.021441418686868663
Craig Smith,0.39920533422730636,0.06918809992181946,0.06645344705046198,2814,-0.0027346528713574764
Mitchell Stephens,0.39902332048535494,0.060521752228915655,0.04216867469879518,166,-0.018353077530120478
Alex DeBrincat,0.3990199693977425,0.08271482080894307,0.10365853658536585,2460,0.020943715776422775
Logan Couture,0.39896156391744914,0.08126066680241933,0.09637096774193549,2480,0.015110300939516152
Paul Carey,0.39891991935164506,0.05799777786407766,0.07766990291262135,103,0.019672125048543695
Kyle Palmieri,0.39891480442804894,0.07886206458868447,0.08781673030197848,2881,0.008954665713294008
Jiri Kulich,0.3988273935093784,0.07744731881188117,0.07425742574257425,202,-0.0031898930693069205
Brad Marchand,0.3986701304530622,0.09121793103146851,0.10955710955710955,3432,0.018339178525641042
Dryden Hunt,0.39866404681889867,0.07034228523114354,0.043795620437956206,411,-0.026546664793187333
Peter Holland,0.39864384399007347,0.07410556296536795,0.05627705627705628,462,-0.017828506688311672
Tyler Motte,0.39862984461068923,0.07527364416748768,0.059113300492610835,1015,-0.016160343674876843
Jacob de la Rose,0.39856776576010117,0.0661652805614035,0.03508771929824561,285,-0.031077561263157888
Jakub Vrana,0.3984805531965707,0.07433170730738681,0.09690230341540905,1259,0.022570596108022242
Karson Kuhlman,0.3984632396130223,0.0721920048148148,0.040123456790123455,324,-0.03206854802469135
Anthony Mantha,0.39838765909945356,0.0774607586675047,0.09113764927718417,1591,0.01367689060967947
Jordan Kyrou,0.3983084410735633,0.07277892810844892,0.1021437578814628,1586,0.02936482977301387
Marcus Kruger,0.3979975590358422,0.06783709333976833,0.03474903474903475,518,-0.03308805859073358
Drew Stafford,0.397991418705472,0.0769076765291262,0.07645631067961164,824,-0.00045136584951455117
Jansen Harkins,0.39798876818215,0.07019664392617449,0.053691275167785234,298,-0.016505368758389254
Frans Nielsen,0.39792822898153474,0.07136383819140306,0.06974858069748581,1233,-0.0016152574939172493
Rick Nash,0.3979134263873123,0.07887585535689044,0.07985865724381626,1415,0.000982801886925816
Jordan Nolan,0.3978802688149634,0.06315318499999999,0.04697986577181208,298,-0.016173319228187905
PA Parenteau,0.397843488967686,0.07982546740808821,0.07720588235294118,544,-0.0026195850551470334
Andre Burakovsky,0.397837217073795,0.06962915489432701,0.09566184649610679,1798,0.026032691601779775
Casey Mittelstadt,0.39781673475449564,0.08267191179653678,0.09090909090909091,924,0.00823717911255413
Kyle Chipchura,0.39777541748712,0.07090241914634145,0.04878048780487805,164,-0.022121931341463397
Jeff Skinner,0.39776352865666265,0.08158273531455959,0.08208508088675853,3338,0.0005023455721989423
Vladimir Sobotka,0.3976945201509333,0.06628527763578272,0.06389776357827476,313,-0.002387514057507964
Mitchell Marner,0.39769272416262397,0.07807756084481991,0.08981769675411294,2249,0.011740135909293029
Jack Studnicka,0.39765282087754295,0.06724797060747663,0.028037383177570093,214,-0.03921058742990653
Nicolas Deslauriers,0.3975644347830831,0.06877975704166665,0.05416666666666667,960,-0.014613090374999985
Mikko Rantanen,0.39752806515235006,0.08885600770042888,0.11118442758165623,3031,0.022328419881227343
David Legwand,0.3974424776159356,0.07761418768421051,0.07368421052631578,190,-0.003929977157894726
David Krejci,0.3973656414533033,0.0836595312414266,0.09259259259259259,1458,0.008933061351165991
Connor Brickley,0.39735232749994975,0.07688763372881355,0.05084745762711865,118,-0.0260401761016949
Jaret Anderson-Dolan,0.39733053425529496,0.06939437630541871,0.07881773399014778,203,0.009423357684729072
Tim Sttzle,0.39733042630655385,0.09721542736434106,0.11627906976744186,387,0.019063642403100794
Taylor Hall,0.3973038043256122,0.07963876635315315,0.07423423423423424,2775,-0.005404532118918906
Chris Kelly,0.3973001724032116,0.07213192244604315,0.050359712230215826,278,-0.02177221021582732
Max McCormick,0.3971877012885567,0.061545835801526706,0.061068702290076333,131,-0.00047713351145037275
Dylan Holloway,0.39718161132361146,0.08370851484633568,0.09456264775413711,423,0.010854132907801434
Ryan Strome,0.3971687737477863,0.07874973066822429,0.07663551401869159,2140,-0.0021142166495326936
Mikko Koivu,0.39714604618488436,0.08081494584694754,0.06964746345657781,1163,-0.011167482390369729
Josh Archibald,0.3970866466107582,0.08836184740458014,0.08778625954198473,524,-0.0005755878625954142
Filip Zadina,0.3970835805489408,0.07451349581428571,0.05857142857142857,700,-0.015942067242857134
Byron Froese,0.39696947033213625,0.07760946098591548,0.03286384976525822,213,-0.04474561122065726
Rasmus Kupari,0.39696078937224044,0.0691892187062937,0.04895104895104895,286,-0.02023816975524475
Daniel Winnik,0.3969273976854368,0.07087530300738006,0.06088560885608856,542,-0.009989694151291494
Brendan Leipsic,0.39692214442721335,0.0668777671005917,0.047337278106508875,338,-0.01954048899408283
Reid Boucher,0.3969149343982056,0.06940735052238804,0.06716417910447761,268,-0.0022431714179104306
Rasmus Asplund,0.3968733699944166,0.0826439213803681,0.05521472392638037,326,-0.027429197453987725
Erik Condra,0.39684530865613044,0.07125383262357413,0.06463878326996197,263,-0.006615049353612151
Dominik Kubalik,0.39682090332143993,0.08545092029865124,0.09344894026974952,1038,0.00799801997109828
Lars Eller,0.3967617164330792,0.07643914241424228,0.06643508467216674,2303,-0.010004057742075537
Miles Wood,0.3966328079549941,0.07625956171335503,0.06254071661237785,1535,-0.013718845100977178
Sebastian Aho,0.3965568622152491,0.08816866555259259,0.09718518518518518,3375,0.00901651963259259
Timo Meier,0.39631572363062445,0.07755502980201233,0.07432651736449204,3081,-0.0032285124375202867
Andrew Cogliano,0.3962529700963694,0.07459556729166665,0.05773809523809524,1680,-0.01685747205357141
Pavel Buchnevich,0.39614025335165964,0.08491007537704917,0.10218579234972677,1830,0.0172757169726776
Chris Wagner,0.39613820004836153,0.07453970617177913,0.05644171779141104,815,-0.018097988380368087
William Nylander,0.39607336232777574,0.08153873474559685,0.09328114807566862,3066,0.011742413330071769
William Eklund,0.3960110553005493,0.09184266960662525,0.07039337474120083,483,-0.02144929486542442
Adam Cracknell,0.39597389677778094,0.05930562307086613,0.05905511811023622,254,-0.00025050496062990757
Christoffer Ehn,0.3959643881743977,0.06718780366071427,0.044642857142857144,112,-0.02254494651785712
Tim Stutzle,0.395908828534116,0.0908546905860349,0.08229426433915212,802,-0.008560426246882788
David Booth,0.3958870550554256,0.06489306209677417,0.05913978494623656,186,-0.005753277150537611
Jordan Greenway,0.3958359088584569,0.08368493147153597,0.06229860365198711,931,-0.021386327819548856
David Backes,0.39577213955418616,0.07591653721509432,0.07698113207547169,1325,0.0010645948603773686
Saku Maenalanen,0.39566101198917225,0.06954749559999998,0.05333333333333334,150,-0.016214162266666644
Chris Porter,0.39554933558602184,0.06294534035087718,0.05263157894736842,114,-0.010313761403508759
Ryan Callahan,0.3954988464392752,0.07717226910011248,0.06074240719910011,889,-0.016429861901012366
Viktor Stalberg,0.39547817191003676,0.06996196929906541,0.053738317757009345,428,-0.016223651542056065
Alex Tanguay,0.39535824393550695,0.09822957859030836,0.13215859030837004,227,0.03392901171806169
Tyler Ennis,0.3952910407659056,0.07231058944344702,0.06822262118491922,1114,-0.004087968258527808
Justin Williams,0.3952630985598879,0.08176366194550062,0.07731305449936629,1578,-0.004450607446134333
Ondrej Kase,0.3952178907345549,0.0686168857919075,0.06705202312138728,865,-0.0015648626705202229
Kyle Connor,0.395186604312069,0.08765087275749908,0.11022768341163715,2767,0.022576810654138066
Dominic Moore,0.3951183643581699,0.0751757447418738,0.06692160611854685,523,-0.008254138623326954
Mathew Barzal,0.3950563979094788,0.07646020464646464,0.08027644869750133,1881,0.003816244051036699
Jonas Rondbjerg,0.3949820261935677,0.07807747555555554,0.027777777777777776,108,-0.05029969777777776
Kyle Clifford,0.394971940743101,0.0683709605728643,0.044221105527638194,995,-0.024149855045226112
Nick Suzuki,0.39495869554081864,0.08069316941340782,0.10335195530726257,1432,0.022658785893854755
Denis Malgin,0.39486440957856556,0.07296189244618394,0.08023483365949119,511,0.007272941213307252
Jeff Carter,0.394851154783623,0.0803996932165605,0.07802547770700637,2512,-0.002374215509554134
Matt Halischuk,0.3948472842384882,0.06749137874999998,0.025,120,-0.04249137874999998
Dustin Brown,0.39484214737438356,0.07186041666500745,0.0627177700348432,2009,-0.009142646630164245
Patrick Dwyer,0.39477421657014605,0.053502168476190465,0.047619047619047616,105,-0.005883120857142848
Magnus Paajarvi,0.3947597374524134,0.07221197113502933,0.060665362035225046,511,-0.01154660909980429
Zack Smith,0.3947258673748044,0.07690307474820142,0.07314148681055156,834,-0.0037615879376498573
Nick Bjugstad,0.3947215459234052,0.0799765678762786,0.07111544081831467,2053,-0.008861127057963936
R.J. Umberger,0.394475111062765,0.08034760279187816,0.05583756345177665,197,-0.024510039340101514
Brendan Gaunce,0.3943563791126735,0.0688332368224299,0.040498442367601244,321,-0.02833479445482865
Tanner Pearson,0.394316035407929,0.0805487316793893,0.07684478371501273,1965,-0.003703947964376564
Brandon Sutter,0.3942504890539879,0.07530956548179871,0.08029978586723768,934,0.004990220385438976
Henrik Borgstrom,0.39423753566255454,0.07736506453900709,0.09219858156028368,141,0.014833517021276596
Derek Dorsett,0.3941815261437618,0.06849352835820893,0.05970149253731343,335,-0.008792035820895501
Nick Shore,0.39409989863912465,0.07103806661800485,0.0364963503649635,411,-0.03454171625304135
Mikhail Grigorenko,0.3940915638294164,0.06957672596923076,0.07076923076923076,325,0.0011925048000000077
Cam Atkinson,0.3939938296662475,0.08533976611445782,0.08396084337349398,2656,-0.0013789227409638366
Brett Leason,0.3938491295770579,0.06581733138743454,0.06544502617801047,382,-0.00037230520942406475
Mike Fisher,0.39383826318550796,0.08400717758913412,0.09847198641765705,589,0.014464808828522926
Torrey Mitchell,0.39383783687311125,0.07873299699421964,0.0953757225433526,346,0.01664272554913296
Shane Doan,0.39383435570392755,0.07946924247800585,0.07038123167155426,682,-0.009088010806451594
Eric Staal,0.39360264388033656,0.0881723603912828,0.08469539375928678,2019,-0.003476966631996023
Jiri Sekac,0.39360105743428314,0.06463577865671641,0.04975124378109453,201,-0.014884534875621878
Lias Andersson,0.39356696116083806,0.07651728492753622,0.050724637681159424,138,-0.025792647246376796
Joey Anderson,0.3935537473392954,0.07634452966666666,0.07037037037037037,270,-0.005974159296296286
Nazem Kadri,0.3934781250661282,0.0800124069366391,0.0765840220385675,3630,-0.003428384898071596
Andy Andreoff,0.3934537319285625,0.07322272366255143,0.05761316872427984,243,-0.015609554938271597
Alexis Lafreniere,0.39309664035051245,0.07758280110059171,0.0970414201183432,845,0.01945861901775149
Andrei Svechnikov,0.3930952827551243,0.08857435210453282,0.08048103607770583,2162,-0.008093316026826988
Alex Laferriere,0.3928482543609581,0.07059935852941175,0.05536332179930796,578,-0.015236036730103791
Alexander Burmistrov,0.39280839600266043,0.07035329541322312,0.05785123966942149,242,-0.01250205574380163
Tobias Rieder,0.39275619591334,0.07679195093975902,0.05381526104417671,1245,-0.02297668989558231
Cole Perfetti,0.3927257948831748,0.08744131530081299,0.08130081300813008,615,-0.006140502292682912
Josh Jooris,0.39268495442933604,0.06741101380352643,0.05793450881612091,397,-0.009476504987405522
Adam Ruzicka,0.39266513278660525,0.06938830812499998,0.07291666666666667,192,0.003528358541666693
Peyton Krebs,0.3926518837513608,0.07045879431506849,0.0684931506849315,438,-0.0019656436301369873
Chris Terry,0.3925932608699389,0.07551702300847457,0.08898305084745763,236,0.013466027838983055
Bobby Brink,0.39255658366586493,0.08583660033670033,0.07744107744107744,297,-0.008395522895622898
Jesperi Kotkaniemi,0.39245287287298153,0.07789407834612105,0.07502131287297528,1173,-0.002872765473145772
Chris Neil,0.3923760755268828,0.0808173104639175,0.05154639175257732,194,-0.029270918711340188
Connor Dewar,0.392337493511924,0.0777388966062176,0.05958549222797927,386,-0.018153404378238334
Chris Stewart,0.39217552300749126,0.08331107409594095,0.08302583025830258,542,-0.0002852438376383659
Anton Slepyshev,0.39207973123333184,0.06746806127358489,0.06132075471698113,212,-0.006147306556603754
Reese Johnson,0.39206576820375993,0.07753619286549707,0.04093567251461988,171,-0.036600520350877186
Morgan Barron,0.39201095431480804,0.08101604701010101,0.05858585858585859,495,-0.022430188424242423
Zachary Aston-Reese,0.39199826530375564,0.09239554303703701,0.044444444444444446,135,-0.04795109859259256
John Hayden,0.3919799616487774,0.06794793949868072,0.047493403693931395,379,-0.020454535804749326
Ryan Donato,0.39189057198298954,0.07674281294713975,0.0782041998551774,1381,0.001461386908037654
Carl Grundstrom,0.3918263121696469,0.07242878523121386,0.06647398843930635,692,-0.00595479679190751
John Beecher,0.39179974363173975,0.10104037041666665,0.0763888888888889,144,-0.024651481527777755
Simon Holmstrom,0.39162475402528646,0.0787597594169096,0.119533527696793,343,0.040773768279883396
Gustav Nyquist,0.3915820616501053,0.08477144336172118,0.08068130883012102,2231,-0.004090134531600162
Nate Thompson,0.3915799212794882,0.07822188357021995,0.05583756345177665,591,-0.022384320118443296
Derek Grant,0.3915544598786033,0.08267352382871535,0.07052896725440806,794,-0.012144556574307283
Drake Batherson,0.39144624548536494,0.08370962847067556,0.08685968819599109,1347,0.0031500597253155266
Philipp Kurashev,0.3914090623568992,0.07834740624801272,0.07631160572337042,629,-0.0020358005246422922
Vincent Trocheck,0.3913825507426031,0.08278589560744713,0.07415588513726727,3169,-0.00863001047017986
Christian Fischer,0.39134648901531105,0.08059916724173553,0.0640495867768595,968,-0.016549580464876035
Josh Norris,0.39134028620318323,0.0970483147733711,0.1274787535410765,706,0.03043043876770539
Chris Higgins,0.39132034007479327,0.07165048524999998,0.05,320,-0.021650485249999976
Josh Doan,0.3913183639246352,0.1072479125,0.06976744186046512,172,-0.037480470639534885
Ryan Carter,0.3912959926585819,0.07856308701986753,0.06622516556291391,151,-0.012337921456953616
Calle Jarnkrok,0.3912070283597814,0.08065640051878352,0.08407871198568873,1677,0.0034223114669052063
Pierre Engvall,0.3911746083074414,0.08084215835805085,0.07097457627118645,944,-0.009867582086864404
Nick Paul,0.3911680890908432,0.07282295673857866,0.06472081218274112,788,-0.008102144555837548
Martin Pospisil,0.39107472417471056,0.07866709538690475,0.03571428571428571,336,-0.04295280967261904
Nathan Walker,0.39105578079264197,0.07638107264615383,0.09538461538461539,325,0.019003542738461554
Landon Ferraro,0.39092808212481933,0.07391018198412697,0.05555555555555555,126,-0.018354626428571413
Mason McTavish,0.3908597743582162,0.08884238764957264,0.08547008547008547,702,-0.003372302179487169
Maxim Tsyplakov,0.3908511549290961,0.08502991136125654,0.05235602094240838,191,-0.03267389041884816
Carter Verhaeghe,0.39082205402039016,0.09015641430352303,0.0970189701897019,1845,0.006862555886178873
Morgan Geekie,0.3907688542862928,0.07970792104247103,0.10038610038610038,777,0.020678179343629352
Lucas Raymond,0.39075739345782645,0.09173216131201763,0.10804851157662625,907,0.01631635026460862
Sidney Crosby,0.39066733388080493,0.09363910338352038,0.1042978373939228,3653,0.010658734010402418
Alex Nylander,0.3906498139709279,0.06060411558823528,0.06470588235294118,170,0.0041017667647059025
Yakov Trenin,0.3906398617242495,0.08148624537430166,0.06815642458100558,895,-0.013329820793296074
Patrik Berglund,0.3906370180681897,0.07688809118453864,0.08728179551122195,802,0.010393704326683309
Erik Haula,0.3905831373065626,0.08811006618080242,0.08024377856780092,1969,-0.007866287613001496
Devante Smith-Pelly,0.39057997296771285,0.07242563014534882,0.0625,688,-0.009925630145348821
Gabriel Dumont,0.390579694909368,0.07429363157407406,0.027777777777777776,108,-0.04651585379629629
Jesper Boqvist,0.39051746530071935,0.07845942539347407,0.09213051823416507,521,0.013671092840690999
Ryan Johansen,0.39045797561166606,0.09230326980198018,0.09460946094609461,1818,0.002306191144114428
Brandon Duhaime,0.3904241764308997,0.08161422960644006,0.059033989266547404,559,-0.022580240339892657
Joel Farabee,0.39041984308141403,0.08647557075729925,0.08759124087591241,1096,0.0011156701186131601
Thomas Vanek,0.3903899052886173,0.08497717973053891,0.0968063872255489,1002,0.01182920749501
Cal Clutterbuck,0.39038839388391733,0.07963415610604803,0.06628003314001657,1207,-0.01335412296603146
Brooks Laich,0.3903871883135534,0.0810537926689189,0.033783783783783786,296,-0.04727000888513512
Juho Lammikko,0.3902733714543082,0.07676751354679802,0.054187192118226604,203,-0.022580321428571415
Rickard Rakell,0.3901799213078455,0.07824323984793387,0.08165289256198346,3025,0.0034096527140495964
Yanni Gourde,0.39016720443825004,0.09569270350813742,0.0922242314647378,1659,-0.0034684720433996313
Logan Stankoven,0.39013551397599117,0.08430061759999999,0.06222222222222222,450,-0.022078395377777768
Brian Boyle,0.3901152520669747,0.07813240862456747,0.08217993079584775,1156,0.0040475221712802795
Antoine Vermette,0.390060570403268,0.0915696428664495,0.08469055374592833,614,-0.006879089120521167
Ryan O'Reilly,0.3899862620709508,0.0953198185631963,0.0968113714944295,2603,0.0014915529312332088
Nick Schmaltz,0.38995473055172347,0.0902800322966507,0.09637730690362269,1463,0.006097274606971986
Boyd Gordon,0.38992363239999206,0.07556497674418602,0.05232558139534884,172,-0.023239395348837184
Matt Duchene,0.38988435137151856,0.09107190852780805,0.10141766630316248,2751,0.01034575777535443
Brendan Perlini,0.38986792089026334,0.06924952748333332,0.08333333333333333,600,0.014083805850000006
Justin Fontaine,0.389841079895073,0.07872134094017093,0.0641025641025641,234,-0.014618776837606831
Brandon Prust,0.3897287776903726,0.07850800698113207,0.03773584905660377,159,-0.0407721579245283
Matty Beniers,0.3897056538013622,0.08329772258522726,0.09232954545454546,704,0.009031822869318196
Ty Dellandrea,0.3896565868990701,0.07738175403553299,0.048223350253807105,394,-0.029158403781725885
Anze Kopitar,0.38955423493836305,0.0857203000407166,0.1001628664495114,2456,0.014442566408794807
Brian Gibbons,0.3894093450022253,0.07510222702439023,0.09268292682926829,205,0.01758069980487806
Brandon Tanev,0.38932859192065383,0.08579210047826086,0.0791304347826087,1150,-0.006661665695652158
Dennis Rasmussen,0.3892694567336969,0.07951820285714285,0.05714285714285714,175,-0.022375345714285712
Devin Setoguchi,0.3892635779761573,0.07586510184466017,0.038834951456310676,103,-0.03703015038834949
Dwight King,0.38907362134465356,0.07912806263285022,0.07004830917874397,414,-0.009079753454106249
Brock Boeser,0.38906862774213574,0.08736520535646387,0.10218631178707224,2104,0.014821106430608369
Jason Zucker,0.3890009524596017,0.08702293235482578,0.08730476571886263,2497,0.00028183336403685144
J.T. Miller,0.38899738968574926,0.08797643442868097,0.10161042944785276,2608,0.013633995019171785
Clarke MacArthur,0.3889356898203051,0.07675469817120621,0.08171206225680934,257,0.004957364085603128
Connor Brown,0.38891672677926187,0.08385684487756452,0.07544672402382528,1511,-0.008410120853739239
Tomas Jurco,0.3888625067675902,0.06895855393586003,0.043731778425655975,343,-0.02522677551020406
Martin St. Louis,0.38885482587084785,0.10278629173387095,0.08870967741935484,248,-0.014076614314516109
Nic Petan,0.38883003556373774,0.0700739973664122,0.026717557251908396,262,-0.043356440114503805
Jean-Gabriel Pageau,0.3887568445661427,0.09014695470996528,0.08527516113039167,2017,-0.004871793579573611
Kyle Okposo,0.3887279960040271,0.07581638518793272,0.07270029673590504,2022,-0.003116088452027682
Dylan Cozens,0.388681347304761,0.08736989633393828,0.07531760435571688,1102,-0.0120522919782214
Chris Kunitz,0.3886603041293403,0.0772815304408602,0.07311827956989247,930,-0.004163250870967722
Matthew Highmore,0.3886422439044191,0.0802766133447099,0.05802047781569966,293,-0.022256135529010235
Mark Kastelic,0.38860332549494353,0.07512003934482757,0.06551724137931035,290,-0.009602797965517218
A.J. Greer,0.3885532016429614,0.09039016030640666,0.0584958217270195,359,-0.031894338579387164
Jesse Puljujarvi,0.38851014763833047,0.07924879497164461,0.057655954631379965,1058,-0.021592840340264645
Beck Malenstyn,0.38849531241731755,0.07206312614285713,0.04285714285714286,280,-0.029205983285714276
Carl Soderberg,0.3884646279386286,0.08395857766111511,0.07023895727733527,1381,-0.013719620383779843
Jonathan Huberdeau,0.388439663657915,0.09270111397321427,0.09537337662337662,2464,0.002672262650162349
Teddy Blueger,0.3884206279260261,0.08522253404639173,0.06572164948453608,776,-0.01950088456185564
Nico Sturm,0.3883798725774804,0.0844772073044925,0.07820299500831947,601,-0.006274212296173032
Nicolas Aube-Kubel,0.38832475753558776,0.06900382933944953,0.062385321100917435,545,-0.006618508238532092
Mathieu Olivier,0.38830023045301787,0.08388149953964194,0.08184143222506395,391,-0.002040067314577995
Shane Prince,0.3882174155642229,0.07196796414728679,0.05813953488372093,258,-0.01382842926356586
Marco Kasper,0.3882174008911493,0.09444950201923076,0.09134615384615384,208,-0.0031033481730769197
Mikkel Boedker,0.38810424392232357,0.07687266082159623,0.07746478873239436,852,0.0005921279107981292
Gabriel Landeskog,0.3880838982784774,0.09063964950163017,0.09874243129948766,2147,0.008102781797857492
Anders Bjork,0.38807495696951416,0.07540700241982506,0.07580174927113703,343,0.00039474685131196674
Charlie Coyle,0.38791610760035844,0.08697863637764083,0.0840669014084507,2272,-0.00291173496919013
Marcus Johansson,0.38787732939713127,0.08377237283050847,0.08757062146892655,1770,0.0037982486384180864
Shawn Horcoff,0.38787072689707947,0.07947166022624433,0.07692307692307693,221,-0.002548583303167401
Alex Tuch,0.3878373333042875,0.08679138429425286,0.08551724137931034,2175,-0.0012741429149425165
Auston Matthews,0.38774081559478724,0.08875330610804019,0.10703517587939698,3980,0.01828186977135679
Cole Sillinger,0.38768965371056885,0.08001363746288798,0.058029689608636977,741,-0.021983947854251
Max Talbot,0.387658051406643,0.07353009217105262,0.046052631578947366,152,-0.027477460592105256
Joe Veleno,0.3876274174220064,0.08187128948775055,0.08463251670378619,449,0.002761227216035639
Philip Tomasino,0.38761988123637864,0.07855904268656716,0.07249466950959488,469,-0.006064373176972282
Reilly Smith,0.38756576805248777,0.08974934605490785,0.08537044001504325,2659,-0.0043789060398646
Matthew Poitras,0.3875043018497266,0.07619582854368931,0.05825242718446602,103,-0.017943401359223288
Tomas Tatar,0.38744903528180974,0.08524737523030564,0.08996986655187258,2323,0.004722491321566949
Tyler Pitlick,0.3874455043178777,0.07029336376111815,0.07369758576874205,787,0.0034042220076239
Liam O'Brien,0.38732313000780233,0.08191282446735394,0.037800687285223365,291,-0.04411213718213058
Brett Ritchie,0.38725044126560837,0.06708949364044942,0.058426966292134834,890,-0.008662527348314582
Adam Gaudette,0.3872168288506737,0.07476660931271475,0.08247422680412371,582,0.007707617491408955
Brad Richardson,0.3871647374403315,0.08249354496153845,0.07564102564102564,780,-0.006852519320512812
Austin Czarnik,0.3871070455897704,0.06743709003194887,0.05750798722044728,313,-0.009929102811501583
Ryan McLeod,0.3871031506643612,0.08585662758241758,0.09262166405023547,637,0.006765036467817898
Alex Iafallo,0.38709584392238056,0.08010235942557134,0.07288449660284126,1619,-0.007217862822730084
Garrett Wilson,0.3870822140390826,0.07790175431999997,0.024,125,-0.053901754319999974
Blake Coleman,0.3870014953510857,0.08773284408476104,0.07303877366997295,2218,-0.014694070414788082
Cody Eakin,0.3868191847583437,0.08045758139037432,0.0784313725490196,1122,-0.0020262088413547097
Givani Smith,0.38674868217651137,0.07434290264705881,0.04411764705882353,204,-0.03022525558823528
Nick Bonino,0.38673132653329,0.08459967817943678,0.09037328094302555,1527,0.005773602763588764
Alexander Radulov,0.3866115956643396,0.09112968821596243,0.08685446009389672,1278,-0.004275228122065711
Daniel Paille,0.386593415481282,0.08717089982608693,0.05217391304347826,115,-0.03499698678260867
Tyler Johnson,0.3865917678647933,0.08563424142521166,0.09266227657572906,2126,0.007028035150517406
Fedor Svechkov,0.38658707094369255,0.0859450680188679,0.07547169811320754,106,-0.010473369905660362
Rob Klinkhammer,0.3865856032758425,0.06880614872727271,0.05454545454545454,110,-0.014260694181818169
Joel Armia,0.38653920690655336,0.07938764531047864,0.07309184993531695,1546,-0.006295795375161686
Phillip Danault,0.38651504746897464,0.08745179557272241,0.0713905167820991,1877,-0.016061278790623315
Jake Evans,0.3864102689148289,0.08405526294117646,0.06890756302521009,595,-0.015147699915966373
James Sheppard,0.3864072189976232,0.07738687385185183,0.05925925925925926,135,-0.018127614592592572
Tyson Foerster,0.3863918104078326,0.08300460501043841,0.09603340292275574,479,0.013028797912317328
Sean Couturier,0.3863841651244233,0.08936785595666204,0.0834485938220378,2169,-0.005919262134624237
Remi Elie,0.3863459354067335,0.07947768333333333,0.04666666666666667,150,-0.03281101666666666
Oskar Lindblom,0.38634493219345656,0.08465013730985914,0.07887323943661972,710,-0.005776897873239414
Ilya Mikheyev,0.3863211888430205,0.08463522415384614,0.07884615384615384,1040,-0.005789070307692296
Troy Terry,0.3863137481886188,0.08198723809131735,0.08607784431137724,1336,0.0040906062200598975
Eric Fehr,0.38625334088248825,0.08955876906360423,0.08303886925795052,566,-0.006519899805653706
Brandon Dubinsky,0.38622834726613503,0.08454496260808925,0.07531380753138076,717,-0.009231155076708492
Chris Thorburn,0.38605407678017745,0.06908383415162453,0.061371841155234655,277,-0.007711992996389874
Chris VandeVelde,0.38592327358861617,0.08522534969798656,0.06040268456375839,298,-0.02482266513422817
Markus Granlund,0.38590403061321704,0.08536079722137403,0.08549618320610687,655,0.0001353859847328387
Vasily Podkolzin,0.3858812661550069,0.07660581152993347,0.06430155210643015,451,-0.012304259423503314
Austin Wagner,0.38585702824839774,0.0753479759893048,0.058823529411764705,374,-0.016524446577540097
Dmitrij Jaskin,0.3858177728326779,0.06967880274362817,0.041979010494752625,667,-0.027699792248875546
Josh Bailey,0.38578719998925864,0.08320561772666665,0.08933333333333333,1500,0.006127715606666681
Michael McCarron,0.38571718304406705,0.08154593877629063,0.05353728489483748,523,-0.028008653881453148
David Gustafsson,0.38570750292817746,0.075036085625,0.05,160,-0.025036085624999996
David Desharnais,0.38568791696909815,0.09624668942408376,0.10209424083769633,382,0.005847551413612567
Nick Cousins,0.38561305324372724,0.07636242585598824,0.05951506245407789,1361,-0.01684736340191035
Ryan Poehling,0.3855626641067734,0.08670759813121272,0.08349900596421471,503,-0.003208592166998009
Kevin Rooney,0.38545615876566425,0.08356994313465782,0.0706401766004415,453,-0.01292976653421632
Laurent Dauphin,0.38544595369760204,0.08732275214765099,0.04697986577181208,149,-0.04034288637583891
Lawson Crouse,0.38538630158790094,0.0840706067937853,0.0826271186440678,1416,-0.001443488149717495
Tim Schaller,0.3853489971006112,0.08236207965587043,0.06072874493927125,494,-0.02163333471659918
Blake Lizotte,0.38533953967785195,0.0820573884257871,0.0734632683658171,667,-0.008594120059969998
Alexander Wennberg,0.38530870709365395,0.08535747547762998,0.06408706166868199,827,-0.021270413808947994
Mathieu Joseph,0.38525795662253776,0.08405385363291137,0.0759493670886076,790,-0.008104486544303777
David Jones,0.38519829712313,0.08422876244582042,0.08359133126934984,323,-0.000637431176470582
Sam Steel,0.38505961451853493,0.07948811743279569,0.06989247311827956,744,-0.009595644314516122
Josh Leivo,0.38505217222369964,0.06762216643076922,0.06153846153846154,650,-0.006083704892307681
Boone Jenner,0.3850288031330281,0.0847251980103668,0.07456140350877193,2508,-0.01016379450159488
Aleksander Barkov,0.3849741707921696,0.08959143057161628,0.09921156373193167,3044,0.009620133160315389
Jaden Schwartz,0.3848435901631516,0.0928001769915764,0.0870437224227838,2493,-0.005756454568792604
Thomas Bordeleau,0.38482735426650794,0.07444209405405405,0.05405405405405406,111,-0.020388039999999996
Pavel Datsyuk,0.3847796059704183,0.08531556427734374,0.087890625,512,0.0025750607226562583
Zemgus Girgensons,0.38474836653891176,0.07752290225490195,0.06259426847662142,1326,-0.014928633778280534
Josh Anderson,0.3847370776372825,0.0842744746307385,0.07634730538922156,2004,-0.007927169241516943
Sam Bennett,0.3847328459807174,0.0924327939770932,0.07977883096366509,2532,-0.01265396301342811
Lukas Reichel,0.38472144012653486,0.07910128895522386,0.07462686567164178,268,-0.00447442328358208
Zach Aston-Reese,0.3846622866593209,0.08302689580996883,0.06853582554517133,642,-0.014491070264797498
Adam Erne,0.3844799149097616,0.07313331466019417,0.06634304207119741,618,-0.006790272588996754
Tye Kartye,0.38440019178801677,0.07147062622641508,0.07547169811320754,265,0.004001071886792468
Jason Dickinson,0.3843913649503224,0.07874629430497923,0.07572614107883817,964,-0.003020153226141062
Alexis Lafrenire,0.3842756236661764,0.08394728412878787,0.07575757575757576,264,-0.008189708371212107
Lance Bouma,0.38425054128411684,0.08963950743935309,0.0646900269541779,371,-0.024949480485175188
Jonathan Toews,0.384072644837583,0.09248890567581564,0.09994821336095287,1931,0.007459307685137237
Frank Nazar,0.38405212026244984,0.09978032035460992,0.0851063829787234,141,-0.014673937375886514
Tommy Novak,0.3840303199061625,0.08325618460975609,0.1073170731707317,410,0.024060888560975616
Stephen Gionta,0.3840214728658382,0.0717245840271493,0.03167420814479638,221,-0.040050375882352926
Jacob Josefson,0.3840157916298077,0.07291758706422016,0.039755351681957186,327,-0.033162235382262976
Dale Weise,0.38391700577002064,0.07586921175409835,0.07213114754098361,610,-0.0037380642131147335
Michael Pezzetta,0.3839163129092778,0.07363729991666665,0.0625,240,-0.011137299916666649
Robby Fabbri,0.3839052581571048,0.08858365176082861,0.10451977401129943,1062,0.01593612225047082
Dominik Kahun,0.3838878888419653,0.07369989163934425,0.09289617486338798,366,0.019196283224043736
Jordan Martinook,0.38388575567994176,0.08125410232076472,0.05469994689325544,1883,-0.026554155427509274
Pontus Holmberg,0.3837969437917418,0.0877518160700389,0.07392996108949416,257,-0.013821854980544737
Mattias Janmark,0.38374225455046207,0.08844759695046438,0.07507739938080496,1292,-0.013370197569659417
Jayson Megna,0.3837377786106501,0.07801484451162789,0.03255813953488372,215,-0.04545670497674417
Ryan Carpenter,0.3834374164259116,0.07648980339462516,0.04526166902404526,707,-0.031228134370579898
Luke Kunin,0.38336007357907154,0.0829771635249042,0.07375478927203065,1044,-0.009222374252873547
Liam Foudy,0.38332703972219057,0.07640177827411165,0.04060913705583756,197,-0.03579264121827409
Patrik Elias,0.3832756118483739,0.07886425823529411,0.08021390374331551,187,0.0013496455080213993
Quinton Byfield,0.38325696378710733,0.09157488764861293,0.0726552179656539,757,-0.018919669682959037
Brendan Gallagher,0.3832248097805055,0.09158019152400133,0.07150050352467271,2979,-0.02007968799932862
Jamie McGinn,0.3831812579971239,0.09143903740495866,0.08925619834710743,605,-0.0021828390578512297
Tyson Jost,0.3831767847973754,0.07593211713744073,0.06445497630331753,1055,-0.011477140834123198
Matthew Tkachuk,0.3831550999723818,0.09429796432333332,0.09066666666666667,3000,-0.0036312976566666433
Mike Richards,0.3830805852263895,0.08563346505617976,0.03932584269662921,178,-0.04630762235955055
Michael Grabner,0.38304372761700745,0.09916849637265711,0.10584343991179714,907,0.006674943539140027
Matt Nieto,0.3830276312414561,0.08405445302752293,0.06839032527105922,1199,-0.01566412775646371
Johan Larsson,0.38299939212407585,0.07598530891612902,0.06838709677419355,775,-0.00759821214193547
Barclay Goodrow,0.3829566123902553,0.08734758514410479,0.06724890829694323,1145,-0.02009867684716156
Mike Santorelli,0.3829515356174161,0.07951733163265305,0.07482993197278912,294,-0.004687399659863936
MacKenzie Entwistle,0.3829275991039889,0.07754315004329003,0.06493506493506493,231,-0.0126080851082251
Ty Rattie,0.38287515726348054,0.08835885601036268,0.06735751295336788,193,-0.021001343056994803
Alexander Nylander,0.38285421041394624,0.09404327902439025,0.11382113821138211,123,0.01977785918699186
Antoine Roussel,0.38285073985786294,0.08167635429473682,0.07052631578947369,950,-0.011150038505263138
Evgenii Dadonov,0.382815571192042,0.08930537509565216,0.0910144927536232,1725,0.0017091176579710349
Anthony Duclair,0.38281110652788486,0.09283228398989897,0.09911616161616162,1584,0.006283877626262646
Justin Danforth,0.3827923825536362,0.09694749676923076,0.07948717948717948,390,-0.017460317282051274
Trent Frederic,0.38278554136103177,0.0867768951696065,0.08005427408412483,737,-0.006722621085481675
Marko Dano,0.3827496985950649,0.0751510875958188,0.06620209059233449,287,-0.00894899700348431
Marian Gaborik,0.38271735943945373,0.08500031750692519,0.08310249307479224,722,-0.0018978244321329468
Patrice Bergeron,0.3826943194857958,0.0819930415928937,0.08099969888587774,3321,-0.000993342707015954
Scott Hartnell,0.38262587876829585,0.09234522795197739,0.10875706214689265,708,0.016411834194915265
Lee Stempniak,0.38261361394061183,0.09420569833333331,0.0891089108910891,606,-0.005096787442244205
Seth Griffith,0.38255942248986735,0.07099360591304346,0.06956521739130435,115,-0.001428388521739113
Troy Brouwer,0.382549944785776,0.08579074529477194,0.08898776418242492,899,0.003197018887652975
Richard Panik,0.3825464841316514,0.08481158300303335,0.07987866531850354,989,-0.004932917684529803
Lauri Korpikoski,0.3824743783690534,0.08663497182539681,0.06349206349206349,378,-0.023142908333333323
Warren Foegele,0.38247057168243287,0.08899661559706061,0.07103490508266994,1633,-0.017961710514390675
Cody McLeod,0.38241952353196995,0.08138713162650602,0.06927710843373494,332,-0.012110023192771074
Tuomo Ruutu,0.3824177863751207,0.07011460417808217,0.04794520547945205,146,-0.02216939869863012
Elias Lindholm,0.3823139928010512,0.08787203491150442,0.0881268436578171,2712,0.00025480874631268746
Cody Glass,0.3822803688941494,0.08215953900722021,0.0631768953068592,554,-0.018982643700361013
William Karlsson,0.3822578512219629,0.08917764348478353,0.09087012430347192,2333,0.001692480818688391
Matt Stajan,0.38223307017937685,0.0840066986297376,0.06997084548104957,343,-0.014035853148688035
Matt Cullen,0.38217410447606054,0.08352808686730505,0.08481532147742818,731,0.0012872346101231308
Steven Lorentz,0.38216486290436513,0.08516928859519407,0.05730129390018484,541,-0.02786799469500923
Janne Kuokkanen,0.382104094068706,0.07815368325123151,0.06896551724137931,203,-0.0091881660098522
Brock McGinn,0.38206920993064103,0.08599891348547715,0.07219917012448132,1205,-0.013799743360995834
Michael Chaput,0.3819703229903503,0.07834331395721923,0.03208556149732621,187,-0.046257752459893026
Linden Vey,0.38196144733363907,0.08478165189542483,0.0915032679738562,153,0.006721616078431372
Conor Sheary,0.3819166651406652,0.08204182299350647,0.08506493506493507,1540,0.0030231120714285936
Radek Faksa,0.3818495970275299,0.08790237131299733,0.06697612732095491,1508,-0.020926243992042418
Filip Chytil,0.38184404878226036,0.07555593835627529,0.0680161943319838,1235,-0.0075397440242914865
Martin Hanzal,0.381762289499859,0.08390225593749998,0.07142857142857142,672,-0.01247368450892855
Gabriel Bourque,0.38170299388455786,0.07477944631884056,0.04927536231884058,345,-0.025504083999999982
Tanner Kero,0.3816764268931381,0.076961226875,0.057291666666666664,192,-0.019669560208333332
Valtteri Filppula,0.38167585218452793,0.09278586705128204,0.1,780,0.007214132948717963
Aliaksei Protas,0.3816186674552295,0.08878330929347825,0.07971014492753623,552,-0.009073164365942021
Connor Zary,0.38158314856679404,0.08821433080985915,0.09507042253521127,284,0.00685609172535212
Brady Tkachuk,0.3813885320773171,0.08972336747608535,0.0717439293598234,2718,-0.017979438116261945
Jimmy Vesey,0.38133092420196163,0.09040127986764704,0.07573529411764705,1360,-0.014665985749999985
Riley Sheahan,0.38128956076557785,0.08456178196261681,0.06355140186915888,1070,-0.02101038009345793
Daniel Carr,0.381265699721085,0.07753179654471543,0.06504065040650407,246,-0.012491146138211354
Nick Spaling,0.38117973913336733,0.07892090205020919,0.05439330543933055,239,-0.024527596610878638
Anton Lander,0.3811648596558179,0.08491058876543207,0.04938271604938271,162,-0.03552787271604936
Bo Horvat,0.3809974161037773,0.09086558968794325,0.09964539007092199,2820,0.008779800382978736
Benoit Pouliot,0.38098405016278025,0.08219229270609317,0.0967741935483871,558,0.014581900842293924
Tomas Nosek,0.3809838502453824,0.08365845832644626,0.05268595041322314,968,-0.030972507913223125
Ross Colton,0.38089315259416706,0.09112013955951263,0.08528584817244611,1067,-0.005834291387066523
Jordan Eberle,0.3808821785141492,0.08586556650470809,0.08700564971751412,2655,0.0011400832128060367
Cory Conacher,0.38081053785128927,0.07843341555555554,0.07142857142857142,126,-0.007004844126984114
Nick Foligno,0.38070302244448107,0.09189745499999999,0.0865979381443299,1940,-0.0052995168556700945
Emerson Etem,0.38066589879118695,0.07615696222641509,0.05660377358490566,265,-0.019553188641509428
Greg McKegg,0.3806432514554972,0.08399606861344537,0.09663865546218488,238,0.012642586848739507
Patrick Eaves,0.3805295229130419,0.09246831546310831,0.0989010989010989,637,0.006432783437990586
Dominik Simon,0.3805009316803206,0.06997367817813764,0.044534412955465584,494,-0.025439265222672057
Mason Marchment,0.3802360238728176,0.09051112500488759,0.08406647116324535,1023,-0.006444653841642237
Alan Quine,0.3802112765868416,0.07307228910614524,0.061452513966480445,179,-0.0116197751396648
Danton Heinen,0.38015869624205245,0.08406913997663551,0.0794392523364486,1284,-0.0046298876401869166
Ondrej Palat,0.380131352016266,0.09417987025034136,0.09103322712790168,2197,-0.003146643122439674
Ryan Nugent-Hopkins,0.3801271476857711,0.09226785328781889,0.09090909090909091,2783,-0.001358762378727979
Corey Perry,0.37988942831072753,0.09761780720846644,0.09065495207667731,2504,-0.006962855131789125
Loui Eriksson,0.37985845346073616,0.0921748938868613,0.08485401459854014,1096,-0.007320879288321161
Ryan Kesler,0.37984452660280554,0.08589418515151515,0.07125307125307126,1221,-0.014641113898443886
Will Cuylle,0.37982348769095287,0.0939755011002445,0.08557457212713937,409,-0.008400928973105126
Connor McDavid,0.37981485608125415,0.09804125185308847,0.11185308848080133,3594,0.013811836627712862
David Kampf,0.3798140981022479,0.08752600991972474,0.05963302752293578,872,-0.02789298239678896
Riley Nash,0.37964595559090386,0.08378537925555554,0.057777777777777775,900,-0.026007601477777767
Brandon Hagel,0.3796407088396678,0.10971107732382548,0.1098993288590604,1192,0.00018825153523491234
Paul Cotter,0.3795785429035567,0.08495419431654676,0.09112709832134293,417,0.00617290400479617
Max Comtois,0.37956205342196075,0.08025708862527715,0.08425720620842572,451,0.004000117583148569
Mavrik Bourque,0.3795324662475534,0.09177826551020407,0.07482993197278912,147,-0.016948333537414956
Chandler Stephenson,0.37952131266836564,0.09523002322549018,0.11470588235294117,1020,0.019475859127450992
Stefan Noesen,0.37946944398286836,0.09298576310315429,0.07587382779198636,1173,-0.017111935311167933
Andreas Johnsson,0.3794498057267941,0.08557424147707977,0.0865874363327674,589,0.001013194855687627
Andrew Copp,0.37944679922515423,0.09574514795469687,0.08261159227181879,1501,-0.013133555682878079
Michael McLeod,0.3794052301004301,0.0833450753235908,0.06471816283924843,479,-0.018626912484342367
Tommy Wingels,0.3793433989353205,0.07858066001533741,0.06134969325153374,652,-0.017230966763803666
Sven Baertschi,0.3793341890903266,0.0894735532411067,0.11462450592885376,506,0.025150952687747058
Joel Eriksson Ek,0.3792999574446585,0.0930083738657282,0.0768814293448836,1847,-0.016126944520844608
Oskar Sundqvist,0.37909151684786146,0.08915192550884955,0.0752212389380531,904,-0.01393068657079645
Tom Pyatt,0.3789293301463589,0.07847725837060703,0.05750798722044728,313,-0.020969271150159743
Sonny Milano,0.3789105718382784,0.08124900938628157,0.11191335740072202,554,0.030664348014440443
Pavel Zacha,0.37890745327199504,0.0855678476783398,0.08171206225680934,1542,-0.0038557854215304638
Dillon Dube,0.3788650719672438,0.08307655483914209,0.08176943699731903,746,-0.0013071178418230522
Dainius Zubrus,0.37877576562649407,0.0768009780645161,0.05161290322580645,155,-0.025188074838709655
Brett Connolly,0.3787390871269251,0.08069461608453836,0.11457174638487208,899,0.03387713030033372
Jiri Hudler,0.3787188120584599,0.09306748493150684,0.1232876712328767,438,0.03022018630136987
Sam Lafferty,0.37867926122653583,0.07940561076376554,0.07104795737122557,563,-0.008357653392539965
Joffrey Lupul,0.37867474552119434,0.09274595968749999,0.07291666666666667,288,-0.01982929302083332
Marcus Foligno,0.37858768602849013,0.09777369391987431,0.09819324430479183,1273,0.00041955038491751917
Curtis McKenzie,0.37856993564509434,0.07869293530054644,0.0546448087431694,183,-0.024048126557377043
Jamie Benn,0.3785249524145378,0.09831811535647278,0.09568480300187618,3198,-0.002633312354596601
Jayce Hawryluk,0.37836421596113007,0.08945616777777776,0.1111111111111111,108,0.021654943333333343
Bryan Rust,0.3782209493133202,0.09248587851867218,0.09211618257261411,2410,-0.00036969594605806844
Pat Maroon,0.37819767621718875,0.09246505831265507,0.06575682382133995,806,-0.026708234491315125
Cole Smith,0.37819544487431006,0.09894455337988826,0.04748603351955307,358,-0.05145851986033519
Joel Kiviranta,0.37814852503480606,0.09462925916831683,0.08316831683168317,505,-0.011460942336633653
Milan Lucic,0.37793481579416904,0.08805345820827942,0.07438551099611902,1546,-0.0136679472121604
Zack Kassian,0.3779100808184269,0.08849965093676813,0.08548009367681499,854,-0.0030195572599531484
Robert Thomas,0.37782480175482724,0.09045779768194069,0.10152740341419586,1113,0.01106960573225517
Micheal Ferland,0.3777055588626561,0.08644693036513544,0.07420494699646643,849,-0.01224198336866901
Justin Abdelkader,0.3776311268950816,0.0870484170645161,0.07311827956989247,930,-0.013930137494623629
Alex Killorn,0.3775830073661164,0.08944597382830625,0.09590100541376644,2586,0.00645503158546018
Curtis Glencross,0.37751440966797556,0.09076499919999999,0.08,175,-0.010764999199999986
Fredrik Olofsson,0.3774325701854928,0.0932392317142857,0.0380952380952381,105,-0.05514399361904761
Maxim Mamin,0.3774206015230016,0.09060146935999998,0.072,125,-0.018601469359999984
Ridly Greig,0.3773647118276753,0.09599518363402061,0.07474226804123711,388,-0.0212529155927835
Tom Kuhnhackl,0.3773183479300053,0.07587921789325841,0.056179775280898875,356,-0.019699442612359536
Michael Amadio,0.37716932071588155,0.08820320217113663,0.09450830140485313,783,0.006305099233716499
Casey Cizikas,0.37713525242170437,0.08739550936005624,0.0759493670886076,1422,-0.011446142271448648
Hendrix Lapierre,0.3771243928770242,0.07730168537190081,0.08264462809917356,121,0.005342942727272745
Kirby Dach,0.37701702956615823,0.08747172363492062,0.06984126984126984,630,-0.017630453793650774
Shawn Matthias,0.376971366588618,0.08450892567441859,0.09302325581395349,430,0.008514330139534898
Andrew Ladd,0.37683843197269384,0.08291606813513512,0.08648648648648649,1110,0.0035704183513513704
Mathieu Perreault,0.37675678467223006,0.09224242977252047,0.08553230209281165,1099,-0.006710127679708813
William Carrier,0.3766873627304316,0.08865635494222221,0.060444444444444446,1125,-0.028211910497777763
Matt Martin,0.37659728096513523,0.07771779076056337,0.06009389671361502,1065,-0.01762389404694835
Mackenzie MacEachern,0.37658734504833524,0.08078190874316939,0.06557377049180328,183,-0.015208138251366105
Alex Barre-Boulet,0.3764955887855455,0.09316631508333333,0.1,120,0.00683368491666668
Jaromir Jagr,0.3764533986759831,0.0920060270872483,0.08187919463087248,745,-0.010126832456375814
Micheal Haley,0.37640624842604753,0.0820636548017621,0.039647577092511016,227,-0.042416077709251085
Morgan Frost,0.37634336706720967,0.08030232992084432,0.06860158311345646,758,-0.011700746807387863
Patrick Maroon,0.3761971572696142,0.09278368497477293,0.08173562058526741,991,-0.011048064389505521
Eric Robinson,0.3761943721467735,0.09096016837468983,0.06947890818858561,806,-0.021481260186104217
Jimmy Hayes,0.3761657578009871,0.09006603151631476,0.0710172744721689,521,-0.019048757044145853
Drew O'Connor,0.3761281552944237,0.09598426686411149,0.05749128919860627,574,-0.03849297766550522
Mark Stone,0.37607889770604536,0.10136265637283845,0.11261071277941796,2371,0.011248056406579512
Patrick Marleau,0.37604316710046737,0.09592251526561586,0.08231173380035026,1713,-0.013610781465265606
Anthony Beauvillier,0.37602636802747985,0.08081151849812933,0.07910208444681988,1871,-0.0017094340513094525
Zachary L'Heureux,0.37600043653613113,0.09249039527559053,0.03937007874015748,127,-0.053120316535433046
Jake DeBrusk,0.3759726995803459,0.09285811011387161,0.09989648033126294,1932,0.007038370217391329
Elmer Soderblom,0.37596734549008226,0.09877061457142856,0.08571428571428572,105,-0.013056328857142849
Sam Reinhart,0.3759106917688935,0.10213504016225165,0.1076158940397351,3020,0.005480853877483441
Sammy Blais,0.3758796542079737,0.07794131942708332,0.078125,384,0.00018368057291667794
Chris Tierney,0.37580446958373703,0.09304209613984674,0.08141762452107279,1044,-0.011624471618773946
Brendan Lemieux,0.37577822220182144,0.07428929667322834,0.07086614173228346,508,-0.0034231549409448753
Colin Greening,0.375739984205046,0.08059430716417909,0.05970149253731343,134,-0.02089281462686566
Leo Komarov,0.37571925374083887,0.08751378059023834,0.0681044267877412,881,-0.019409353802497142
Logan O'Connor,0.37568488728848765,0.0878753599160839,0.06713286713286713,715,-0.02074249278321677
Gregory Campbell,0.37567971378796017,0.07676559018181817,0.05454545454545454,165,-0.022220135636363623
Bryan Little,0.3755332908983702,0.09145560895410884,0.10458911419423693,937,0.013133505240128088
Nick Ritchie,0.37523819308272705,0.08217090796911196,0.0694980694980695,1295,-0.01267283847104246
Jiri Tlusty,0.3752191823297435,0.08533974557017543,0.07017543859649122,228,-0.015164306973684205
Dylan Gambrell,0.37509655467082936,0.07864580477564101,0.057692307692307696,312,-0.020953497083333314
Leo Carlsson,0.3749565704091718,0.08895428031545739,0.09779179810725552,317,0.00883751779179813
Matt Calvert,0.37478924247260625,0.08482748971428569,0.07802197802197802,910,-0.00680551169230767
Derek Roy,0.37477111488614673,0.1018637056687898,0.07643312101910828,157,-0.025430584649681523
Alexander Kerfoot,0.3746994218445404,0.10009847130308878,0.08687258687258688,1036,-0.013225884430501905
Jujhar Khaira,0.37463435115658855,0.07905920056818182,0.06439393939393939,528,-0.014665261174242425
Colton Sissons,0.3746216533158515,0.09427059184397162,0.08116627265563436,1269,-0.013104319188337252
Jordan Weal,0.3745640348718189,0.08674031830275228,0.07339449541284404,436,-0.013345822889908238
Brayden Schenn,0.37456021552749413,0.100587030305373,0.09586393505991496,2587,-0.004723095245458039
Dylan Strome,0.37445445551590495,0.0919174061239731,0.11277072442120986,1339,0.02085331829723676
Brandon Saad,0.3743769653399,0.09097505278781037,0.09668924003009782,2658,0.0057141872422874496
Pierre-Luc Dubois,0.374322240455881,0.09027324335291237,0.08565834557023984,2043,-0.004614897782672531
Tyler Bertuzzi,0.37424344329266884,0.1036986995567867,0.09833795013850416,1444,-0.0053607494182825455
Alexey Toropchenko,0.37422188541435913,0.09068836787564766,0.07772020725388601,386,-0.012968160621761649
Mark Scheifele,0.3742203886003606,0.10312590850385037,0.1276127612761276,2727,0.024486852772277246
Ryan Dzingel,0.374166653743483,0.09159142637220256,0.10600706713780919,849,0.014415640765606627
Michael Raffl,0.37415372734071967,0.09174356120234603,0.08602150537634409,1023,-0.005722055826001937
Tom Wilson,0.37413533032325474,0.09443204198942814,0.09322441134070159,2081,-0.0012076306487265598
Jack McBain,0.3741303247943023,0.09861064892761393,0.0938337801608579,373,-0.004776868766756023
Michael Sgarbossa,0.37395856056671245,0.08766378203703704,0.08333333333333333,108,-0.004330448703703707
Seth Jarvis,0.37395788375758965,0.10613294181818181,0.09591326105087573,1199,-0.010219680767306075
Tyler Bozak,0.37388316250045805,0.09317098981057614,0.08681925808997633,1267,-0.006351731720599815
Carter Rowney,0.3738373840642168,0.08787021103092782,0.08247422680412371,291,-0.00539598422680411
Alex Newhook,0.3737149607649921,0.08730587493233082,0.0887218045112782,665,0.0014159295789473864
Eetu Luostarinen,0.37368103640498723,0.09311665784386616,0.07434944237918216,807,-0.018767215464684003
Nolan Patrick,0.37362978975886496,0.09120453333333332,0.07006369426751592,471,-0.0211408390658174
Nicholas Paul,0.3736036064483627,0.10007278277280857,0.1001788908765653,559,0.00010610810375673296
Artturi Lehkonen,0.37356984501850854,0.09556338707537687,0.08592964824120602,1990,-0.009633738834170846
Colin Wilson,0.37352908902948406,0.09050921284424378,0.08126410835214447,886,-0.00924510449209931
Nino Niederreiter,0.3734095421582357,0.09603912031923076,0.09230769230769231,2600,-0.0037314280115384457
Nic Dowd,0.373379377174136,0.090994952787068,0.09698996655518395,897,0.005995013768115953
Max Jones,0.3732988675713783,0.08460787146579803,0.05211726384364821,614,-0.032490607622149816
Curtis Lazar,0.3732355504320664,0.09103177410404623,0.056647398843930635,865,-0.03438437526011559
Brock Nelson,0.37318759786282074,0.09168288220433869,0.10986703988803359,2858,0.0181841576836949
Frederik Gauthier,0.3730594245697259,0.08070482766871163,0.07975460122699386,163,-0.0009502264417177719
Keegan Kolesar,0.3730366499933036,0.0893055430191972,0.07155322862129145,573,-0.017752314397905755
Shane Pinto,0.37299622036866487,0.09848594954041204,0.08240887480190175,631,-0.01607707473851029
Juraj Slafkovsky,0.3728164723719369,0.09326856284369114,0.08097928436911488,531,-0.012289278474576268
Melker Karlsson,0.3728137180089011,0.08461733933503836,0.08312020460358056,782,-0.0014971347314577943
Garnet Hathaway,0.3727290269182243,0.08881352901435406,0.07464114832535886,1045,-0.014172380688995206
Marco Rossi,0.3727274856575665,0.08981978528925619,0.09710743801652892,484,0.007287652727272734
Evgeny Svechnikov,0.3723885806028242,0.08186504356862744,0.0784313725490196,255,-0.0034336710196078285
Devin Shore,0.37231048405069195,0.08529787705111401,0.06815203145478375,763,-0.017145845596330256
Nils Hoglander,0.3722986636418869,0.089813704479638,0.0889894419306184,663,-0.0008242625490195998
Jacob Peterson,0.37220486932327945,0.08585143216560509,0.08917197452229299,157,0.003320542356687897
Hudson Fasching,0.3720517712507858,0.09476535490706317,0.06691449814126393,269,-0.027850856765799237
Alex Formenton,0.3719642417216228,0.10497516282442748,0.08778625954198473,262,-0.017188903282442755
Connor McMichael,0.3719589760786411,0.09818633964006258,0.09076682316118936,639,-0.00741951647887322
Tyler Graovac,0.37168233905492715,0.09608568082568807,0.11009174311926606,109,0.014006062293577995
Matt Puempel,0.37137944569726244,0.0939496568382353,0.08088235294117647,136,-0.013067303897058818
Wyatt Johnston,0.3713151239782686,0.09412469208812259,0.1024904214559387,1044,0.008365729367816113
Luke Glendening,0.3710957086091738,0.08974952490406753,0.06676899462778205,1303,-0.02298053027628548
Jakob Pelletier,0.3710618283618064,0.09525846106666665,0.07333333333333333,150,-0.021925127733333313
Mitchell Chaffee,0.3710120597552074,0.09450784125827813,0.11258278145695365,151,0.018074940198675518
Julien Gauthier,0.3709170003443173,0.08682049925531914,0.0673758865248227,282,-0.01944461273049644
J.T. Compher,0.3709124999649254,0.0960008893534166,0.09845701689933872,1361,0.0024561275459221293
Dawson Mercer,0.37079414631957025,0.10764373840286054,0.10369487485101311,839,-0.003948863551847426
Martin Erat,0.37078445081268374,0.08147957148437499,0.0703125,128,-0.011167071484374985
Valeri Nichushkin,0.37076854300014483,0.09449166462985437,0.0904126213592233,1648,-0.004079043270631064
Zach Sanford,0.37072109827745764,0.08556517678247733,0.0755287009063444,662,-0.01003647587613292
Taylor Raddysh,0.37056655679520795,0.0956502980625,0.0671875,640,-0.028462798062500003
Drake Caggiula,0.37055859550543047,0.08460681098522166,0.08210180623973727,609,-0.0025050047454843877
Steve Bernier,0.37034752622360884,0.11417761525714283,0.09714285714285714,175,-0.01703475811428569
Alex Wennberg,0.3702426169562,0.10329319737642584,0.10456273764258556,526,0.0012695402661597188
T.J. Oshie,0.3700263971392578,0.09973589398899585,0.11095827602017423,2181,0.011222382031178382
Tanner Jeannot,0.36955209852891685,0.09675280979020978,0.08566433566433566,572,-0.011088474125874118
Matt Moulson,0.36952972256072547,0.08860291313620071,0.06272401433691756,558,-0.02587889879928315
Jori Lehtera,0.36947851558387773,0.08583069390697672,0.08837209302325581,430,0.002541399116279097
Jonathan Dahlen,0.3693567234052785,0.10052590766423357,0.08759124087591241,137,-0.012934666788321156
Rudolfs Balcers,0.3693056882060726,0.09098104008620689,0.08045977011494253,348,-0.01052126997126436
Derek Ryan,0.36876851913653574,0.09026975432458696,0.0826044703595724,1029,-0.007665283965014563
Colin White,0.368746674841786,0.08469355485086341,0.0706436420722135,637,-0.014049912778649906
Joseph Blandisi,0.3687032410801079,0.08660734148148146,0.07407407407407407,135,-0.012533267407407386
Noah Cates,0.36855916138598127,0.1043504362309368,0.08714596949891068,459,-0.017204466732026122
Wayne Simmonds,0.3685497851599186,0.10158234666475971,0.08695652173913043,1748,-0.014625824925629277
Artem Anisimov,0.36850507521146486,0.09691579036310106,0.10206084396467124,1019,0.005145053601570179
Andrew Shaw,0.3683986059961824,0.09934036373699147,0.07852412488174078,1057,-0.02081623885525069
Jonah Gadjovich,0.36827416004116076,0.09392329694690266,0.05309734513274336,226,-0.040825951814159295
Zach Parise,0.368093024627113,0.1031173159910913,0.09175946547884187,2245,-0.011357850512249426
Chris Kreider,0.3678131126843081,0.09935082236276083,0.11043338683788122,3115,0.01108256447512039
Ben Smith,0.36780240336424036,0.0941237396482412,0.05527638190954774,199,-0.03884735773869345
Patric Hornqvist,0.3677999059213215,0.09359258493629263,0.07562679819153309,2433,-0.017965786744759543
Jay McClement,0.3676858195648822,0.09158165762096773,0.06048387096774194,248,-0.031097786653225795
Joe Pavelski,0.36767256882106575,0.09757813043505281,0.10348042262274705,3218,0.005902292187694239
Joel Ward,0.3676690935709236,0.10186647361263736,0.09065934065934066,728,-0.0112071329532967
John Tavares,0.36754719982966527,0.09997891628848062,0.09508440913604767,4028,-0.0048945071524329475
Milan Michalek,0.36744393097772066,0.088483969602649,0.0728476821192053,302,-0.0156362874834437
Alex Turcotte,0.3674025357309658,0.0965031919760479,0.059880239520958084,167,-0.03662295245508981
David Moss,0.367360111639724,0.08674961717557249,0.030534351145038167,131,-0.056215266030534325
Pius Suter,0.36714267553252306,0.1018383199770642,0.09747706422018348,872,-0.004361255756880719
Travis Zajac,0.3671045280665284,0.0954762895132275,0.09417989417989418,945,-0.0012963953333333111
Vladislav Namestnikov,0.36706713561297527,0.10573837685893415,0.09216300940438872,1595,-0.013575367454545434
Isac Lundestrom,0.3669484899049442,0.09180290577433627,0.0752212389380531,452,-0.016581666836283163
Adam Henrique,0.3668763483382187,0.09754883062648315,0.10963455149501661,2107,0.012085720868533462
Michael Rasmussen,0.36686472205966075,0.10400897862158646,0.0754226267880364,769,-0.02858635183355006
Sheldon Dries,0.3667060938565926,0.08870795054545454,0.07272727272727272,220,-0.015980677818181813
Noel Acciari,0.36663274409760993,0.09375559898043254,0.07518022657054584,971,-0.0185753724098867
Dominic Toninato,0.36660709074684267,0.09760054760416666,0.07291666666666667,192,-0.024683880937499986
David Clarkson,0.36638152288023823,0.08682723497076023,0.07017543859649122,171,-0.016651796374269
Mark Jankowski,0.3663803937121122,0.09081398539918807,0.09336941813261164,739,0.0025554327334235682
Shane Wright,0.3663504683239681,0.10626638243386242,0.12698412698412698,189,0.020717744550264552
Klim Kostin,0.3663298493457825,0.07980670856573704,0.11155378486055777,251,0.03174707629482072
Cedric Paquette,0.3659957363000479,0.08488351818639796,0.06926952141057935,794,-0.015613996775818609
Roope Hintz,0.36593206901998193,0.10311928522379603,0.11388101983002832,1765,0.010761734606232295
Wade Allison,0.36573662200146495,0.09407256042682927,0.07926829268292683,164,-0.014804267743902436
Michael Ryder,0.3655449973635788,0.07417038734374998,0.046875,128,-0.027295387343749977
Sean Monahan,0.3654481849083698,0.10557095054383114,0.10186688311688312,2464,-0.003704067426948024
James van Riemsdyk,0.3651974113921361,0.09823532937888198,0.09277950310559006,2576,-0.005455826273291914
Michael Bunting,0.3651389428941481,0.10466690504265402,0.09194312796208531,1055,-0.01272377708056871
Jake Guentzel,0.36512448815815907,0.10632296816334355,0.11848159509202454,2608,0.012158626928680985
Anthony Cirelli,0.36499464520735986,0.10409295993906567,0.09681787406905891,1477,-0.007275085870006762
Sergey Kalinin,0.36496701245774543,0.09441293702702701,0.06756756756756757,148,-0.026845369459459437
Ryan Reaves,0.3649517805431533,0.08833419729936304,0.07006369426751592,785,-0.018270503031847116
Jake Neighbours,0.36469945405371257,0.11182311498896247,0.12582781456953643,453,0.01400469958057396
Zach Benson,0.36464759554633847,0.1077777878153846,0.06461538461538462,325,-0.04316240319999998
Dmitri Voronkov,0.36448392083200293,0.10664695820689656,0.09195402298850575,435,-0.01469293521839081
Erik Cole,0.36426847868022855,0.08320381074074074,0.12962962962962962,162,0.04642581888888889
Nico Hischier,0.36424464060633766,0.10357164044444443,0.0959349593495935,1845,-0.007636681094850939
Jordan Staal,0.3642028790611533,0.1013336228396739,0.07653985507246377,2208,-0.024793767767210123
Justin Brazeau,0.363952099334753,0.09797045609137056,0.08629441624365482,197,-0.011676039847715744
Joe Colborne,0.36394601714963776,0.08405718093023254,0.10631229235880399,301,0.02225511142857145
Jay Beagle,0.3638381238153946,0.09094029613259666,0.0718232044198895,724,-0.01911709171270716
Alex Chiasson,0.3636618043713822,0.10064578456190475,0.09904761904761905,1050,-0.001598165514285696
Lukas Sedlak,0.3633138538055991,0.09301229722419926,0.060498220640569395,281,-0.03251407658362987
Adam Lowry,0.36330289148321177,0.10161570125666862,0.07943094250148192,1687,-0.022184758755186704
Juuso Parssinen,0.36313702242117485,0.11119510345360822,0.10309278350515463,194,-0.00810231994845359
Brett Howden,0.36298229596147713,0.09894836727873182,0.09379128137384413,757,-0.005157085904887698
Ivan Barbashev,0.36270975466562966,0.10133848126984125,0.11445279866332497,1197,0.013114317393483718
Andrei Kuzmenko,0.3626876826599564,0.09935298078571428,0.13214285714285715,560,0.032789876357142866
Alex Kerfoot,0.3622526400783434,0.11851625448275861,0.07471264367816093,174,-0.04380361080459769
Tomas Hertl,0.36188596491008984,0.10403757863349423,0.09766060155959896,2693,-0.006376977073895271
Marcus Sorensen,0.3616291382745203,0.08808314785529715,0.09043927648578812,387,0.002356128630490964
Nikolay Kulemin,0.3610212630059971,0.10349301825396824,0.08843537414965986,441,-0.015057644104308376
Rem Pitlick,0.36087227731983446,0.11131472579268291,0.12804878048780488,164,0.016734054695121972
Christian Dvorak,0.3607211091408949,0.10058738686308491,0.09358752166377816,1154,-0.006999865199306746
Logan Brown,0.3606684292404932,0.08901367634782609,0.06086956521739131,115,-0.02814411113043478
Jackson Blake,0.36034374508864875,0.11266290830578511,0.08264462809917356,242,-0.030018280206611556
Nathan Bastian,0.36001158422689683,0.10377975859793813,0.07010309278350516,485,-0.033676665814432974
Alexander Barabanov,0.35982296625189597,0.09558902088036116,0.07223476297968397,443,-0.02335425790067719
Andrew Mangiapane,0.35929500125774677,0.10127229544615383,0.1,1300,-0.0012722954461538288
Joonas Donskoi,0.3590082807987732,0.09373916306363635,0.08636363636363636,1100,-0.007375526699999982
Mikhail Grabovski,0.35875274400355356,0.07883596293436292,0.0694980694980695,259,-0.009337893436293418
Paul Byron,0.358616670203698,0.11185675756358766,0.12315930388219545,747,0.01130254631860779
Barrett Hayton,0.35731991852168354,0.1019677196205962,0.07452574525745258,738,-0.02744197436314362
Nicolas Roy,0.35574767539717617,0.10513789495652172,0.08478260869565217,920,-0.02035528626086955
Gabriel Vilardi,0.3557003709351333,0.10913856121088435,0.12653061224489795,735,0.017392051034013603
Jesper Fast,0.3548001501071795,0.10671895702631579,0.09210526315789473,1140,-0.014613693868421054
Michael Dal Colle,0.35330730738184574,0.08355932175324673,0.05194805194805195,154,-0.03161126980519478
Paul Stastny,0.3526438609274599,0.10835703639928697,0.09209744503862151,1683,-0.01625959136066546
Matthew Knies,0.35219615859314257,0.112610809579646,0.1172566371681416,452,0.004645827588495591
Brayden Point,0.35120980223303805,0.11342398821040371,0.13548136645962733,2576,0.022057378249223616
Zach Hyman,0.3499133083681406,0.12115527670425608,0.09748999636231356,2749,-0.023665280341942513
Ross Johnston,0.3495311806837635,0.09568820029411763,0.06470588235294118,170,-0.03098231794117645
Anders Lee,0.3493297970211764,0.10400106936205744,0.09652638610554443,2994,-0.007474683256513015
Dakota Joshua,0.3472095802489258,0.1266792356424581,0.12290502793296089,358,-0.0037742077094971987
Travis Boyd,0.3468830973502231,0.09193936800469482,0.11267605633802817,426,0.02073668833333335
Nils Aman,0.34404013967109054,0.1094563608064516,0.06451612903225806,124,-0.04494023177419354
Kailer Yamamoto,0.3417479147914739,0.11840918778979907,0.0973724884080371,647,-0.021036699381761975
Rafael Harvey-Pinard,0.3246200646568365,0.12225389392307691,0.13076923076923078,130,0.008515336846153868
