sport,model_family,target_label,factor_key,plot_type,x_value,y_value,fitted_effect,lower_ci,upper_ci,baseline_value,season_window
NHL,LogisticGAM,Expected Goal,spatial,spatial_surface,-100.0,-10.0,-0.42946432019509106,,,,2014-2024
NHL,LogisticGAM,Expected Goal,spatial,spatial_surface,-97.10144927536231,-10.0,-0.3465097844898956,,,,2014-2024
NHL,LogisticGAM,Expected Goal,spatial,spatial_surface,-94.20289855072464,-10.0,-0.26599222329516053,,,,2014-2024
NHL,LogisticGAM,Expected Goal,spatial,spatial_surface,-91.30434782608695,-10.0,-0.18833451001393361,,,,2014-2024
NHL,LogisticGAM,Expected Goal,spatial,spatial_surface,-88.40579710144928,-10.0,-0.1138190713693496,,,,2014-2024
NHL,LogisticGAM,Expected Goal,spatial,spatial_surface,-85.5072463768116,-10.0,-0.042728334084541644,,,,2014-2024
NHL,LogisticGAM,Expected Goal,spatial,spatial_surface,-82.6086956521739,-10.0,0.024655275117355855,,,,2014-2024
NHL,LogisticGAM,Expected Goal,spatial,spatial_surface,-79.71014492753623,-10.0,0.0880493295132086,,,,2014-2024
NHL,LogisticGAM,Expected Goal,spatial,spatial_surface,-76.81159420289855,-10.0,0.1471714023798833,,,,2014-2024
NHL,LogisticGAM,Expected Goal,spatial,spatial_surface,-73.91304347826087,-10.0,0.2017390669942452,,,,2014-2024
NHL,LogisticGAM,Expected Goal,spatial,spatial_surface,-71.01449275362319,-10.0,0.25146989663316116,,,,2014-2024
NHL,LogisticGAM,Expected Goal,spatial,spatial_surface,-68.1159420289855,-10.0,0.2961864944714487,,,,2014-2024
NHL,LogisticGAM,Expected Goal,spatial,spatial_surface,-65.21739130434783,-10.0,0.3363801348809199,,,,2014-2024
NHL,LogisticGAM,Expected Goal,spatial,spatial_surface,-62.31884057971015,-10.0,0.37280433361131565,,,,2014-2024
NHL,LogisticGAM,Expected Goal,spatial,spatial_surface,-59.42028985507246,-10.0,0.4062132234337333,,,,2014-2024
NHL,LogisticGAM,Expected Goal,spatial,spatial_surface,-56.52173913043478,-10.0,0.4373609371192694,,,,2014-2024
NHL,LogisticGAM,Expected Goal,spatial,spatial_surface,-53.6231884057971,-10.0,0.46700160743902147,,,,2014-2024
NHL,LogisticGAM,Expected Goal,spatial,spatial_surface,-50.72463768115942,-10.0,0.49588936716408666,,,,2014-2024
NHL,LogisticGAM,Expected Goal,spatial,spatial_surface,-47.82608695652174,-10.0,0.5247783490655624,,,,2014-2024
NHL,LogisticGAM,Expected Goal,spatial,spatial_surface,-44.927536231884055,-10.0,0.5544226859145454,,,,2014-2024
NHL,LogisticGAM,Expected Goal,spatial,spatial_surface,-42.028985507246375,-10.0,0.5855764965169634,,,,2014-2024
NHL,LogisticGAM,Expected Goal,spatial,spatial_surface,-39.130434782608695,-10.0,0.6187354040008077,,,,2014-2024
NHL,LogisticGAM,Expected Goal,spatial,spatial_surface,-36.231884057971016,-10.0,0.6534758199707733,,,,2014-2024
NHL,LogisticGAM,Expected Goal,spatial,spatial_surface,-33.33333333333333,-10.0,0.6891699234628721,,,,2014-2024
NHL,LogisticGAM,Expected Goal,spatial,spatial_surface,-30.434782608695656,-10.0,0.7251898935131167,,,,2014-2024
NHL,LogisticGAM,Expected Goal,spatial,spatial_surface,-27.53623188405797,-10.0,0.7609079091575185,,,,2014-2024
NHL,LogisticGAM,Expected Goal,spatial,spatial_surface,-24.637681159420296,-10.0,0.7956961494320901,,,,2014-2024
NHL,LogisticGAM,Expected Goal,spatial,spatial_surface,-21.73913043478261,-10.0,0.8289267933728434,,,,2014-2024
NHL,LogisticGAM,Expected Goal,spatial,spatial_surface,-18.840579710144922,-10.0,0.8599720200157905,,,,2014-2024
NHL,LogisticGAM,Expected Goal,spatial,spatial_surface,-15.94202898550725,-10.0,0.888204008396943,,,,2014-2024
NHL,LogisticGAM,Expected Goal,spatial,spatial_surface,-13.043478260869563,-10.0,0.9129965215969658,,,,2014-2024
NHL,LogisticGAM,Expected Goal,spatial,spatial_surface,-10.14492753623189,-10.0,0.9339556270305983,,,,2014-2024
NHL,LogisticGAM,Expected Goal,spatial,spatial_surface,-7.246376811594203,-10.0,0.9511622595221144,,,,2014-2024
NHL,LogisticGAM,Expected Goal,spatial,spatial_surface,-4.347826086956516,-10.0,0.9647553727573511,,,,2014-2024
NHL,LogisticGAM,Expected Goal,spatial,spatial_surface,-1.4492753623188435,-10.0,0.9748739204221449,,,,2014-2024
NHL,LogisticGAM,Expected Goal,spatial,spatial_surface,1.4492753623188435,-10.0,0.9816568562023326,,,,2014-2024
NHL,LogisticGAM,Expected Goal,spatial,spatial_surface,4.347826086956516,-10.0,0.985243133783751,,,,2014-2024
NHL,LogisticGAM,Expected Goal,spatial,spatial_surface,7.246376811594203,-10.0,0.9857717068522376,,,,2014-2024
NHL,LogisticGAM,Expected Goal,spatial,spatial_surface,10.14492753623189,-10.0,0.9833815290936287,,,,2014-2024
NHL,LogisticGAM,Expected Goal,spatial,spatial_surface,13.043478260869563,-10.0,0.9782115541937615,,,,2014-2024
NHL,LogisticGAM,Expected Goal,spatial,spatial_surface,15.94202898550725,-10.0,0.9703978619418316,,,,2014-2024
NHL,LogisticGAM,Expected Goal,spatial,spatial_surface,18.840579710144922,-10.0,0.9599789266559503,,,,2014-2024
NHL,LogisticGAM,Expected Goal,spatial,spatial_surface,21.73913043478261,-10.0,0.9468740410339929,,,,2014-2024
NHL,LogisticGAM,Expected Goal,spatial,spatial_surface,24.637681159420296,-10.0,0.9309952546206712,,,,2014-2024
NHL,LogisticGAM,Expected Goal,spatial,spatial_surface,27.53623188405797,-10.0,0.9122546169606998,,,,2014-2024
NHL,LogisticGAM,Expected Goal,spatial,spatial_surface,30.434782608695656,-10.0,0.8905641775987904,,,,2014-2024
NHL,LogisticGAM,Expected Goal,spatial,spatial_surface,33.33333333333334,-10.0,0.8658359860796565,,,,2014-2024
NHL,LogisticGAM,Expected Goal,spatial,spatial_surface,36.231884057971,-10.0,0.8379820919480111,,,,2014-2024
NHL,LogisticGAM,Expected Goal,spatial,spatial_surface,39.13043478260869,-10.0,0.8069145447485669,,,,2014-2024
NHL,LogisticGAM,Expected Goal,spatial,spatial_surface,42.028985507246375,-10.0,0.772545394026037,,,,2014-2024
NHL,LogisticGAM,Expected Goal,spatial,spatial_surface,44.92753623188406,-10.0,0.7348167163899381,,,,2014-2024
NHL,LogisticGAM,Expected Goal,spatial,spatial_surface,47.82608695652175,-10.0,0.6940930665676296,,,,2014-2024
NHL,LogisticGAM,Expected Goal,spatial,spatial_surface,50.72463768115941,-10.0,0.6510510323569204,,,,2014-2024
NHL,LogisticGAM,Expected Goal,spatial,spatial_surface,53.623188405797094,-10.0,0.6063745018086091,,,,2014-2024
NHL,LogisticGAM,Expected Goal,spatial,spatial_surface,56.52173913043478,-10.0,0.5607473629734933,,,,2014-2024
NHL,LogisticGAM,Expected Goal,spatial,spatial_surface,59.42028985507247,-10.0,0.5148535039023717,,,,2014-2024
NHL,LogisticGAM,Expected Goal,spatial,spatial_surface,62.318840579710155,-10.0,0.46937681264604253,,,,2014-2024
NHL,LogisticGAM,Expected Goal,spatial,spatial_surface,65.21739130434781,-10.0,0.4250011772553039,,,,2014-2024
NHL,LogisticGAM,Expected Goal,spatial,spatial_surface,68.1159420289855,-10.0,0.38241048578095366,,,,2014-2024
NHL,LogisticGAM,Expected Goal,spatial,spatial_surface,71.01449275362319,-10.0,0.3422886262737904,,,,2014-2024
NHL,LogisticGAM,Expected Goal,spatial,spatial_surface,73.91304347826087,-10.0,0.3052319951837952,,,,2014-2024
NHL,LogisticGAM,Expected Goal,spatial,spatial_surface,76.81159420289856,-10.0,0.27120643868994476,,,,2014-2024
NHL,LogisticGAM,Expected Goal,spatial,spatial_surface,79.71014492753622,-10.0,0.23990135547922087,,,,2014-2024
NHL,LogisticGAM,Expected Goal,spatial,spatial_surface,82.6086956521739,-10.0,0.21100496707889785,,,,2014-2024
NHL,LogisticGAM,Expected Goal,spatial,spatial_surface,85.5072463768116,-10.0,0.18420549501625105,,,,2014-2024
NHL,LogisticGAM,Expected Goal,spatial,spatial_surface,88.40579710144928,-10.0,0.15919116081855553,,,,2014-2024
NHL,LogisticGAM,Expected Goal,spatial,spatial_surface,91.30434782608697,-10.0,0.13565018601308595,,,,2014-2024
NHL,LogisticGAM,Expected Goal,spatial,spatial_surface,94.20289855072463,-10.0,0.11327079212711759,,,,2014-2024
NHL,LogisticGAM,Expected Goal,spatial,spatial_surface,97.10144927536231,-10.0,0.09174120068792511,,,,2014-2024
NHL,LogisticGAM,Expected Goal,spatial,spatial_surface,100.0,-10.0,0.07074963322278369,,,,2014-2024
NHL,LogisticGAM,Expected Goal,spatial,spatial_surface,-100.0,-8.405797101449275,-0.42316700686805925,,,,2014-2024
NHL,LogisticGAM,Expected Goal,spatial,spatial_surface,-97.10144927536231,-8.405797101449275,-0.33764482550841723,,,,2014-2024
NHL,LogisticGAM,Expected Goal,spatial,spatial_surface,-94.20289855072464,-8.405797101449275,-0.25475090358801056,,,,2014-2024
NHL,LogisticGAM,Expected Goal,spatial,spatial_surface,-91.30434782608695,-8.405797101449275,-0.17494416612461838,,,,2014-2024
NHL,LogisticGAM,Expected Goal,spatial,spatial_surface,-88.40579710144928,-8.405797101449275,-0.09853221384749067,,,,2014-2024
NHL,LogisticGAM,Expected Goal,spatial,spatial_surface,-85.5072463768116,-8.405797101449275,-0.02582264748587548,,,,2014-2024
NHL,LogisticGAM,Expected Goal,spatial,spatial_surface,-82.6086956521739,-8.405797101449275,0.04287693223097784,,,,2014-2024
NHL,LogisticGAM,Expected Goal,spatial,spatial_surface,-79.71014492753623,-8.405797101449275,0.10725892457381993,,,,2014-2024
NHL,LogisticGAM,Expected Goal,spatial,spatial_surface,-76.81159420289855,-8.405797101449275,0.16701572881340257,,,,2014-2024
NHL,LogisticGAM,Expected Goal,spatial,spatial_surface,-73.91304347826087,-8.405797101449275,0.221839744220476,,,,2014-2024
NHL,LogisticGAM,Expected Goal,spatial,spatial_surface,-71.01449275362319,-8.405797101449275,0.2714233700657921,,,,2014-2024
NHL,LogisticGAM,Expected Goal,spatial,spatial_surface,-68.1159420289855,-8.405797101449275,0.3155758468105726,,,,2014-2024
NHL,LogisticGAM,Expected Goal,spatial,spatial_surface,-65.21739130434783,-8.405797101449275,0.3548502825214948,,,,2014-2024
NHL,LogisticGAM,Expected Goal,spatial,spatial_surface,-62.31884057971015,-8.405797101449275,0.39009151738518877,,,,2014-2024
NHL,LogisticGAM,Expected Goal,spatial,spatial_surface,-59.42028985507246,-8.405797101449275,0.42214507799769047,,,,2014-2024
NHL,LogisticGAM,Expected Goal,spatial,spatial_surface,-56.52173913043478,-8.405797101449275,0.45185649095503544,,,,2014-2024
NHL,LogisticGAM,Expected Goal,spatial,spatial_surface,-53.6231884057971,-8.405797101449275,0.48007128285325973,,,,2014-2024
NHL,LogisticGAM,Expected Goal,spatial,spatial_surface,-50.72463768115942,-8.405797101449275,0.5076349802883996,,,,2014-2024
NHL,LogisticGAM,Expected Goal,spatial,spatial_surface,-47.82608695652174,-8.405797101449275,0.5353931098564908,,,,2014-2024
NHL,LogisticGAM,Expected Goal,spatial,spatial_surface,-44.927536231884055,-8.405797101449275,0.5641911981535689,,,,2014-2024
NHL,LogisticGAM,Expected Goal,spatial,spatial_surface,-42.028985507246375,-8.405797101449275,0.5948747562629071,,,,2014-2024
NHL,LogisticGAM,Expected Goal,spatial,spatial_surface,-39.130434782608695,-8.405797101449275,0.6280021535863574,,,,2014-2024
NHL,LogisticGAM,Expected Goal,spatial,spatial_surface,-36.231884057971016,-8.405797101449275,0.6631106827151778,,,,2014-2024
NHL,LogisticGAM,Expected Goal,spatial,spatial_surface,-33.33333333333333,-8.405797101449275,0.6995107710038825,,,,2014-2024
NHL,LogisticGAM,Expected Goal,spatial,spatial_surface,-30.434782608695656,-8.405797101449275,0.7365128458069844,,,,2014-2024
NHL,LogisticGAM,Expected Goal,spatial,spatial_surface,-27.53623188405797,-8.405797101449275,0.7734273344789979,,,,2014-2024
NHL,LogisticGAM,Expected Goal,spatial,spatial_surface,-24.637681159420296,-8.405797101449275,0.809564664374436,,,,2014-2024
NHL,LogisticGAM,Expected Goal,spatial,spatial_surface,-21.73913043478261,-8.405797101449275,0.8442352628478131,,,,2014-2024
NHL,LogisticGAM,Expected Goal,spatial,spatial_surface,-18.840579710144922,-8.405797101449275,0.8767495572536431,,,,2014-2024
NHL,LogisticGAM,Expected Goal,spatial,spatial_surface,-15.94202898550725,-8.405797101449275,0.9064179749464388,,,,2014-2024
NHL,LogisticGAM,Expected Goal,spatial,spatial_surface,-13.043478260869563,-8.405797101449275,0.9325526144800146,,,,2014-2024
NHL,LogisticGAM,Expected Goal,spatial,spatial_surface,-10.14492753623189,-8.405797101449275,0.9547106602017061,,,,2014-2024
NHL,LogisticGAM,Expected Goal,spatial,spatial_surface,-7.246376811594203,-8.405797101449275,0.9729502912265361,,,,2014-2024
NHL,LogisticGAM,Expected Goal,spatial,spatial_surface,-4.347826086956516,-8.405797101449275,0.9873908977475822,,,,2014-2024
NHL,LogisticGAM,Expected Goal,spatial,spatial_surface,-1.4492753623188435,-8.405797101449275,0.9981518699579209,,,,2014-2024
NHL,LogisticGAM,Expected Goal,spatial,spatial_surface,1.4492753623188435,-8.405797101449275,1.00535259805063,,,,2014-2024
NHL,LogisticGAM,Expected Goal,spatial,spatial_surface,4.347826086956516,-8.405797101449275,1.0091124722187867,,,,2014-2024
NHL,LogisticGAM,Expected Goal,spatial,spatial_surface,7.246376811594203,-8.405797101449275,1.0095508826554687,,,,2014-2024
NHL,LogisticGAM,Expected Goal,spatial,spatial_surface,10.14492753623189,-8.405797101449275,1.0067872195537526,,,,2014-2024
NHL,LogisticGAM,Expected Goal,spatial,spatial_surface,13.043478260869563,-8.405797101449275,1.000940873106716,,,,2014-2024
NHL,LogisticGAM,Expected Goal,spatial,spatial_surface,15.94202898550725,-8.405797101449275,0.9921291711586219,,,,2014-2024
NHL,LogisticGAM,Expected Goal,spatial,spatial_surface,18.840579710144922,-8.405797101449275,0.9803993984893149,,,,2014-2024
NHL,LogisticGAM,Expected Goal,spatial,spatial_surface,21.73913043478261,-8.405797101449275,0.9657133134648958,,,,2014-2024
NHL,LogisticGAM,Expected Goal,spatial,spatial_surface,24.637681159420296,-8.405797101449275,0.9480274766624694,,,,2014-2024
NHL,LogisticGAM,Expected Goal,spatial,spatial_surface,27.53623188405797,-8.405797101449275,0.9272984486591413,,,,2014-2024
NHL,LogisticGAM,Expected Goal,spatial,spatial_surface,30.434782608695656,-8.405797101449275,0.9034827900320163,,,,2014-2024
NHL,LogisticGAM,Expected Goal,spatial,spatial_surface,33.33333333333334,-8.405797101449275,0.8765370613581991,,,,2014-2024
NHL,LogisticGAM,Expected Goal,spatial,spatial_surface,36.231884057971,-8.405797101449275,0.8464178232147952,,,,2014-2024
NHL,LogisticGAM,Expected Goal,spatial,spatial_surface,39.13043478260869,-8.405797101449275,0.813081636178909,,,,2014-2024
NHL,LogisticGAM,Expected Goal,spatial,spatial_surface,42.028985507246375,-8.405797101449275,0.7764850608276458,,,,2014-2024
NHL,LogisticGAM,Expected Goal,spatial,spatial_surface,44.92753623188406,-8.405797101449275,0.7366119330418991,,,,2014-2024
NHL,LogisticGAM,Expected Goal,spatial,spatial_surface,47.82608695652175,-8.405797101449275,0.6938298497888732,,,,2014-2024
NHL,LogisticGAM,Expected Goal,spatial,spatial_surface,50.72463768115941,-8.405797101449275,0.6487898455560239,,,,2014-2024
NHL,LogisticGAM,Expected Goal,spatial,spatial_surface,53.623188405797094,-8.405797101449275,0.6021495860689681,,,,2014-2024
NHL,LogisticGAM,Expected Goal,spatial,spatial_surface,56.52173913043478,-8.405797101449275,0.5545667370533218,,,,2014-2024
NHL,LogisticGAM,Expected Goal,spatial,spatial_surface,59.42028985507247,-8.405797101449275,0.5066989642347024,,,,2014-2024
NHL,LogisticGAM,Expected Goal,spatial,spatial_surface,62.318840579710155,-8.405797101449275,0.4592039333387266,,,,2014-2024
NHL,LogisticGAM,Expected Goal,spatial,spatial_surface,65.21739130434781,-8.405797101449275,0.41273931009101134,,,,2014-2024
NHL,LogisticGAM,Expected Goal,spatial,spatial_surface,68.1159420289855,-8.405797101449275,0.3679627602171728,,,,2014-2024
NHL,LogisticGAM,Expected Goal,spatial,spatial_surface,71.01449275362319,-8.405797101449275,0.32553194944282804,,,,2014-2024
NHL,LogisticGAM,Expected Goal,spatial,spatial_surface,73.91304347826087,-8.405797101449275,0.2860231756548578,,,,2014-2024
NHL,LogisticGAM,Expected Goal,spatial,spatial_surface,76.81159420289856,-8.405797101449275,0.24942632030374018,,,,2014-2024
NHL,LogisticGAM,Expected Goal,spatial,spatial_surface,79.71014492753622,-8.405797101449275,0.2154741666186654,,,,2014-2024
NHL,LogisticGAM,Expected Goal,spatial,spatial_surface,82.6086956521739,-8.405797101449275,0.18389840306155045,,,,2014-2024
NHL,LogisticGAM,Expected Goal,spatial,spatial_surface,85.5072463768116,-8.405797101449275,0.1544307180943137,,,,2014-2024
NHL,LogisticGAM,Expected Goal,spatial,spatial_surface,88.40579710144928,-8.405797101449275,0.1268028001788727,,,,2014-2024
NHL,LogisticGAM,Expected Goal,spatial,spatial_surface,91.30434782608697,-8.405797101449275,0.10074633777714519,,,,2014-2024
NHL,LogisticGAM,Expected Goal,spatial,spatial_surface,94.20289855072463,-8.405797101449275,0.07599301935104916,,,,2014-2024
NHL,LogisticGAM,Expected Goal,spatial,spatial_surface,97.10144927536231,-8.405797101449275,0.0522745333625019,,,,2014-2024
NHL,LogisticGAM,Expected Goal,spatial,spatial_surface,100.0,-8.405797101449275,0.02932256827342143,,,,2014-2024
NHL,LogisticGAM,Expected Goal,spatial,spatial_surface,-100.0,-6.811594202898551,-0.4173717182593848,,,,2014-2024
NHL,LogisticGAM,Expected Goal,spatial,spatial_surface,-97.10144927536231,-6.811594202898551,-0.3294250645237046,,,,2014-2024
NHL,LogisticGAM,Expected Goal,spatial,spatial_surface,-94.20289855072464,-6.811594202898551,-0.24424710651474799,,,,2014-2024
NHL,LogisticGAM,Expected Goal,spatial,spatial_surface,-91.30434782608695,-6.811594202898551,-0.16233285239052342,,,,2014-2024
NHL,LogisticGAM,Expected Goal,spatial,spatial_surface,-88.40579710144928,-6.811594202898551,-0.08401849245128248,,,,2014-2024
NHL,LogisticGAM,Expected Goal,spatial,spatial_surface,-85.5072463768116,-6.811594202898551,-0.009640216997274879,,,,2014-2024
NHL,LogisticGAM,Expected Goal,spatial,spatial_surface,-82.6086956521739,-6.811594202898551,0.060465783671248566,,,,2014-2024
NHL,LogisticGAM,Expected Goal,spatial,spatial_surface,-79.71014492753623,-6.811594202898551,0.12596331925403684,,,,2014-2024
NHL,LogisticGAM,Expected Goal,spatial,spatial_surface,-76.81159420289855,-6.811594202898551,0.1865161994508401,,,,2014-2024
NHL,LogisticGAM,Expected Goal,spatial,spatial_surface,-73.91304347826087,-6.811594202898551,0.24178823396140697,,,,2014-2024
NHL,LogisticGAM,Expected Goal,spatial,spatial_surface,-71.01449275362319,-6.811594202898551,0.29144323248548776,,,,2014-2024
NHL,LogisticGAM,Expected Goal,spatial,spatial_surface,-68.1159420289855,-6.811594202898551,0.3352728281467358,,,,2014-2024
NHL,LogisticGAM,Expected Goal,spatial,spatial_surface,-65.21739130434783,-6.811594202898551,0.37388243989105957,,,,2014-2024
NHL,LogisticGAM,Expected Goal,spatial,spatial_surface,-62.31884057971015,-6.811594202898551,0.4081966395100794,,,,2014-2024
NHL,LogisticGAM,Expected Goal,spatial,spatial_surface,-59.42028985507246,-6.811594202898551,0.4391407497223799,,,,2014-2024
NHL,LogisticGAM,Expected Goal,spatial,spatial_surface,-56.52173913043478,-6.811594202898551,0.4676400932465455,,,,2014-2024
NHL,LogisticGAM,Expected Goal,spatial,spatial_surface,-53.6231884057971,-6.811594202898551,0.4946199928011608,,,,2014-2024
NHL,LogisticGAM,Expected Goal,spatial,spatial_surface,-50.72463768115942,-6.811594202898551,0.5210057711048106,,,,2014-2024
NHL,LogisticGAM,Expected Goal,spatial,spatial_surface,-47.82608695652174,-6.811594202898551,0.5477227508760794,,,,2014-2024
NHL,LogisticGAM,Expected Goal,spatial,spatial_surface,-44.927536231884055,-6.811594202898551,0.5756962548335518,,,,2014-2024
NHL,LogisticGAM,Expected Goal,spatial,spatial_surface,-42.028985507246375,-6.811594202898551,0.6058515888857027,,,,2014-2024
NHL,LogisticGAM,Expected Goal,spatial,spatial_surface,-39.130434782608695,-6.811594202898551,0.6388029033432097,,,,2014-2024
NHL,LogisticGAM,Expected Goal,spatial,spatial_surface,-36.231884057971016,-6.811594202898551,0.6740578781365982,,,,2014-2024
NHL,LogisticGAM,Expected Goal,spatial,spatial_surface,-33.33333333333333,-6.811594202898551,0.7108783550164094,,,,2014-2024
NHL,LogisticGAM,Expected Goal,spatial,spatial_surface,-30.434782608695656,-6.811594202898551,0.7485261757331816,,,,2014-2024
NHL,LogisticGAM,Expected Goal,spatial,spatial_surface,-27.53623188405797,-6.811594202898551,0.7862631820374552,,,,2014-2024
NHL,LogisticGAM,Expected Goal,spatial,spatial_surface,-24.637681159420296,-6.811594202898551,0.8233512156797693,,,,2014-2024
NHL,LogisticGAM,Expected Goal,spatial,spatial_surface,-21.73913043478261,-6.811594202898551,0.8590521184106642,,,,2014-2024
NHL,LogisticGAM,Expected Goal,spatial,spatial_surface,-18.840579710144922,-6.811594202898551,0.8926277319806794,,,,2014-2024
NHL,LogisticGAM,Expected Goal,spatial,spatial_surface,-15.94202898550725,-6.811594202898551,0.9233398981403539,,,,2014-2024
NHL,LogisticGAM,Expected Goal,spatial,spatial_surface,-13.043478260869563,-6.811594202898551,0.9504521817736052,,,,2014-2024
NHL,LogisticGAM,Expected Goal,spatial,spatial_surface,-10.14492753623189,-6.811594202898551,0.9734808498274841,,,,2014-2024
NHL,LogisticGAM,Expected Goal,spatial,spatial_surface,-7.246376811594203,-6.811594202898551,0.9924587328963866,,,,2014-2024
NHL,LogisticGAM,Expected Goal,spatial,spatial_surface,-4.347826086956516,-6.811594202898551,1.0074817748441038,,,,2014-2024
NHL,LogisticGAM,Expected Goal,spatial,spatial_surface,-1.4492753623188435,-6.811594202898551,1.0186459195344246,,,,2014-2024
NHL,LogisticGAM,Expected Goal,spatial,spatial_surface,1.4492753623188435,-6.811594202898551,1.026047110831139,,,,2014-2024
NHL,LogisticGAM,Expected Goal,spatial,spatial_surface,4.347826086956516,-6.811594202898551,1.0297812925980367,,,,2014-2024
NHL,LogisticGAM,Expected Goal,spatial,spatial_surface,7.246376811594203,-6.811594202898551,1.0299444086989082,,,,2014-2024
NHL,LogisticGAM,Expected Goal,spatial,spatial_surface,10.14492753623189,-6.811594202898551,1.0266324029975433,,,,2014-2024
NHL,LogisticGAM,Expected Goal,spatial,spatial_surface,13.043478260869563,-6.811594202898551,1.0199412193577317,,,,2014-2024
NHL,LogisticGAM,Expected Goal,spatial,spatial_surface,15.94202898550725,-6.811594202898551,1.0099656670643489,,,,2014-2024
NHL,LogisticGAM,Expected Goal,spatial,spatial_surface,18.840579710144922,-6.811594202898551,0.9967620219672675,,,,2014-2024
NHL,LogisticGAM,Expected Goal,spatial,spatial_surface,21.73913043478261,-6.811594202898551,0.9803395084840415,,,,2014-2024
NHL,LogisticGAM,Expected Goal,spatial,spatial_surface,24.637681159420296,-6.811594202898551,0.9607044915247742,,,,2014-2024
NHL,LogisticGAM,Expected Goal,spatial,spatial_surface,27.53623188405797,-6.811594202898551,0.9378633359995707,,,,2014-2024
NHL,LogisticGAM,Expected Goal,spatial,spatial_surface,30.434782608695656,-6.811594202898551,0.9118224068185351,,,,2014-2024
NHL,LogisticGAM,Expected Goal,spatial,spatial_surface,33.33333333333334,-6.811594202898551,0.8825880688917718,,,,2014-2024
NHL,LogisticGAM,Expected Goal,spatial,spatial_surface,36.231884057971,-6.811594202898551,0.8501666871293849,,,,2014-2024
NHL,LogisticGAM,Expected Goal,spatial,spatial_surface,39.13043478260869,-6.811594202898551,0.8145646264414789,,,,2014-2024
NHL,LogisticGAM,Expected Goal,spatial,spatial_surface,42.028985507246375,-6.811594202898551,0.7757882517381579,,,,2014-2024
NHL,LogisticGAM,Expected Goal,spatial,spatial_surface,44.92753623188406,-6.811594202898551,0.7338678850229123,,,,2014-2024
NHL,LogisticGAM,Expected Goal,spatial,spatial_surface,47.82608695652175,-6.811594202898551,0.689170922461783,,,,2014-2024
NHL,LogisticGAM,Expected Goal,spatial,spatial_surface,50.72463768115941,-6.811594202898551,0.6423137158032856,,,,2014-2024
NHL,LogisticGAM,Expected Goal,spatial,spatial_surface,53.623188405797094,-6.811594202898551,0.5939184413027164,,,,2014-2024
NHL,LogisticGAM,Expected Goal,spatial,spatial_surface,56.52173913043478,-6.811594202898551,0.5446072752153737,,,,2014-2024
NHL,LogisticGAM,Expected Goal,spatial,spatial_surface,59.42028985507247,-6.811594202898551,0.4950023937965543,,,,2014-2024
NHL,LogisticGAM,Expected Goal,spatial,spatial_surface,62.318840579710155,-6.811594202898551,0.4457259733015558,,,,2014-2024
NHL,LogisticGAM,Expected Goal,spatial,spatial_surface,65.21739130434781,-6.811594202898551,0.3974001899856757,,,,2014-2024
NHL,LogisticGAM,Expected Goal,spatial,spatial_surface,68.1159420289855,-6.811594202898551,0.3506472201042107,,,,2014-2024
NHL,LogisticGAM,Expected Goal,spatial,spatial_surface,71.01449275362319,-6.811594202898551,0.3060892399124585,,,,2014-2024
NHL,LogisticGAM,Expected Goal,spatial,spatial_surface,73.91304347826087,-6.811594202898551,0.2642742571957725,,,,2014-2024
NHL,LogisticGAM,Expected Goal,spatial,spatial_surface,76.81159420289856,-6.811594202898551,0.2252157490144265,,,,2014-2024
NHL,LogisticGAM,Expected Goal,spatial,spatial_surface,79.71014492753622,-6.811594202898551,0.1886928420760928,,,,2014-2024
NHL,LogisticGAM,Expected Goal,spatial,spatial_surface,82.6086956521739,-6.811594202898551,0.15448366518540443,,,,2014-2024
NHL,LogisticGAM,Expected Goal,spatial,spatial_surface,85.5072463768116,-6.811594202898551,0.1223663471469954,,,,2014-2024
NHL,LogisticGAM,Expected Goal,spatial,spatial_surface,88.40579710144928,-6.811594202898551,0.09211901676549952,,,,2014-2024
NHL,LogisticGAM,Expected Goal,spatial,spatial_surface,91.30434782608697,-6.811594202898551,0.06351980284555024,,,,2014-2024
NHL,LogisticGAM,Expected Goal,spatial,spatial_surface,94.20289855072463,-6.811594202898551,0.03634683419178146,,,,2014-2024
NHL,LogisticGAM,Expected Goal,spatial,spatial_surface,97.10144927536231,-6.811594202898551,0.010378239608826443,,,,2014-2024
NHL,LogisticGAM,Expected Goal,spatial,spatial_surface,100.0,-6.811594202898551,-0.014607852098680945,,,,2014-2024
NHL,LogisticGAM,Expected Goal,spatial,spatial_surface,-100.0,-5.217391304347826,-0.4127241533918621,,,,2014-2024
NHL,LogisticGAM,Expected Goal,spatial,spatial_surface,-97.10144927536231,-5.217391304347826,-0.32253505701244384,,,,2014-2024
NHL,LogisticGAM,Expected Goal,spatial,spatial_surface,-94.20289855072464,-5.217391304347826,-0.23519269120532352,,,,2014-2024
NHL,LogisticGAM,Expected Goal,spatial,spatial_surface,-91.30434782608695,-5.217391304347826,-0.15122685603585104,,,,2014-2024
NHL,LogisticGAM,Expected Goal,spatial,spatial_surface,-88.40579710144928,-5.217391304347826,-0.07100512491627774,,,,2014-2024
NHL,LogisticGAM,Expected Goal,spatial,spatial_surface,-85.5072463768116,-5.217391304347826,0.00510492874114667,,,,2014-2024
NHL,LogisticGAM,Expected Goal,spatial,spatial_surface,-82.6086956521739,-5.217391304347826,0.07673573152417139,,,,2014-2024
NHL,LogisticGAM,Expected Goal,spatial,spatial_surface,-79.71014492753623,-5.217391304347826,0.14351971002054545,,,,2014-2024
NHL,LogisticGAM,Expected Goal,spatial,spatial_surface,-76.81159420289855,-5.217391304347826,0.20508929081801902,,,,2014-2024
NHL,LogisticGAM,Expected Goal,spatial,spatial_surface,-73.91304347826087,-5.217391304347826,0.2610769005043409,,,,2014-2024
NHL,LogisticGAM,Expected Goal,spatial,spatial_surface,-71.01449275362319,-5.217391304347826,0.3111149656672615,,,,2014-2024
NHL,LogisticGAM,Expected Goal,spatial,spatial_surface,-68.1159420289855,-5.217391304347826,0.3549733141721471,,,,2014-2024
NHL,LogisticGAM,Expected Goal,spatial,spatial_surface,-65.21739130434783,-5.217391304347826,0.3932965369619715,,,,2014-2024
NHL,LogisticGAM,Expected Goal,spatial,spatial_surface,-62.31884057971015,-5.217391304347826,0.4270722920594074,,,,2014-2024
NHL,LogisticGAM,Expected Goal,spatial,spatial_surface,-59.42028985507246,-5.217391304347826,0.45728904468131176,,,,2014-2024
NHL,LogisticGAM,Expected Goal,spatial,spatial_surface,-56.52173913043478,-5.217391304347826,0.4849352600445405,,,,2014-2024
NHL,LogisticGAM,Expected Goal,spatial,spatial_surface,-53.6231884057971,-5.217391304347826,0.5109994033659507,,,,2014-2024
NHL,LogisticGAM,Expected Goal,spatial,spatial_surface,-50.72463768115942,-5.217391304347826,0.5364699398623988,,,,2014-2024
NHL,LogisticGAM,Expected Goal,spatial,spatial_surface,-47.82608695652174,-5.217391304347826,0.5623353347507413,,,,2014-2024
NHL,LogisticGAM,Expected Goal,spatial,spatial_surface,-44.927536231884055,-5.217391304347826,0.5895840532478348,,,,2014-2024
NHL,LogisticGAM,Expected Goal,spatial,spatial_surface,-42.028985507246375,-5.217391304347826,0.6192045428043641,,,,2014-2024
NHL,LogisticGAM,Expected Goal,spatial,spatial_surface,-39.130434782608695,-5.217391304347826,0.6518563985351555,,,,2014-2024
NHL,LogisticGAM,Expected Goal,spatial,spatial_surface,-36.231884057971016,-5.217391304347826,0.6870298155132375,,,,2014-2024
NHL,LogisticGAM,Expected Goal,spatial,spatial_surface,-33.33333333333333,-5.217391304347826,0.7239551687720703,,,,2014-2024
NHL,LogisticGAM,Expected Goal,spatial,spatial_surface,-30.434782608695656,-5.217391304347826,0.7618628333451133,,,,2014-2024
NHL,LogisticGAM,Expected Goal,spatial,spatial_surface,-27.53623188405797,-5.217391304347826,0.7999831842658269,,,,2014-2024
NHL,LogisticGAM,Expected Goal,spatial,spatial_surface,-24.637681159420296,-5.217391304347826,0.837546596567671,,,,2014-2024
NHL,LogisticGAM,Expected Goal,spatial,spatial_surface,-21.73913043478261,-5.217391304347826,0.8737834452841051,,,,2014-2024
NHL,LogisticGAM,Expected Goal,spatial,spatial_surface,-18.840579710144922,-5.217391304347826,0.9079241054485898,,,,2014-2024
NHL,LogisticGAM,Expected Goal,spatial,spatial_surface,-15.94202898550725,-5.217391304347826,0.9391989520945843,,,,2014-2024
NHL,LogisticGAM,Expected Goal,spatial,spatial_surface,-13.043478260869563,-5.217391304347826,0.9668400913069938,,,,2014-2024
NHL,LogisticGAM,Expected Goal,spatial,spatial_surface,-10.14492753623189,-5.217391304347826,0.9903334924394237,,,,2014-2024
NHL,LogisticGAM,Expected Goal,spatial,spatial_surface,-7.246376811594203,-5.217391304347826,1.009684062183705,,,,2014-2024
NHL,LogisticGAM,Expected Goal,spatial,spatial_surface,-4.347826086956516,-5.217391304347826,1.0249601105164219,,,,2014-2024
NHL,LogisticGAM,Expected Goal,spatial,spatial_surface,-1.4492753623188435,-5.217391304347826,1.0362299474141583,,,,2014-2024
NHL,LogisticGAM,Expected Goal,spatial,spatial_surface,1.4492753623188435,-5.217391304347826,1.0435618828534985,,,,2014-2024
NHL,LogisticGAM,Expected Goal,spatial,spatial_surface,4.347826086956516,-5.217391304347826,1.0470242268110264,,,,2014-2024
NHL,LogisticGAM,Expected Goal,spatial,spatial_surface,7.246376811594203,-5.217391304347826,1.0466852892633263,,,,2014-2024
NHL,LogisticGAM,Expected Goal,spatial,spatial_surface,10.14492753623189,-5.217391304347826,1.0426133801869826,,,,2014-2024
NHL,LogisticGAM,Expected Goal,spatial,spatial_surface,13.043478260869563,-5.217391304347826,1.0348768095585785,,,,2014-2024
NHL,LogisticGAM,Expected Goal,spatial,spatial_surface,15.94202898550725,-5.217391304347826,1.0235438107778623,,,,2014-2024
NHL,LogisticGAM,Expected Goal,spatial,spatial_surface,18.840579710144922,-5.217391304347826,1.0086800164836138,,,,2014-2024
NHL,LogisticGAM,Expected Goal,spatial,spatial_surface,21.73913043478261,-5.217391304347826,0.9903478836431836,,,,2014-2024
NHL,LogisticGAM,Expected Goal,spatial,spatial_surface,24.637681159420296,-5.217391304347826,0.968609676225417,,,,2014-2024
NHL,LogisticGAM,Expected Goal,spatial,spatial_surface,27.53623188405797,-5.217391304347826,0.94352765819916,,,,2014-2024
NHL,LogisticGAM,Expected Goal,spatial,spatial_surface,30.434782608695656,-5.217391304347826,0.9151640935332565,,,,2014-2024
NHL,LogisticGAM,Expected Goal,spatial,spatial_surface,33.33333333333334,-5.217391304347826,0.8835812461965528,,,,2014-2024
NHL,LogisticGAM,Expected Goal,spatial,spatial_surface,36.231884057971,-5.217391304347826,0.8488413801578936,,,,2014-2024
NHL,LogisticGAM,Expected Goal,spatial,spatial_surface,39.13043478260869,-5.217391304347826,0.8110067593861241,,,,2014-2024
NHL,LogisticGAM,Expected Goal,spatial,spatial_surface,42.028985507246375,-5.217391304347826,0.7701396478500893,,,,2014-2024
NHL,LogisticGAM,Expected Goal,spatial,spatial_surface,44.92753623188406,-5.217391304347826,0.7263222962344438,,,,2014-2024
NHL,LogisticGAM,Expected Goal,spatial,spatial_surface,47.82608695652175,-5.217391304347826,0.6799181665287672,,,,2014-2024
NHL,LogisticGAM,Expected Goal,spatial,spatial_surface,50.72463768115941,-5.217391304347826,0.6314984172238693,,,,2014-2024
NHL,LogisticGAM,Expected Goal,spatial,spatial_surface,53.623188405797094,-5.217391304347826,0.5816390660294917,,,,2014-2024
NHL,LogisticGAM,Expected Goal,spatial,spatial_surface,56.52173913043478,-5.217391304347826,0.5309161306553782,,,,2014-2024
NHL,LogisticGAM,Expected Goal,spatial,spatial_surface,59.42028985507247,-5.217391304347826,0.4799056288112712,,,,2014-2024
NHL,LogisticGAM,Expected Goal,spatial,spatial_surface,62.318840579710155,-5.217391304347826,0.42918357820691355,,,,2014-2024
NHL,LogisticGAM,Expected Goal,spatial,spatial_surface,65.21739130434781,-5.217391304347826,0.3793259965520485,,,,2014-2024
NHL,LogisticGAM,Expected Goal,spatial,spatial_surface,68.1159420289855,-5.217391304347826,0.33090890155641817,,,,2014-2024
NHL,LogisticGAM,Expected Goal,spatial,spatial_surface,71.01449275362319,-5.217391304347826,0.28450831092976575,,,,2014-2024
NHL,LogisticGAM,Expected Goal,spatial,spatial_surface,73.91304347826087,-5.217391304347826,0.24063430293447885,,,,2014-2024
NHL,LogisticGAM,Expected Goal,spatial,spatial_surface,76.81159420289856,-5.217391304347826,0.19932173151413898,,,,2014-2024
NHL,LogisticGAM,Expected Goal,spatial,spatial_surface,79.71014492753622,-5.217391304347826,0.16039710152881967,,,,2014-2024
NHL,LogisticGAM,Expected Goal,spatial,spatial_surface,82.6086956521739,-5.217391304347826,0.12368603065331243,,,,2014-2024
NHL,LogisticGAM,Expected Goal,spatial,spatial_surface,85.5072463768116,-5.217391304347826,0.08901413656240968,,,,2014-2024
NHL,LogisticGAM,Expected Goal,spatial,spatial_surface,88.40579710144928,-5.217391304347826,0.05620703693090348,,,,2014-2024
NHL,LogisticGAM,Expected Goal,spatial,spatial_surface,91.30434782608697,-5.217391304347826,0.025090349433585863,,,,2014-2024
NHL,LogisticGAM,Expected Goal,spatial,spatial_surface,94.20289855072463,-5.217391304347826,-0.0045103082547509,,,,2014-2024
NHL,LogisticGAM,Expected Goal,spatial,spatial_surface,97.10144927536231,-5.217391304347826,-0.03276931845931515,,,,2014-2024
NHL,LogisticGAM,Expected Goal,spatial,spatial_surface,100.0,-5.217391304347826,-0.05986106350531459,,,,2014-2024
NHL,LogisticGAM,Expected Goal,spatial,spatial_surface,-100.0,-3.6231884057971016,-0.4093874007641154,,,,2014-2024
NHL,LogisticGAM,Expected Goal,spatial,spatial_surface,-97.10144927536231,-3.6231884057971016,-0.31716820509775495,,,,2014-2024
NHL,LogisticGAM,Expected Goal,spatial,spatial_surface,-94.20289855072464,-3.6231884057971016,-0.22780946516711575,,,,2014-2024
NHL,LogisticGAM,Expected Goal,spatial,spatial_surface,-91.30434782608695,-3.6231884057971016,-0.14187351179590182,,,,2014-2024
NHL,LogisticGAM,Expected Goal,spatial,spatial_surface,-88.40579710144928,-3.6231884057971016,-0.0597612023892987,,,,2014-2024
NHL,LogisticGAM,Expected Goal,spatial,spatial_surface,-85.5072463768116,-3.6231884057971016,0.018126605647509772,,,,2014-2024
NHL,LogisticGAM,Expected Goal,spatial,spatial_surface,-82.6086956521739,-3.6231884057971016,0.09138905490933878,,,,2014-2024
NHL,LogisticGAM,Expected Goal,spatial,spatial_surface,-79.71014492753623,-3.6231884057971016,0.15962528799100342,,,,2014-2024
NHL,LogisticGAM,Expected Goal,spatial,spatial_surface,-76.81159420289855,-3.6231884057971016,0.22243444748731975,,,,2014-2024
NHL,LogisticGAM,Expected Goal,spatial,spatial_surface,-73.91304347826087,-3.6231884057971016,0.2794156759931025,,,,2014-2024
NHL,LogisticGAM,Expected Goal,spatial,spatial_surface,-71.01449275362319,-3.6231884057971016,0.3301681161031681,,,,2014-2024
NHL,LogisticGAM,Expected Goal,spatial,spatial_surface,-68.1159420289855,-3.6231884057971016,0.37443616549205394,,,,2014-2024
NHL,LogisticGAM,Expected Goal,spatial,spatial_surface,-65.21739130434783,-3.6231884057971016,0.4128889860197514,,,,2014-2024
NHL,LogisticGAM,Expected Goal,spatial,spatial_surface,-62.31884057971015,-3.6231884057971016,0.4465584162030921,,,,2014-2024
NHL,LogisticGAM,Expected Goal,spatial,spatial_surface,-59.42028985507246,-3.6231884057971016,0.4764771478919887,,,,2014-2024
NHL,LogisticGAM,Expected Goal,spatial,spatial_surface,-56.52173913043478,-3.6231884057971016,0.5036778729363532,,,,2014-2024
NHL,LogisticGAM,Expected Goal,spatial,spatial_surface,-53.6231884057971,-3.6231884057971016,0.5291932831860982,,,,2014-2024
NHL,LogisticGAM,Expected Goal,spatial,spatial_surface,-50.72463768115942,-3.6231884057971016,0.5540560704911357,,,,2014-2024
NHL,LogisticGAM,Expected Goal,spatial,spatial_surface,-47.82608695652174,-3.6231884057971016,0.5792989267013784,,,,2014-2024
NHL,LogisticGAM,Expected Goal,spatial,spatial_surface,-44.927536231884055,-3.6231884057971016,0.6059545436667385,,,,2014-2024
NHL,LogisticGAM,Expected Goal,spatial,spatial_surface,-42.028985507246375,-3.6231884057971016,0.6350555948955892,,,,2014-2024
NHL,LogisticGAM,Expected Goal,spatial,spatial_surface,-39.130434782608695,-3.6231884057971016,0.6672952514966015,,,,2014-2024
NHL,LogisticGAM,Expected Goal,spatial,spatial_surface,-36.231884057971016,-3.6231884057971016,0.7021594128728469,,,,2014-2024
NHL,LogisticGAM,Expected Goal,spatial,spatial_surface,-33.33333333333333,-3.6231884057971016,0.7388657439728836,,,,2014-2024
NHL,LogisticGAM,Expected Goal,spatial,spatial_surface,-30.434782608695656,-3.6231884057971016,0.7766319097452703,,,,2014-2024
NHL,LogisticGAM,Expected Goal,spatial,spatial_surface,-27.53623188405797,-3.6231884057971016,0.814675575138565,,,,2014-2024
NHL,LogisticGAM,Expected Goal,spatial,spatial_surface,-24.637681159420296,-3.6231884057971016,0.8522144051013263,,,,2014-2024
NHL,LogisticGAM,Expected Goal,spatial,spatial_surface,-21.73913043478261,-3.6231884057971016,0.8884660645821126,,,,2014-2024
NHL,LogisticGAM,Expected Goal,spatial,spatial_surface,-18.840579710144922,-3.6231884057971016,0.9226482185294825,,,,2014-2024
NHL,LogisticGAM,Expected Goal,spatial,spatial_surface,-15.94202898550725,-3.6231884057971016,0.953978531891994,,,,2014-2024
NHL,LogisticGAM,Expected Goal,spatial,spatial_surface,-13.043478260869563,-3.6231884057971016,0.9816763621944141,,,,2014-2024
NHL,LogisticGAM,Expected Goal,spatial,spatial_surface,-10.14492753623189,-3.6231884057971016,1.0052092877351397,,,,2014-2024
NHL,LogisticGAM,Expected Goal,spatial,spatial_surface,-7.246376811594203,-3.6231884057971016,1.0245522899836494,,,,2014-2024
NHL,LogisticGAM,Expected Goal,spatial,spatial_surface,-4.347826086956516,-3.6231884057971016,1.0397423444602845,,,,2014-2024
NHL,LogisticGAM,Expected Goal,spatial,spatial_surface,-1.4492753623188435,-3.6231884057971016,1.050816426685385,,,,2014-2024
NHL,LogisticGAM,Expected Goal,spatial,spatial_surface,1.4492753623188435,-3.6231884057971016,1.057811512179293,,,,2014-2024
NHL,LogisticGAM,Expected Goal,spatial,spatial_surface,4.347826086956516,-3.6231884057971016,1.0607645764623497,,,,2014-2024
NHL,LogisticGAM,Expected Goal,spatial,spatial_surface,7.246376811594203,-3.6231884057971016,1.0597125950548956,,,,2014-2024
NHL,LogisticGAM,Expected Goal,spatial,spatial_surface,10.14492753623189,-3.6231884057971016,1.054692543477273,,,,2014-2024
NHL,LogisticGAM,Expected Goal,spatial,spatial_surface,13.043478260869563,-3.6231884057971016,1.0457413972498217,,,,2014-2024
NHL,LogisticGAM,Expected Goal,spatial,spatial_surface,15.94202898550725,-3.6231884057971016,1.032897216671769,,,,2014-2024
NHL,LogisticGAM,Expected Goal,spatial,spatial_surface,18.840579710144922,-3.6231884057971016,1.0162349041307408,,,,2014-2024
NHL,LogisticGAM,Expected Goal,spatial,spatial_surface,21.73913043478261,-3.6231884057971016,0.995874348219949,,,,2014-2024
NHL,LogisticGAM,Expected Goal,spatial,spatial_surface,24.637681159420296,-3.6231884057971016,0.9719381715278004,,,,2014-2024
NHL,LogisticGAM,Expected Goal,spatial,spatial_surface,27.53623188405797,-3.6231884057971016,0.9445489966427034,,,,2014-2024
NHL,LogisticGAM,Expected Goal,spatial,spatial_surface,30.434782608695656,-3.6231884057971016,0.9138294461530652,,,,2014-2024
NHL,LogisticGAM,Expected Goal,spatial,spatial_surface,33.33333333333334,-3.6231884057971016,0.8799021426472932,,,,2014-2024
NHL,LogisticGAM,Expected Goal,spatial,spatial_surface,36.231884057971,-3.6231884057971016,0.8428897087137955,,,,2014-2024
NHL,LogisticGAM,Expected Goal,spatial,spatial_surface,39.13043478260869,-3.6231884057971016,0.8029147669409796,,,,2014-2024
NHL,LogisticGAM,Expected Goal,spatial,spatial_surface,42.028985507246375,-3.6231884057971016,0.7600999399172531,,,,2014-2024
NHL,LogisticGAM,Expected Goal,spatial,spatial_surface,44.92753623188406,-3.6231884057971016,0.7145833171182153,,,,2014-2024
NHL,LogisticGAM,Expected Goal,spatial,spatial_surface,47.82608695652175,-3.6231884057971016,0.6667206057397586,,,,2014-2024
NHL,LogisticGAM,Expected Goal,spatial,spatial_surface,50.72463768115941,-3.6231884057971016,0.6170282406523668,,,,2014-2024
NHL,LogisticGAM,Expected Goal,spatial,spatial_surface,53.623188405797094,-3.6231884057971016,0.5660264170737372,,,,2014-2024
NHL,LogisticGAM,Expected Goal,spatial,spatial_surface,56.52173913043478,-3.6231884057971016,0.5142353302215672,,,,2014-2024
NHL,LogisticGAM,Expected Goal,spatial,spatial_surface,59.42028985507247,-3.6231884057971016,0.46217517531355456,,,,2014-2024
NHL,LogisticGAM,Expected Goal,spatial,spatial_surface,62.318840579710155,-3.6231884057971016,0.4103661475673965,,,,2014-2024
NHL,LogisticGAM,Expected Goal,spatial,spatial_surface,65.21739130434781,-3.6231884057971016,0.35932844220079085,,,,2014-2024
NHL,LogisticGAM,Expected Goal,spatial,spatial_surface,68.1159420289855,-3.6231884057971016,0.3095822544314343,,,,2014-2024
NHL,LogisticGAM,Expected Goal,spatial,spatial_surface,71.01449275362319,-3.6231884057971016,0.2616477794770247,,,,2014-2024
NHL,LogisticGAM,Expected Goal,spatial,spatial_surface,73.91304347826087,-3.6231884057971016,0.21598832327439482,,,,2014-2024
NHL,LogisticGAM,Expected Goal,spatial,spatial_surface,76.81159420289856,-3.6231884057971016,0.1726571918160225,,,,2014-2024
NHL,LogisticGAM,Expected Goal,spatial,spatial_surface,79.71014492753622,-3.6231884057971016,0.1315279378509934,,,,2014-2024
NHL,LogisticGAM,Expected Goal,spatial,spatial_surface,82.6086956521739,-3.6231884057971016,0.09247334870898588,,,,2014-2024
NHL,LogisticGAM,Expected Goal,spatial,spatial_surface,85.5072463768116,-3.6231884057971016,0.05536621171967927,,,,2014-2024
NHL,LogisticGAM,Expected Goal,spatial,spatial_surface,88.40579710144928,-3.6231884057971016,0.02007931421275242,,,,2014-2024
NHL,LogisticGAM,Expected Goal,spatial,spatial_surface,91.30434782608697,-3.6231884057971016,-0.01351455648211567,,,,2014-2024
NHL,LogisticGAM,Expected Goal,spatial,spatial_surface,94.20289855072463,-3.6231884057971016,-0.04554261303524582,,,,2014-2024
NHL,LogisticGAM,Expected Goal,spatial,spatial_surface,97.10144927536231,-3.6231884057971016,-0.07613206811695958,,,,2014-2024
NHL,LogisticGAM,Expected Goal,spatial,spatial_surface,100.0,-3.6231884057971016,-0.10541013439757775,,,,2014-2024
NHL,LogisticGAM,Expected Goal,spatial,spatial_surface,-100.0,-2.028985507246377,-0.40703035596759013,,,,2014-2024
NHL,LogisticGAM,Expected Goal,spatial,spatial_surface,-97.10144927536231,-2.028985507246377,-0.3130149701430505,,,,2014-2024
NHL,LogisticGAM,Expected Goal,spatial,spatial_surface,-94.20289855072464,-2.028985507246377,-0.22181742331971727,,,,2014-2024
NHL,LogisticGAM,Expected Goal,spatial,spatial_surface,-91.30434782608695,-2.028985507246377,-0.1340297073248695,,,,2014-2024
NHL,LogisticGAM,Expected Goal,spatial,spatial_surface,-88.40579710144928,-2.028985507246377,-0.05008669464620368,,,,2014-2024
NHL,LogisticGAM,Expected Goal,spatial,spatial_surface,-85.5072463768116,-2.028985507246377,0.02957674222858564,,,,2014-2024
NHL,LogisticGAM,Expected Goal,spatial,spatial_surface,-82.6086956521739,-2.028985507246377,0.10452573081180293,,,,2014-2024
NHL,LogisticGAM,Expected Goal,spatial,spatial_surface,-79.71014492753623,-2.028985507246377,0.17432539861575228,,,,2014-2024
NHL,LogisticGAM,Expected Goal,spatial,spatial_surface,-76.81159420289855,-2.028985507246377,0.23854087315273906,,,,2014-2024
NHL,LogisticGAM,Expected Goal,spatial,spatial_surface,-73.91304347826087,-2.028985507246377,0.2967372819350672,,,,2014-2024
NHL,LogisticGAM,Expected Goal,spatial,spatial_surface,-71.01449275362319,-2.028985507246377,0.3484797524750422,,,,2014-2024
NHL,LogisticGAM,Expected Goal,spatial,spatial_surface,-68.1159420289855,-2.028985507246377,0.39348473922747296,,,,2014-2024
NHL,LogisticGAM,Expected Goal,spatial,spatial_surface,-65.21739130434783,-2.028985507246377,0.43243211725173575,,,,2014-2024
NHL,LogisticGAM,Expected Goal,spatial,spatial_surface,-62.31884057971015,-2.028985507246377,0.46637959864879136,,,,2014-2024
NHL,LogisticGAM,Expected Goal,spatial,spatial_surface,-59.42028985507246,-2.028985507246377,0.49638578452318205,,,,2014-2024
NHL,LogisticGAM,Expected Goal,spatial,spatial_surface,-56.52173913043478,-2.028985507246377,0.5235092759794494,,,,2014-2024
NHL,LogisticGAM,Expected Goal,spatial,spatial_surface,-53.6231884057971,-2.028985507246377,0.5488086741221353,,,,2014-2024
NHL,LogisticGAM,Expected Goal,spatial,spatial_surface,-50.72463768115942,-2.028985507246377,0.5733425800557822,,,,2014-2024
NHL,LogisticGAM,Expected Goal,spatial,spatial_surface,-47.82608695652174,-2.028985507246377,0.5981695948849317,,,,2014-2024
NHL,LogisticGAM,Expected Goal,spatial,spatial_surface,-44.927536231884055,-2.028985507246377,0.6243483197141259,,,,2014-2024
NHL,LogisticGAM,Expected Goal,spatial,spatial_surface,-42.028985507246375,-2.028985507246377,0.6529373370982412,,,,2014-2024
NHL,LogisticGAM,Expected Goal,spatial,spatial_surface,-39.130434782608695,-2.028985507246377,0.6846518747696582,,,,2014-2024
NHL,LogisticGAM,Expected Goal,spatial,spatial_surface,-36.231884057971016,-2.028985507246377,0.7189861895264011,,,,2014-2024
NHL,LogisticGAM,Expected Goal,spatial,spatial_surface,-33.33333333333333,-2.028985507246377,0.7551632599852581,,,,2014-2024
NHL,LogisticGAM,Expected Goal,spatial,spatial_surface,-30.434782608695656,-2.028985507246377,0.7924060647630166,,,,2014-2024
NHL,LogisticGAM,Expected Goal,spatial,spatial_surface,-27.53623188405797,-2.028985507246377,0.8299375824764648,,,,2014-2024
NHL,LogisticGAM,Expected Goal,spatial,spatial_surface,-24.637681159420296,-2.028985507246377,0.8669807917423897,,,,2014-2024
NHL,LogisticGAM,Expected Goal,spatial,spatial_surface,-21.73913043478261,-2.028985507246377,0.9027586711775799,,,,2014-2024
NHL,LogisticGAM,Expected Goal,spatial,spatial_surface,-18.840579710144922,-2.028985507246377,0.9364941993988232,,,,2014-2024
NHL,LogisticGAM,Expected Goal,spatial,spatial_surface,-15.94202898550725,-2.028985507246377,0.9674103550229067,,,,2014-2024
NHL,LogisticGAM,Expected Goal,spatial,spatial_surface,-13.043478260869563,-2.028985507246377,0.9947317285691667,,,,2014-2024
NHL,LogisticGAM,Expected Goal,spatial,spatial_surface,-10.14492753623189,-2.028985507246377,1.01791930032507,,,,2014-2024
NHL,LogisticGAM,Expected Goal,spatial,spatial_surface,-7.246376811594203,-2.028985507246377,1.0369172692716953,,,,2014-2024
NHL,LogisticGAM,Expected Goal,spatial,spatial_surface,-4.347826086956516,-2.028985507246377,1.0517288736038617,,,,2014-2024
NHL,LogisticGAM,Expected Goal,spatial,spatial_surface,-1.4492753623188435,-2.028985507246377,1.0623573515163862,,,,2014-2024
NHL,LogisticGAM,Expected Goal,spatial,spatial_surface,1.4492753623188435,-2.028985507246377,1.0688059412040887,,,,2014-2024
NHL,LogisticGAM,Expected Goal,spatial,spatial_surface,4.347826086956516,-2.028985507246377,1.0710778808617871,,,,2014-2024
NHL,LogisticGAM,Expected Goal,spatial,spatial_surface,7.246376811594203,-2.028985507246377,1.0691764086843005,,,,2014-2024
NHL,LogisticGAM,Expected Goal,spatial,spatial_surface,10.14492753623189,-2.028985507246377,1.063104762866447,,,,2014-2024
NHL,LogisticGAM,Expected Goal,spatial,spatial_surface,13.043478260869563,-2.028985507246377,1.0528661816030451,,,,2014-2024
NHL,LogisticGAM,Expected Goal,spatial,spatial_surface,15.94202898550725,-2.028985507246377,1.0384661838286864,,,,2014-2024
NHL,LogisticGAM,Expected Goal,spatial,spatial_surface,18.840579710144922,-2.028985507246377,1.019987748702808,,,,2014-2024
NHL,LogisticGAM,Expected Goal,spatial,spatial_surface,21.73913043478261,-2.028985507246377,0.9976084385572664,,,,2014-2024
NHL,LogisticGAM,Expected Goal,spatial,spatial_surface,24.637681159420296,-2.028985507246377,0.9715115639290779,,,,2014-2024
NHL,LogisticGAM,Expected Goal,spatial,spatial_surface,27.53623188405797,-2.028985507246377,0.9418804353552603,,,,2014-2024
NHL,LogisticGAM,Expected Goal,spatial,spatial_surface,30.434782608695656,-2.028985507246377,0.9088983633728295,,,,2014-2024
NHL,LogisticGAM,Expected Goal,spatial,spatial_surface,33.33333333333334,-2.028985507246377,0.8727486585188028,,,,2014-2024
NHL,LogisticGAM,Expected Goal,spatial,spatial_surface,36.231884057971,-2.028985507246377,0.8336146313301971,,,,2014-2024
NHL,LogisticGAM,Expected Goal,spatial,spatial_surface,39.13043478260869,-2.028985507246377,0.7916795923440286,,,,2014-2024
NHL,LogisticGAM,Expected Goal,spatial,spatial_surface,42.028985507246375,-2.028985507246377,0.7471268520973147,,,,2014-2024
NHL,LogisticGAM,Expected Goal,spatial,spatial_surface,44.92753623188406,-2.028985507246377,0.7001504144069777,,,,2014-2024
NHL,LogisticGAM,Expected Goal,spatial,spatial_surface,47.82608695652175,-2.028985507246377,0.6510947365824068,,,,2014-2024
NHL,LogisticGAM,Expected Goal,spatial,spatial_surface,50.72463768115941,-2.028985507246377,0.6004153975822112,,,,2014-2024
NHL,LogisticGAM,Expected Goal,spatial,spatial_surface,53.623188405797094,-2.028985507246377,0.5485705761412042,,,,2014-2024
NHL,LogisticGAM,Expected Goal,spatial,spatial_surface,56.52173913043478,-2.028985507246377,0.49601845099420094,,,,2014-2024
NHL,LogisticGAM,Expected Goal,spatial,spatial_surface,59.42028985507247,-2.028985507246377,0.44321720087601557,,,,2014-2024
NHL,LogisticGAM,Expected Goal,spatial,spatial_surface,62.318840579710155,-2.028985507246377,0.3906250045214627,,,,2014-2024
NHL,LogisticGAM,Expected Goal,spatial,spatial_surface,65.21739130434781,-2.028985507246377,0.3387000406653566,,,,2014-2024
NHL,LogisticGAM,Expected Goal,spatial,spatial_surface,68.1159420289855,-2.028985507246377,0.28790048804251117,,,,2014-2024
NHL,LogisticGAM,Expected Goal,spatial,spatial_surface,71.01449275362319,-2.028985507246377,0.23868452538774101,,,,2014-2024
NHL,LogisticGAM,Expected Goal,spatial,spatial_surface,73.91304347826087,-2.028985507246377,0.19146293849723575,,,,2014-2024
NHL,LogisticGAM,Expected Goal,spatial,spatial_surface,76.81159420289856,-2.028985507246377,0.14630495317725967,,,,2014-2024
NHL,LogisticGAM,Expected Goal,spatial,spatial_surface,79.71014492753622,-2.028985507246377,0.10313004761374821,,,,2014-2024
NHL,LogisticGAM,Expected Goal,spatial,spatial_surface,82.6086956521739,-2.028985507246377,0.06185706234219619,,,,2014-2024
NHL,LogisticGAM,Expected Goal,spatial,spatial_surface,85.5072463768116,-2.028985507246377,0.022404837898099737,,,,2014-2024
NHL,LogisticGAM,Expected Goal,spatial,spatial_surface,88.40579710144928,-2.028985507246377,-0.015307785183045573,,,,2014-2024
NHL,LogisticGAM,Expected Goal,spatial,spatial_surface,91.30434782608697,-2.028985507246377,-0.051361966365744256,,,,2014-2024
NHL,LogisticGAM,Expected Goal,spatial,spatial_surface,94.20289855072463,-2.028985507246377,-0.08583886511450031,,,,2014-2024
NHL,LogisticGAM,Expected Goal,spatial,spatial_surface,97.10144927536231,-2.028985507246377,-0.11881964089381872,,,,2014-2024
NHL,LogisticGAM,Expected Goal,spatial,spatial_surface,100.0,-2.028985507246377,-0.1503854531682037,,,,2014-2024
NHL,LogisticGAM,Expected Goal,spatial,spatial_surface,-100.0,-0.43478260869565233,-0.40529949931807235,,,,2014-2024
NHL,LogisticGAM,Expected Goal,spatial,spatial_surface,-97.10144927536231,-0.43478260869565233,-0.30974300145676265,,,,2014-2024
NHL,LogisticGAM,Expected Goal,spatial,spatial_surface,-94.20289855072464,-0.43478260869565233,-0.21691379969861838,,,,2014-2024
NHL,LogisticGAM,Expected Goal,spatial,spatial_surface,-91.30434782608695,-0.43478260869565233,-0.12743008490199498,,,,2014-2024
NHL,LogisticGAM,Expected Goal,spatial,spatial_surface,-88.40579710144928,-0.43478260869565233,-0.04176029336538107,,,,2014-2024
NHL,LogisticGAM,Expected Goal,spatial,spatial_surface,-85.5072463768116,-0.43478260869565233,0.03962713861273684,,,,2014-2024
NHL,LogisticGAM,Expected Goal,spatial,spatial_surface,-82.6086956521739,-0.43478260869565233,0.11626377473387109,,,,2014-2024
NHL,LogisticGAM,Expected Goal,spatial,spatial_surface,-79.71014492753623,-0.43478260869565233,0.18768117869953369,,,,2014-2024
NHL,LogisticGAM,Expected Goal,spatial,spatial_surface,-76.81159420289855,-0.43478260869565233,0.2534109142112381,,,,2014-2024
NHL,LogisticGAM,Expected Goal,spatial,spatial_surface,-73.91304347826087,-0.43478260869565233,0.312984544970496,,,,2014-2024
NHL,LogisticGAM,Expected Goal,spatial,spatial_surface,-71.01449275362319,-0.43478260869565233,0.36593363467882106,,,,2014-2024
NHL,LogisticGAM,Expected Goal,spatial,spatial_surface,-68.1159420289855,-0.43478260869565233,0.41194531788980865,,,,2014-2024
NHL,LogisticGAM,Expected Goal,spatial,spatial_surface,-65.21739130434783,-0.43478260869565233,0.4516971685453487,,,,2014-2024
NHL,LogisticGAM,Expected Goal,spatial,spatial_surface,-62.31884057971015,-0.43478260869565233,0.48625519393261124,,,,2014-2024
NHL,LogisticGAM,Expected Goal,spatial,spatial_surface,-59.42028985507246,-0.43478260869565233,0.5166863152741311,,,,2014-2024
NHL,LogisticGAM,Expected Goal,spatial,spatial_surface,-56.52173913043478,-0.43478260869565233,0.5440574537924441,,,,2014-2024
NHL,LogisticGAM,Expected Goal,spatial,spatial_surface,-53.6231884057971,-0.43478260869565233,0.569435530710085,,,,2014-2024
NHL,LogisticGAM,Expected Goal,spatial,spatial_surface,-50.72463768115942,-0.43478260869565233,0.5938874672495894,,,,2014-2024
NHL,LogisticGAM,Expected Goal,spatial,spatial_surface,-47.82608695652174,-0.43478260869565233,0.618480184633493,,,,2014-2024
NHL,LogisticGAM,Expected Goal,spatial,spatial_surface,-44.927536231884055,-0.43478260869565233,0.6442806040843305,,,,2014-2024
NHL,LogisticGAM,Expected Goal,spatial,spatial_surface,-42.028985507246375,-0.43478260869565233,0.6723556284182357,,,,2014-2024
NHL,LogisticGAM,Expected Goal,spatial,spatial_surface,-39.130434782608695,-0.43478260869565233,0.7034314574304591,,,,2014-2024
NHL,LogisticGAM,Expected Goal,spatial,spatial_surface,-36.231884057971016,-0.43478260869565233,0.7370227497975922,,,,2014-2024
NHL,LogisticGAM,Expected Goal,spatial,spatial_surface,-33.33333333333333,-0.43478260869565233,0.7723749811535231,,,,2014-2024
NHL,LogisticGAM,Expected Goal,spatial,spatial_surface,-30.434782608695656,-0.43478260869565233,0.808733627132138,,,,2014-2024
NHL,LogisticGAM,Expected Goal,spatial,spatial_surface,-27.53623188405797,-0.43478260869565233,0.8453441633673251,,,,2014-2024
NHL,LogisticGAM,Expected Goal,spatial,spatial_surface,-24.637681159420296,-0.43478260869565233,0.8814520654929714,,,,2014-2024
NHL,LogisticGAM,Expected Goal,spatial,spatial_surface,-21.73913043478261,-0.43478260869565233,0.9163028091429645,,,,2014-2024
NHL,LogisticGAM,Expected Goal,spatial,spatial_surface,-18.840579710144922,-0.43478260869565233,0.949141869951192,,,,2014-2024
NHL,LogisticGAM,Expected Goal,spatial,spatial_surface,-15.94202898550725,-0.43478260869565233,0.9792147235515406,,,,2014-2024
NHL,LogisticGAM,Expected Goal,spatial,spatial_surface,-13.043478260869563,-0.43478260869565233,1.005768339101338,,,,2014-2024
NHL,LogisticGAM,Expected Goal,spatial,spatial_surface,-10.14492753623189,-0.43478260869565233,1.0282687149169423,,,,2014-2024
NHL,LogisticGAM,Expected Goal,spatial,spatial_surface,-7.246376811594203,-0.43478260869565233,1.0466295801320298,,,,2014-2024
NHL,LogisticGAM,Expected Goal,spatial,spatial_surface,-4.347826086956516,-0.43478260869565233,1.0608193672180635,,,,2014-2024
NHL,LogisticGAM,Expected Goal,spatial,spatial_surface,-1.4492753623188435,-0.43478260869565233,1.0708065086465044,,,,2014-2024
NHL,LogisticGAM,Expected Goal,spatial,spatial_surface,1.4492753623188435,-0.43478260869565233,1.0765594368888154,,,,2014-2024
NHL,LogisticGAM,Expected Goal,spatial,spatial_surface,4.347826086956516,-0.43478260869565233,1.0780465844164597,,,,2014-2024
NHL,LogisticGAM,Expected Goal,spatial,spatial_surface,7.246376811594203,-0.43478260869565233,1.0752363837008982,,,,2014-2024
NHL,LogisticGAM,Expected Goal,spatial,spatial_surface,10.14492753623189,-0.43478260869565233,1.0680972672135947,,,,2014-2024
NHL,LogisticGAM,Expected Goal,spatial,spatial_surface,13.043478260869563,-0.43478260869565233,1.0565976674260105,,,,2014-2024
NHL,LogisticGAM,Expected Goal,spatial,spatial_surface,15.94202898550725,-0.43478260869565233,1.0407094574678497,,,,2014-2024
NHL,LogisticGAM,Expected Goal,spatial,spatial_surface,18.840579710144922,-0.43478260869565233,1.0205213647299285,,,,2014-2024
NHL,LogisticGAM,Expected Goal,spatial,spatial_surface,21.73913043478261,-0.43478260869565233,0.9962648020490343,,,,2014-2024
NHL,LogisticGAM,Expected Goal,spatial,spatial_surface,24.637681159420296,-0.43478260869565233,0.9681798538384685,,,,2014-2024
NHL,LogisticGAM,Expected Goal,spatial,spatial_surface,27.53623188405797,-0.43478260869565233,0.9365066045115346,,,,2014-2024
NHL,LogisticGAM,Expected Goal,spatial,spatial_surface,30.434782608695656,-0.43478260869565233,0.9014851384815348,,,,2014-2024
NHL,LogisticGAM,Expected Goal,spatial,spatial_surface,33.33333333333334,-0.43478260869565233,0.8633555401617715,,,,2014-2024
NHL,LogisticGAM,Expected Goal,spatial,spatial_surface,36.231884057971,-0.43478260869565233,0.8223578939655477,,,,2014-2024
NHL,LogisticGAM,Expected Goal,spatial,spatial_surface,39.13043478260869,-0.43478260869565233,0.7787322843061648,,,,2014-2024
NHL,LogisticGAM,Expected Goal,spatial,spatial_surface,42.028985507246375,-0.43478260869565233,0.7327187955969267,,,,2014-2024
NHL,LogisticGAM,Expected Goal,spatial,spatial_surface,44.92753623188406,-0.43478260869565233,0.6845634825694378,,,,2014-2024
NHL,LogisticGAM,Expected Goal,spatial,spatial_surface,47.82608695652175,-0.43478260869565233,0.6345964018001677,,,,2014-2024
NHL,LogisticGAM,Expected Goal,spatial,spatial_surface,50.72463768115941,-0.43478260869565233,0.5832096517855554,,,,2014-2024
NHL,LogisticGAM,Expected Goal,spatial,spatial_surface,53.623188405797094,-0.43478260869565233,0.5307967825403396,,,,2014-2024
NHL,LogisticGAM,Expected Goal,spatial,spatial_surface,56.52173913043478,-0.43478260869565233,0.477751344079259,,,,2014-2024
NHL,LogisticGAM,Expected Goal,spatial,spatial_surface,59.42028985507247,-0.43478260869565233,0.42446688641705227,,,,2014-2024
NHL,LogisticGAM,Expected Goal,spatial,spatial_surface,62.318840579710155,-0.43478260869565233,0.3713369595684579,,,,2014-2024
NHL,LogisticGAM,Expected Goal,spatial,spatial_surface,65.21739130434781,-0.43478260869565233,0.31875511354821506,,,,2014-2024
NHL,LogisticGAM,Expected Goal,spatial,spatial_surface,68.1159420289855,-0.43478260869565233,0.26711489837106156,,,,2014-2024
NHL,LogisticGAM,Expected Goal,spatial,spatial_surface,71.01449275362319,-0.43478260869565233,0.21680986405173627,,,,2014-2024
NHL,LogisticGAM,Expected Goal,spatial,spatial_surface,73.91304347826087,-0.43478260869565233,0.1681957276660871,,,,2014-2024
NHL,LogisticGAM,Expected Goal,spatial,spatial_surface,76.81159420289856,-0.43478260869565233,0.12135554503279145,,,,2014-2024
NHL,LogisticGAM,Expected Goal,spatial,spatial_surface,79.71014492753622,-0.43478260869565233,0.07625283111204986,,,,2014-2024
NHL,LogisticGAM,Expected Goal,spatial,spatial_surface,82.6086956521739,-0.43478260869565233,0.032850591839071706,,,,2014-2024
NHL,LogisticGAM,Expected Goal,spatial,spatial_surface,85.5072463768116,-0.43478260869565233,-0.00888816685093238,,,,2014-2024
NHL,LogisticGAM,Expected Goal,spatial,spatial_surface,88.40579710144928,-0.43478260869565233,-0.04900043902275241,,,,2014-2024
NHL,LogisticGAM,Expected Goal,spatial,spatial_surface,91.30434782608697,-0.43478260869565233,-0.08752321874117823,,,,2014-2024
NHL,LogisticGAM,Expected Goal,spatial,spatial_surface,94.20289855072463,-0.43478260869565233,-0.12449350007099942,,,,2014-2024
NHL,LogisticGAM,Expected Goal,spatial,spatial_surface,97.10144927536231,-0.43478260869565233,-0.15994827707700654,,,,2014-2024
NHL,LogisticGAM,Expected Goal,spatial,spatial_surface,100.0,-0.43478260869565233,-0.19392454382398905,,,,2014-2024
NHL,LogisticGAM,Expected Goal,spatial,spatial_surface,-100.0,1.1594202898550723,-0.40384131113134836,,,,2014-2024
NHL,LogisticGAM,Expected Goal,spatial,spatial_surface,-97.10144927536231,1.1594202898550723,-0.307019948347324,,,,2014-2024
NHL,LogisticGAM,Expected Goal,spatial,spatial_surface,-94.20289855072464,1.1594202898550723,-0.21279582833930916,,,,2014-2024
NHL,LogisticGAM,Expected Goal,spatial,spatial_surface,-91.30434782608695,1.1594202898550723,-0.12180928680651884,,,,2014-2024
NHL,LogisticGAM,Expected Goal,spatial,spatial_surface,-88.40579710144928,1.1594202898550723,-0.03456069022521906,,,,2014-2024
NHL,LogisticGAM,Expected Goal,spatial,spatial_surface,-85.5072463768116,1.1594202898550723,0.048449594928325845,,,,2014-2024
NHL,LogisticGAM,Expected Goal,spatial,spatial_surface,-82.6086956521739,1.1594202898550723,0.12672120217785043,,,,2014-2024
NHL,LogisticGAM,Expected Goal,spatial,spatial_surface,-79.71014492753623,1.1594202898550723,0.19975376504708922,,,,2014-2024
NHL,LogisticGAM,Expected Goal,spatial,spatial_surface,-76.81159420289855,1.1594202898550723,0.2670469170597778,,,,2014-2024
NHL,LogisticGAM,Expected Goal,spatial,spatial_surface,-73.91304347826087,1.1594202898550723,0.3281002917396501,,,,2014-2024
NHL,LogisticGAM,Expected Goal,spatial,spatial_surface,-71.01449275362319,1.1594202898550723,0.38241352261044204,,,,2014-2024
NHL,LogisticGAM,Expected Goal,spatial,spatial_surface,-68.1159420289855,1.1594202898550723,0.4296441839904647,,,,2014-2024
NHL,LogisticGAM,Expected Goal,spatial,spatial_surface,-65.21739130434783,1.1594202898550723,0.47045537778801466,,,,2014-2024
NHL,LogisticGAM,Expected Goal,spatial,spatial_surface,-62.31884057971015,1.1594202898550723,0.5059045565906576,,,,2014-2024
NHL,LogisticGAM,Expected Goal,spatial,spatial_surface,-59.42028985507246,1.1594202898550723,0.5370501008440761,,,,2014-2024
NHL,LogisticGAM,Expected Goal,spatial,spatial_surface,-56.52173913043478,1.1594202898550723,0.5649503909939522,,,,2014-2024
NHL,LogisticGAM,Expected Goal,spatial,spatial_surface,-53.6231884057971,1.1594202898550723,0.5906638074859687,,,,2014-2024
NHL,LogisticGAM,Expected Goal,spatial,spatial_surface,-50.72463768115942,1.1594202898550723,0.6152487307658081,,,,2014-2024
NHL,LogisticGAM,Expected Goal,spatial,spatial_surface,-47.82608695652174,1.1594202898550723,0.639763541279153,,,,2014-2024
NHL,LogisticGAM,Expected Goal,spatial,spatial_surface,-44.927536231884055,1.1594202898550723,0.6652666194716862,,,,2014-2024
NHL,LogisticGAM,Expected Goal,spatial,spatial_surface,-42.028985507246375,1.1594202898550723,0.692816327861488,,,,2014-2024
NHL,LogisticGAM,Expected Goal,spatial,spatial_surface,-39.130434782608695,1.1594202898550723,0.7231391885551371,,,,2014-2024
NHL,LogisticGAM,Expected Goal,spatial,spatial_surface,-36.231884057971016,1.1594202898550723,0.7557816980101112,,,,2014-2024
NHL,LogisticGAM,Expected Goal,spatial,spatial_surface,-33.33333333333333,1.1594202898550723,0.7900281718220066,,,,2014-2024
NHL,LogisticGAM,Expected Goal,spatial,spatial_surface,-30.434782608695656,1.1594202898550723,0.8251629255864189,,,,2014-2024
NHL,LogisticGAM,Expected Goal,spatial,spatial_surface,-27.53623188405797,1.1594202898550723,0.8604702748989451,,,,2014-2024
NHL,LogisticGAM,Expected Goal,spatial,spatial_surface,-24.637681159420296,1.1594202898550723,0.8952345353551812,,,,2014-2024
NHL,LogisticGAM,Expected Goal,spatial,spatial_surface,-21.73913043478261,1.1594202898550723,0.9287400225507236,,,,2014-2024
NHL,LogisticGAM,Expected Goal,spatial,spatial_surface,-18.840579710144922,1.1594202898550723,0.9602710520811694,,,,2014-2024
NHL,LogisticGAM,Expected Goal,spatial,spatial_surface,-15.94202898550725,1.1594202898550723,0.9891119395421133,,,,2014-2024
NHL,LogisticGAM,Expected Goal,spatial,spatial_surface,-13.043478260869563,1.1594202898550723,1.0145483424610122,,,,2014-2024
NHL,LogisticGAM,Expected Goal,spatial,spatial_surface,-10.14492753623189,1.1594202898550723,1.0360627162184834,,,,2014-2024
NHL,LogisticGAM,Expected Goal,spatial,spatial_surface,-7.246376811594203,1.1594202898550723,1.0535398026488392,,,,2014-2024
NHL,LogisticGAM,Expected Goal,spatial,spatial_surface,-4.347826086956516,1.1594202898550723,1.0669134945737984,,,,2014-2024
NHL,LogisticGAM,Expected Goal,spatial,spatial_surface,-1.4492753623188435,1.1594202898550723,1.0761176848150797,,,,2014-2024
NHL,LogisticGAM,Expected Goal,spatial,spatial_surface,1.4492753623188435,1.1594202898550723,1.0810862661944023,,,,2014-2024
NHL,LogisticGAM,Expected Goal,spatial,spatial_surface,4.347826086956516,1.1594202898550723,1.081753131533485,,,,2014-2024
NHL,LogisticGAM,Expected Goal,spatial,spatial_surface,7.246376811594203,1.1594202898550723,1.0780521736540463,,,,2014-2024
NHL,LogisticGAM,Expected Goal,spatial,spatial_surface,10.14492753623189,1.1594202898550723,1.069917285377805,,,,2014-2024
NHL,LogisticGAM,Expected Goal,spatial,spatial_surface,13.043478260869563,1.1594202898550723,1.0572823595264798,,,,2014-2024
NHL,LogisticGAM,Expected Goal,spatial,spatial_surface,15.94202898550725,1.1594202898550723,1.0400857828084924,,,,2014-2024
NHL,LogisticGAM,Expected Goal,spatial,spatial_surface,18.840579710144922,1.1594202898550723,1.018418566742217,,,,2014-2024
NHL,LogisticGAM,Expected Goal,spatial,spatial_surface,21.73913043478261,1.1594202898550723,0.9925580860891514,,,,2014-2024
NHL,LogisticGAM,Expected Goal,spatial,spatial_surface,24.637681159420296,1.1594202898550723,0.9627930416651911,,,,2014-2024
NHL,LogisticGAM,Expected Goal,spatial,spatial_surface,27.53623188405797,1.1594202898550723,0.9294121342862309,,,,2014-2024
NHL,LogisticGAM,Expected Goal,spatial,spatial_surface,30.434782608695656,1.1594202898550723,0.892704064768165,,,,2014-2024
NHL,LogisticGAM,Expected Goal,spatial,spatial_surface,33.33333333333334,1.1594202898550723,0.8529575339268883,,,,2014-2024
NHL,LogisticGAM,Expected Goal,spatial,spatial_surface,36.231884057971,1.1594202898550723,0.8104612425782961,,,,2014-2024
NHL,LogisticGAM,Expected Goal,spatial,spatial_surface,39.13043478260869,1.1594202898550723,0.7655038915382824,,,,2014-2024
NHL,LogisticGAM,Expected Goal,spatial,spatial_surface,42.028985507246375,1.1594202898550723,0.7183741816227419,,,,2014-2024
NHL,LogisticGAM,Expected Goal,spatial,spatial_surface,44.92753623188406,1.1594202898550723,0.6693624160743031,,,,2014-2024
NHL,LogisticGAM,Expected Goal,spatial,spatial_surface,47.82608695652175,1.1594202898550723,0.6187814441364959,,,,2014-2024
NHL,LogisticGAM,Expected Goal,spatial,spatial_surface,50.72463768115941,1.1594202898550723,0.5669607670345531,,,,2014-2024
NHL,LogisticGAM,Expected Goal,spatial,spatial_surface,53.623188405797094,1.1594202898550723,0.5142302755795894,,,,2014-2024
NHL,LogisticGAM,Expected Goal,spatial,spatial_surface,56.52173913043478,1.1594202898550723,0.4609198605827205,,,,2014-2024
NHL,LogisticGAM,Expected Goal,spatial,spatial_surface,59.42028985507247,1.1594202898550723,0.4073594128550615,,,,2014-2024
NHL,LogisticGAM,Expected Goal,spatial,spatial_surface,62.318840579710155,1.1594202898550723,0.35387882320772784,,,,2014-2024
NHL,LogisticGAM,Expected Goal,spatial,spatial_surface,65.21739130434781,1.1594202898550723,0.30080798245183504,,,,2014-2024
NHL,LogisticGAM,Expected Goal,spatial,spatial_surface,68.1159420289855,1.1594202898550723,0.24847678139849774,,,,2014-2024
NHL,LogisticGAM,Expected Goal,spatial,spatial_surface,71.01449275362319,1.1594202898550723,0.19721511085883156,,,,2014-2024
NHL,LogisticGAM,Expected Goal,spatial,spatial_surface,73.91304347826087,1.1594202898550723,0.14732426984403335,,,,2014-2024
NHL,LogisticGAM,Expected Goal,spatial,spatial_surface,76.81159420289856,1.1594202898550723,0.0988994968175581,,,,2014-2024
NHL,LogisticGAM,Expected Goal,spatial,spatial_surface,79.71014492753622,1.1594202898550723,0.05194568864086381,,,,2014-2024
NHL,LogisticGAM,Expected Goal,spatial,spatial_surface,82.6086956521739,1.1594202898550723,0.006467357485740433,,,,2014-2024
NHL,LogisticGAM,Expected Goal,spatial,spatial_surface,85.5072463768116,1.1594202898550723,-0.03753098447602109,,,,2014-2024
NHL,LogisticGAM,Expected Goal,spatial,spatial_surface,88.40579710144928,1.1594202898550723,-0.08004482507263021,,,,2014-2024
NHL,LogisticGAM,Expected Goal,spatial,spatial_surface,91.30434782608697,1.1594202898550723,-0.1210696521322964,,,,2014-2024
NHL,LogisticGAM,Expected Goal,spatial,spatial_surface,94.20289855072463,1.1594202898550723,-0.16060095348322873,,,,2014-2024
NHL,LogisticGAM,Expected Goal,spatial,spatial_surface,97.10144927536231,1.1594202898550723,-0.19863421695363723,,,,2014-2024
NHL,LogisticGAM,Expected Goal,spatial,spatial_surface,100.0,1.1594202898550723,-0.2351649303717311,,,,2014-2024
NHL,LogisticGAM,Expected Goal,spatial,spatial_surface,-100.0,2.753623188405797,-0.40230227172320404,,,,2014-2024
NHL,LogisticGAM,Expected Goal,spatial,spatial_surface,-97.10144927536231,2.753623188405797,-0.30451346012316666,,,,2014-2024
NHL,LogisticGAM,Expected Goal,spatial,spatial_surface,-94.20289855072464,2.753623188405797,-0.20916074327727988,,,,2014-2024
NHL,LogisticGAM,Expected Goal,spatial,spatial_surface,-91.30434782608695,2.753623188405797,-0.11690195531768177,,,,2014-2024
NHL,LogisticGAM,Expected Goal,spatial,spatial_surface,-88.40579710144928,2.753623188405797,-0.028266576904106038,,,,2014-2024
NHL,LogisticGAM,Expected Goal,spatial,spatial_surface,-85.5072463768116,2.753623188405797,0.05621591130371511,,,,2014-2024
NHL,LogisticGAM,Expected Goal,spatial,spatial_surface,-82.6086956521739,2.753623188405797,0.1360160286460483,,,,2014-2024
NHL,LogisticGAM,Expected Goal,spatial,spatial_surface,-79.71014492753623,2.753623188405797,0.21060429446316026,,,,2014-2024
NHL,LogisticGAM,Expected Goal,spatial,spatial_surface,-76.81159420289855,2.753623188405797,0.27945122809531886,,,,2014-2024
NHL,LogisticGAM,Expected Goal,spatial,spatial_surface,-73.91304347826087,2.753623188405797,0.3420273488827901,,,,2014-2024
NHL,LogisticGAM,Expected Goal,spatial,spatial_surface,-71.01449275362319,2.753623188405797,0.3978031761658421,,,,2014-2024
NHL,LogisticGAM,Expected Goal,spatial,spatial_surface,-68.1159420289855,2.753623188405797,0.4464076200408453,,,,2014-2024
NHL,LogisticGAM,Expected Goal,spatial,spatial_surface,-65.21739130434783,2.753623188405797,0.4884779828671575,,,,2014-2024
NHL,LogisticGAM,Expected Goal,spatial,spatial_surface,-62.31884057971015,2.753623188405797,0.5250470411590364,,,,2014-2024
NHL,LogisticGAM,Expected Goal,spatial,spatial_surface,-59.42028985507246,2.753623188405797,0.5571485019322558,,,,2014-2024
NHL,LogisticGAM,Expected Goal,spatial,spatial_surface,-56.52173913043478,2.753623188405797,0.5858160722025889,,,,2014-2024
NHL,LogisticGAM,Expected Goal,spatial,spatial_surface,-53.6231884057971,2.753623188405797,0.6120834589858087,,,,2014-2024
NHL,LogisticGAM,Expected Goal,spatial,spatial_surface,-50.72463768115942,2.753623188405797,0.6369843692976892,,,,2014-2024
NHL,LogisticGAM,Expected Goal,spatial,spatial_surface,-47.82608695652174,2.753623188405797,0.661552510154004,,,,2014-2024
NHL,LogisticGAM,Expected Goal,spatial,spatial_surface,-44.927536231884055,2.753623188405797,0.686821588570526,,,,2014-2024
NHL,LogisticGAM,Expected Goal,spatial,spatial_surface,-42.028985507246375,2.753623188405797,0.7138252944339131,,,,2014-2024
NHL,LogisticGAM,Expected Goal,spatial,spatial_surface,-39.130434782608695,2.753623188405797,0.7432802572198258,,,,2014-2024
NHL,LogisticGAM,Expected Goal,spatial,spatial_surface,-36.231884057971016,2.753623188405797,0.7747756384876492,,,,2014-2024
NHL,LogisticGAM,Expected Goal,spatial,spatial_surface,-33.33333333333333,2.753623188405797,0.8076500963350375,,,,2014-2024
NHL,LogisticGAM,Expected Goal,spatial,spatial_surface,-30.434782608695656,2.753623188405797,0.841242288859644,,,,2014-2024
NHL,LogisticGAM,Expected Goal,spatial,spatial_surface,-27.53623188405797,2.753623188405797,0.8748908741591233,,,,2014-2024
NHL,LogisticGAM,Expected Goal,spatial,spatial_surface,-24.637681159420296,2.753623188405797,0.9079345103311288,,,,2014-2024
NHL,LogisticGAM,Expected Goal,spatial,spatial_surface,-21.73913043478261,2.753623188405797,0.9397118554733145,,,,2014-2024
NHL,LogisticGAM,Expected Goal,spatial,spatial_surface,-18.840579710144922,2.753623188405797,0.969561567683335,,,,2014-2024
NHL,LogisticGAM,Expected Goal,spatial,spatial_surface,-15.94202898550725,2.753623188405797,0.9968223050588428,,,,2014-2024
NHL,LogisticGAM,Expected Goal,spatial,spatial_surface,-13.043478260869563,2.753623188405797,1.020833887318276,,,,2014-2024
NHL,LogisticGAM,Expected Goal,spatial,spatial_surface,-10.14492753623189,2.753623188405797,1.0411064889374206,,,,2014-2024
NHL,LogisticGAM,Expected Goal,spatial,spatial_surface,-7.246376811594203,2.753623188405797,1.0574985169063091,,,,2014-2024
NHL,LogisticGAM,Expected Goal,spatial,spatial_surface,-4.347826086956516,2.753623188405797,1.069910924941976,,,,2014-2024
NHL,LogisticGAM,Expected Goal,spatial,spatial_surface,-1.4492753623188435,2.753623188405797,1.0782446667614543,,,,2014-2024
NHL,LogisticGAM,Expected Goal,spatial,spatial_surface,1.4492753623188435,2.753623188405797,1.0824006960817785,,,,2014-2024
NHL,LogisticGAM,Expected Goal,spatial,spatial_surface,4.347826086956516,2.753623188405797,1.0822799666199827,,,,2014-2024
NHL,LogisticGAM,Expected Goal,spatial,spatial_surface,7.246376811594203,2.753623188405797,1.0777834320931003,,,,2014-2024
NHL,LogisticGAM,Expected Goal,spatial,spatial_surface,10.14492753623189,2.753623188405797,1.0688120462181667,,,,2014-2024
NHL,LogisticGAM,Expected Goal,spatial,spatial_surface,13.043478260869563,2.753623188405797,1.055266762712215,,,,2014-2024
NHL,LogisticGAM,Expected Goal,spatial,spatial_surface,15.94202898550725,2.753623188405797,1.03705390506985,,,,2014-2024
NHL,LogisticGAM,Expected Goal,spatial,spatial_surface,18.840579710144922,2.753623188405797,1.0142621692697864,,,,2014-2024
NHL,LogisticGAM,Expected Goal,spatial,spatial_surface,21.73913043478261,2.753623188405797,0.9872029380715169,,,,2014-2024
NHL,LogisticGAM,Expected Goal,spatial,spatial_surface,24.637681159420296,2.753623188405797,0.9562011278184646,,,,2014-2024
NHL,LogisticGAM,Expected Goal,spatial,spatial_surface,27.53623188405797,2.753623188405797,0.9215816548540527,,,,2014-2024
NHL,LogisticGAM,Expected Goal,spatial,spatial_surface,30.434782608695656,2.753623188405797,0.8836694355217045,,,,2014-2024
NHL,LogisticGAM,Expected Goal,spatial,spatial_surface,33.33333333333334,2.753623188405797,0.8427893861648432,,,,2014-2024
NHL,LogisticGAM,Expected Goal,spatial,spatial_surface,36.231884057971,2.753623188405797,0.7992664231268924,,,,2014-2024
NHL,LogisticGAM,Expected Goal,spatial,spatial_surface,39.13043478260869,2.753623188405797,0.7534254627512744,,,,2014-2024
NHL,LogisticGAM,Expected Goal,spatial,spatial_surface,42.028985507246375,2.753623188405797,0.705591421381413,,,,2014-2024
NHL,LogisticGAM,Expected Goal,spatial,spatial_surface,44.92753623188406,2.753623188405797,0.6560871093902809,,,,2014-2024
NHL,LogisticGAM,Expected Goal,spatial,spatial_surface,47.82608695652175,2.753623188405797,0.6052057063348473,,,,2014-2024
NHL,LogisticGAM,Expected Goal,spatial,spatial_surface,50.72463768115941,2.753623188405797,0.5532185071013574,,,,2014-2024
NHL,LogisticGAM,Expected Goal,spatial,spatial_surface,53.623188405797094,2.753623188405797,0.5003962945673999,,,,2014-2024
NHL,LogisticGAM,Expected Goal,spatial,spatial_surface,56.52173913043478,2.753623188405797,0.44700985161056456,,,,2014-2024
NHL,LogisticGAM,Expected Goal,spatial,spatial_surface,59.42028985507247,2.753623188405797,0.3933299611084407,,,,2014-2024
NHL,LogisticGAM,Expected Goal,spatial,spatial_surface,62.318840579710155,2.753623188405797,0.33962740593861784,,,,2014-2024
NHL,LogisticGAM,Expected Goal,spatial,spatial_surface,65.21739130434781,2.753623188405797,0.2861729689786855,,,,2014-2024
NHL,LogisticGAM,Expected Goal,spatial,spatial_surface,68.1159420289855,2.753623188405797,0.2332374331062325,,,,2014-2024
NHL,LogisticGAM,Expected Goal,spatial,spatial_surface,71.01449275362319,2.753623188405797,0.1810915811988485,,,,2014-2024
NHL,LogisticGAM,Expected Goal,spatial,spatial_surface,73.91304347826087,2.753623188405797,0.1299861440941597,,,,2014-2024
NHL,LogisticGAM,Expected Goal,spatial,spatial_surface,76.81159420289856,2.753623188405797,0.08002733796650044,,,,2014-2024
NHL,LogisticGAM,Expected Goal,spatial,spatial_surface,79.71014492753622,2.753623188405797,0.03125802049515608,,,,2014-2024
NHL,LogisticGAM,Expected Goal,spatial,spatial_surface,82.6086956521739,2.753623188405797,-0.016279220431669194,,,,2014-2024
NHL,LogisticGAM,Expected Goal,spatial,spatial_surface,85.5072463768116,2.753623188405797,-0.06254179692576978,,,,2014-2024
NHL,LogisticGAM,Expected Goal,spatial,spatial_surface,88.40579710144928,2.753623188405797,-0.10748712109894072,,,,2014-2024
NHL,LogisticGAM,Expected Goal,spatial,spatial_surface,91.30434782608697,2.753623188405797,-0.15107260506297687,,,,2014-2024
NHL,LogisticGAM,Expected Goal,spatial,spatial_surface,94.20289855072463,2.753623188405797,-0.19325566092967297,,,,2014-2024
NHL,LogisticGAM,Expected Goal,spatial,spatial_surface,97.10144927536231,2.753623188405797,-0.23399370081082455,,,,2014-2024
NHL,LogisticGAM,Expected Goal,spatial,spatial_surface,100.0,2.753623188405797,-0.27324413681822624,,,,2014-2024
NHL,LogisticGAM,Expected Goal,spatial,spatial_surface,-100.0,4.3478260869565215,-0.4003288614094256,,,,2014-2024
NHL,LogisticGAM,Expected Goal,spatial,spatial_surface,-97.10144927536231,4.3478260869565215,-0.3018911860927232,,,,2014-2024
NHL,LogisticGAM,Expected Goal,spatial,spatial_surface,-94.20289855072464,4.3478260869565215,-0.20570577854802088,,,,2014-2024
NHL,LogisticGAM,Expected Goal,spatial,spatial_surface,-91.30434782608695,4.3478260869565215,-0.11244273271472448,,,,2014-2024
NHL,LogisticGAM,Expected Goal,spatial,spatial_surface,-88.40579710144928,4.3478260869565215,-0.02265664508043034,,,,2014-2024
NHL,LogisticGAM,Expected Goal,spatial,spatial_surface,-85.5072463768116,4.3478260869565215,0.06309788786726706,,,,2014-2024
NHL,LogisticGAM,Expected Goal,spatial,spatial_surface,-82.6086956521739,4.3478260869565215,0.1442662696407719,,,,2014-2024
NHL,LogisticGAM,Expected Goal,spatial,spatial_surface,-79.71014492753623,4.3478260869565215,0.2202939037524886,,,,2014-2024
NHL,LogisticGAM,Expected Goal,spatial,spatial_surface,-76.81159420289855,4.3478260869565215,0.29062619371482246,,,,2014-2024
NHL,LogisticGAM,Expected Goal,spatial,spatial_surface,-73.91304347826087,4.3478260869565215,0.3547085430401773,,,,2014-2024
NHL,LogisticGAM,Expected Goal,spatial,spatial_surface,-71.01449275362319,4.3478260869565215,0.4119863552409587,,,,2014-2024
NHL,LogisticGAM,Expected Goal,spatial,spatial_surface,-68.1159420289855,4.3478260869565215,0.4620619085523548,,,,2014-2024
NHL,LogisticGAM,Expected Goal,spatial,spatial_surface,-65.21739130434783,4.3478260869565215,0.5055362216702015,,,,2014-2024
NHL,LogisticGAM,Expected Goal,spatial,spatial_surface,-62.31884057971015,4.3478260869565215,0.543402002173854,,,,2014-2024
NHL,LogisticGAM,Expected Goal,spatial,spatial_surface,-59.42028985507246,4.3478260869565215,0.5766528792379108,,,,2014-2024
NHL,LogisticGAM,Expected Goal,spatial,spatial_surface,-56.52173913043478,4.3478260869565215,0.606282482036969,,,,2014-2024
NHL,LogisticGAM,Expected Goal,spatial,spatial_surface,-53.6231884057971,4.3478260869565215,0.6332844397456276,,,,2014-2024
NHL,LogisticGAM,Expected Goal,spatial,spatial_surface,-50.72463768115942,4.3478260869565215,0.6586523815384842,,,,2014-2024
NHL,LogisticGAM,Expected Goal,spatial,spatial_surface,-47.82608695652174,4.3478260869565215,0.6833799365901367,,,,2014-2024
NHL,LogisticGAM,Expected Goal,spatial,spatial_surface,-44.927536231884055,4.3478260869565215,0.7084607340751836,,,,2014-2024
NHL,LogisticGAM,Expected Goal,spatial,spatial_surface,-42.028985507246375,4.3478260869565215,0.7348883871414269,,,,2014-2024
NHL,LogisticGAM,Expected Goal,spatial,spatial_surface,-39.130434782608695,4.3478260869565215,0.7633598525006583,,,,2014-2024
NHL,LogisticGAM,Expected Goal,spatial,spatial_surface,-36.231884057971016,4.3478260869565215,0.7935171755538979,,,,2014-2024
NHL,LogisticGAM,Expected Goal,spatial,spatial_surface,-33.33333333333333,4.3478260869565215,0.8247680190369451,,,,2014-2024
NHL,LogisticGAM,Expected Goal,spatial,spatial_surface,-30.434782608695656,4.3478260869565215,0.8565200456855991,,,,2014-2024
NHL,LogisticGAM,Expected Goal,spatial,spatial_surface,-27.53623188405797,4.3478260869565215,0.8881809182356593,,,,2014-2024
NHL,LogisticGAM,Expected Goal,spatial,spatial_surface,-24.637681159420296,4.3478260869565215,0.9191582994229248,,,,2014-2024
NHL,LogisticGAM,Expected Goal,spatial,spatial_surface,-21.73913043478261,4.3478260869565215,0.9488598519831951,,,,2014-2024
NHL,LogisticGAM,Expected Goal,spatial,spatial_surface,-18.840579710144922,4.3478260869565215,0.9766932386522698,,,,2014-2024
NHL,LogisticGAM,Expected Goal,spatial,spatial_surface,-15.94202898550725,4.3478260869565215,1.0020661221659475,,,,2014-2024
NHL,LogisticGAM,Expected Goal,spatial,spatial_surface,-13.043478260869563,4.3478260869565215,1.0243871223432148,,,,2014-2024
NHL,LogisticGAM,Expected Goal,spatial,spatial_surface,-10.14492753623189,4.3478260869565215,1.0432052177814826,,,,2014-2024
NHL,LogisticGAM,Expected Goal,spatial,spatial_surface,-7.246376811594203,4.3478260869565215,1.0583563029886283,,,,2014-2024
NHL,LogisticGAM,Expected Goal,spatial,spatial_surface,-4.347826086956516,4.3478260869565215,1.0697113275935062,,,,2014-2024
NHL,LogisticGAM,Expected Goal,spatial,spatial_surface,-1.4492753623188435,4.3478260869565215,1.07714124122497,,,,2014-2024
NHL,LogisticGAM,Expected Goal,spatial,spatial_surface,1.4492753623188435,4.3478260869565215,1.080516993511874,,,,2014-2024
NHL,LogisticGAM,Expected Goal,spatial,spatial_surface,4.347826086956516,4.3478260869565215,1.079709534083072,,,,2014-2024
NHL,LogisticGAM,Expected Goal,spatial,spatial_surface,7.246376811594203,4.3478260869565215,1.0745898125674196,,,,2014-2024
NHL,LogisticGAM,Expected Goal,spatial,spatial_surface,10.14492753623189,4.3478260869565215,1.0650287785937707,,,,2014-2024
NHL,LogisticGAM,Expected Goal,spatial,spatial_surface,13.043478260869563,4.3478260869565215,1.0508973817909786,,,,2014-2024
NHL,LogisticGAM,Expected Goal,spatial,spatial_surface,15.94202898550725,4.3478260869565215,1.0320725694711577,,,,2014-2024
NHL,LogisticGAM,Expected Goal,spatial,spatial_surface,18.840579710144922,4.3478260869565215,1.0086349868427524,,,,2014-2024
NHL,LogisticGAM,Expected Goal,spatial,spatial_surface,21.73913043478261,4.3478260869565215,0.9809140053900302,,,,2014-2024
NHL,LogisticGAM,Expected Goal,spatial,spatial_surface,24.637681159420296,4.3478260869565215,0.9492541127075083,,,,2014-2024
NHL,LogisticGAM,Expected Goal,spatial,spatial_surface,27.53623188405797,4.3478260869565215,0.9139997963897053,,,,2014-2024
NHL,LogisticGAM,Expected Goal,spatial,spatial_surface,30.434782608695656,4.3478260869565215,0.8754955440311382,,,,2014-2024
NHL,LogisticGAM,Expected Goal,spatial,spatial_surface,33.33333333333334,4.3478260869565215,0.8340858432263258,,,,2014-2024
NHL,LogisticGAM,Expected Goal,spatial,spatial_surface,36.231884057971,4.3478260869565215,0.7901151815697857,,,,2014-2024
NHL,LogisticGAM,Expected Goal,spatial,spatial_surface,39.13043478260869,4.3478260869565215,0.7439280466560353,,,,2014-2024
NHL,LogisticGAM,Expected Goal,spatial,spatial_surface,42.028985507246375,4.3478260869565215,0.6958689260795929,,,,2014-2024
NHL,LogisticGAM,Expected Goal,spatial,spatial_surface,44.92753623188406,4.3478260869565215,0.6462774569860789,,,,2014-2024
NHL,LogisticGAM,Expected Goal,spatial,spatial_surface,47.82608695652175,4.3478260869565215,0.5954250311386775,,,,2014-2024
NHL,LogisticGAM,Expected Goal,spatial,spatial_surface,50.72463768115941,4.3478260869565215,0.5435326357581219,,,,2014-2024
NHL,LogisticGAM,Expected Goal,spatial,spatial_surface,53.623188405797094,4.3478260869565215,0.4908200788122178,,,,2014-2024
NHL,LogisticGAM,Expected Goal,spatial,spatial_surface,56.52173913043478,4.3478260869565215,0.43750716826877106,,,,2014-2024
NHL,LogisticGAM,Expected Goal,spatial,spatial_surface,59.42028985507247,4.3478260869565215,0.3838137120955877,,,,2014-2024
NHL,LogisticGAM,Expected Goal,spatial,spatial_surface,62.318840579710155,4.3478260869565215,0.3299595182604738,,,,2014-2024
NHL,LogisticGAM,Expected Goal,spatial,spatial_surface,65.21739130434781,4.3478260869565215,0.2761643947312357,,,,2014-2024
NHL,LogisticGAM,Expected Goal,spatial,spatial_surface,68.1159420289855,4.3478260869565215,0.22264814947567846,,,,2014-2024
NHL,LogisticGAM,Expected Goal,spatial,spatial_surface,71.01449275362319,4.3478260869565215,0.16963059046160836,,,,2014-2024
NHL,LogisticGAM,Expected Goal,spatial,spatial_surface,73.91304347826087,4.3478260869565215,0.11731892947955118,,,,2014-2024
NHL,LogisticGAM,Expected Goal,spatial,spatial_surface,76.81159420289856,4.3478260869565215,0.06582959791455925,,,,2014-2024
NHL,LogisticGAM,Expected Goal,spatial,spatial_surface,79.71014492753622,4.3478260869565215,0.015239226969892227,,,,2014-2024
NHL,LogisticGAM,Expected Goal,spatial,spatial_surface,82.6086956521739,4.3478260869565215,-0.034375721627028975,,,,2014-2024
NHL,LogisticGAM,Expected Goal,spatial,spatial_surface,85.5072463768116,4.3478260869565215,-0.08293878614878224,,,,2014-2024
NHL,LogisticGAM,Expected Goal,spatial,spatial_surface,88.40579710144928,4.3478260869565215,-0.13037350486794586,,,,2014-2024
NHL,LogisticGAM,Expected Goal,spatial,spatial_surface,91.30434782608697,4.3478260869565215,-0.17660341605709834,,,,2014-2024
NHL,LogisticGAM,Expected Goal,spatial,spatial_surface,94.20289855072463,4.3478260869565215,-0.22155205798881758,,,,2014-2024
NHL,LogisticGAM,Expected Goal,spatial,spatial_surface,97.10144927536231,4.3478260869565215,-0.26514296893568257,,,,2014-2024
NHL,LogisticGAM,Expected Goal,spatial,spatial_surface,100.0,4.3478260869565215,-0.30729968717027145,,,,2014-2024
NHL,LogisticGAM,Expected Goal,spatial,spatial_surface,-100.0,5.942028985507246,-0.3975675605057988,,,,2014-2024
NHL,LogisticGAM,Expected Goal,spatial,spatial_surface,-97.10144927536231,5.942028985507246,-0.29882077556442616,,,,2014-2024
NHL,LogisticGAM,Expected Goal,spatial,spatial_surface,-94.20289855072464,5.942028985507246,-0.20212816818702214,,,,2014-2024
NHL,LogisticGAM,Expected Goal,spatial,spatial_surface,-91.30434782608695,5.942028985507246,-0.10816626127688767,,,,2014-2024
NHL,LogisticGAM,Expected Goal,spatial,spatial_surface,-88.40579710144928,5.942028985507246,-0.01750958643258022,,,,2014-2024
NHL,LogisticGAM,Expected Goal,spatial,spatial_surface,-85.5072463768116,5.942028985507246,0.06926732474734415,,,,2014-2024
NHL,LogisticGAM,Expected Goal,spatial,spatial_surface,-82.6086956521739,5.942028985507246,0.1515899406643285,,,,2014-2024
NHL,LogisticGAM,Expected Goal,spatial,spatial_surface,-79.71014492753623,5.942028985507246,0.22888372971981552,,,,2014-2024
NHL,LogisticGAM,Expected Goal,spatial,spatial_surface,-76.81159420289855,5.942028985507246,0.3005741603152494,,,,2014-2024
NHL,LogisticGAM,Expected Goal,spatial,spatial_surface,-73.91304347826087,5.942028985507246,0.36608670085207234,,,,2014-2024
NHL,LogisticGAM,Expected Goal,spatial,spatial_surface,-71.01449275362319,5.942028985507246,0.42484681973172894,,,,2014-2024
NHL,LogisticGAM,Expected Goal,spatial,spatial_surface,-68.1159420289855,5.942028985507246,0.476433332036397,,,,2014-2024
NHL,LogisticGAM,Expected Goal,spatial,spatial_surface,-65.21739130434783,5.942028985507246,0.5214013320845704,,,,2014-2024
NHL,LogisticGAM,Expected Goal,spatial,spatial_surface,-62.31884057971015,5.942028985507246,0.5606887941712158,,,,2014-2024
NHL,LogisticGAM,Expected Goal,spatial,spatial_surface,-59.42028985507246,5.942028985507246,0.5952345934602798,,,,2014-2024
NHL,LogisticGAM,Expected Goal,spatial,spatial_surface,-56.52173913043478,5.942028985507246,0.6259776051157079,,,,2014-2024
NHL,LogisticGAM,Expected Goal,spatial,spatial_surface,-53.6231884057971,5.942028985507246,0.653856704301447,,,,2014-2024
NHL,LogisticGAM,Expected Goal,spatial,spatial_surface,-50.72463768115942,5.942028985507246,0.6798107661814431,,,,2014-2024
NHL,LogisticGAM,Expected Goal,spatial,spatial_surface,-47.82608695652174,5.942028985507246,0.7047786659196429,,,,2014-2024
NHL,LogisticGAM,Expected Goal,spatial,spatial_surface,-44.927536231884055,5.942028985507246,0.7296992786799924,,,,2014-2024
NHL,LogisticGAM,Expected Goal,spatial,spatial_surface,-42.028985507246375,5.942028985507246,0.7555114649899446,,,,2014-2024
NHL,LogisticGAM,Expected Goal,spatial,spatial_surface,-39.130434782608695,5.942028985507246,0.7828831634737679,,,,2014-2024
NHL,LogisticGAM,Expected Goal,spatial,spatial_surface,-36.231884057971016,5.942028985507246,0.8115189135325481,,,,2014-2024
NHL,LogisticGAM,Expected Goal,spatial,spatial_surface,-33.33333333333333,5.942028985507246,0.8409092042720578,,,,2014-2024
NHL,LogisticGAM,Expected Goal,spatial,spatial_surface,-30.434782608695656,5.942028985507246,0.8705445247980684,,,,2014-2024
NHL,LogisticGAM,Expected Goal,spatial,spatial_surface,-27.53623188405797,5.942028985507246,0.8999153642163515,,,,2014-2024
NHL,LogisticGAM,Expected Goal,spatial,spatial_surface,-24.637681159420296,5.942028985507246,0.9285122116326786,,,,2014-2024
NHL,LogisticGAM,Expected Goal,spatial,spatial_surface,-21.73913043478261,5.942028985507246,0.955825556152822,,,,2014-2024
NHL,LogisticGAM,Expected Goal,spatial,spatial_surface,-18.840579710144922,5.942028985507246,0.9813458868825535,,,,2014-2024
NHL,LogisticGAM,Expected Goal,spatial,spatial_surface,-15.94202898550725,5.942028985507246,1.0045636929276438,,,,2014-2024
NHL,LogisticGAM,Expected Goal,spatial,spatial_surface,-13.043478260869563,5.942028985507246,1.024970196205914,,,,2014-2024
NHL,LogisticGAM,Expected Goal,spatial,spatial_surface,-10.14492753623189,5.942028985507246,1.0421640874583957,,,,2014-2024
NHL,LogisticGAM,Expected Goal,spatial,spatial_surface,-7.246376811594203,5.942028985507246,1.055963740979982,,,,2014-2024
NHL,LogisticGAM,Expected Goal,spatial,spatial_surface,-4.347826086956516,5.942028985507246,1.0662143717992973,,,,2014-2024
NHL,LogisticGAM,Expected Goal,spatial,spatial_surface,-1.4492753623188435,5.942028985507246,1.0727611949449667,,,,2014-2024
NHL,LogisticGAM,Expected Goal,spatial,spatial_surface,1.4492753623188435,5.942028985507246,1.0754494254456166,,,,2014-2024
NHL,LogisticGAM,Expected Goal,spatial,spatial_surface,4.347826086956516,5.942028985507246,1.0741242783298723,,,,2014-2024
NHL,LogisticGAM,Expected Goal,spatial,spatial_surface,7.246376811594203,5.942028985507246,1.0686309686263598,,,,2014-2024
NHL,LogisticGAM,Expected Goal,spatial,spatial_surface,10.14492753623189,5.942028985507246,1.0588147113637045,,,,2014-2024
NHL,LogisticGAM,Expected Goal,spatial,spatial_surface,13.043478260869563,5.942028985507246,1.0445207215705317,,,,2014-2024
NHL,LogisticGAM,Expected Goal,spatial,spatial_surface,15.94202898550725,5.942028985507246,1.0256005212316497,,,,2014-2024
NHL,LogisticGAM,Expected Goal,spatial,spatial_surface,18.840579710144922,5.942028985507246,1.002119833991228,,,,2014-2024
NHL,LogisticGAM,Expected Goal,spatial,spatial_surface,21.73913043478261,5.942028985507246,0.9744059354385892,,,,2014-2024
NHL,LogisticGAM,Expected Goal,spatial,spatial_surface,24.637681159420296,5.942028985507246,0.9428019967415403,,,,2014-2024
NHL,LogisticGAM,Expected Goal,spatial,spatial_surface,27.53623188405797,5.942028985507246,0.9076511890678917,,,,2014-2024
NHL,LogisticGAM,Expected Goal,spatial,spatial_surface,30.434782608695656,5.942028985507246,0.8692966835854501,,,,2014-2024
NHL,LogisticGAM,Expected Goal,spatial,spatial_surface,33.33333333333334,5.942028985507246,0.8280816514620252,,,,2014-2024
NHL,LogisticGAM,Expected Goal,spatial,spatial_surface,36.231884057971,5.942028985507246,0.7843492638654254,,,,2014-2024
NHL,LogisticGAM,Expected Goal,spatial,spatial_surface,39.13043478260869,5.942028985507246,0.7384426919634586,,,,2014-2024
NHL,LogisticGAM,Expected Goal,spatial,spatial_surface,42.028985507246375,5.942028985507246,0.6907051069239336,,,,2014-2024
NHL,LogisticGAM,Expected Goal,spatial,spatial_surface,44.92753623188406,5.942028985507246,0.6414733533304039,,,,2014-2024
NHL,LogisticGAM,Expected Goal,spatial,spatial_surface,47.82608695652175,5.942028985507246,0.5909952612914412,,,,2014-2024
NHL,LogisticGAM,Expected Goal,spatial,spatial_surface,50.72463768115941,5.942028985507246,0.5394529167769997,,,,2014-2024
NHL,LogisticGAM,Expected Goal,spatial,spatial_surface,53.623188405797094,5.942028985507246,0.4870268676224887,,,,2014-2024
NHL,LogisticGAM,Expected Goal,spatial,spatial_surface,56.52173913043478,5.942028985507246,0.4338976616633187,,,,2014-2024
NHL,LogisticGAM,Expected Goal,spatial,spatial_surface,59.42028985507247,5.942028985507246,0.3802458467348996,,,,2014-2024
NHL,LogisticGAM,Expected Goal,spatial,spatial_surface,62.318840579710155,5.942028985507246,0.32625197067264133,,,,2014-2024
NHL,LogisticGAM,Expected Goal,spatial,spatial_surface,65.21739130434781,5.942028985507246,0.2720965813119544,,,,2014-2024
NHL,LogisticGAM,Expected Goal,spatial,spatial_surface,68.1159420289855,5.942028985507246,0.21796022648824806,,,,2014-2024
NHL,LogisticGAM,Expected Goal,spatial,spatial_surface,71.01449275362319,5.942028985507246,0.16402345403693264,,,,2014-2024
NHL,LogisticGAM,Expected Goal,spatial,spatial_surface,73.91304347826087,5.942028985507246,0.11046020506329275,,,,2014-2024
NHL,LogisticGAM,Expected Goal,spatial,spatial_surface,76.81159420289856,5.942028985507246,0.05739680609667504,,,,2014-2024
NHL,LogisticGAM,Expected Goal,spatial,spatial_surface,79.71014492753622,5.942028985507246,0.004938708360038016,,,,2014-2024
NHL,LogisticGAM,Expected Goal,spatial,spatial_surface,82.6086956521739,5.942028985507246,-0.046808725814210646,,,,2014-2024
NHL,LogisticGAM,Expected Goal,spatial,spatial_surface,85.5072463768116,5.942028985507246,-0.097740134093662,,,,2014-2024
NHL,LogisticGAM,Expected Goal,spatial,spatial_surface,88.40579710144928,5.942028985507246,-0.14775015414590761,,,,2014-2024
NHL,LogisticGAM,Expected Goal,spatial,spatial_surface,91.30434782608697,5.942028985507246,-0.1967334236385391,,,,2014-2024
NHL,LogisticGAM,Expected Goal,spatial,spatial_surface,94.20289855072463,5.942028985507246,-0.2445845802391475,,,,2014-2024
NHL,LogisticGAM,Expected Goal,spatial,spatial_surface,97.10144927536231,5.942028985507246,-0.29119826161532514,,,,2014-2024
NHL,LogisticGAM,Expected Goal,spatial,spatial_surface,100.0,5.942028985507246,-0.33646910543466335,,,,2014-2024
NHL,LogisticGAM,Expected Goal,spatial,spatial_surface,-100.0,7.536231884057969,-0.393708463631996,,,,2014-2024
NHL,LogisticGAM,Expected Goal,spatial,spatial_surface,-97.10144927536231,7.536231884057969,-0.29500993632093797,,,,2014-2024
NHL,LogisticGAM,Expected Goal,spatial,spatial_surface,-94.20289855072464,7.536231884057969,-0.1981612796505192,,,,2014-2024
NHL,LogisticGAM,Expected Goal,spatial,spatial_surface,-91.30434782608695,7.536231884057969,-0.10383921957745795,,,,2014-2024
NHL,LogisticGAM,Expected Goal,spatial,spatial_surface,-88.40579710144928,7.536231884057969,-0.012632091542318506,,,,2014-2024
NHL,LogisticGAM,Expected Goal,spatial,spatial_surface,-85.5072463768116,7.536231884057969,0.07487176901433659,,,,2014-2024
NHL,LogisticGAM,Expected Goal,spatial,spatial_surface,-82.6086956521739,7.536231884057969,0.15808402665194374,,,,2014-2024
NHL,LogisticGAM,Expected Goal,spatial,spatial_surface,-79.71014492753623,7.536231884057969,0.23641634592993907,,,,2014-2024
NHL,LogisticGAM,Expected Goal,spatial,spatial_surface,-76.81159420289855,7.536231884057969,0.3092803914077601,,,,2014-2024
NHL,LogisticGAM,Expected Goal,spatial,spatial_surface,-73.91304347826087,7.536231884057969,0.37608782764484255,,,,2014-2024
NHL,LogisticGAM,Expected Goal,spatial,spatial_surface,-71.01449275362319,7.536231884057969,0.4362503192006243,,,,2014-2024
NHL,LogisticGAM,Expected Goal,spatial,spatial_surface,-68.1159420289855,7.536231884057969,0.4893273592526158,,,,2014-2024
NHL,LogisticGAM,Expected Goal,spatial,spatial_surface,-65.21739130434783,7.536231884057969,0.5358195895553142,,,,2014-2024
NHL,LogisticGAM,Expected Goal,spatial,spatial_surface,-62.31884057971015,7.536231884057969,0.5765967541974767,,,,2014-2024
NHL,LogisticGAM,Expected Goal,spatial,spatial_surface,-59.42028985507246,7.536231884057969,0.6125294657197605,,,,2014-2024
NHL,LogisticGAM,Expected Goal,spatial,spatial_surface,-56.52173913043478,7.536231884057969,0.6444883366628231,,,,2014-2024
NHL,LogisticGAM,Expected Goal,spatial,spatial_surface,-53.6231884057971,7.536231884057969,0.6733439795673224,,,,2014-2024
NHL,LogisticGAM,Expected Goal,spatial,spatial_surface,-50.72463768115942,7.536231884057969,0.6999670069739159,,,,2014-2024
NHL,LogisticGAM,Expected Goal,spatial,spatial_surface,-47.82608695652174,7.536231884057969,0.7252280314232613,,,,2014-2024
NHL,LogisticGAM,Expected Goal,spatial,spatial_surface,-44.927536231884055,7.536231884057969,0.7499976654560159,,,,2014-2024
NHL,LogisticGAM,Expected Goal,spatial,spatial_surface,-42.028985507246375,7.536231884057969,0.7751465086290115,,,,2014-2024
NHL,LogisticGAM,Expected Goal,spatial,spatial_surface,-39.130434782608695,7.536231884057969,0.8013048295153599,,,,2014-2024
NHL,LogisticGAM,Expected Goal,spatial,spatial_surface,-36.231884057971016,7.536231884057969,0.828248278880235,,,,2014-2024
NHL,LogisticGAM,Expected Goal,spatial,spatial_surface,-33.33333333333333,7.536231884057969,0.8555626265030593,,,,2014-2024
NHL,LogisticGAM,Expected Goal,spatial,spatial_surface,-30.434782608695656,7.536231884057969,0.8828336421632543,,,,2014-2024
NHL,LogisticGAM,Expected Goal,spatial,spatial_surface,-27.53623188405797,7.536231884057969,0.9096470956402428,,,,2014-2024
NHL,LogisticGAM,Expected Goal,spatial,spatial_surface,-24.637681159420296,7.536231884057969,0.9355887567134462,,,,2014-2024
NHL,LogisticGAM,Expected Goal,spatial,spatial_surface,-21.73913043478261,7.536231884057969,0.960244395162287,,,,2014-2024
NHL,LogisticGAM,Expected Goal,spatial,spatial_surface,-18.840579710144922,7.536231884057969,0.9831997807661879,,,,2014-2024
NHL,LogisticGAM,Expected Goal,spatial,spatial_surface,-15.94202898550725,7.536231884057969,1.0040406833045696,,,,2014-2024
NHL,LogisticGAM,Expected Goal,spatial,spatial_surface,-13.043478260869563,7.536231884057969,1.02235336660461,,,,2014-2024
NHL,LogisticGAM,Expected Goal,spatial,spatial_surface,-10.14492753623189,7.536231884057969,1.0377965479022158,,,,2014-2024
NHL,LogisticGAM,Expected Goal,spatial,spatial_surface,-7.246376811594203,7.536231884057969,1.050177050850043,,,,2014-2024
NHL,LogisticGAM,Expected Goal,spatial,spatial_surface,-4.347826086956516,7.536231884057969,1.0593197946059727,,,,2014-2024
NHL,LogisticGAM,Expected Goal,spatial,spatial_surface,-1.4492753623188435,7.536231884057969,1.0650496983278865,,,,2014-2024
NHL,LogisticGAM,Expected Goal,spatial,spatial_surface,1.4492753623188435,7.536231884057969,1.0671916811736655,,,,2014-2024
NHL,LogisticGAM,Expected Goal,spatial,spatial_surface,4.347826086956516,7.536231884057969,1.0655706623011898,,,,2014-2024
NHL,LogisticGAM,Expected Goal,spatial,spatial_surface,7.246376811594203,7.536231884057969,1.0600115608683414,,,,2014-2024
NHL,LogisticGAM,Expected Goal,spatial,spatial_surface,10.14492753623189,7.536231884057969,1.0503392960330014,,,,2014-2024
NHL,LogisticGAM,Expected Goal,spatial,spatial_surface,13.043478260869563,7.536231884057969,1.0363787869530503,,,,2014-2024
NHL,LogisticGAM,Expected Goal,spatial,spatial_surface,15.94202898550725,7.536231884057969,1.0179611963312825,,,,2014-2024
NHL,LogisticGAM,Expected Goal,spatial,spatial_surface,18.840579710144922,7.536231884057969,0.9951297349079402,,,,2014-2024
NHL,LogisticGAM,Expected Goal,spatial,spatial_surface,21.73913043478261,7.536231884057969,0.9681865356782364,,,,2014-2024
NHL,LogisticGAM,Expected Goal,spatial,spatial_surface,24.637681159420296,7.536231884057969,0.9374494673988699,,,,2014-2024
NHL,LogisticGAM,Expected Goal,spatial,spatial_surface,27.53623188405797,7.536231884057969,0.9032363988265428,,,,2014-2024
NHL,LogisticGAM,Expected Goal,spatial,spatial_surface,30.434782608695656,7.536231884057969,0.8658651987179544,,,,2014-2024
NHL,LogisticGAM,Expected Goal,spatial,spatial_surface,33.33333333333334,7.536231884057969,0.8256537358298062,,,,2014-2024
NHL,LogisticGAM,Expected Goal,spatial,spatial_surface,36.231884057971,7.536231884057969,0.7829198789187989,,,,2014-2024
NHL,LogisticGAM,Expected Goal,spatial,spatial_surface,39.13043478260869,7.536231884057969,0.7379814967416317,,,,2014-2024
NHL,LogisticGAM,Expected Goal,spatial,spatial_surface,42.028985507246375,7.536231884057969,0.6911564580550066,,,,2014-2024
NHL,LogisticGAM,Expected Goal,spatial,spatial_surface,44.92753623188406,7.536231884057969,0.6427563244011917,,,,2014-2024
NHL,LogisticGAM,Expected Goal,spatial,spatial_surface,47.82608695652175,7.536231884057969,0.593003915379165,,,,2014-2024
NHL,LogisticGAM,Expected Goal,spatial,spatial_surface,50.72463768115941,7.536231884057969,0.5420565077352132,,,,2014-2024
NHL,LogisticGAM,Expected Goal,spatial,spatial_surface,53.623188405797094,7.536231884057969,0.4900698447903179,,,,2014-2024
NHL,LogisticGAM,Expected Goal,spatial,spatial_surface,56.52173913043478,7.536231884057969,0.4371996698654607,,,,2014-2024
NHL,LogisticGAM,Expected Goal,spatial,spatial_surface,59.42028985507247,7.536231884057969,0.38360172628162365,,,,2014-2024
NHL,LogisticGAM,Expected Goal,spatial,spatial_surface,62.318840579710155,7.536231884057969,0.3294317573597883,,,,2014-2024
NHL,LogisticGAM,Expected Goal,spatial,spatial_surface,65.21739130434781,7.536231884057969,0.274845506420937,,,,2014-2024
NHL,LogisticGAM,Expected Goal,spatial,spatial_surface,68.1159420289855,7.536231884057969,0.21999871678605043,,,,2014-2024
NHL,LogisticGAM,Expected Goal,spatial,spatial_surface,71.01449275362319,7.536231884057969,0.16504713177611086,,,,2014-2024
NHL,LogisticGAM,Expected Goal,spatial,spatial_surface,73.91304347826087,7.536231884057969,0.11014413065491045,,,,2014-2024
NHL,LogisticGAM,Expected Goal,spatial,spatial_surface,76.81159420289856,7.536231884057969,0.055426054971905184,,,,2014-2024
NHL,LogisticGAM,Expected Goal,spatial,spatial_surface,79.71014492753622,7.536231884057969,0.001021776557459497,,,,2014-2024
NHL,LogisticGAM,Expected Goal,spatial,spatial_surface,82.6086956521739,7.536231884057969,-0.05293986456537777,,,,2014-2024
NHL,LogisticGAM,Expected Goal,spatial,spatial_surface,85.5072463768116,7.536231884057969,-0.10633002837355657,,,,2014-2024
NHL,LogisticGAM,Expected Goal,spatial,spatial_surface,88.40579710144928,7.536231884057969,-0.15901987484402727,,,,2014-2024
NHL,LogisticGAM,Expected Goal,spatial,spatial_surface,91.30434782608697,7.536231884057969,-0.21088056395374033,,,,2014-2024
NHL,LogisticGAM,Expected Goal,spatial,spatial_surface,94.20289855072463,7.536231884057969,-0.2617832556796456,,,,2014-2024
NHL,LogisticGAM,Expected Goal,spatial,spatial_surface,97.10144927536231,7.536231884057969,-0.31159910999869445,,,,2014-2024
NHL,LogisticGAM,Expected Goal,spatial,spatial_surface,100.0,7.536231884057969,-0.3601992868878367,,,,2014-2024
NHL,LogisticGAM,Expected Goal,spatial,spatial_surface,-100.0,9.130434782608695,-0.388636247479455,,,,2014-2024
NHL,LogisticGAM,Expected Goal,spatial,spatial_surface,-97.10144927536231,9.130434782608695,-0.29034509413908965,,,,2014-2024
NHL,LogisticGAM,Expected Goal,spatial,spatial_surface,-94.20289855072464,9.130434782608695,-0.19369968704582646,,,,2014-2024
NHL,LogisticGAM,Expected Goal,spatial,spatial_surface,-91.30434782608695,9.130434782608695,-0.09937121380547559,,,,2014-2024
NHL,LogisticGAM,Expected Goal,spatial,spatial_surface,-88.40579710144928,9.130434782608695,-0.007955766079815884,,,,2014-2024
NHL,LogisticGAM,Expected Goal,spatial,spatial_surface,-85.5072463768116,9.130434782608695,0.07995056446937572,,,,2014-2024
NHL,LogisticGAM,Expected Goal,spatial,spatial_surface,-82.6086956521739,9.130434782608695,0.1637516861803211,,,,2014-2024
NHL,LogisticGAM,Expected Goal,spatial,spatial_surface,-79.71014492753623,9.130434782608695,0.24285150739124195,,,,2014-2024
NHL,LogisticGAM,Expected Goal,spatial,spatial_surface,-76.81159420289855,9.130434782608695,0.3166539364403613,,,,2014-2024
NHL,LogisticGAM,Expected Goal,spatial,spatial_surface,-73.91304347826087,9.130434782608695,0.3845628816659004,,,,2014-2024
NHL,LogisticGAM,Expected Goal,spatial,spatial_surface,-71.01449275362319,9.130434782608695,0.44598225140608255,,,,2014-2024
NHL,LogisticGAM,Expected Goal,spatial,spatial_surface,-68.1159420289855,9.130434782608695,0.5004565999080542,,,,2014-2024
NHL,LogisticGAM,Expected Goal,spatial,spatial_surface,-65.21739130434783,9.130434782608695,0.548425901390868,,,,2014-2024
NHL,LogisticGAM,Expected Goal,spatial,spatial_surface,-62.31884057971015,9.130434782608695,0.590681298433022,,,,2014-2024
NHL,LogisticGAM,Expected Goal,spatial,spatial_surface,-59.42028985507246,9.130434782608695,0.6280147598685009,,,,2014-2024
NHL,LogisticGAM,Expected Goal,spatial,spatial_surface,-56.52173913043478,9.130434782608695,0.6612182545312898,,,,2014-2024
NHL,LogisticGAM,Expected Goal,spatial,spatial_surface,-53.6231884057971,9.130434782608695,0.6910837512553744,,,,2014-2024
NHL,LogisticGAM,Expected Goal,spatial,spatial_surface,-50.72463768115942,9.130434782608695,0.7184032188747392,,,,2014-2024
NHL,LogisticGAM,Expected Goal,spatial,spatial_surface,-47.82608695652174,9.130434782608695,0.7439686262233701,,,,2014-2024
NHL,LogisticGAM,Expected Goal,spatial,spatial_surface,-44.927536231884055,9.130434782608695,0.7685719421352519,,,,2014-2024
NHL,LogisticGAM,Expected Goal,spatial,spatial_surface,-42.028985507246375,9.130434782608695,0.7930051243063925,,,,2014-2024
NHL,LogisticGAM,Expected Goal,spatial,spatial_surface,-39.130434782608695,9.130434782608695,0.8178539661605485,,,,2014-2024
NHL,LogisticGAM,Expected Goal,spatial,spatial_surface,-36.231884057971016,9.130434782608695,0.8429711402574918,,,,2014-2024
NHL,LogisticGAM,Expected Goal,spatial,spatial_surface,-33.33333333333333,9.130434782608695,0.8680464326467505,,,,2014-2024
NHL,LogisticGAM,Expected Goal,spatial,spatial_surface,-30.434782608695656,9.130434782608695,0.8927696293778514,,,,2014-2024
NHL,LogisticGAM,Expected Goal,spatial,spatial_surface,-27.53623188405797,9.130434782608695,0.916830516500322,,,,2014-2024
NHL,LogisticGAM,Expected Goal,spatial,spatial_surface,-24.637681159420296,9.130434782608695,0.9399188800636892,,,,2014-2024
NHL,LogisticGAM,Expected Goal,spatial,spatial_surface,-21.73913043478261,9.130434782608695,0.9617245061174805,,,,2014-2024
NHL,LogisticGAM,Expected Goal,spatial,spatial_surface,-18.840579710144922,9.130434782608695,0.9819371807112234,,,,2014-2024
NHL,LogisticGAM,Expected Goal,spatial,spatial_surface,-15.94202898550725,9.130434782608695,1.0002466898944447,,,,2014-2024
NHL,LogisticGAM,Expected Goal,spatial,spatial_surface,-13.043478260869563,9.130434782608695,1.0163430690819018,,,,2014-2024
NHL,LogisticGAM,Expected Goal,spatial,spatial_surface,-10.14492753623189,9.130434782608695,1.0299529237582516,,,,2014-2024
NHL,LogisticGAM,Expected Goal,spatial,spatial_surface,-7.246376811594203,9.130434782608695,1.0408776145108871,,,,2014-2024
NHL,LogisticGAM,Expected Goal,spatial,spatial_surface,-4.347826086956516,9.130434782608695,1.0489276354366197,,,,2014-2024
NHL,LogisticGAM,Expected Goal,spatial,spatial_surface,-1.4492753623188435,9.130434782608695,1.053913480632258,,,,2014-2024
NHL,LogisticGAM,Expected Goal,spatial,spatial_surface,1.4492753623188435,9.130434782608695,1.0556456441946134,,,,2014-2024
NHL,LogisticGAM,Expected Goal,spatial,spatial_surface,4.347826086956516,9.130434782608695,1.0539346202204956,,,,2014-2024
NHL,LogisticGAM,Expected Goal,spatial,spatial_surface,7.246376811594203,9.130434782608695,1.0485909028067149,,,,2014-2024
NHL,LogisticGAM,Expected Goal,spatial,spatial_surface,10.14492753623189,9.130434782608695,1.039424986050082,,,,2014-2024
NHL,LogisticGAM,Expected Goal,spatial,spatial_surface,13.043478260869563,9.130434782608695,1.0262473640474064,,,,2014-2024
NHL,LogisticGAM,Expected Goal,spatial,spatial_surface,15.94202898550725,9.130434782608695,1.008874358336103,,,,2014-2024
NHL,LogisticGAM,Expected Goal,spatial,spatial_surface,18.840579710144922,9.130434782608695,0.9873202064389203,,,,2014-2024
NHL,LogisticGAM,Expected Goal,spatial,spatial_surface,21.73913043478261,9.130434782608695,0.9618408121247736,,,,2014-2024
NHL,LogisticGAM,Expected Goal,spatial,spatial_surface,24.637681159420296,9.130434782608695,0.9327067662060301,,,,2014-2024
NHL,LogisticGAM,Expected Goal,spatial,spatial_surface,27.53623188405797,9.130434782608695,0.9001886594950582,,,,2014-2024
NHL,LogisticGAM,Expected Goal,spatial,spatial_surface,30.434782608695656,9.130434782608695,0.8645570828042252,,,,2014-2024
NHL,LogisticGAM,Expected Goal,spatial,spatial_surface,33.33333333333334,9.130434782608695,0.8260826269458986,,,,2014-2024
NHL,LogisticGAM,Expected Goal,spatial,spatial_surface,36.231884057971,9.130434782608695,0.7850358827324473,,,,2014-2024
NHL,LogisticGAM,Expected Goal,spatial,spatial_surface,39.13043478260869,9.130434782608695,0.7416874409762377,,,,2014-2024
NHL,LogisticGAM,Expected Goal,spatial,spatial_surface,42.028985507246375,9.130434782608695,0.6963078924896383,,,,2014-2024
NHL,LogisticGAM,Expected Goal,spatial,spatial_surface,44.92753623188406,9.130434782608695,0.6491629182076892,,,,2014-2024
NHL,LogisticGAM,Expected Goal,spatial,spatial_surface,47.82608695652175,9.130434782608695,0.6004491175302956,,,,2014-2024
NHL,LogisticGAM,Expected Goal,spatial,spatial_surface,50.72463768115941,9.130434782608695,0.5503120677508693,,,,2014-2024
NHL,LogisticGAM,Expected Goal,spatial,spatial_surface,53.623188405797094,9.130434782608695,0.4988961524615102,,,,2014-2024
NHL,LogisticGAM,Expected Goal,spatial,spatial_surface,56.52173913043478,9.130434782608695,0.44634575525431913,,,,2014-2024
NHL,LogisticGAM,Expected Goal,spatial,spatial_surface,59.42028985507247,9.130434782608695,0.3928052597213961,,,,2014-2024
NHL,LogisticGAM,Expected Goal,spatial,spatial_surface,62.318840579710155,9.130434782608695,0.3384190494548417,,,,2014-2024
NHL,LogisticGAM,Expected Goal,spatial,spatial_surface,65.21739130434781,9.130434782608695,0.2833315080467567,,,,2014-2024
NHL,LogisticGAM,Expected Goal,spatial,spatial_surface,68.1159420289855,9.130434782608695,0.22768701908924074,,,,2014-2024
NHL,LogisticGAM,Expected Goal,spatial,spatial_surface,71.01449275362319,9.130434782608695,0.17162996617439435,,,,2014-2024
NHL,LogisticGAM,Expected Goal,spatial,spatial_surface,73.91304347826087,9.130434782608695,0.11530504015468508,,,,2014-2024
NHL,LogisticGAM,Expected Goal,spatial,spatial_surface,76.81159420289856,9.130434782608695,0.05885914630209025,,,,2014-2024
NHL,LogisticGAM,Expected Goal,spatial,spatial_surface,79.71014492753622,9.130434782608695,0.002440160740155779,,,,2014-2024
NHL,LogisticGAM,Expected Goal,spatial,spatial_surface,82.6086956521739,9.130434782608695,-0.053804036273524994,,,,2014-2024
NHL,LogisticGAM,Expected Goal,spatial,spatial_surface,85.5072463768116,9.130434782608695,-0.1097255644813573,,,,2014-2024
NHL,LogisticGAM,Expected Goal,spatial,spatial_surface,88.40579710144928,9.130434782608695,-0.16517654362574713,,,,2014-2024
NHL,LogisticGAM,Expected Goal,spatial,spatial_surface,91.30434782608697,9.130434782608695,-0.22000909344910016,,,,2014-2024
NHL,LogisticGAM,Expected Goal,spatial,spatial_surface,94.20289855072463,9.130434782608695,-0.2740753336938218,,,,2014-2024
NHL,LogisticGAM,Expected Goal,spatial,spatial_surface,97.10144927536231,9.130434782608695,-0.3272273841023188,,,,2014-2024
NHL,LogisticGAM,Expected Goal,spatial,spatial_surface,100.0,9.130434782608695,-0.3793173644169965,,,,2014-2024
NHL,LogisticGAM,Expected Goal,spatial,spatial_surface,-100.0,10.724637681159422,-0.3822898326330412,,,,2014-2024
NHL,LogisticGAM,Expected Goal,spatial,spatial_surface,-97.10144927536231,10.724637681159422,-0.2847624962399041,,,,2014-2024
NHL,LogisticGAM,Expected Goal,spatial,spatial_surface,-94.20289855072464,10.724637681159422,-0.18868290426490342,,,,2014-2024
NHL,LogisticGAM,Expected Goal,spatial,spatial_surface,-91.30434782608695,10.724637681159422,-0.09471169426453077,,,,2014-2024
NHL,LogisticGAM,Expected Goal,spatial,spatial_surface,-88.40579710144928,10.724637681159422,-0.003447038454468872,,,,2014-2024
NHL,LogisticGAM,Expected Goal,spatial,spatial_surface,-85.5072463768116,10.724637681159422,0.08451289094960086,,,,2014-2024
NHL,LogisticGAM,Expected Goal,spatial,spatial_surface,-82.6086956521739,10.724637681159422,0.16856992173199614,,,,2014-2024
NHL,LogisticGAM,Expected Goal,spatial,spatial_surface,-79.71014492753623,10.724637681159422,0.24812588167703445,,,,2014-2024
NHL,LogisticGAM,Expected Goal,spatial,spatial_surface,-76.81159420289855,10.724637681159422,0.3225825985690347,,,,2014-2024
NHL,LogisticGAM,Expected Goal,spatial,spatial_surface,-73.91304347826087,10.724637681159422,0.39134190019231385,,,,2014-2024
NHL,LogisticGAM,Expected Goal,spatial,spatial_surface,-71.01449275362319,10.724637681159422,0.4538056143311908,,,,2014-2024
NHL,LogisticGAM,Expected Goal,spatial,spatial_surface,-68.1159420289855,10.724637681159422,0.5095077772726976,,,,2014-2024
NHL,LogisticGAM,Expected Goal,spatial,spatial_surface,-65.21739130434783,10.724637681159422,0.5588241286615467,,,,2014-2024
NHL,LogisticGAM,Expected Goal,spatial,spatial_surface,-62.31884057971015,10.724637681159422,0.6024605097668626,,,,2014-2024
NHL,LogisticGAM,Expected Goal,spatial,spatial_surface,-59.42028985507246,10.724637681159422,0.6411235385458481,,,,2014-2024
NHL,LogisticGAM,Expected Goal,spatial,spatial_surface,-56.52173913043478,10.724637681159422,0.675519832955706,,,,2014-2024
NHL,LogisticGAM,Expected Goal,spatial,spatial_surface,-53.6231884057971,10.724637681159422,0.7063560109536396,,,,2014-2024
NHL,LogisticGAM,Expected Goal,spatial,spatial_surface,-50.72463768115942,10.724637681159422,0.7343386904968523,,,,2014-2024
NHL,LogisticGAM,Expected Goal,spatial,spatial_surface,-47.82608695652174,10.724637681159422,0.7601744895425473,,,,2014-2024
NHL,LogisticGAM,Expected Goal,spatial,spatial_surface,-44.927536231884055,10.724637681159422,0.7845700260479272,,,,2014-2024
NHL,LogisticGAM,Expected Goal,spatial,spatial_surface,-42.028985507246375,10.724637681159422,0.8082319087899196,,,,2014-2024
NHL,LogisticGAM,Expected Goal,spatial,spatial_surface,-39.130434782608695,10.724637681159422,0.8316968193743418,,,,2014-2024
NHL,LogisticGAM,Expected Goal,spatial,spatial_surface,-36.231884057971016,10.724637681159422,0.8548971777998128,,,,2014-2024
NHL,LogisticGAM,Expected Goal,spatial,spatial_surface,-33.33333333333333,10.724637681159422,0.8776311478061167,,,,2014-2024
NHL,LogisticGAM,Expected Goal,spatial,spatial_surface,-30.434782608695656,10.724637681159422,0.8996968931330376,,,,2014-2024
NHL,LogisticGAM,Expected Goal,spatial,spatial_surface,-27.53623188405797,10.724637681159422,0.9208925775203594,,,,2014-2024
NHL,LogisticGAM,Expected Goal,spatial,spatial_surface,-24.637681159420296,10.724637681159422,0.9410163647078671,,,,2014-2024
NHL,LogisticGAM,Expected Goal,spatial,spatial_surface,-21.73913043478261,10.724637681159422,0.9598664184353445,,,,2014-2024
NHL,LogisticGAM,Expected Goal,spatial,spatial_surface,-18.840579710144922,10.724637681159422,0.9772409024425758,,,,2014-2024
NHL,LogisticGAM,Expected Goal,spatial,spatial_surface,-15.94202898550725,10.724637681159422,0.992937980469345,,,,2014-2024
NHL,LogisticGAM,Expected Goal,spatial,spatial_surface,-13.043478260869563,10.724637681159422,1.0067558245244035,,,,2014-2024
NHL,LogisticGAM,Expected Goal,spatial,spatial_surface,-10.14492753623189,10.724637681159422,1.01849381928231,,,,2014-2024
NHL,LogisticGAM,Expected Goal,spatial,spatial_surface,-7.246376811594203,10.724637681159422,1.0279538283015104,,,,2014-2024
NHL,LogisticGAM,Expected Goal,spatial,spatial_surface,-4.347826086956516,10.724637681159422,1.0349380180081962,,,,2014-2024
NHL,LogisticGAM,Expected Goal,spatial,spatial_surface,-1.4492753623188435,10.724637681159422,1.0392485548285575,,,,2014-2024
NHL,LogisticGAM,Expected Goal,spatial,spatial_surface,1.4492753623188435,10.724637681159422,1.0406876051887861,,,,2014-2024
NHL,LogisticGAM,Expected Goal,spatial,spatial_surface,4.347826086956516,10.724637681159422,1.0390573355150723,,,,2014-2024
NHL,LogisticGAM,Expected Goal,spatial,spatial_surface,7.246376811594203,10.724637681159422,1.0341599122336065,,,,2014-2024
NHL,LogisticGAM,Expected Goal,spatial,spatial_surface,10.14492753623189,10.724637681159422,1.0257975017705805,,,,2014-2024
NHL,LogisticGAM,Expected Goal,spatial,spatial_surface,13.043478260869563,10.724637681159422,1.0137722705521846,,,,2014-2024
NHL,LogisticGAM,Expected Goal,spatial,spatial_surface,15.94202898550725,10.724637681159422,0.9978914842799602,,,,2014-2024
NHL,LogisticGAM,Expected Goal,spatial,spatial_surface,18.840579710144922,10.724637681159422,0.9781355941367077,,,,2014-2024
NHL,LogisticGAM,Expected Goal,spatial,spatial_surface,21.73913043478261,10.724637681159422,0.9546965202529,,,,2014-2024
NHL,LogisticGAM,Expected Goal,spatial,spatial_surface,24.637681159420296,10.724637681159422,0.9277790345894686,,,,2014-2024
NHL,LogisticGAM,Expected Goal,spatial,spatial_surface,27.53623188405797,10.724637681159422,0.8975879091073459,,,,2014-2024
NHL,LogisticGAM,Expected Goal,spatial,spatial_surface,30.434782608695656,10.724637681159422,0.864327915767463,,,,2014-2024
NHL,LogisticGAM,Expected Goal,spatial,spatial_surface,33.33333333333334,10.724637681159422,0.8282038265307525,,,,2014-2024
NHL,LogisticGAM,Expected Goal,spatial,spatial_surface,36.231884057971,10.724637681159422,0.7894204133581462,,,,2014-2024
NHL,LogisticGAM,Expected Goal,spatial,spatial_surface,39.13043478260869,10.724637681159422,0.7481824482105752,,,,2014-2024
NHL,LogisticGAM,Expected Goal,spatial,spatial_surface,42.028985507246375,10.724637681159422,0.704694703048972,,,,2014-2024
NHL,LogisticGAM,Expected Goal,spatial,spatial_surface,44.92753623188406,10.724637681159422,0.6591596016309648,,,,2014-2024
NHL,LogisticGAM,Expected Goal,spatial,spatial_surface,47.82608695652175,10.724637681159422,0.6117465287035909,,,,2014-2024
NHL,LogisticGAM,Expected Goal,spatial,spatial_surface,50.72463768115941,10.724637681159422,0.5626004671254027,,,,2014-2024
NHL,LogisticGAM,Expected Goal,spatial,spatial_surface,53.623188405797094,10.724637681159422,0.5118658288540558,,,,2014-2024
NHL,LogisticGAM,Expected Goal,spatial,spatial_surface,56.52173913043478,10.724637681159422,0.45968702584720683,,,,2014-2024
NHL,LogisticGAM,Expected Goal,spatial,spatial_surface,59.42028985507247,10.724637681159422,0.4062084700625122,,,,2014-2024
NHL,LogisticGAM,Expected Goal,spatial,spatial_surface,62.318840579710155,10.724637681159422,0.3515745734576283,,,,2014-2024
NHL,LogisticGAM,Expected Goal,spatial,spatial_surface,65.21739130434781,10.724637681159422,0.2959297479902119,,,,2014-2024
NHL,LogisticGAM,Expected Goal,spatial,spatial_surface,68.1159420289855,10.724637681159422,0.23941840561791836,,,,2014-2024
NHL,LogisticGAM,Expected Goal,spatial,spatial_surface,71.01449275362319,10.724637681159422,0.18218495829840456,,,,2014-2024
NHL,LogisticGAM,Expected Goal,spatial,spatial_surface,73.91304347826087,10.724637681159422,0.12437552768839741,,,,2014-2024
NHL,LogisticGAM,Expected Goal,spatial,spatial_surface,76.81159420289856,10.724637681159422,0.06614855721268274,,,,2014-2024
NHL,LogisticGAM,Expected Goal,spatial,spatial_surface,79.71014492753622,10.724637681159422,0.007667892437689119,,,,2014-2024
NHL,LogisticGAM,Expected Goal,spatial,spatial_surface,82.6086956521739,10.724637681159422,-0.05090259806693269,,,,2014-2024
NHL,LogisticGAM,Expected Goal,spatial,spatial_surface,85.5072463768116,10.724637681159422,-0.10939904573153017,,,,2014-2024
NHL,LogisticGAM,Expected Goal,spatial,spatial_surface,88.40579710144928,10.724637681159422,-0.16765758198645167,,,,2014-2024
NHL,LogisticGAM,Expected Goal,spatial,spatial_surface,91.30434782608697,10.724637681159422,-0.2255143382620453,,,,2014-2024
NHL,LogisticGAM,Expected Goal,spatial,spatial_surface,94.20289855072463,10.724637681159422,-0.28280544598865875,,,,2014-2024
NHL,LogisticGAM,Expected Goal,spatial,spatial_surface,97.10144927536231,10.724637681159422,-0.3393670365966413,,,,2014-2024
NHL,LogisticGAM,Expected Goal,spatial,spatial_surface,100.0,10.724637681159422,-0.39503524151634045,,,,2014-2024
NHL,LogisticGAM,Expected Goal,spatial,spatial_surface,-100.0,12.318840579710145,-0.3746081420212625,,,,2014-2024
NHL,LogisticGAM,Expected Goal,spatial,spatial_surface,-97.10144927536231,12.318840579710145,-0.2781983919969715,,,,2014-2024
NHL,LogisticGAM,Expected Goal,spatial,spatial_surface,-94.20289855072464,12.318840579710145,-0.18305044714136193,,,,2014-2024
NHL,LogisticGAM,Expected Goal,spatial,spatial_surface,-91.30434782608695,12.318840579710145,-0.08981011297970395,,,,2014-2024
NHL,LogisticGAM,Expected Goal,spatial,spatial_surface,-88.40579710144928,12.318840579710145,0.0009276614197872341,,,,2014-2024
NHL,LogisticGAM,Expected Goal,spatial,spatial_surface,-85.5072463768116,12.318840579710145,0.08856792698889804,,,,2014-2024
NHL,LogisticGAM,Expected Goal,spatial,spatial_surface,-82.6086956521739,12.318840579710145,0.17251573465941392,,,,2014-2024
NHL,LogisticGAM,Expected Goal,spatial,spatial_surface,-79.71014492753623,12.318840579710145,0.25217613536312,,,,2014-2024
NHL,LogisticGAM,Expected Goal,spatial,spatial_surface,-76.81159420289855,12.318840579710145,0.32695418003180293,,,,2014-2024
NHL,LogisticGAM,Expected Goal,spatial,spatial_surface,-73.91304347826087,12.318840579710145,0.3962549195972473,,,,2014-2024
NHL,LogisticGAM,Expected Goal,spatial,spatial_surface,-71.01449275362319,12.318840579710145,0.4594834049912401,,,,2014-2024
NHL,LogisticGAM,Expected Goal,spatial,spatial_surface,-68.1159420289855,12.318840579710145,0.5161676134980919,,,,2014-2024
NHL,LogisticGAM,Expected Goal,spatial,spatial_surface,-65.21739130434783,12.318840579710145,0.5666181310962937,,,,2014-2024
NHL,LogisticGAM,Expected Goal,spatial,spatial_surface,-62.31884057971015,12.318840579710145,0.6114524694750013,,,,2014-2024
NHL,LogisticGAM,Expected Goal,spatial,spatial_surface,-59.42028985507246,12.318840579710145,0.6512888624814077,,,,2014-2024
NHL,LogisticGAM,Expected Goal,spatial,spatial_surface,-56.52173913043478,12.318840579710145,0.686745543962705,,,,2014-2024
NHL,LogisticGAM,Expected Goal,spatial,spatial_surface,-53.6231884057971,12.318840579710145,0.7184407477660857,,,,2014-2024
NHL,LogisticGAM,Expected Goal,spatial,spatial_surface,-50.72463768115942,12.318840579710145,0.7469927077387422,,,,2014-2024
NHL,LogisticGAM,Expected Goal,spatial,spatial_surface,-47.82608695652174,12.318840579710145,0.7730196577278667,,,,2014-2024
NHL,LogisticGAM,Expected Goal,spatial,spatial_surface,-44.927536231884055,12.318840579710145,0.7971398315806522,,,,2014-2024
NHL,LogisticGAM,Expected Goal,spatial,spatial_surface,-42.028985507246375,12.318840579710145,0.8199714559522381,,,,2014-2024
NHL,LogisticGAM,Expected Goal,spatial,spatial_surface,-39.130434782608695,12.318840579710145,0.8419996324054305,,,,2014-2024
NHL,LogisticGAM,Expected Goal,spatial,spatial_surface,-36.231884057971016,12.318840579710145,0.8632360692150318,,,,2014-2024
NHL,LogisticGAM,Expected Goal,spatial,spatial_surface,-33.33333333333333,12.318840579710145,0.8835872950266125,,,,2014-2024
NHL,LogisticGAM,Expected Goal,spatial,spatial_surface,-30.434782608695656,12.318840579710145,0.9029598384857422,,,,2014-2024
NHL,LogisticGAM,Expected Goal,spatial,spatial_surface,-27.53623188405797,12.318840579710145,0.9212602282379914,,,,2014-2024
NHL,LogisticGAM,Expected Goal,spatial,spatial_surface,-24.637681159420296,12.318840579710145,0.9383949929289295,,,,2014-2024
NHL,LogisticGAM,Expected Goal,spatial,spatial_surface,-21.73913043478261,12.318840579710145,0.9542706612041273,,,,2014-2024
NHL,LogisticGAM,Expected Goal,spatial,spatial_surface,-18.840579710144922,12.318840579710145,0.9687937617091548,,,,2014-2024
NHL,LogisticGAM,Expected Goal,spatial,spatial_surface,-15.94202898550725,12.318840579710145,0.9818708230895814,,,,2014-2024
NHL,LogisticGAM,Expected Goal,spatial,spatial_surface,-13.043478260869563,12.318840579710145,0.9934081542544767,,,,2014-2024
NHL,LogisticGAM,Expected Goal,spatial,spatial_surface,-10.14492753623189,12.318840579710145,1.0032798391743352,,,,2014-2024
NHL,LogisticGAM,Expected Goal,spatial,spatial_surface,-7.246376811594203,12.318840579710145,1.01129408886397,,,,2014-2024
NHL,LogisticGAM,Expected Goal,spatial,spatial_surface,-4.347826086956516,12.318840579710145,1.0172510660413043,,,,2014-2024
NHL,LogisticGAM,Expected Goal,spatial,spatial_surface,-1.4492753623188435,12.318840579710145,1.0209509334242592,,,,2014-2024
NHL,LogisticGAM,Expected Goal,spatial,spatial_surface,1.4492753623188435,12.318840579710145,1.0221938537307562,,,,2014-2024
NHL,LogisticGAM,Expected Goal,spatial,spatial_surface,4.347826086956516,12.318840579710145,1.0207799896787173,,,,2014-2024
NHL,LogisticGAM,Expected Goal,spatial,spatial_surface,7.246376811594203,12.318840579710145,1.0165095039860639,,,,2014-2024
NHL,LogisticGAM,Expected Goal,spatial,spatial_surface,10.14492753623189,12.318840579710145,1.0091825593707184,,,,2014-2024
NHL,LogisticGAM,Expected Goal,spatial,spatial_surface,13.043478260869563,12.318840579710145,0.9985993185506012,,,,2014-2024
NHL,LogisticGAM,Expected Goal,spatial,spatial_surface,15.94202898550725,12.318840579710145,0.9845640439257756,,,,2014-2024
NHL,LogisticGAM,Expected Goal,spatial,spatial_surface,18.840579710144922,12.318840579710145,0.9670202344300516,,,,2014-2024
NHL,LogisticGAM,Expected Goal,spatial,spatial_surface,21.73913043478261,12.318840579710145,0.9460814044226402,,,,2014-2024
NHL,LogisticGAM,Expected Goal,spatial,spatial_surface,24.637681159420296,12.318840579710145,0.9218714007935881,,,,2014-2024
NHL,LogisticGAM,Expected Goal,spatial,spatial_surface,27.53623188405797,12.318840579710145,0.8945140704329428,,,,2014-2024
NHL,LogisticGAM,Expected Goal,spatial,spatial_surface,30.434782608695656,12.318840579710145,0.864133260230751,,,,2014-2024
NHL,LogisticGAM,Expected Goal,spatial,spatial_surface,33.33333333333334,12.318840579710145,0.8308528170770594,,,,2014-2024
NHL,LogisticGAM,Expected Goal,spatial,spatial_surface,36.231884057971,12.318840579710145,0.7947965878619155,,,,2014-2024
NHL,LogisticGAM,Expected Goal,spatial,spatial_surface,39.13043478260869,12.318840579710145,0.756088419475366,,,,2014-2024
NHL,LogisticGAM,Expected Goal,spatial,spatial_surface,42.028985507246375,12.318840579710145,0.7148521588074574,,,,2014-2024
NHL,LogisticGAM,Expected Goal,spatial,spatial_surface,44.92753623188406,12.318840579710145,0.6712128169213654,,,,2014-2024
NHL,LogisticGAM,Expected Goal,spatial,spatial_surface,47.82608695652175,12.318840579710145,0.6253117846921136,,,,2014-2024
NHL,LogisticGAM,Expected Goal,spatial,spatial_surface,50.72463768115941,12.318840579710145,0.5773025507644551,,,,2014-2024
NHL,LogisticGAM,Expected Goal,spatial,spatial_surface,53.623188405797094,12.318840579710145,0.5273388868197421,,,,2014-2024
NHL,LogisticGAM,Expected Goal,spatial,spatial_surface,56.52173913043478,12.318840579710145,0.4755745645393281,,,,2014-2024
NHL,LogisticGAM,Expected Goal,spatial,spatial_surface,59.42028985507247,12.318840579710145,0.4221633556045664,,,,2014-2024
NHL,LogisticGAM,Expected Goal,spatial,spatial_surface,62.318840579710155,12.318840579710145,0.3672590316968101,,,,2014-2024
NHL,LogisticGAM,Expected Goal,spatial,spatial_surface,65.21739130434781,12.318840579710145,0.31101536449741274,,,,2014-2024
NHL,LogisticGAM,Expected Goal,spatial,spatial_surface,68.1159420289855,12.318840579710145,0.2535861256877267,,,,2014-2024
NHL,LogisticGAM,Expected Goal,spatial,spatial_surface,71.01449275362319,12.318840579710145,0.19512508694910558,,,,2014-2024
NHL,LogisticGAM,Expected Goal,spatial,spatial_surface,73.91304347826087,12.318840579710145,0.135788165703839,,,,2014-2024
NHL,LogisticGAM,Expected Goal,spatial,spatial_surface,76.81159420289856,12.318840579710145,0.07574674368754993,,,,2014-2024
NHL,LogisticGAM,Expected Goal,spatial,spatial_surface,79.71014492753622,12.318840579710145,0.015178982540387777,,,,2014-2024
NHL,LogisticGAM,Expected Goal,spatial,spatial_surface,82.6086956521739,12.318840579710145,-0.045736927227530894,,,,2014-2024
NHL,LogisticGAM,Expected Goal,spatial,spatial_surface,85.5072463768116,12.318840579710145,-0.10682279510608776,,,,2014-2024
NHL,LogisticGAM,Expected Goal,spatial,spatial_surface,88.40579710144928,12.318840579710145,-0.16790043058516527,,,,2014-2024
NHL,LogisticGAM,Expected Goal,spatial,spatial_surface,91.30434782608697,12.318840579710145,-0.22879164315464579,,,,2014-2024
NHL,LogisticGAM,Expected Goal,spatial,spatial_surface,94.20289855072463,12.318840579710145,-0.2893182423044113,,,,2014-2024
NHL,LogisticGAM,Expected Goal,spatial,spatial_surface,97.10144927536231,12.318840579710145,-0.34930203752434497,,,,2014-2024
NHL,LogisticGAM,Expected Goal,spatial,spatial_surface,100.0,12.318840579710145,-0.4085648383043287,,,,2014-2024
NHL,LogisticGAM,Expected Goal,spatial,spatial_surface,-100.0,13.913043478260867,-0.36553009857262686,,,,2014-2024
NHL,LogisticGAM,Expected Goal,spatial,spatial_surface,-97.10144927536231,13.913043478260867,-0.2705890307838824,,,,2014-2024
NHL,LogisticGAM,Expected Goal,spatial,spatial_surface,-94.20289855072464,13.913043478260867,-0.17674183150881384,,,,2014-2024
NHL,LogisticGAM,Expected Goal,spatial,spatial_surface,-91.30434782608695,13.913043478260867,-0.08461592197607597,,,,2014-2024
NHL,LogisticGAM,Expected Goal,spatial,spatial_surface,-88.40579710144928,13.913043478260867,0.005201903629017129,,,,2014-2024
NHL,LogisticGAM,Expected Goal,spatial,spatial_surface,-85.5072463768116,13.913043478260867,0.09212485112115337,,,,2014-2024
NHL,LogisticGAM,Expected Goal,spatial,spatial_surface,-82.6086956521739,13.913043478260867,0.1755661263150194,,,,2014-2024
NHL,LogisticGAM,Expected Goal,spatial,spatial_surface,-79.71014492753623,13.913043478260867,0.2549389350253018,,,,2014-2024
NHL,LogisticGAM,Expected Goal,spatial,spatial_surface,-76.81159420289855,13.913043478260867,0.32965648306668854,,,,2014-2024
NHL,LogisticGAM,Expected Goal,spatial,spatial_surface,-73.91304347826087,13.913043478260867,0.3991319762538653,,,,2014-2024
NHL,LogisticGAM,Expected Goal,spatial,spatial_surface,-71.01449275362319,13.913043478260867,0.46277862040152073,,,,2014-2024
NHL,LogisticGAM,Expected Goal,spatial,spatial_surface,-68.1159420289855,13.913043478260867,0.5201228307357835,,,,2014-2024
NHL,LogisticGAM,Expected Goal,spatial,spatial_surface,-65.21739130434783,13.913043478260867,0.5714117684240515,,,,2014-2024
NHL,LogisticGAM,Expected Goal,spatial,spatial_surface,-62.31884057971015,13.913043478260867,0.617175258833441,,,,2014-2024
NHL,LogisticGAM,Expected Goal,spatial,spatial_surface,-59.42028985507246,13.913043478260867,0.6579437924047866,,,,2014-2024
NHL,LogisticGAM,Expected Goal,spatial,spatial_surface,-56.52173913043478,13.913043478260867,0.6942478595789213,,,,2014-2024
NHL,LogisticGAM,Expected Goal,spatial,spatial_surface,-53.6231884057971,13.913043478260867,0.7266179507966799,,,,2014-2024
NHL,LogisticGAM,Expected Goal,spatial,spatial_surface,-50.72463768115942,13.913043478260867,0.7555845564988959,,,,2014-2024
NHL,LogisticGAM,Expected Goal,spatial,spatial_surface,-47.82608695652174,13.913043478260867,0.7816781671264035,,,,2014-2024
NHL,LogisticGAM,Expected Goal,spatial,spatial_surface,-44.927536231884055,13.913043478260867,0.8054292731200364,,,,2014-2024
NHL,LogisticGAM,Expected Goal,spatial,spatial_surface,-42.028985507246375,13.913043478260867,0.8273683596659934,,,,2014-2024
NHL,LogisticGAM,Expected Goal,spatial,spatial_surface,-39.130434782608695,13.913043478260867,0.847928648502504,,,,2014-2024
NHL,LogisticGAM,Expected Goal,spatial,spatial_surface,-36.231884057971016,13.913043478260867,0.8671974922109832,,,,2014-2024
NHL,LogisticGAM,Expected Goal,spatial,spatial_surface,-33.33333333333333,13.913043478260867,0.8851853973536931,,,,2014-2024
NHL,LogisticGAM,Expected Goal,spatial,spatial_surface,-30.434782608695656,13.913043478260867,0.9019028704928956,,,,2014-2024
NHL,LogisticGAM,Expected Goal,spatial,spatial_surface,-27.53623188405797,13.913043478260867,0.9173604181908521,,,,2014-2024
NHL,LogisticGAM,Expected Goal,spatial,spatial_surface,-24.637681159420296,13.913043478260867,0.9315685470098252,,,,2014-2024
NHL,LogisticGAM,Expected Goal,spatial,spatial_surface,-21.73913043478261,13.913043478260867,0.9445377635120766,,,,2014-2024
NHL,LogisticGAM,Expected Goal,spatial,spatial_surface,-18.840579710144922,13.913043478260867,0.9562785742598687,,,,2014-2024
NHL,LogisticGAM,Expected Goal,spatial,spatial_surface,-15.94202898550725,13.913043478260867,0.9668014858154627,,,,2014-2024
NHL,LogisticGAM,Expected Goal,spatial,spatial_surface,-13.043478260869563,13.913043478260867,0.9761165795944808,,,,2014-2024
NHL,LogisticGAM,Expected Goal,spatial,spatial_surface,-10.14492753623189,13.913043478260867,0.984171588134271,,,,2014-2024
NHL,LogisticGAM,Expected Goal,spatial,spatial_surface,-7.246376811594203,13.913043478260867,0.9907867928403254,,,,2014-2024
NHL,LogisticGAM,Expected Goal,spatial,spatial_surface,-4.347826086956516,13.913043478260867,0.9957669032565469,,,,2014-2024
NHL,LogisticGAM,Expected Goal,spatial,spatial_surface,-1.4492753623188435,13.913043478260867,0.9989166289268362,,,,2014-2024
NHL,LogisticGAM,Expected Goal,spatial,spatial_surface,1.4492753623188435,13.913043478260867,1.0000406793950962,,,,2014-2024
NHL,LogisticGAM,Expected Goal,spatial,spatial_surface,4.347826086956516,13.913043478260867,0.9989437642052278,,,,2014-2024
NHL,LogisticGAM,Expected Goal,spatial,spatial_surface,7.246376811594203,13.913043478260867,0.9954305929011331,,,,2014-2024
NHL,LogisticGAM,Expected Goal,spatial,spatial_surface,10.14492753623189,13.913043478260867,0.9893058750267145,,,,2014-2024
NHL,LogisticGAM,Expected Goal,spatial,spatial_surface,13.043478260869563,13.913043478260867,0.9803743201258731,,,,2014-2024
NHL,LogisticGAM,Expected Goal,spatial,spatial_surface,15.94202898550725,13.913043478260867,0.968443507036471,,,,2014-2024
NHL,LogisticGAM,Expected Goal,spatial,spatial_surface,18.840579710144922,13.913043478260867,0.9534184637477009,,,,2014-2024
NHL,LogisticGAM,Expected Goal,spatial,spatial_surface,21.73913043478261,13.913043478260867,0.9353232089940188,,,,2014-2024
NHL,LogisticGAM,Expected Goal,spatial,spatial_surface,24.637681159420296,13.913043478260867,0.9141889930627912,,,,2014-2024
NHL,LogisticGAM,Expected Goal,spatial,spatial_surface,27.53623188405797,13.913043478260867,0.8900470662413863,,,,2014-2024
NHL,LogisticGAM,Expected Goal,spatial,spatial_surface,30.434782608695656,13.913043478260867,0.8629286788171702,,,,2014-2024
NHL,LogisticGAM,Expected Goal,spatial,spatial_surface,33.33333333333334,13.913043478260867,0.8328650810775108,,,,2014-2024
NHL,LogisticGAM,Expected Goal,spatial,spatial_surface,36.231884057971,13.913043478260867,0.7998875233097754,,,,2014-2024
NHL,LogisticGAM,Expected Goal,spatial,spatial_surface,39.13043478260869,13.913043478260867,0.7640272558013307,,,,2014-2024
NHL,LogisticGAM,Expected Goal,spatial,spatial_surface,42.028985507246375,13.913043478260867,0.7253155288395444,,,,2014-2024
NHL,LogisticGAM,Expected Goal,spatial,spatial_surface,44.92753623188406,13.913043478260867,0.6837890063292383,,,,2014-2024
NHL,LogisticGAM,Expected Goal,spatial,spatial_surface,47.82608695652175,13.913043478260867,0.6395605212889268,,,,2014-2024
NHL,LogisticGAM,Expected Goal,spatial,spatial_surface,50.72463768115941,13.913043478260867,0.5927991635736686,,,,2014-2024
NHL,LogisticGAM,Expected Goal,spatial,spatial_surface,53.623188405797094,13.913043478260867,0.5436753392103569,,,,2014-2024
NHL,LogisticGAM,Expected Goal,spatial,spatial_surface,56.52173913043478,13.913043478260867,0.49235945422588717,,,,2014-2024
NHL,LogisticGAM,Expected Goal,spatial,spatial_surface,59.42028985507247,13.913043478260867,0.43902191464715307,,,,2014-2024
NHL,LogisticGAM,Expected Goal,spatial,spatial_surface,62.318840579710155,13.913043478260867,0.38383312650104934,,,,2014-2024
NHL,LogisticGAM,Expected Goal,spatial,spatial_surface,65.21739130434781,13.913043478260867,0.32696349581447026,,,,2014-2024
NHL,LogisticGAM,Expected Goal,spatial,spatial_surface,68.1159420289855,13.913043478260867,0.26858342861430945,,,,2014-2024
NHL,LogisticGAM,Expected Goal,spatial,spatial_surface,71.01449275362319,13.913043478260867,0.20886333092746168,,,,2014-2024
NHL,LogisticGAM,Expected Goal,spatial,spatial_surface,73.91304347826087,13.913043478260867,0.1479755266488014,,,,2014-2024
NHL,LogisticGAM,Expected Goal,spatial,spatial_surface,76.81159420289856,13.913043478260867,0.08610616171055907,,,,2014-2024
NHL,LogisticGAM,Expected Goal,spatial,spatial_surface,79.71014492753622,13.913043478260867,0.023447441938580196,,,,2014-2024
NHL,LogisticGAM,Expected Goal,spatial,spatial_surface,82.6086956521739,13.913043478260867,-0.039808401037249495,,,,2014-2024
NHL,LogisticGAM,Expected Goal,spatial,spatial_surface,85.5072463768116,13.913043478260867,-0.10346913558704261,,,,2014-2024
NHL,LogisticGAM,Expected Goal,spatial,spatial_surface,88.40579710144928,13.913043478260867,-0.1673425300809123,,,,2014-2024
NHL,LogisticGAM,Expected Goal,spatial,spatial_surface,91.30434782608697,13.913043478260867,-0.23123635288897185,,,,2014-2024
NHL,LogisticGAM,Expected Goal,spatial,spatial_surface,94.20289855072463,13.913043478260867,-0.294958372381334,,,,2014-2024
NHL,LogisticGAM,Expected Goal,spatial,spatial_surface,97.10144927536231,13.913043478260867,-0.35831635692811287,,,,2014-2024
NHL,LogisticGAM,Expected Goal,spatial,spatial_surface,100.0,13.913043478260867,-0.42111807489942127,,,,2014-2024
NHL,LogisticGAM,Expected Goal,spatial,spatial_surface,-100.0,15.507246376811594,-0.3549946252156416,,,,2014-2024
NHL,LogisticGAM,Expected Goal,spatial,spatial_surface,-97.10144927536231,15.507246376811594,-0.261870661974227,,,,2014-2024
NHL,LogisticGAM,Expected Goal,spatial,spatial_surface,-94.20289855072464,15.507246376811594,-0.16969657320087075,,,,2014-2024
NHL,LogisticGAM,Expected Goal,spatial,spatial_surface,-91.30434782608695,15.507246376811594,-0.0790785732787275,,,,2014-2024
NHL,LogisticGAM,Expected Goal,spatial,spatial_surface,-88.40579710144928,15.507246376811594,0.009409258259285513,,,,2014-2024
NHL,LogisticGAM,Expected Goal,spatial,spatial_surface,-85.5072463768116,15.507246376811594,0.09519284188025268,,,,2014-2024
NHL,LogisticGAM,Expected Goal,spatial,spatial_surface,-82.6086956521739,15.507246376811594,0.17769809805125744,,,,2014-2024
NHL,LogisticGAM,Expected Goal,spatial,spatial_surface,-79.71014492753623,15.507246376811594,0.25635094723938295,,,,2014-2024
NHL,LogisticGAM,Expected Goal,spatial,spatial_surface,-76.81159420289855,15.507246376811594,0.33057730991171363,,,,2014-2024
NHL,LogisticGAM,Expected Goal,spatial,spatial_surface,-73.91304347826087,15.507246376811594,0.39980310653533224,,,,2014-2024
NHL,LogisticGAM,Expected Goal,spatial,spatial_surface,-71.01449275362319,15.507246376811594,0.46345425757732356,,,,2014-2024
NHL,LogisticGAM,Expected Goal,spatial,spatial_surface,-68.1159420289855,15.507246376811594,0.521060151137318,,,,2014-2024
NHL,LogisticGAM,Expected Goal,spatial,spatial_surface,-65.21739130434783,15.507246376811594,0.5728089003737628,,,,2014-2024
NHL,LogisticGAM,Expected Goal,spatial,spatial_surface,-62.31884057971015,15.507246376811594,0.6191469591181837,,,,2014-2024
NHL,LogisticGAM,Expected Goal,spatial,spatial_surface,-59.42028985507246,15.507246376811594,0.6605213890455894,,,,2014-2024
NHL,LogisticGAM,Expected Goal,spatial,spatial_surface,-56.52173913043478,15.507246376811594,0.6973792518309883,,,,2014-2024
NHL,LogisticGAM,Expected Goal,spatial,spatial_surface,-53.6231884057971,15.507246376811594,0.7301676091493889,,,,2014-2024
NHL,LogisticGAM,Expected Goal,spatial,spatial_surface,-50.72463768115942,15.507246376811594,0.7593335226758002,,,,2014-2024
NHL,LogisticGAM,Expected Goal,spatial,spatial_surface,-47.82608695652174,15.507246376811594,0.7853240540852311,,,,2014-2024
NHL,LogisticGAM,Expected Goal,spatial,spatial_surface,-44.927536231884055,15.507246376811594,0.8085862650526896,,,,2014-2024
NHL,LogisticGAM,Expected Goal,spatial,spatial_surface,-42.028985507246375,15.507246376811594,0.8295672138038304,,,,2014-2024
NHL,LogisticGAM,Expected Goal,spatial,spatial_surface,-39.130434782608695,15.507246376811594,0.8486501109142519,,,,2014-2024
NHL,LogisticGAM,Expected Goal,spatial,spatial_surface,-36.231884057971016,15.507246376811594,0.8659911244955003,,,,2014-2024
NHL,LogisticGAM,Expected Goal,spatial,spatial_surface,-33.33333333333333,15.507246376811594,0.8816959778328127,,,,2014-2024
NHL,LogisticGAM,Expected Goal,spatial,spatial_surface,-30.434782608695656,15.507246376811594,0.895870394211426,,,,2014-2024
NHL,LogisticGAM,Expected Goal,spatial,spatial_surface,-27.53623188405797,15.507246376811594,0.9086200969165771,,,,2014-2024
NHL,LogisticGAM,Expected Goal,spatial,spatial_surface,-24.637681159420296,15.507246376811594,0.9200508092335028,,,,2014-2024
NHL,LogisticGAM,Expected Goal,spatial,spatial_surface,-21.73913043478261,15.507246376811594,0.9302682544474403,,,,2014-2024
NHL,LogisticGAM,Expected Goal,spatial,spatial_surface,-18.840579710144922,15.507246376811594,0.9393781558436266,,,,2014-2024
NHL,LogisticGAM,Expected Goal,spatial,spatial_surface,-15.94202898550725,15.507246376811594,0.9474862367072985,,,,2014-2024
NHL,LogisticGAM,Expected Goal,spatial,spatial_surface,-13.043478260869563,15.507246376811594,0.9546976218667758,,,,2014-2024
NHL,LogisticGAM,Expected Goal,spatial,spatial_surface,-10.14492753623189,15.507246376811594,0.9610296708620613,,,,2014-2024
NHL,LogisticGAM,Expected Goal,spatial,spatial_surface,-7.246376811594203,15.507246376811594,0.9663203368726337,,,,2014-2024
NHL,LogisticGAM,Expected Goal,spatial,spatial_surface,-4.347826086956516,15.507246376811594,0.970385653374524,,,,2014-2024
NHL,LogisticGAM,Expected Goal,spatial,spatial_surface,-1.4492753623188435,15.507246376811594,0.9730416538437616,,,,2014-2024
NHL,LogisticGAM,Expected Goal,spatial,spatial_surface,1.4492753623188435,15.507246376811594,0.9741043717563769,,,,2014-2024
NHL,LogisticGAM,Expected Goal,spatial,spatial_surface,4.347826086956516,15.507246376811594,0.9733898405883998,,,,2014-2024
NHL,LogisticGAM,Expected Goal,spatial,spatial_surface,7.246376811594203,15.507246376811594,0.9707140938158603,,,,2014-2024
NHL,LogisticGAM,Expected Goal,spatial,spatial_surface,10.14492753623189,15.507246376811594,0.9658931649147889,,,,2014-2024
NHL,LogisticGAM,Expected Goal,spatial,spatial_surface,13.043478260869563,15.507246376811594,0.958743087361215,,,,2014-2024
NHL,LogisticGAM,Expected Goal,spatial,spatial_surface,15.94202898550725,15.507246376811594,0.9490813433749665,,,,2014-2024
NHL,LogisticGAM,Expected Goal,spatial,spatial_surface,18.840579710144922,15.507246376811594,0.9367746185184043,,,,2014-2024
NHL,LogisticGAM,Expected Goal,spatial,spatial_surface,21.73913043478261,15.507246376811594,0.9217496783270598,,,,2014-2024
NHL,LogisticGAM,Expected Goal,spatial,spatial_surface,24.637681159420296,15.507246376811594,0.9039369396414801,,,,2014-2024
NHL,LogisticGAM,Expected Goal,spatial,spatial_surface,27.53623188405797,15.507246376811594,0.8832668193022121,,,,2014-2024
NHL,LogisticGAM,Expected Goal,spatial,spatial_surface,30.434782608695656,15.507246376811594,0.8596697341498021,,,,2014-2024
NHL,LogisticGAM,Expected Goal,spatial,spatial_surface,33.33333333333334,15.507246376811594,0.8330761010247976,,,,2014-2024
NHL,LogisticGAM,Expected Goal,spatial,spatial_surface,36.231884057971,15.507246376811594,0.8034163367677449,,,,2014-2024
NHL,LogisticGAM,Expected Goal,spatial,spatial_surface,39.13043478260869,15.507246376811594,0.7706208582191908,,,,2014-2024
NHL,LogisticGAM,Expected Goal,spatial,spatial_surface,42.028985507246375,15.507246376811594,0.7346200822196824,,,,2014-2024
NHL,LogisticGAM,Expected Goal,spatial,spatial_surface,44.92753623188406,15.507246376811594,0.6953546121049307,,,,2014-2024
NHL,LogisticGAM,Expected Goal,spatial,spatial_surface,47.82608695652175,15.507246376811594,0.652908374287092,,,,2014-2024
NHL,LogisticGAM,Expected Goal,spatial,spatial_surface,50.72463768115941,15.507246376811594,0.6074711504586835,,,,2014-2024
NHL,LogisticGAM,Expected Goal,spatial,spatial_surface,53.623188405797094,15.507246376811594,0.5592351988776877,,,,2014-2024
NHL,LogisticGAM,Expected Goal,spatial,spatial_surface,56.52173913043478,15.507246376811594,0.5083927778020875,,,,2014-2024
NHL,LogisticGAM,Expected Goal,spatial,spatial_surface,59.42028985507247,15.507246376811594,0.4551361454898663,,,,2014-2024
NHL,LogisticGAM,Expected Goal,spatial,spatial_surface,62.318840579710155,15.507246376811594,0.39965756019900756,,,,2014-2024
NHL,LogisticGAM,Expected Goal,spatial,spatial_surface,65.21739130434781,15.507246376811594,0.3421492801874945,,,,2014-2024
NHL,LogisticGAM,Expected Goal,spatial,spatial_surface,68.1159420289855,15.507246376811594,0.2828035637133097,,,,2014-2024
NHL,LogisticGAM,Expected Goal,spatial,spatial_surface,71.01449275362319,15.507246376811594,0.22181266903443667,,,,2014-2024
NHL,LogisticGAM,Expected Goal,spatial,spatial_surface,73.91304347826087,15.507246376811594,0.1593701829710761,,,,2014-2024
NHL,LogisticGAM,Expected Goal,spatial,spatial_surface,76.81159420289856,15.507246376811594,0.09567926726557732,,,,2014-2024
NHL,LogisticGAM,Expected Goal,spatial,spatial_surface,79.71014492753622,15.507246376811594,0.03094728152259467,,,,2014-2024
NHL,LogisticGAM,Expected Goal,spatial,spatial_surface,82.6086956521739,15.507246376811594,-0.034618396778018486,,,,2014-2024
NHL,LogisticGAM,Expected Goal,spatial,spatial_surface,85.5072463768116,15.507246376811594,-0.10081039015640712,,,,2014-2024
NHL,LogisticGAM,Expected Goal,spatial,spatial_surface,88.40579710144928,15.507246376811594,-0.16742132113271685,,,,2014-2024
NHL,LogisticGAM,Expected Goal,spatial,spatial_surface,91.30434782608697,15.507246376811594,-0.23424381222709323,,,,2014-2024
NHL,LogisticGAM,Expected Goal,spatial,spatial_surface,94.20289855072463,15.507246376811594,-0.30107048595968133,,,,2014-2024
NHL,LogisticGAM,Expected Goal,spatial,spatial_surface,97.10144927536231,15.507246376811594,-0.36769396485062766,,,,2014-2024
NHL,LogisticGAM,Expected Goal,spatial,spatial_surface,100.0,15.507246376811594,-0.43390687142007756,,,,2014-2024
NHL,LogisticGAM,Expected Goal,spatial,spatial_surface,-100.0,17.10144927536232,-0.3429406448788149,,,,2014-2024
NHL,LogisticGAM,Expected Goal,spatial,spatial_surface,-97.10144927536231,17.10144927536232,-0.2519795349415957,,,,2014-2024
NHL,LogisticGAM,Expected Goal,spatial,spatial_surface,-94.20289855072464,17.10144927536232,-0.16185418805114474,,,,2014-2024
NHL,LogisticGAM,Expected Goal,spatial,spatial_surface,-91.30434782608695,17.10144927536232,-0.07314751891273928,,,,2014-2024
NHL,LogisticGAM,Expected Goal,spatial,spatial_surface,-88.40579710144928,17.10144927536232,0.013583295396657,,,,2014-2024
NHL,LogisticGAM,Expected Goal,spatial,spatial_surface,-85.5072463768116,17.10144927536232,0.09778107780008209,,,,2014-2024
NHL,LogisticGAM,Expected Goal,spatial,spatial_surface,-82.6086956521739,17.10144927536232,0.17888865122057307,,,,2014-2024
NHL,LogisticGAM,Expected Goal,spatial,spatial_surface,-79.71014492753623,17.10144927536232,0.2563488385811666,,,,2014-2024
NHL,LogisticGAM,Expected Goal,spatial,spatial_surface,-76.81159420289855,17.10144927536232,0.3296044628049009,,,,2014-2024
NHL,LogisticGAM,Expected Goal,spatial,spatial_surface,-73.91304347826087,17.10144927536232,0.3980983468148123,,,,2014-2024
NHL,LogisticGAM,Expected Goal,spatial,spatial_surface,-71.01449275362319,17.10144927536232,0.4612733135339391,,,,2014-2024
NHL,LogisticGAM,Expected Goal,spatial,spatial_surface,-68.1159420289855,17.10144927536232,0.5186662968542408,,,,2014-2024
NHL,LogisticGAM,Expected Goal,spatial,spatial_surface,-65.21739130434783,17.10144927536232,0.5704133866743706,,,,2014-2024
NHL,LogisticGAM,Expected Goal,spatial,spatial_surface,-62.31884057971015,17.10144927536232,0.6168856516052321,,,,2014-2024
NHL,LogisticGAM,Expected Goal,spatial,spatial_surface,-59.42028985507246,17.10144927536232,0.6584547131334229,,,,2014-2024
NHL,LogisticGAM,Expected Goal,spatial,spatial_surface,-56.52173913043478,17.10144927536232,0.6954921927455396,,,,2014-2024
NHL,LogisticGAM,Expected Goal,spatial,spatial_surface,-53.6231884057971,17.10144927536232,0.7283697119281806,,,,2014-2024
NHL,LogisticGAM,Expected Goal,spatial,spatial_surface,-50.72463768115942,17.10144927536232,0.7574588921679427,,,,2014-2024
NHL,LogisticGAM,Expected Goal,spatial,spatial_surface,-47.82608695652174,17.10144927536232,0.783131354951424,,,,2014-2024
NHL,LogisticGAM,Expected Goal,spatial,spatial_surface,-44.927536231884055,17.10144927536232,0.8057587217652217,,,,2014-2024
NHL,LogisticGAM,Expected Goal,spatial,spatial_surface,-42.028985507246375,17.10144927536232,0.8257126122383939,,,,2014-2024
NHL,LogisticGAM,Expected Goal,spatial,spatial_surface,-39.130434782608695,17.10144927536232,0.8433302628893634,,,,2014-2024
NHL,LogisticGAM,Expected Goal,spatial,spatial_surface,-36.231884057971016,17.10144927536232,0.8588266437764169,,,,2014-2024
NHL,LogisticGAM,Expected Goal,spatial,spatial_surface,-33.33333333333333,17.10144927536232,0.8723895595094264,,,,2014-2024
NHL,LogisticGAM,Expected Goal,spatial,spatial_surface,-30.434782608695656,17.10144927536232,0.8842068146982637,,,,2014-2024
NHL,LogisticGAM,Expected Goal,spatial,spatial_surface,-27.53623188405797,17.10144927536232,0.8944662139528015,,,,2014-2024
NHL,LogisticGAM,Expected Goal,spatial,spatial_surface,-24.637681159420296,17.10144927536232,0.9033555618829116,,,,2014-2024
NHL,LogisticGAM,Expected Goal,spatial,spatial_surface,-21.73913043478261,17.10144927536232,0.9110626630984661,,,,2014-2024
NHL,LogisticGAM,Expected Goal,spatial,spatial_surface,-18.840579710144922,17.10144927536232,0.9177753222093378,,,,2014-2024
NHL,LogisticGAM,Expected Goal,spatial,spatial_surface,-15.94202898550725,17.10144927536232,0.9236813438253979,,,,2014-2024
NHL,LogisticGAM,Expected Goal,spatial,spatial_surface,-13.043478260869563,17.10144927536232,0.9289678023937222,,,,2014-2024
NHL,LogisticGAM,Expected Goal,spatial,spatial_surface,-10.14492753623189,17.10144927536232,0.9337146920576498,,,,2014-2024
NHL,LogisticGAM,Expected Goal,spatial,spatial_surface,-7.246376811594203,17.10144927536232,0.9377831176029531,,,,2014-2024
NHL,LogisticGAM,Expected Goal,spatial,spatial_surface,-4.347826086956516,17.10144927536232,0.9410074401158376,,,,2014-2024
NHL,LogisticGAM,Expected Goal,spatial,spatial_surface,-1.4492753623188435,17.10144927536232,0.9432220206825083,,,,2014-2024
NHL,LogisticGAM,Expected Goal,spatial,spatial_surface,1.4492753623188435,17.10144927536232,0.9442612203891708,,,,2014-2024
NHL,LogisticGAM,Expected Goal,spatial,spatial_surface,4.347826086956516,17.10144927536232,0.9439594003220303,,,,2014-2024
NHL,LogisticGAM,Expected Goal,spatial,spatial_surface,7.246376811594203,17.10144927536232,0.942150921567292,,,,2014-2024
NHL,LogisticGAM,Expected Goal,spatial,spatial_surface,10.14492753623189,17.10144927536232,0.9386701452111615,,,,2014-2024
NHL,LogisticGAM,Expected Goal,spatial,spatial_surface,13.043478260869563,17.10144927536232,0.9333514323398441,,,,2014-2024
NHL,LogisticGAM,Expected Goal,spatial,spatial_surface,15.94202898550725,17.10144927536232,0.9260290227041843,,,,2014-2024
NHL,LogisticGAM,Expected Goal,spatial,spatial_surface,18.840579710144922,17.10144927536232,0.9165330351709102,,,,2014-2024
NHL,LogisticGAM,Expected Goal,spatial,spatial_surface,21.73913043478261,17.10144927536232,0.9046885567817882,,,,2014-2024
NHL,LogisticGAM,Expected Goal,spatial,spatial_surface,24.637681159420296,17.10144927536232,0.890320368774057,,,,2014-2024
NHL,LogisticGAM,Expected Goal,spatial,spatial_surface,27.53623188405797,17.10144927536232,0.8732532523849575,,,,2014-2024
NHL,LogisticGAM,Expected Goal,spatial,spatial_surface,30.434782608695656,17.10144927536232,0.853311988851729,,,,2014-2024
NHL,LogisticGAM,Expected Goal,spatial,spatial_surface,33.33333333333334,17.10144927536232,0.8303213594116111,,,,2014-2024
NHL,LogisticGAM,Expected Goal,spatial,spatial_surface,36.231884057971,17.10144927536232,0.8041061453018442,,,,2014-2024
NHL,LogisticGAM,Expected Goal,spatial,spatial_surface,39.13043478260869,17.10144927536232,0.7744911277596677,,,,2014-2024
NHL,LogisticGAM,Expected Goal,spatial,spatial_surface,42.028985507246375,17.10144927536232,0.7413010880223211,,,,2014-2024
NHL,LogisticGAM,Expected Goal,spatial,spatial_surface,44.92753623188406,17.10144927536232,0.7043760764987891,,,,2014-2024
NHL,LogisticGAM,Expected Goal,spatial,spatial_surface,47.82608695652175,17.10144927536232,0.663770979479673,,,,2014-2024
NHL,LogisticGAM,Expected Goal,spatial,spatial_surface,50.72463768115941,17.10144927536232,0.6196993563251427,,,,2014-2024
NHL,LogisticGAM,Expected Goal,spatial,spatial_surface,53.623188405797094,17.10144927536232,0.5723784786735218,,,,2014-2024
NHL,LogisticGAM,Expected Goal,spatial,spatial_surface,56.52173913043478,17.10144927536232,0.5220256181631332,,,,2014-2024
NHL,LogisticGAM,Expected Goal,spatial,spatial_surface,59.42028985507247,17.10144927536232,0.4688580464323008,,,,2014-2024
NHL,LogisticGAM,Expected Goal,spatial,spatial_surface,62.318840579710155,17.10144927536232,0.41309303511934736,,,,2014-2024
NHL,LogisticGAM,Expected Goal,spatial,spatial_surface,65.21739130434781,17.10144927536232,0.3549478558625966,,,,2014-2024
NHL,LogisticGAM,Expected Goal,spatial,spatial_surface,68.1159420289855,17.10144927536232,0.2946397803003712,,,,2014-2024
NHL,LogisticGAM,Expected Goal,spatial,spatial_surface,71.01449275362319,17.10144927536232,0.23238608007099476,,,,2014-2024
NHL,LogisticGAM,Expected Goal,spatial,spatial_surface,73.91304347826087,17.10144927536232,0.16840470711845462,,,,2014-2024
NHL,LogisticGAM,Expected Goal,spatial,spatial_surface,76.81159420289856,17.10144927536232,0.10291851633647198,,,,2014-2024
NHL,LogisticGAM,Expected Goal,spatial,spatial_surface,79.71014492753622,17.10144927536232,0.0361525121827597,,,,2014-2024
NHL,LogisticGAM,Expected Goal,spatial,spatial_surface,82.6086956521739,17.10144927536232,-0.03166829173176772,,,,2014-2024
NHL,LogisticGAM,Expected Goal,spatial,spatial_surface,85.5072463768116,17.10144927536232,-0.10031888179619391,,,,2014-2024
NHL,LogisticGAM,Expected Goal,spatial,spatial_surface,88.40579710144928,17.10144927536232,-0.16957424439960325,,,,2014-2024
NHL,LogisticGAM,Expected Goal,spatial,spatial_surface,91.30434782608697,17.10144927536232,-0.23920936593108005,,,,2014-2024
NHL,LogisticGAM,Expected Goal,spatial,spatial_surface,94.20289855072463,17.10144927536232,-0.308999232779708,,,,2014-2024
NHL,LogisticGAM,Expected Goal,spatial,spatial_surface,97.10144927536231,17.10144927536232,-0.37871883133457257,,,,2014-2024
NHL,LogisticGAM,Expected Goal,spatial,spatial_surface,100.0,17.10144927536232,-0.4481431479847575,,,,2014-2024
NHL,LogisticGAM,Expected Goal,spatial,spatial_surface,-100.0,18.695652173913043,-0.3293121304935444,,,,2014-2024
NHL,LogisticGAM,Expected Goal,spatial,spatial_surface,-97.10144927536231,18.695652173913043,-0.24085646392235247,,,,2014-2024
NHL,LogisticGAM,Expected Goal,spatial,spatial_surface,-94.20289855072464,18.695652173913043,-0.1531580833695054,,,,2014-2024
NHL,LogisticGAM,Expected Goal,spatial,spatial_surface,-91.30434782608695,18.695652173913043,-0.06677523132913263,,,,2014-2024
NHL,LogisticGAM,Expected Goal,spatial,spatial_surface,-88.40579710144928,18.695652173913043,0.017755630793085543,,,,2014-2024
NHL,LogisticGAM,Expected Goal,spatial,spatial_surface,-85.5072463768116,18.695652173913043,0.09989804159147041,,,,2014-2024
NHL,LogisticGAM,Expected Goal,spatial,spatial_surface,-82.6086956521739,18.695652173913043,0.17911553966034213,,,,2014-2024
NHL,LogisticGAM,Expected Goal,spatial,spatial_surface,-79.71014492753623,18.695652173913043,0.2548716635940209,,,,2014-2024
NHL,LogisticGAM,Expected Goal,spatial,spatial_surface,-76.81159420289855,18.695652173913043,0.32662995198682804,,,,2014-2024
NHL,LogisticGAM,Expected Goal,spatial,spatial_surface,-73.91304347826087,18.695652173913043,0.39385394343308305,,,,2014-2024
NHL,LogisticGAM,Expected Goal,spatial,spatial_surface,-71.01449275362319,18.695652173913043,0.45600717652710765,,,,2014-2024
NHL,LogisticGAM,Expected Goal,spatial,spatial_surface,-68.1159420289855,18.695652173913043,0.5126387312024758,,,,2014-2024
NHL,LogisticGAM,Expected Goal,spatial,spatial_surface,-65.21739130434783,18.695652173913043,0.5638422849866566,,,,2014-2024
NHL,LogisticGAM,Expected Goal,spatial,spatial_surface,-62.31884057971015,18.695652173913043,0.6099250972453699,,,,2014-2024
NHL,LogisticGAM,Expected Goal,spatial,spatial_surface,-59.42028985507246,18.695652173913043,0.6511949298758453,,,,2014-2024
NHL,LogisticGAM,Expected Goal,spatial,spatial_surface,-56.52173913043478,18.695652173913043,0.6879595447753117,,,,2014-2024
NHL,LogisticGAM,Expected Goal,spatial,spatial_surface,-53.6231884057971,18.695652173913043,0.7205267038409993,,,,2014-2024
NHL,LogisticGAM,Expected Goal,spatial,spatial_surface,-50.72463768115942,18.695652173913043,0.749204168970137,,,,2014-2024
NHL,LogisticGAM,Expected Goal,spatial,spatial_surface,-47.82608695652174,18.695652173913043,0.7742997020599546,,,,2014-2024
NHL,LogisticGAM,Expected Goal,spatial,spatial_surface,-44.927536231884055,18.695652173913043,0.7961210650076816,,,,2014-2024
NHL,LogisticGAM,Expected Goal,spatial,spatial_surface,-42.028985507246375,18.695652173913043,0.8149760191518339,,,,2014-2024
NHL,LogisticGAM,Expected Goal,spatial,spatial_surface,-39.130434782608695,18.695652173913043,0.8311619840294836,,,,2014-2024
NHL,LogisticGAM,Expected Goal,spatial,spatial_surface,-36.231884057971016,18.695652173913043,0.8449396036960579,,,,2014-2024
NHL,LogisticGAM,Expected Goal,spatial,spatial_surface,-33.33333333333333,18.695652173913043,0.8565613513443603,,,,2014-2024
NHL,LogisticGAM,Expected Goal,spatial,spatial_surface,-30.434782608695656,18.695652173913043,0.8662797001671921,,,,2014-2024
NHL,LogisticGAM,Expected Goal,spatial,spatial_surface,-27.53623188405797,18.695652173913043,0.8743471233573556,,,,2014-2024
NHL,LogisticGAM,Expected Goal,spatial,spatial_surface,-24.637681159420296,18.695652173913043,0.8810160941076531,,,,2014-2024
NHL,LogisticGAM,Expected Goal,spatial,spatial_surface,-21.73913043478261,18.695652173913043,0.8865390856108869,,,,2014-2024
NHL,LogisticGAM,Expected Goal,spatial,spatial_surface,-18.840579710144922,18.695652173913043,0.8911685710598594,,,,2014-2024
NHL,LogisticGAM,Expected Goal,spatial,spatial_surface,-15.94202898550725,18.695652173913043,0.895157023647372,,,,2014-2024
NHL,LogisticGAM,Expected Goal,spatial,spatial_surface,-13.043478260869563,18.695652173913043,0.8987561055469507,,,,2014-2024
NHL,LogisticGAM,Expected Goal,spatial,spatial_surface,-10.14492753623189,18.695652173913043,0.902098540811953,,,,2014-2024
NHL,LogisticGAM,Expected Goal,spatial,spatial_surface,-7.246376811594203,18.695652173913043,0.9050739248548421,,,,2014-2024
NHL,LogisticGAM,Expected Goal,spatial,spatial_surface,-4.347826086956516,18.695652173913043,0.907542147855262,,,,2014-2024
NHL,LogisticGAM,Expected Goal,spatial,spatial_surface,-1.4492753623188435,18.695652173913043,0.909363099992856,,,,2014-2024
NHL,LogisticGAM,Expected Goal,spatial,spatial_surface,1.4492753623188435,18.695652173913043,0.9103966714472693,,,,2014-2024
NHL,LogisticGAM,Expected Goal,spatial,spatial_surface,4.347826086956516,18.695652173913043,0.9105027523981449,,,,2014-2024
NHL,LogisticGAM,Expected Goal,spatial,spatial_surface,7.246376811594203,18.695652173913043,0.9095412330251268,,,,2014-2024
NHL,LogisticGAM,Expected Goal,spatial,spatial_surface,10.14492753623189,18.695652173913043,0.9073720035078597,,,,2014-2024
NHL,LogisticGAM,Expected Goal,spatial,spatial_surface,13.043478260869563,18.695652173913043,0.903854954025987,,,,2014-2024
NHL,LogisticGAM,Expected Goal,spatial,spatial_surface,15.94202898550725,18.695652173913043,0.898848174694316,,,,2014-2024
NHL,LogisticGAM,Expected Goal,spatial,spatial_surface,18.840579710144922,18.695652173913043,0.8921486204518574,,,,2014-2024
NHL,LogisticGAM,Expected Goal,spatial,spatial_surface,21.73913043478261,18.695652173913043,0.8834785968432398,,,,2014-2024
NHL,LogisticGAM,Expected Goal,spatial,spatial_surface,24.637681159420296,18.695652173913043,0.872555872664926,,,,2014-2024
NHL,LogisticGAM,Expected Goal,spatial,spatial_surface,27.53623188405797,18.695652173913043,0.8590982167133798,,,,2014-2024
NHL,LogisticGAM,Expected Goal,spatial,spatial_surface,30.434782608695656,18.695652173913043,0.842823397785063,,,,2014-2024
NHL,LogisticGAM,Expected Goal,spatial,spatial_surface,33.33333333333334,18.695652173913043,0.8234491846764398,,,,2014-2024
NHL,LogisticGAM,Expected Goal,spatial,spatial_surface,36.231884057971,18.695652173913043,0.8006933461839729,,,,2014-2024
NHL,LogisticGAM,Expected Goal,spatial,spatial_surface,39.13043478260869,18.695652173913043,0.7742736511041249,,,,2014-2024
NHL,LogisticGAM,Expected Goal,spatial,spatial_surface,42.028985507246375,18.695652173913043,0.7439078682333592,,,,2014-2024
NHL,LogisticGAM,Expected Goal,spatial,spatial_surface,44.92753623188406,18.695652173913043,0.7093342152922434,,,,2014-2024
NHL,LogisticGAM,Expected Goal,spatial,spatial_surface,47.82608695652175,18.695652173913043,0.6705786245356822,,,,2014-2024
NHL,LogisticGAM,Expected Goal,spatial,spatial_surface,50.72463768115941,18.695652173913043,0.627879527862398,,,,2014-2024
NHL,LogisticGAM,Expected Goal,spatial,spatial_surface,53.623188405797094,18.695652173913043,0.5814803287632511,,,,2014-2024
NHL,LogisticGAM,Expected Goal,spatial,spatial_surface,56.52173913043478,18.695652173913043,0.5316244307291024,,,,2014-2024
NHL,LogisticGAM,Expected Goal,spatial,spatial_surface,59.42028985507247,18.695652173913043,0.4785552372508128,,,,2014-2024
NHL,LogisticGAM,Expected Goal,spatial,spatial_surface,62.318840579710155,18.695652173913043,0.42251615181924296,,,,2014-2024
NHL,LogisticGAM,Expected Goal,spatial,spatial_surface,65.21739130434781,18.695652173913043,0.3637505779252539,,,,2014-2024
NHL,LogisticGAM,Expected Goal,spatial,spatial_surface,68.1159420289855,18.695652173913043,0.30250191905970564,,,,2014-2024
NHL,LogisticGAM,Expected Goal,spatial,spatial_surface,71.01449275362319,18.695652173913043,0.23901357871345935,,,,2014-2024
NHL,LogisticGAM,Expected Goal,spatial,spatial_surface,73.91304347826087,18.695652173913043,0.17352923086823638,,,,2014-2024
NHL,LogisticGAM,Expected Goal,spatial,spatial_surface,76.81159420289856,18.695652173913043,0.10629449892814985,,,,2014-2024
NHL,LogisticGAM,Expected Goal,spatial,spatial_surface,79.71014492753622,18.695652173913043,0.037555860968154546,,,,2014-2024
NHL,LogisticGAM,Expected Goal,spatial,spatial_surface,82.6086956521739,18.695652173913043,-0.03244020129746468,,,,2014-2024
NHL,LogisticGAM,Expected Goal,spatial,spatial_surface,85.5072463768116,18.695652173913043,-0.10344720615442123,,,,2014-2024
NHL,LogisticGAM,Expected Goal,spatial,spatial_surface,88.40579710144928,18.695652173913043,-0.1752186718884292,,,,2014-2024
NHL,LogisticGAM,Expected Goal,spatial,spatial_surface,91.30434782608697,18.695652173913043,-0.2475081167852027,,,,2014-2024
NHL,LogisticGAM,Expected Goal,spatial,spatial_surface,94.20289855072463,18.695652173913043,-0.320069059130455,,,,2014-2024
NHL,LogisticGAM,Expected Goal,spatial,spatial_surface,97.10144927536231,18.695652173913043,-0.3926550172099016,,,,2014-2024
NHL,LogisticGAM,Expected Goal,spatial,spatial_surface,100.0,18.695652173913043,-0.4650195093092557,,,,2014-2024
NHL,LogisticGAM,Expected Goal,spatial,spatial_surface,-100.0,20.289855072463766,-0.31421296553919287,,,,2014-2024
NHL,LogisticGAM,Expected Goal,spatial,spatial_surface,-97.10144927536231,20.289855072463766,-0.22858681152707594,,,,2014-2024
NHL,LogisticGAM,Expected Goal,spatial,spatial_surface,-94.20289855072464,20.289855072463766,-0.14367489176180287,,,,2014-2024
NHL,LogisticGAM,Expected Goal,spatial,spatial_surface,-91.30434782608695,20.289855072463766,-0.060009826086030636,,,,2014-2024
NHL,LogisticGAM,Expected Goal,spatial,spatial_surface,-88.40579710144928,20.289855072463766,0.02189599535701838,,,,2014-2024
NHL,LogisticGAM,Expected Goal,spatial,spatial_surface,-85.5072463768116,20.289855072463766,0.10153018242412332,,,,2014-2024
NHL,LogisticGAM,Expected Goal,spatial,spatial_surface,-82.6086956521739,20.289855072463766,0.17838034497206226,,,,2014-2024
NHL,LogisticGAM,Expected Goal,spatial,spatial_surface,-79.71014492753623,20.289855072463766,0.25193409285761326,,,,2014-2024
NHL,LogisticGAM,Expected Goal,spatial,spatial_surface,-76.81159420289855,20.289855072463766,0.3216790359375555,,,,2014-2024
NHL,LogisticGAM,Expected Goal,spatial,spatial_surface,-73.91304347826087,20.289855072463766,0.3871027840686662,,,,2014-2024
NHL,LogisticGAM,Expected Goal,spatial,spatial_surface,-71.01449275362319,20.289855072463766,0.4476929471077252,,,,2014-2024
NHL,LogisticGAM,Expected Goal,spatial,spatial_surface,-68.1159420289855,20.289855072463766,0.5030150411610037,,,,2014-2024
NHL,LogisticGAM,Expected Goal,spatial,spatial_surface,-65.21739130434783,20.289855072463766,0.5531305712495322,,,,2014-2024
NHL,LogisticGAM,Expected Goal,spatial,spatial_surface,-62.31884057971015,20.289855072463766,0.5982955607421149,,,,2014-2024
NHL,LogisticGAM,Expected Goal,spatial,spatial_surface,-59.42028985507246,20.289855072463766,0.6387664906850434,,,,2014-2024
NHL,LogisticGAM,Expected Goal,spatial,spatial_surface,-56.52173913043478,20.289855072463766,0.6747998421246082,,,,2014-2024
NHL,LogisticGAM,Expected Goal,spatial,spatial_surface,-53.6231884057971,20.289855072463766,0.7066520961071004,,,,2014-2024
NHL,LogisticGAM,Expected Goal,spatial,spatial_surface,-50.72463768115942,20.289855072463766,0.734579733678812,,,,2014-2024
NHL,LogisticGAM,Expected Goal,spatial,spatial_surface,-47.82608695652174,20.289855072463766,0.7588392358860334,,,,2014-2024
NHL,LogisticGAM,Expected Goal,spatial,spatial_surface,-44.927536231884055,20.289855072463766,0.7796870837750561,,,,2014-2024
NHL,LogisticGAM,Expected Goal,spatial,spatial_surface,-42.028985507246375,20.289855072463766,0.7973797588169796,,,,2014-2024
NHL,LogisticGAM,Expected Goal,spatial,spatial_surface,-39.130434782608695,20.289855072463766,0.812181605690565,,,,2014-2024
NHL,LogisticGAM,Expected Goal,spatial,spatial_surface,-36.231884057971016,20.289855072463766,0.8243849306681732,,,,2014-2024
NHL,LogisticGAM,Expected Goal,spatial,spatial_surface,-33.33333333333333,20.289855072463766,0.8342882525945067,,,,2014-2024
NHL,LogisticGAM,Expected Goal,spatial,spatial_surface,-30.434782608695656,20.289855072463766,0.8421900903142666,,,,2014-2024
NHL,LogisticGAM,Expected Goal,spatial,spatial_surface,-27.53623188405797,20.289855072463766,0.8483889626721552,,,,2014-2024
NHL,LogisticGAM,Expected Goal,spatial,spatial_surface,-24.637681159420296,20.289855072463766,0.8531833885128741,,,,2014-2024
NHL,LogisticGAM,Expected Goal,spatial,spatial_surface,-21.73913043478261,20.289855072463766,0.8568718866811251,,,,2014-2024
NHL,LogisticGAM,Expected Goal,spatial,spatial_surface,-18.840579710144922,20.289855072463766,0.8597529760216105,,,,2014-2024
NHL,LogisticGAM,Expected Goal,spatial,spatial_surface,-15.94202898550725,20.289855072463766,0.8621251753790314,,,,2014-2024
NHL,LogisticGAM,Expected Goal,spatial,spatial_surface,-13.043478260869563,20.289855072463766,0.8642861635986386,,,,2014-2024
NHL,LogisticGAM,Expected Goal,spatial,spatial_surface,-10.14492753623189,20.289855072463766,0.8664104313864134,,,,2014-2024
NHL,LogisticGAM,Expected Goal,spatial,spatial_surface,-7.246376811594203,20.289855072463766,0.8684206530850607,,,,2014-2024
NHL,LogisticGAM,Expected Goal,spatial,spatial_surface,-4.347826086956516,20.289855072463766,0.8702087363465715,,,,2014-2024
NHL,LogisticGAM,Expected Goal,spatial,spatial_surface,-1.4492753623188435,20.289855072463766,0.8716665888229349,,,,2014-2024
NHL,LogisticGAM,Expected Goal,spatial,spatial_surface,1.4492753623188435,20.289855072463766,0.8726861181661408,,,,2014-2024
NHL,LogisticGAM,Expected Goal,spatial,spatial_surface,4.347826086956516,20.289855072463766,0.8731592320281794,,,,2014-2024
NHL,LogisticGAM,Expected Goal,spatial,spatial_surface,7.246376811594203,20.289855072463766,0.8729778380610401,,,,2014-2024
NHL,LogisticGAM,Expected Goal,spatial,spatial_surface,10.14492753623189,20.289855072463766,0.8720338439167133,,,,2014-2024
NHL,LogisticGAM,Expected Goal,spatial,spatial_surface,13.043478260869563,20.289855072463766,0.8702191572471879,,,,2014-2024
NHL,LogisticGAM,Expected Goal,spatial,spatial_surface,15.94202898550725,20.289855072463766,0.8674221469183676,,,,2014-2024
NHL,LogisticGAM,Expected Goal,spatial,spatial_surface,18.840579710144922,20.289855072463766,0.8634109948422535,,,,2014-2024
NHL,LogisticGAM,Expected Goal,spatial,spatial_surface,21.73913043478261,20.289855072463766,0.8578071280846498,,,,2014-2024
NHL,LogisticGAM,Expected Goal,spatial,spatial_surface,24.637681159420296,20.289855072463766,0.8502230548207949,,,,2014-2024
NHL,LogisticGAM,Expected Goal,spatial,spatial_surface,27.53623188405797,20.289855072463766,0.8402712832259281,,,,2014-2024
NHL,LogisticGAM,Expected Goal,spatial,spatial_surface,30.434782608695656,20.289855072463766,0.8275643214752877,,,,2014-2024
NHL,LogisticGAM,Expected Goal,spatial,spatial_surface,33.33333333333334,20.289855072463766,0.8117146777441123,,,,2014-2024
NHL,LogisticGAM,Expected Goal,spatial,spatial_surface,36.231884057971,20.289855072463766,0.7923348602076403,,,,2014-2024
NHL,LogisticGAM,Expected Goal,spatial,spatial_surface,39.13043478260869,20.289855072463766,0.76903737704111,,,,2014-2024
NHL,LogisticGAM,Expected Goal,spatial,spatial_surface,42.028985507246375,20.289855072463766,0.7414347364197611,,,,2014-2024
NHL,LogisticGAM,Expected Goal,spatial,spatial_surface,44.92753623188406,20.289855072463766,0.709164988408556,,,,2014-2024
NHL,LogisticGAM,Expected Goal,spatial,spatial_surface,47.82608695652175,20.289855072463766,0.6722255551778468,,,,2014-2024
NHL,LogisticGAM,Expected Goal,spatial,spatial_surface,50.72463768115941,20.289855072463766,0.6308792832519148,,,,2014-2024
NHL,LogisticGAM,Expected Goal,spatial,spatial_surface,53.623188405797094,20.289855072463766,0.585395228961362,,,,2014-2024
NHL,LogisticGAM,Expected Goal,spatial,spatial_surface,56.52173913043478,20.289855072463766,0.5360424486367913,,,,2014-2024
NHL,LogisticGAM,Expected Goal,spatial,spatial_surface,59.42028985507247,20.289855072463766,0.48308999860880475,,,,2014-2024
NHL,LogisticGAM,Expected Goal,spatial,spatial_surface,62.318840579710155,20.289855072463766,0.4268069352080051,,,,2014-2024
NHL,LogisticGAM,Expected Goal,spatial,spatial_surface,65.21739130434781,20.289855072463766,0.36746231476499475,,,,2014-2024
NHL,LogisticGAM,Expected Goal,spatial,spatial_surface,68.1159420289855,20.289855072463766,0.3053251936103754,,,,2014-2024
NHL,LogisticGAM,Expected Goal,spatial,spatial_surface,71.01449275362319,20.289855072463766,0.24066462807475,,,,2014-2024
NHL,LogisticGAM,Expected Goal,spatial,spatial_surface,73.91304347826087,20.289855072463766,0.1737499098386406,,,,2014-2024
NHL,LogisticGAM,Expected Goal,spatial,spatial_surface,76.81159420289856,20.289855072463766,0.10485202674488098,,,,2014-2024
NHL,LogisticGAM,Expected Goal,spatial,spatial_surface,79.71014492753622,20.289855072463766,0.034242710272202576,,,,2014-2024
NHL,LogisticGAM,Expected Goal,spatial,spatial_surface,82.6086956521739,20.289855072463766,-0.03780630493413834,,,,2014-2024
NHL,LogisticGAM,Expected Goal,spatial,spatial_surface,85.5072463768116,20.289855072463766,-0.1110232842288838,,,,2014-2024
NHL,LogisticGAM,Expected Goal,spatial,spatial_surface,88.40579710144928,20.289855072463766,-0.18513649296677642,,,,2014-2024
NHL,LogisticGAM,Expected Goal,spatial,spatial_surface,91.30434782608697,20.289855072463766,-0.259874196502559,,,,2014-2024
NHL,LogisticGAM,Expected Goal,spatial,spatial_surface,94.20289855072463,20.289855072463766,-0.3349646601909735,,,,2014-2024
NHL,LogisticGAM,Expected Goal,spatial,spatial_surface,97.10144927536231,20.289855072463766,-0.41013614938676374,,,,2014-2024
NHL,LogisticGAM,Expected Goal,spatial,spatial_surface,100.0,20.289855072463766,-0.48511692944467183,,,,2014-2024
NHL,LogisticGAM,Expected Goal,spatial,spatial_surface,-100.0,21.884057971014492,-0.2979358577206585,,,,2014-2024
NHL,LogisticGAM,Expected Goal,spatial,spatial_surface,-97.10144927536231,21.884057971014492,-0.2154266247593427,,,,2014-2024
NHL,LogisticGAM,Expected Goal,spatial,spatial_surface,-94.20289855072464,21.884057971014492,-0.1336167516893538,,,,2014-2024
NHL,LogisticGAM,Expected Goal,spatial,spatial_surface,-91.30434782608695,21.884057971014492,-0.05301235522921209,,,,2014-2024
NHL,LogisticGAM,Expected Goal,spatial,spatial_surface,-88.40579710144928,21.884057971014492,0.025901045657553162,,,,2014-2024
NHL,LogisticGAM,Expected Goal,spatial,spatial_surface,-85.5072463768116,21.884057971014492,0.1026379320074141,,,,2014-2024
NHL,LogisticGAM,Expected Goal,spatial,spatial_surface,-82.6086956521739,21.884057971014492,0.17671278485684208,,,,2014-2024
NHL,LogisticGAM,Expected Goal,spatial,spatial_surface,-79.71014492753623,21.884057971014492,0.247640085242308,,,,2014-2024
NHL,LogisticGAM,Expected Goal,spatial,spatial_surface,-76.81159420289855,21.884057971014492,0.3149343142002842,,,,2014-2024
NHL,LogisticGAM,Expected Goal,spatial,spatial_surface,-73.91304347826087,21.884057971014492,0.37810995276724135,,,,2014-2024
NHL,LogisticGAM,Expected Goal,spatial,spatial_surface,-71.01449275362319,21.884057971014492,0.43668148197965184,,,,2014-2024
NHL,LogisticGAM,Expected Goal,spatial,spatial_surface,-68.1159420289855,21.884057971014492,0.4902344356660842,,,,2014-2024
NHL,LogisticGAM,Expected Goal,spatial,spatial_surface,-65.21739130434783,21.884057971014492,0.5388067041409111,,,,2014-2024
NHL,LogisticGAM,Expected Goal,spatial,spatial_surface,-62.31884057971015,21.884057971014492,0.5826135841757972,,,,2014-2024
NHL,LogisticGAM,Expected Goal,spatial,spatial_surface,-59.42028985507246,21.884057971014492,0.6218707899577429,,,,2014-2024
NHL,LogisticGAM,Expected Goal,spatial,spatial_surface,-56.52173913043478,21.884057971014492,0.6567940356737487,,,,2014-2024
NHL,LogisticGAM,Expected Goal,spatial,spatial_surface,-53.6231884057971,21.884057971014492,0.6875990355108149,,,,2014-2024
NHL,LogisticGAM,Expected Goal,spatial,spatial_surface,-50.72463768115942,21.884057971014492,0.7145015036559427,,,,2014-2024
NHL,LogisticGAM,Expected Goal,spatial,spatial_surface,-47.82608695652174,21.884057971014492,0.7377171542961324,,,,2014-2024
NHL,LogisticGAM,Expected Goal,spatial,spatial_surface,-44.927536231884055,21.884057971014492,0.7574617016183843,,,,2014-2024
NHL,LogisticGAM,Expected Goal,spatial,spatial_surface,-42.028985507246375,21.884057971014492,0.7739508609479588,,,,2014-2024
NHL,LogisticGAM,Expected Goal,spatial,spatial_surface,-39.130434782608695,21.884057971014492,0.7874214168205438,,,,2014-2024
NHL,LogisticGAM,Expected Goal,spatial,spatial_surface,-36.231884057971016,21.884057971014492,0.7981850759568594,,,,2014-2024
NHL,LogisticGAM,Expected Goal,spatial,spatial_surface,-33.33333333333333,21.884057971014492,0.8065701914641362,,,,2014-2024
NHL,LogisticGAM,Expected Goal,spatial,spatial_surface,-30.434782608695656,21.884057971014492,0.8129051164496032,,,,2014-2024
NHL,LogisticGAM,Expected Goal,spatial,spatial_surface,-27.53623188405797,21.884057971014492,0.8175182040204902,,,,2014-2024
NHL,LogisticGAM,Expected Goal,spatial,spatial_surface,-24.637681159420296,21.884057971014492,0.820737807284027,,,,2014-2024
NHL,LogisticGAM,Expected Goal,spatial,spatial_surface,-21.73913043478261,21.884057971014492,0.8228922793474435,,,,2014-2024
NHL,LogisticGAM,Expected Goal,spatial,spatial_surface,-18.840579710144922,21.884057971014492,0.8243099733179694,,,,2014-2024
NHL,LogisticGAM,Expected Goal,spatial,spatial_surface,-15.94202898550725,21.884057971014492,0.825319242302834,,,,2014-2024
NHL,LogisticGAM,Expected Goal,spatial,spatial_surface,-13.043478260869563,21.884057971014492,0.8262476136288257,,,,2014-2024
NHL,LogisticGAM,Expected Goal,spatial,spatial_surface,-10.14492753623189,21.884057971014492,0.8273015117388267,,,,2014-2024
NHL,LogisticGAM,Expected Goal,spatial,spatial_surface,-7.246376811594203,21.884057971014492,0.8284398073096813,,,,2014-2024
NHL,LogisticGAM,Expected Goal,spatial,spatial_surface,-4.347826086956516,21.884057971014492,0.8295911251277122,,,,2014-2024
NHL,LogisticGAM,Expected Goal,spatial,spatial_surface,-1.4492753623188435,21.884057971014492,0.8306840899792414,,,,2014-2024
NHL,LogisticGAM,Expected Goal,spatial,spatial_surface,1.4492753623188435,21.884057971014492,0.8316473266505915,,,,2014-2024
NHL,LogisticGAM,Expected Goal,spatial,spatial_surface,4.347826086956516,21.884057971014492,0.832409459928085,,,,2014-2024
NHL,LogisticGAM,Expected Goal,spatial,spatial_surface,7.246376811594203,21.884057971014492,0.8328991145980446,,,,2014-2024
NHL,LogisticGAM,Expected Goal,spatial,spatial_surface,10.14492753623189,21.884057971014492,0.8330449154467924,,,,2014-2024
NHL,LogisticGAM,Expected Goal,spatial,spatial_surface,13.043478260869563,21.884057971014492,0.8327754872606508,,,,2014-2024
NHL,LogisticGAM,Expected Goal,spatial,spatial_surface,15.94202898550725,21.884057971014492,0.8320141751719317,,,,2014-2024
NHL,LogisticGAM,Expected Goal,spatial,spatial_surface,18.840579710144922,21.884057971014492,0.8305050126739834,,,,2014-2024
NHL,LogisticGAM,Expected Goal,spatial,spatial_surface,21.73913043478261,21.884057971014492,0.8277730839387581,,,,2014-2024
NHL,LogisticGAM,Expected Goal,spatial,spatial_surface,24.637681159420296,21.884057971014492,0.823330166694928,,,,2014-2024
NHL,LogisticGAM,Expected Goal,spatial,spatial_surface,27.53623188405797,21.884057971014492,0.8166880386711654,,,,2014-2024
NHL,LogisticGAM,Expected Goal,spatial,spatial_surface,30.434782608695656,21.884057971014492,0.8073584775961424,,,,2014-2024
NHL,LogisticGAM,Expected Goal,spatial,spatial_surface,33.33333333333334,21.884057971014492,0.7948532611985311,,,,2014-2024
NHL,LogisticGAM,Expected Goal,spatial,spatial_surface,36.231884057971,21.884057971014492,0.7786841672070043,,,,2014-2024
NHL,LogisticGAM,Expected Goal,spatial,spatial_surface,39.13043478260869,21.884057971014492,0.7583629733502335,,,,2014-2024
NHL,LogisticGAM,Expected Goal,spatial,spatial_surface,42.028985507246375,21.884057971014492,0.733401457356891,,,,2014-2024
NHL,LogisticGAM,Expected Goal,spatial,spatial_surface,44.92753623188406,21.884057971014492,0.7033417952406316,,,,2014-2024
NHL,LogisticGAM,Expected Goal,spatial,spatial_surface,47.82608695652175,21.884057971014492,0.6681538641676783,,,,2014-2024
NHL,LogisticGAM,Expected Goal,spatial,spatial_surface,50.72463768115941,21.884057971014492,0.6281234319935822,,,,2014-2024
NHL,LogisticGAM,Expected Goal,spatial,spatial_surface,53.623188405797094,21.884057971014492,0.5835436570788357,,,,2014-2024
NHL,LogisticGAM,Expected Goal,spatial,spatial_surface,56.52173913043478,21.884057971014492,0.5347076977839308,,,,2014-2024
NHL,LogisticGAM,Expected Goal,spatial,spatial_surface,59.42028985507247,21.884057971014492,0.48190871246936007,,,,2014-2024
NHL,LogisticGAM,Expected Goal,spatial,spatial_surface,62.318840579710155,21.884057971014492,0.42543985949561564,,,,2014-2024
NHL,LogisticGAM,Expected Goal,spatial,spatial_surface,65.21739130434781,21.884057971014492,0.36559429722319026,,,,2014-2024
NHL,LogisticGAM,Expected Goal,spatial,spatial_surface,68.1159420289855,21.884057971014492,0.3026651840125752,,,,2014-2024
NHL,LogisticGAM,Expected Goal,spatial,spatial_surface,71.01449275362319,21.884057971014492,0.23694567822426327,,,,2014-2024
NHL,LogisticGAM,Expected Goal,spatial,spatial_surface,73.91304347826087,21.884057971014492,0.16872945903360037,,,,2014-2024
NHL,LogisticGAM,Expected Goal,spatial,spatial_surface,76.81159420289856,21.884057971014492,0.09831395911848635,,,,2014-2024
NHL,LogisticGAM,Expected Goal,spatial,spatial_surface,79.71014492753622,21.884057971014492,0.02599825677718682,,,,2014-2024
NHL,LogisticGAM,Expected Goal,spatial,spatial_surface,82.6086956521739,21.884057971014492,-0.04791856268470738,,,,2014-2024
NHL,LogisticGAM,Expected Goal,spatial,spatial_surface,85.5072463768116,21.884057971014492,-0.12313741396160341,,,,2014-2024
NHL,LogisticGAM,Expected Goal,spatial,spatial_surface,88.40579710144928,21.884057971014492,-0.1993592117479094,,,,2014-2024
NHL,LogisticGAM,Expected Goal,spatial,spatial_surface,91.30434782608697,21.884057971014492,-0.2762848707380331,,,,2014-2024
NHL,LogisticGAM,Expected Goal,spatial,spatial_surface,94.20289855072463,21.884057971014492,-0.35361530562638194,,,,2014-2024
NHL,LogisticGAM,Expected Goal,spatial,spatial_surface,97.10144927536231,21.884057971014492,-0.43105143110736505,,,,2014-2024
NHL,LogisticGAM,Expected Goal,spatial,spatial_surface,100.0,21.884057971014492,-0.5082941618753899,,,,2014-2024
NHL,LogisticGAM,Expected Goal,spatial,spatial_surface,-100.0,23.47826086956522,-0.28078439760135354,,,,2014-2024
NHL,LogisticGAM,Expected Goal,spatial,spatial_surface,-97.10144927536231,23.47826086956522,-0.20164178799446647,,,,2014-2024
NHL,LogisticGAM,Expected Goal,spatial,spatial_surface,-94.20289855072464,23.47826086956522,-0.12320418782363153,,,,2014-2024
NHL,LogisticGAM,Expected Goal,spatial,spatial_surface,-91.30434782608695,23.47826086956522,-0.045950379883535716,,,,2014-2024
NHL,LogisticGAM,Expected Goal,spatial,spatial_surface,-88.40579710144928,23.47826086956522,0.029663226634194458,,,,2014-2024
NHL,LogisticGAM,Expected Goal,spatial,spatial_surface,-85.5072463768116,23.47826086956522,0.10318022253793431,,,,2014-2024
NHL,LogisticGAM,Expected Goal,spatial,spatial_surface,-82.6086956521739,23.47826086956522,0.174144198636058,,,,2014-2024
NHL,LogisticGAM,Expected Goal,spatial,spatial_surface,-79.71014492753623,23.47826086956522,0.24209874573693957,,,,2014-2024
NHL,LogisticGAM,Expected Goal,spatial,spatial_surface,-76.81159420289855,23.47826086956522,0.30658745464895415,,,,2014-2024
NHL,LogisticGAM,Expected Goal,spatial,spatial_surface,-73.91304347826087,23.47826086956522,0.3671539161804754,,,,2014-2024
NHL,LogisticGAM,Expected Goal,spatial,spatial_surface,-71.01449275362319,23.47826086956522,0.4233417211398789,,,,2014-2024
NHL,LogisticGAM,Expected Goal,spatial,spatial_surface,-68.1159420289855,23.47826086956522,0.4747592710807691,,,,2014-2024
NHL,LogisticGAM,Expected Goal,spatial,spatial_surface,-65.21739130434783,23.47826086956522,0.5214275841491395,,,,2014-2024
NHL,LogisticGAM,Expected Goal,spatial,spatial_surface,-62.31884057971015,23.47826086956522,0.5635294996434869,,,,2014-2024
NHL,LogisticGAM,Expected Goal,spatial,spatial_surface,-59.42028985507246,23.47826086956522,0.6012482376073598,,,,2014-2024
NHL,LogisticGAM,Expected Goal,spatial,spatial_surface,-56.52173913043478,23.47826086956522,0.6347670180843069,,,,2014-2024
NHL,LogisticGAM,Expected Goal,spatial,spatial_surface,-53.6231884057971,23.47826086956522,0.6642690611178773,,,,2014-2024
NHL,LogisticGAM,Expected Goal,spatial,spatial_surface,-50.72463768115942,23.47826086956522,0.6899375867516193,,,,2014-2024
NHL,LogisticGAM,Expected Goal,spatial,spatial_surface,-47.82608695652174,23.47826086956522,0.7119558150290819,,,,2014-2024
NHL,LogisticGAM,Expected Goal,spatial,spatial_surface,-44.927536231884055,23.47826086956522,0.7305069659938136,,,,2014-2024
NHL,LogisticGAM,Expected Goal,spatial,spatial_surface,-42.028985507246375,23.47826086956522,0.7457742613201318,,,,2014-2024
NHL,LogisticGAM,Expected Goal,spatial,spatial_surface,-39.130434782608695,23.47826086956522,0.7579711082474838,,,,2014-2024
NHL,LogisticGAM,Expected Goal,spatial,spatial_surface,-36.231884057971016,23.47826086956522,0.7674182539891518,,,,2014-2024
NHL,LogisticGAM,Expected Goal,spatial,spatial_surface,-33.33333333333333,23.47826086956522,0.7744602948051518,,,,2014-2024
NHL,LogisticGAM,Expected Goal,spatial,spatial_surface,-30.434782608695656,23.47826086956522,0.7794418269555003,,,,2014-2024
NHL,LogisticGAM,Expected Goal,spatial,spatial_surface,-27.53623188405797,23.47826086956522,0.7827074467002139,,,,2014-2024
NHL,LogisticGAM,Expected Goal,spatial,spatial_surface,-24.637681159420296,23.47826086956522,0.7846017502993082,,,,2014-2024
NHL,LogisticGAM,Expected Goal,spatial,spatial_surface,-21.73913043478261,23.47826086956522,0.7854693340128004,,,,2014-2024
NHL,LogisticGAM,Expected Goal,spatial,spatial_surface,-18.840579710144922,23.47826086956522,0.7856547941007067,,,,2014-2024
NHL,LogisticGAM,Expected Goal,spatial,spatial_surface,-15.94202898550725,23.47826086956522,0.785502726823043,,,,2014-2024
NHL,LogisticGAM,Expected Goal,spatial,spatial_surface,-13.043478260869563,23.47826086956522,0.7853569508411664,,,,2014-2024
NHL,LogisticGAM,Expected Goal,spatial,spatial_surface,-10.14492753623189,23.47826086956522,0.7854472479180968,,,,2014-2024
NHL,LogisticGAM,Expected Goal,spatial,spatial_surface,-7.246376811594203,23.47826086956522,0.7857702900614185,,,,2014-2024
NHL,LogisticGAM,Expected Goal,spatial,spatial_surface,-4.347826086956516,23.47826086956522,0.7862942681440692,,,,2014-2024
NHL,LogisticGAM,Expected Goal,spatial,spatial_surface,-1.4492753623188435,23.47826086956522,0.7869873730389861,,,,2014-2024
NHL,LogisticGAM,Expected Goal,spatial,spatial_surface,1.4492753623188435,23.47826086956522,0.7878177956191076,,,,2014-2024
NHL,LogisticGAM,Expected Goal,spatial,spatial_surface,4.347826086956516,23.47826086956522,0.7887537267573708,,,,2014-2024
NHL,LogisticGAM,Expected Goal,spatial,spatial_surface,7.246376811594203,23.47826086956522,0.7897633573267135,,,,2014-2024
NHL,LogisticGAM,Expected Goal,spatial,spatial_surface,10.14492753623189,23.47826086956522,0.7908148782000738,,,,2014-2024
NHL,LogisticGAM,Expected Goal,spatial,spatial_surface,13.043478260869563,23.47826086956522,0.7918764802503888,,,,2014-2024
NHL,LogisticGAM,Expected Goal,spatial,spatial_surface,15.94202898550725,23.47826086956522,0.7929093900565561,,,,2014-2024
NHL,LogisticGAM,Expected Goal,spatial,spatial_surface,18.840579710144922,23.47826086956522,0.7936383075280832,,,,2014-2024
NHL,LogisticGAM,Expected Goal,spatial,spatial_surface,21.73913043478261,23.47826086956522,0.7934991205706732,,,,2014-2024
NHL,LogisticGAM,Expected Goal,spatial,spatial_surface,24.637681159420296,23.47826086956522,0.7919101648065917,,,,2014-2024
NHL,LogisticGAM,Expected Goal,spatial,spatial_surface,27.53623188405797,23.47826086956522,0.7882897758581053,,,,2014-2024
NHL,LogisticGAM,Expected Goal,spatial,spatial_surface,30.434782608695656,23.47826086956522,0.7820562893474805,,,,2014-2024
NHL,LogisticGAM,Expected Goal,spatial,spatial_surface,33.33333333333334,23.47826086956522,0.7726280408969839,,,,2014-2024
NHL,LogisticGAM,Expected Goal,spatial,spatial_surface,36.231884057971,23.47826086956522,0.7594233661288816,,,,2014-2024
NHL,LogisticGAM,Expected Goal,spatial,spatial_surface,39.13043478260869,23.47826086956522,0.74186060066544,,,,2014-2024
NHL,LogisticGAM,Expected Goal,spatial,spatial_surface,42.028985507246375,23.47826086956522,0.7193580801289253,,,,2014-2024
NHL,LogisticGAM,Expected Goal,spatial,spatial_surface,44.92753623188406,23.47826086956522,0.6913690104319884,,,,2014-2024
NHL,LogisticGAM,Expected Goal,spatial,spatial_surface,47.82608695652175,23.47826086956522,0.657837219356132,,,,2014-2024
NHL,LogisticGAM,Expected Goal,spatial,spatial_surface,50.72463768115941,23.47826086956522,0.6190688972330175,,,,2014-2024
NHL,LogisticGAM,Expected Goal,spatial,spatial_surface,53.623188405797094,23.47826086956522,0.5753787121440711,,,,2014-2024
NHL,LogisticGAM,Expected Goal,spatial,spatial_surface,56.52173913043478,23.47826086956522,0.5270813321707207,,,,2014-2024
NHL,LogisticGAM,Expected Goal,spatial,spatial_surface,59.42028985507247,23.47826086956522,0.4744914253943928,,,,2014-2024
NHL,LogisticGAM,Expected Goal,spatial,spatial_surface,62.318840579710155,23.47826086956522,0.417923659896515,,,,2014-2024
NHL,LogisticGAM,Expected Goal,spatial,spatial_surface,65.21739130434781,23.47826086956522,0.35769270375851414,,,,2014-2024
NHL,LogisticGAM,Expected Goal,spatial,spatial_surface,68.1159420289855,23.47826086956522,0.2941132250618168,,,,2014-2024
NHL,LogisticGAM,Expected Goal,spatial,spatial_surface,71.01449275362319,23.47826086956522,0.22749989188785058,,,,2014-2024
NHL,LogisticGAM,Expected Goal,spatial,spatial_surface,73.91304347826087,23.47826086956522,0.15816843416779602,,,,2014-2024
NHL,LogisticGAM,Expected Goal,spatial,spatial_surface,76.81159420289856,23.47826086956522,0.08644223456342551,,,,2014-2024
NHL,LogisticGAM,Expected Goal,spatial,spatial_surface,79.71014492753622,23.47826086956522,0.012648030866588063,,,,2014-2024
NHL,LogisticGAM,Expected Goal,spatial,spatial_surface,82.6086956521739,23.47826086956522,-0.06288742484416349,,,,2014-2024
NHL,LogisticGAM,Expected Goal,spatial,spatial_surface,85.5072463768116,23.47826086956522,-0.13983738049027428,,,,2014-2024
NHL,LogisticGAM,Expected Goal,spatial,spatial_surface,88.40579710144928,23.47826086956522,-0.21787508399319036,,,,2014-2024
NHL,LogisticGAM,Expected Goal,spatial,spatial_surface,91.30434782608697,23.47826086956522,-0.29667378327435756,,,,2014-2024
NHL,LogisticGAM,Expected Goal,spatial,spatial_surface,94.20289855072463,23.47826086956522,-0.37590672625522115,,,,2014-2024
NHL,LogisticGAM,Expected Goal,spatial,spatial_surface,97.10144927536231,23.47826086956522,-0.45524716085722833,,,,2014-2024
NHL,LogisticGAM,Expected Goal,spatial,spatial_surface,100.0,23.47826086956522,-0.5343683350018245,,,,2014-2024
NHL,LogisticGAM,Expected Goal,spatial,spatial_surface,-100.0,25.072463768115938,-0.2630621757446902,,,,2014-2024
NHL,LogisticGAM,Expected Goal,spatial,spatial_surface,-97.10144927536231,25.072463768115938,-0.18749818560776144,,,,2014-2024
NHL,LogisticGAM,Expected Goal,spatial,spatial_surface,-94.20289855072464,25.072463768115938,-0.11265772483610947,,,,2014-2024
NHL,LogisticGAM,Expected Goal,spatial,spatial_surface,-91.30434782608695,25.072463768115938,-0.038991461173860334,,,,2014-2024
NHL,LogisticGAM,Expected Goal,spatial,spatial_surface,-88.40579710144928,25.072463768115938,0.033074983226447134,,,,2014-2024
NHL,LogisticGAM,Expected Goal,spatial,spatial_surface,-85.5072463768116,25.072463768115938,0.10311598621227559,,,,2014-2024
NHL,LogisticGAM,Expected Goal,spatial,spatial_surface,-82.6086956521739,25.072463768115938,0.17070592563108683,,,,2014-2024
NHL,LogisticGAM,Expected Goal,spatial,spatial_surface,-79.71014492753623,25.072463768115938,0.23541917933034243,,,,2014-2024
NHL,LogisticGAM,Expected Goal,spatial,spatial_surface,-76.81159420289855,25.072463768115938,0.29683012515750495,,,,2014-2024
NHL,LogisticGAM,Expected Goal,spatial,spatial_surface,-73.91304347826087,25.072463768115938,0.35451314096003583,,,,2014-2024
NHL,LogisticGAM,Expected Goal,spatial,spatial_surface,-71.01449275362319,25.072463768115938,0.4080426045853977,,,,2014-2024
NHL,LogisticGAM,Expected Goal,spatial,spatial_surface,-68.1159420289855,25.072463768115938,0.4570519037681102,,,,2014-2024
NHL,LogisticGAM,Expected Goal,spatial,spatial_surface,-65.21739130434783,25.072463768115938,0.5015501117625626,,,,2014-2024
NHL,LogisticGAM,Expected Goal,spatial,spatial_surface,-62.31884057971015,25.072463768115938,0.5416936392422536,,,,2014-2024
NHL,LogisticGAM,Expected Goal,spatial,spatial_surface,-59.42028985507246,25.072463768115938,0.5776392435473097,,,,2014-2024
NHL,LogisticGAM,Expected Goal,spatial,spatial_surface,-56.52173913043478,25.072463768115938,0.6095436820178569,,,,2014-2024
NHL,LogisticGAM,Expected Goal,spatial,spatial_surface,-53.6231884057971,25.072463768115938,0.6375637119940222,,,,2014-2024
NHL,LogisticGAM,Expected Goal,spatial,spatial_surface,-50.72463768115942,25.072463768115938,0.661856090815932,,,,2014-2024
NHL,LogisticGAM,Expected Goal,spatial,spatial_surface,-47.82608695652174,25.072463768115938,0.6825775758237134,,,,2014-2024
NHL,LogisticGAM,Expected Goal,spatial,spatial_surface,-44.927536231884055,25.072463768115938,0.6998849243574919,,,,2014-2024
NHL,LogisticGAM,Expected Goal,spatial,spatial_surface,-42.028985507246375,25.072463768115938,0.7139348957088579,,,,2014-2024
NHL,LogisticGAM,Expected Goal,spatial,spatial_surface,-39.130434782608695,25.072463768115938,0.7249203707994493,,,,2014-2024
NHL,LogisticGAM,Expected Goal,spatial,spatial_surface,-36.231884057971016,25.072463768115938,0.7331626791920848,,,,2014-2024
NHL,LogisticGAM,Expected Goal,spatial,spatial_surface,-33.33333333333333,25.072463768115938,0.7390116894694568,,,,2014-2024
NHL,LogisticGAM,Expected Goal,spatial,spatial_surface,-30.434782608695656,25.072463768115938,0.7428172702142575,,,,2014-2024
NHL,LogisticGAM,Expected Goal,spatial,spatial_surface,-27.53623188405797,25.072463768115938,0.7449292900091788,,,,2014-2024
NHL,LogisticGAM,Expected Goal,spatial,spatial_surface,-24.637681159420296,25.072463768115938,0.7456976174369138,,,,2014-2024
NHL,LogisticGAM,Expected Goal,spatial,spatial_surface,-21.73913043478261,25.072463768115938,0.7454721210801541,,,,2014-2024
NHL,LogisticGAM,Expected Goal,spatial,spatial_surface,-18.840579710144922,25.072463768115938,0.744602669521593,,,,2014-2024
NHL,LogisticGAM,Expected Goal,spatial,spatial_surface,-15.94202898550725,25.072463768115938,0.7434391313439217,,,,2014-2024
NHL,LogisticGAM,Expected Goal,spatial,spatial_surface,-13.043478260869563,25.072463768115938,0.7423306704393142,,,,2014-2024
NHL,LogisticGAM,Expected Goal,spatial,spatial_surface,-10.14492753623189,25.072463768115938,0.741523105973127,,,,2014-2024
NHL,LogisticGAM,Expected Goal,spatial,spatial_surface,-7.246376811594203,25.072463768115938,0.7410510038729875,,,,2014-2024
NHL,LogisticGAM,Expected Goal,spatial,spatial_surface,-4.347826086956516,25.072463768115938,0.7409231193410286,,,,2014-2024
NHL,LogisticGAM,Expected Goal,spatial,spatial_surface,-1.4492753623188435,25.072463768115938,0.7411482075793807,,,,2014-2024
NHL,LogisticGAM,Expected Goal,spatial,spatial_surface,1.4492753623188435,25.072463768115938,0.7417350237901755,,,,2014-2024
NHL,LogisticGAM,Expected Goal,spatial,spatial_surface,4.347826086956516,25.072463768115938,0.7426923231755451,,,,2014-2024
NHL,LogisticGAM,Expected Goal,spatial,spatial_surface,7.246376811594203,25.072463768115938,0.7440288609376206,,,,2014-2024
NHL,LogisticGAM,Expected Goal,spatial,spatial_surface,10.14492753623189,25.072463768115938,0.7457533922785337,,,,2014-2024
NHL,LogisticGAM,Expected Goal,spatial,spatial_surface,13.043478260869563,25.072463768115938,0.7478746724004158,,,,2014-2024
NHL,LogisticGAM,Expected Goal,spatial,spatial_surface,15.94202898550725,25.072463768115938,0.750392922173789,,,,2014-2024
NHL,LogisticGAM,Expected Goal,spatial,spatial_surface,18.840579710144922,25.072463768115938,0.7530185129855896,,,,2014-2024
NHL,LogisticGAM,Expected Goal,spatial,spatial_surface,21.73913043478261,25.072463768115938,0.7551078941455033,,,,2014-2024
NHL,LogisticGAM,Expected Goal,spatial,spatial_surface,24.637681159420296,25.072463768115938,0.7559960056750532,,,,2014-2024
NHL,LogisticGAM,Expected Goal,spatial,spatial_surface,27.53623188405797,25.072463768115938,0.7550177875957629,,,,2014-2024
NHL,LogisticGAM,Expected Goal,spatial,spatial_surface,30.434782608695656,25.072463768115938,0.7515081799291564,,,,2014-2024
NHL,LogisticGAM,Expected Goal,spatial,spatial_surface,33.33333333333334,25.072463768115938,0.7448021226967574,,,,2014-2024
NHL,LogisticGAM,Expected Goal,spatial,spatial_surface,36.231884057971,25.072463768115938,0.7342345559200889,,,,2014-2024
NHL,LogisticGAM,Expected Goal,spatial,spatial_surface,39.13043478260869,25.072463768115938,0.7191404196206751,,,,2014-2024
NHL,LogisticGAM,Expected Goal,spatial,spatial_surface,42.028985507246375,25.072463768115938,0.6988546538200392,,,,2014-2024
NHL,LogisticGAM,Expected Goal,spatial,spatial_surface,44.92753623188406,25.072463768115938,0.6727510086261457,,,,2014-2024
NHL,LogisticGAM,Expected Goal,spatial,spatial_surface,47.82608695652175,25.072463768115938,0.640749288594164,,,,2014-2024
NHL,LogisticGAM,Expected Goal,spatial,spatial_surface,50.72463768115941,25.072463768115938,0.6031726021158369,,,,2014-2024
NHL,LogisticGAM,Expected Goal,spatial,spatial_surface,53.623188405797094,25.072463768115938,0.5603534931854677,,,,2014-2024
NHL,LogisticGAM,Expected Goal,spatial,spatial_surface,56.52173913043478,25.072463768115938,0.5126245057973601,,,,2014-2024
NHL,LogisticGAM,Expected Goal,spatial,spatial_surface,59.42028985507247,25.072463768115938,0.46031818394581747,,,,2014-2024
NHL,LogisticGAM,Expected Goal,spatial,spatial_surface,62.318840579710155,25.072463768115938,0.40376707162514297,,,,2014-2024
NHL,LogisticGAM,Expected Goal,spatial,spatial_surface,65.21739130434781,25.072463768115938,0.3433037128296406,,,,2014-2024
NHL,LogisticGAM,Expected Goal,spatial,spatial_surface,68.1159420289855,25.072463768115938,0.27926065155361285,,,,2014-2024
NHL,LogisticGAM,Expected Goal,spatial,spatial_surface,71.01449275362319,25.072463768115938,0.21197043179136343,,,,2014-2024
NHL,LogisticGAM,Expected Goal,spatial,spatial_surface,73.91304347826087,25.072463768115938,0.14176739095590848,,,,2014-2024
NHL,LogisticGAM,Expected Goal,spatial,spatial_surface,76.81159420289856,25.072463768115938,0.06899879159415809,,,,2014-2024
NHL,LogisticGAM,Expected Goal,spatial,spatial_surface,79.71014492753622,25.072463768115938,-0.005982437076112895,,,,2014-2024
NHL,LogisticGAM,Expected Goal,spatial,spatial_surface,82.6086956521739,25.072463768115938,-0.08282334170749846,,,,2014-2024
NHL,LogisticGAM,Expected Goal,spatial,spatial_surface,85.5072463768116,25.072463768115938,-0.1611709689525905,,,,2014-2024
NHL,LogisticGAM,Expected Goal,spatial,spatial_surface,88.40579710144928,25.072463768115938,-0.24067236546398169,,,,2014-2024
NHL,LogisticGAM,Expected Goal,spatial,spatial_surface,91.30434782608697,25.072463768115938,-0.32097457789426465,,,,2014-2024
NHL,LogisticGAM,Expected Goal,spatial,spatial_surface,94.20289855072463,25.072463768115938,-0.40172465289603154,,,,2014-2024
NHL,LogisticGAM,Expected Goal,spatial,spatial_surface,97.10144927536231,25.072463768115938,-0.48256963712187595,,,,2014-2024
NHL,LogisticGAM,Expected Goal,spatial,spatial_surface,100.0,25.072463768115938,-0.5631565772243903,,,,2014-2024
NHL,LogisticGAM,Expected Goal,spatial,spatial_surface,-100.0,26.666666666666664,-0.24507278271408087,,,,2014-2024
NHL,LogisticGAM,Expected Goal,spatial,spatial_surface,-97.10144927536231,26.666666666666664,-0.17326170197454113,,,,2014-2024
NHL,LogisticGAM,Expected Goal,spatial,spatial_surface,-94.20289855072464,26.666666666666664,-0.10219788739826094,,,,2014-2024
NHL,LogisticGAM,Expected Goal,spatial,spatial_surface,-91.30434782608695,26.666666666666664,-0.03230316022504469,,,,2014-2024
NHL,LogisticGAM,Expected Goal,spatial,spatial_surface,-88.40579710144928,26.666666666666664,0.03602876037381565,,,,2014-2024
NHL,LogisticGAM,Expected Goal,spatial,spatial_surface,-85.5072463768116,26.666666666666664,0.10240415522702949,,,,2014-2024
NHL,LogisticGAM,Expected Goal,spatial,spatial_surface,-82.6086956521739,26.666666666666664,0.16642930516330512,,,,2014-2024
NHL,LogisticGAM,Expected Goal,spatial,spatial_surface,-79.71014492753623,26.666666666666664,0.227710491011351,,,,2014-2024
NHL,LogisticGAM,Expected Goal,spatial,spatial_surface,-76.81159420289855,26.666666666666664,0.28585399359987645,,,,2014-2024
NHL,LogisticGAM,Expected Goal,spatial,spatial_surface,-73.91304347826087,26.666666666666664,0.3404660937575894,,,,2014-2024
NHL,LogisticGAM,Expected Goal,spatial,spatial_surface,-71.01449275362319,26.666666666666664,0.3911530723131994,,,,2014-2024
NHL,LogisticGAM,Expected Goal,spatial,spatial_surface,-68.1159420289855,26.666666666666664,0.4375746900911591,,,,2014-2024
NHL,LogisticGAM,Expected Goal,spatial,spatial_surface,-65.21739130434783,26.666666666666664,0.47973118746952637,,,,2014-2024
NHL,LogisticGAM,Expected Goal,spatial,spatial_surface,-62.31884057971015,26.666666666666664,0.5177563350691675,,,,2014-2024
NHL,LogisticGAM,Expected Goal,spatial,spatial_surface,-59.42028985507246,26.666666666666664,0.5517842176910077,,,,2014-2024
NHL,LogisticGAM,Expected Goal,spatial,spatial_surface,-56.52173913043478,26.666666666666664,0.5819489201359717,,,,2014-2024
NHL,LogisticGAM,Expected Goal,spatial,spatial_surface,-53.6231884057971,26.666666666666664,0.6083845272049846,,,,2014-2024
NHL,LogisticGAM,Expected Goal,spatial,spatial_surface,-50.72463768115942,26.666666666666664,0.6312251236989712,,,,2014-2024
NHL,LogisticGAM,Expected Goal,spatial,spatial_surface,-47.82608695652174,26.666666666666664,0.6506047944188572,,,,2014-2024
NHL,LogisticGAM,Expected Goal,spatial,spatial_surface,-44.927536231884055,26.666666666666664,0.6666576241655672,,,,2014-2024
NHL,LogisticGAM,Expected Goal,spatial,spatial_surface,-42.028985507246375,26.666666666666664,0.6795176998894973,,,,2014-2024
NHL,LogisticGAM,Expected Goal,spatial,spatial_surface,-39.130434782608695,26.666666666666664,0.6893588953045046,,,,2014-2024
NHL,LogisticGAM,Expected Goal,spatial,spatial_surface,-36.231884057971016,26.666666666666664,0.6964965659926939,,,,2014-2024
NHL,LogisticGAM,Expected Goal,spatial,spatial_surface,-33.33333333333333,26.666666666666664,0.7012775023089541,,,,2014-2024
NHL,LogisticGAM,Expected Goal,spatial,spatial_surface,-30.434782608695656,26.666666666666664,0.7040484946081732,,,,2014-2024
NHL,LogisticGAM,Expected Goal,spatial,spatial_surface,-27.53623188405797,26.666666666666664,0.7051563332452387,,,,2014-2024
NHL,LogisticGAM,Expected Goal,spatial,spatial_surface,-24.637681159420296,26.666666666666664,0.7049478085750394,,,,2014-2024
NHL,LogisticGAM,Expected Goal,spatial,spatial_surface,-21.73913043478261,26.666666666666664,0.7037697109524631,,,,2014-2024
NHL,LogisticGAM,Expected Goal,spatial,spatial_surface,-18.840579710144922,26.666666666666664,0.7019688307323985,,,,2014-2024
NHL,LogisticGAM,Expected Goal,spatial,spatial_surface,-15.94202898550725,26.666666666666664,0.699891958269733,,,,2014-2024
NHL,LogisticGAM,Expected Goal,spatial,spatial_surface,-13.043478260869563,26.666666666666664,0.6978852676269243,,,,2014-2024
NHL,LogisticGAM,Expected Goal,spatial,spatial_surface,-10.14492753623189,26.666666666666664,0.6962045519528204,,,,2014-2024
NHL,LogisticGAM,Expected Goal,spatial,spatial_surface,-7.246376811594203,26.666666666666664,0.6949208512771042,,,,2014-2024
NHL,LogisticGAM,Expected Goal,spatial,spatial_surface,-4.347826086956516,26.666666666666664,0.6940826326639757,,,,2014-2024
NHL,LogisticGAM,Expected Goal,spatial,spatial_surface,-1.4492753623188435,26.666666666666664,0.6937383631776353,,,,2014-2024
NHL,LogisticGAM,Expected Goal,spatial,spatial_surface,1.4492753623188435,26.666666666666664,0.6939365098822822,,,,2014-2024
NHL,LogisticGAM,Expected Goal,spatial,spatial_surface,4.347826086956516,26.666666666666664,0.6947255398421168,,,,2014-2024
NHL,LogisticGAM,Expected Goal,spatial,spatial_surface,7.246376811594203,26.666666666666664,0.6961539201213389,,,,2014-2024
NHL,LogisticGAM,Expected Goal,spatial,spatial_surface,10.14492753623189,26.666666666666664,0.6982701177841485,,,,2014-2024
NHL,LogisticGAM,Expected Goal,spatial,spatial_surface,13.043478260869563,26.666666666666664,0.7011225998947453,,,,2014-2024
NHL,LogisticGAM,Expected Goal,spatial,spatial_surface,15.94202898550725,26.666666666666664,0.7047499021251772,,,,2014-2024
NHL,LogisticGAM,Expected Goal,spatial,spatial_surface,18.840579710144922,26.666666666666664,0.708853262627538,,,,2014-2024
NHL,LogisticGAM,Expected Goal,spatial,spatial_surface,21.73913043478261,26.666666666666664,0.7127220608283567,,,,2014-2024
NHL,LogisticGAM,Expected Goal,spatial,spatial_surface,24.637681159420296,26.666666666666664,0.7156206458195795,,,,2014-2024
NHL,LogisticGAM,Expected Goal,spatial,spatial_surface,27.53623188405797,26.666666666666664,0.716813366693153,,,,2014-2024
NHL,LogisticGAM,Expected Goal,spatial,spatial_surface,30.434782608695656,26.666666666666664,0.7155645725410237,,,,2014-2024
NHL,LogisticGAM,Expected Goal,spatial,spatial_surface,33.33333333333334,26.666666666666664,0.7111386124551384,,,,2014-2024
NHL,LogisticGAM,Expected Goal,spatial,spatial_surface,36.231884057971,26.666666666666664,0.702799835527443,,,,2014-2024
NHL,LogisticGAM,Expected Goal,spatial,spatial_surface,39.13043478260869,26.666666666666664,0.6898125908498842,,,,2014-2024
NHL,LogisticGAM,Expected Goal,spatial,spatial_surface,42.028985507246375,26.666666666666664,0.6714412275144087,,,,2014-2024
NHL,LogisticGAM,Expected Goal,spatial,spatial_surface,44.92753623188406,26.666666666666664,0.6469921644666221,,,,2014-2024
NHL,LogisticGAM,Expected Goal,spatial,spatial_surface,47.82608695652175,26.666666666666664,0.6163637397327294,,,,2014-2024
NHL,LogisticGAM,Expected Goal,spatial,spatial_surface,50.72463768115941,26.666666666666664,0.5798914697876576,,,,2014-2024
NHL,LogisticGAM,Expected Goal,spatial,spatial_surface,53.623188405797094,26.666666666666664,0.5379210992314248,,,,2014-2024
NHL,LogisticGAM,Expected Goal,spatial,spatial_surface,56.52173913043478,26.666666666666664,0.49079837266404897,,,,2014-2024
NHL,LogisticGAM,Expected Goal,spatial,spatial_surface,59.42028985507247,26.666666666666664,0.438869034685548,,,,2014-2024
NHL,LogisticGAM,Expected Goal,spatial,spatial_surface,62.318840579710155,26.666666666666664,0.38247882989594,,,,2014-2024
NHL,LogisticGAM,Expected Goal,spatial,spatial_surface,65.21739130434781,26.666666666666664,0.32197350289524324,,,,2014-2024
NHL,LogisticGAM,Expected Goal,spatial,spatial_surface,68.1159420289855,26.666666666666664,0.2576987982834749,,,,2014-2024
NHL,LogisticGAM,Expected Goal,spatial,spatial_surface,71.01449275362319,26.666666666666664,0.19000046066065346,,,,2014-2024
NHL,LogisticGAM,Expected Goal,spatial,spatial_surface,73.91304347826087,26.666666666666664,0.11922688511261809,,,,2014-2024
NHL,LogisticGAM,Expected Goal,spatial,spatial_surface,76.81159420289856,26.666666666666664,0.04574556872514373,,,,2014-2024
NHL,LogisticGAM,Expected Goal,spatial,spatial_surface,79.71014492753622,26.666666666666664,-0.030067616667435192,,,,2014-2024
NHL,LogisticGAM,Expected Goal,spatial,spatial_surface,82.6086956521739,26.666666666666664,-0.10783676356970393,,,,2014-2024
NHL,LogisticGAM,Expected Goal,spatial,spatial_surface,85.5072463768116,26.666666666666664,-0.187185964486246,,,,2014-2024
NHL,LogisticGAM,Expected Goal,spatial,spatial_surface,88.40579710144928,26.666666666666664,-0.2677393119216456,,,,2014-2024
NHL,LogisticGAM,Expected Goal,spatial,spatial_surface,91.30434782608697,26.666666666666664,-0.3491208983804869,,,,2014-2024
NHL,LogisticGAM,Expected Goal,spatial,spatial_surface,94.20289855072463,26.666666666666664,-0.4309548163673533,,,,2014-2024
NHL,LogisticGAM,Expected Goal,spatial,spatial_surface,97.10144927536231,26.666666666666664,-0.5128651583868304,,,,2014-2024
NHL,LogisticGAM,Expected Goal,spatial,spatial_surface,100.0,26.666666666666664,-0.5944760169435018,,,,2014-2024
NHL,LogisticGAM,Expected Goal,spatial,spatial_surface,-100.0,28.26086956521739,-0.22711980907293727,,,,2014-2024
NHL,LogisticGAM,Expected Goal,spatial,spatial_surface,-97.10144927536231,28.26086956521739,-0.15919822147011914,,,,2014-2024
NHL,LogisticGAM,Expected Goal,spatial,spatial_surface,-94.20289855072464,28.26086956521739,-0.09204520018155912,,,,2014-2024
NHL,LogisticGAM,Expected Goal,spatial,spatial_surface,-91.30434782608695,28.26086956521739,-0.026053038161947338,,,,2014-2024
NHL,LogisticGAM,Expected Goal,spatial,spatial_surface,-88.40579710144928,28.26086956521739,0.038417003015804925,,,,2014-2024
NHL,LogisticGAM,Expected Goal,spatial,spatial_surface,-85.5072463768116,28.26086956521739,0.10100366177878745,,,,2014-2024
NHL,LogisticGAM,Expected Goal,spatial,spatial_surface,-82.6086956521739,28.26086956521739,0.16134567655408938,,,,2014-2024
NHL,LogisticGAM,Expected Goal,spatial,spatial_surface,-79.71014492753623,28.26086956521739,0.2190817857687996,,,,2014-2024
NHL,LogisticGAM,Expected Goal,spatial,spatial_surface,-76.81159420289855,28.26086956521739,0.27385072785000797,,,,2014-2024
NHL,LogisticGAM,Expected Goal,spatial,spatial_surface,-73.91304347826087,28.26086956521739,0.325291241224803,,,,2014-2024
NHL,LogisticGAM,Expected Goal,spatial,spatial_surface,-71.01449275362319,28.26086956521739,0.37304206432027515,,,,2014-2024
NHL,LogisticGAM,Expected Goal,spatial,spatial_surface,-68.1159420289855,28.26086956521739,0.41678998641296705,,,,2014-2024
NHL,LogisticGAM,Expected Goal,spatial,spatial_surface,-65.21739130434783,28.26086956521739,0.45652771175837614,,,,2014-2024
NHL,LogisticGAM,Expected Goal,spatial,spatial_surface,-62.31884057971015,28.26086956521739,0.4923679192212984,,,,2014-2024
NHL,LogisticGAM,Expected Goal,spatial,spatial_surface,-59.42028985507246,28.26086956521739,0.5244235699518697,,,,2014-2024
NHL,LogisticGAM,Expected Goal,spatial,spatial_surface,-56.52173913043478,28.26086956521739,0.5528076251002244,,,,2014-2024
NHL,LogisticGAM,Expected Goal,spatial,spatial_surface,-53.6231884057971,28.26086956521739,0.5776330458164984,,,,2014-2024
NHL,LogisticGAM,Expected Goal,spatial,spatial_surface,-50.72463768115942,28.26086956521739,0.5990127932508263,,,,2014-2024
NHL,LogisticGAM,Expected Goal,spatial,spatial_surface,-47.82608695652174,28.26086956521739,0.617059828553344,,,,2014-2024
NHL,LogisticGAM,Expected Goal,spatial,spatial_surface,-44.927536231884055,28.26086956521739,0.6318871128741865,,,,2014-2024
NHL,LogisticGAM,Expected Goal,spatial,spatial_surface,-42.028985507246375,28.26086956521739,0.643607609637409,,,,2014-2024
NHL,LogisticGAM,Expected Goal,spatial,spatial_surface,-39.130434782608695,28.26086956521739,0.6523763725907121,,,,2014-2024
NHL,LogisticGAM,Expected Goal,spatial,spatial_surface,-36.231884057971016,28.26086956521739,0.6584981288180131,,,,2014-2024
NHL,LogisticGAM,Expected Goal,spatial,spatial_surface,-33.33333333333333,28.26086956521739,0.6623108601755461,,,,2014-2024
NHL,LogisticGAM,Expected Goal,spatial,spatial_surface,-30.434782608695656,28.26086956521739,0.6641525485195454,,,,2014-2024
NHL,LogisticGAM,Expected Goal,spatial,spatial_surface,-27.53623188405797,28.26086956521739,0.6643611757062455,,,,2014-2024
NHL,LogisticGAM,Expected Goal,spatial,spatial_surface,-24.637681159420296,28.26086956521739,0.6632747235918803,,,,2014-2024
NHL,LogisticGAM,Expected Goal,spatial,spatial_surface,-21.73913043478261,28.26086956521739,0.6612311740326847,,,,2014-2024
NHL,LogisticGAM,Expected Goal,spatial,spatial_surface,-18.840579710144922,28.26086956521739,0.6585685088848927,,,,2014-2024
NHL,LogisticGAM,Expected Goal,spatial,spatial_surface,-15.94202898550725,28.26086956521739,0.6556247100047388,,,,2014-2024
NHL,LogisticGAM,Expected Goal,spatial,spatial_surface,-13.043478260869563,28.26086956521739,0.6527372376076491,,,,2014-2024
NHL,LogisticGAM,Expected Goal,spatial,spatial_surface,-10.14492753623189,28.26086956521739,0.650167051906079,,,,2014-2024
NHL,LogisticGAM,Expected Goal,spatial,spatial_surface,-7.246376811594203,28.26086956521739,0.6480187348064814,,,,2014-2024
NHL,LogisticGAM,Expected Goal,spatial,spatial_surface,-4.347826086956516,28.26086956521739,0.6463777620582959,,,,2014-2024
NHL,LogisticGAM,Expected Goal,spatial,spatial_surface,-1.4492753623188435,28.26086956521739,0.64532960941096,,,,2014-2024
NHL,LogisticGAM,Expected Goal,spatial,spatial_surface,1.4492753623188435,28.26086956521739,0.6449597526139131,,,,2014-2024
NHL,LogisticGAM,Expected Goal,spatial,spatial_surface,4.347826086956516,28.26086956521739,0.645353667416594,,,,2014-2024
NHL,LogisticGAM,Expected Goal,spatial,spatial_surface,7.246376811594203,28.26086956521739,0.6465968295684411,,,,2014-2024
NHL,LogisticGAM,Expected Goal,spatial,spatial_surface,10.14492753623189,28.26086956521739,0.6487747148188936,,,,2014-2024
NHL,LogisticGAM,Expected Goal,spatial,spatial_surface,13.043478260869563,28.26086956521739,0.6519727989173894,,,,2014-2024
NHL,LogisticGAM,Expected Goal,spatial,spatial_surface,15.94202898550725,28.26086956521739,0.6562654605122684,,,,2014-2024
NHL,LogisticGAM,Expected Goal,spatial,spatial_surface,18.840579710144922,28.26086956521739,0.6613501900349638,,,,2014-2024
NHL,LogisticGAM,Expected Goal,spatial,spatial_surface,21.73913043478261,28.26086956521739,0.6664642767843407,,,,2014-2024
NHL,LogisticGAM,Expected Goal,spatial,spatial_surface,24.637681159420296,28.26086956521739,0.6708170417594362,,,,2014-2024
NHL,LogisticGAM,Expected Goal,spatial,spatial_surface,27.53623188405797,28.26086956521739,0.6736178059592888,,,,2014-2024
NHL,LogisticGAM,Expected Goal,spatial,spatial_surface,30.434782608695656,28.26086956521739,0.674075890382935,,,,2014-2024
NHL,LogisticGAM,Expected Goal,spatial,spatial_surface,33.33333333333334,28.26086956521739,0.6714006160294127,,,,2014-2024
NHL,LogisticGAM,Expected Goal,spatial,spatial_surface,36.231884057971,28.26086956521739,0.6648013038977596,,,,2014-2024
NHL,LogisticGAM,Expected Goal,spatial,spatial_surface,39.13043478260869,28.26086956521739,0.6534872749870122,,,,2014-2024
NHL,LogisticGAM,Expected Goal,spatial,spatial_surface,42.028985507246375,28.26086956521739,0.6366678502962086,,,,2014-2024
NHL,LogisticGAM,Expected Goal,spatial,spatial_surface,44.92753623188406,28.26086956521739,0.6135968525969354,,,,2014-2024
NHL,LogisticGAM,Expected Goal,spatial,spatial_surface,47.82608695652175,28.26086956521739,0.5841542406227829,,,,2014-2024
NHL,LogisticGAM,Expected Goal,spatial,spatial_surface,50.72463768115941,28.26086956521739,0.5486824233940958,,,,2014-2024
NHL,LogisticGAM,Expected Goal,spatial,spatial_surface,53.623188405797094,28.26086956521739,0.5075346293103407,,,,2014-2024
NHL,LogisticGAM,Expected Goal,spatial,spatial_surface,56.52173913043478,28.26086956521739,0.4610640867709857,,,,2014-2024
NHL,LogisticGAM,Expected Goal,spatial,spatial_surface,59.42028985507247,28.26086956521739,0.40962402417549826,,,,2014-2024
NHL,LogisticGAM,Expected Goal,spatial,spatial_surface,62.318840579710155,28.26086956521739,0.35356766992334565,,,,2014-2024
NHL,LogisticGAM,Expected Goal,spatial,spatial_surface,65.21739130434781,28.26086956521739,0.29324825241399566,,,,2014-2024
NHL,LogisticGAM,Expected Goal,spatial,spatial_surface,68.1159420289855,28.26086956521739,0.22901900004691494,,,,2014-2024
NHL,LogisticGAM,Expected Goal,spatial,spatial_surface,71.01449275362319,28.26086956521739,0.16123314122157154,,,,2014-2024
NHL,LogisticGAM,Expected Goal,spatial,spatial_surface,73.91304347826087,28.26086956521739,0.09024747235260551,,,,2014-2024
NHL,LogisticGAM,Expected Goal,spatial,spatial_surface,76.81159420289856,28.26086956521739,0.016444504470841472,,,,2014-2024
NHL,LogisticGAM,Expected Goal,spatial,spatial_surface,79.71014492753622,28.26086956521739,-0.05978197752389854,,,,2014-2024
NHL,LogisticGAM,Expected Goal,spatial,spatial_surface,82.6086956521739,28.26086956521739,-0.13803814072577222,,,,2014-2024
NHL,LogisticGAM,Expected Goal,spatial,spatial_surface,85.5072463768116,28.26086956521739,-0.21793015222893544,,,,2014-2024
NHL,LogisticGAM,Expected Goal,spatial,spatial_surface,88.40579710144928,28.26086956521739,-0.2990641791275449,,,,2014-2024
NHL,LogisticGAM,Expected Goal,spatial,spatial_surface,91.30434782608697,28.26086956521739,-0.381046388515757,,,,2014-2024
NHL,LogisticGAM,Expected Goal,spatial,spatial_surface,94.20289855072463,28.26086956521739,-0.4634829474877277,,,,2014-2024
NHL,LogisticGAM,Expected Goal,spatial,spatial_surface,97.10144927536231,28.26086956521739,-0.545980023137615,,,,2014-2024
NHL,LogisticGAM,Expected Goal,spatial,spatial_surface,100.0,28.26086956521739,-0.6281437825595746,,,,2014-2024
NHL,LogisticGAM,Expected Goal,spatial,spatial_surface,-100.0,29.855072463768117,-0.20950684538467196,,,,2014-2024
NHL,LogisticGAM,Expected Goal,spatial,spatial_surface,-97.10144927536231,29.855072463768117,-0.14557362846980948,,,,2014-2024
NHL,LogisticGAM,Expected Goal,spatial,spatial_surface,-94.20289855072464,29.855072463768117,-0.08242018785747753,,,,2014-2024
NHL,LogisticGAM,Expected Goal,spatial,spatial_surface,-91.30434782608695,29.855072463768117,-0.02040865610942711,,,,2014-2024
NHL,LogisticGAM,Expected Goal,spatial,spatial_surface,-88.40579710144928,29.855072463768117,0.04013215609191951,,,,2014-2024
NHL,LogisticGAM,Expected Goal,spatial,spatial_surface,-85.5072463768116,29.855072463768117,0.0988734380641412,,,,2014-2024
NHL,LogisticGAM,Expected Goal,spatial,spatial_surface,-82.6086956521739,29.855072463768117,0.15548637912481628,,,,2014-2024
NHL,LogisticGAM,Expected Goal,spatial,spatial_surface,-79.71014492753623,29.855072463768117,0.20964216859152265,,,,2014-2024
NHL,LogisticGAM,Expected Goal,spatial,spatial_surface,-76.81159420289855,29.855072463768117,0.2610119957818394,,,,2014-2024
NHL,LogisticGAM,Expected Goal,spatial,spatial_surface,-73.91304347826087,29.855072463768117,0.30926705001334426,,,,2014-2024
NHL,LogisticGAM,Expected Goal,spatial,spatial_surface,-71.01449275362319,29.855072463768117,0.35407852060361616,,,,2014-2024
NHL,LogisticGAM,Expected Goal,spatial,spatial_surface,-68.1159420289855,29.855072463768117,0.3951601490965862,,,,2014-2024
NHL,LogisticGAM,Expected Goal,spatial,spatial_surface,-65.21739130434783,29.855072463768117,0.4324965851174574,,,,2014-2024
NHL,LogisticGAM,Expected Goal,spatial,spatial_surface,-62.31884057971015,29.855072463768117,0.4661787237957162,,,,2014-2024
NHL,LogisticGAM,Expected Goal,spatial,spatial_surface,-59.42028985507246,29.855072463768117,0.4962977102433109,,,,2014-2024
NHL,LogisticGAM,Expected Goal,spatial,spatial_surface,-56.52173913043478,29.855072463768117,0.5229446895721889,,,,2014-2024
NHL,LogisticGAM,Expected Goal,spatial,spatial_surface,-53.6231884057971,29.855072463768117,0.5462108068942985,,,,2014-2024
NHL,LogisticGAM,Expected Goal,spatial,spatial_surface,-50.72463768115942,29.855072463768117,0.5661872073215878,,,,2014-2024
NHL,LogisticGAM,Expected Goal,spatial,spatial_surface,-47.82608695652174,29.855072463768117,0.582965035966005,,,,2014-2024
NHL,LogisticGAM,Expected Goal,spatial,spatial_surface,-44.927536231884055,29.855072463768117,0.5966354379394977,,,,2014-2024
NHL,LogisticGAM,Expected Goal,spatial,spatial_surface,-42.028985507246375,29.855072463768117,0.6072895607279531,,,,2014-2024
NHL,LogisticGAM,Expected Goal,spatial,spatial_surface,-39.130434782608695,29.855072463768117,0.6150624934861367,,,,2014-2024
NHL,LogisticGAM,Expected Goal,spatial,spatial_surface,-36.231884057971016,29.855072463768117,0.6202455820950773,,,,2014-2024
NHL,LogisticGAM,Expected Goal,spatial,spatial_surface,-33.33333333333333,29.855072463768117,0.6231648899211357,,,,2014-2024
NHL,LogisticGAM,Expected Goal,spatial,spatial_surface,-30.434782608695656,29.855072463768117,0.6241464803306735,,,,2014-2024
NHL,LogisticGAM,Expected Goal,spatial,spatial_surface,-27.53623188405797,29.855072463768117,0.6235164166900522,,,,2014-2024
NHL,LogisticGAM,Expected Goal,spatial,spatial_surface,-24.637681159420296,29.855072463768117,0.621600762365633,,,,2014-2024
NHL,LogisticGAM,Expected Goal,spatial,spatial_surface,-21.73913043478261,29.855072463768117,0.6187255807237773,,,,2014-2024
NHL,LogisticGAM,Expected Goal,spatial,spatial_surface,-18.840579710144922,29.855072463768117,0.615216935130847,,,,2014-2024
NHL,LogisticGAM,Expected Goal,spatial,spatial_surface,-15.94202898550725,29.855072463768117,0.6114008889532027,,,,2014-2024
NHL,LogisticGAM,Expected Goal,spatial,spatial_surface,-13.043478260869563,29.855072463768117,0.607603075585144,,,,2014-2024
NHL,LogisticGAM,Expected Goal,spatial,spatial_surface,-10.14492753623189,29.855072463768117,0.6040860718818074,,,,2014-2024
NHL,LogisticGAM,Expected Goal,spatial,spatial_surface,-7.246376811594203,29.855072463768117,0.600983556993836,,,,2014-2024
NHL,LogisticGAM,Expected Goal,spatial,spatial_surface,-4.347826086956516,29.855072463768117,0.5984134614693745,,,,2014-2024
NHL,LogisticGAM,Expected Goal,spatial,spatial_surface,-1.4492753623188435,29.855072463768117,0.5964937158565661,,,,2014-2024
NHL,LogisticGAM,Expected Goal,spatial,spatial_surface,1.4492753623188435,29.855072463768117,0.5953422507035553,,,,2014-2024
NHL,LogisticGAM,Expected Goal,spatial,spatial_surface,4.347826086956516,29.855072463768117,0.5950769965584856,,,,2014-2024
NHL,LogisticGAM,Expected Goal,spatial,spatial_surface,7.246376811594203,29.855072463768117,0.5958158839695008,,,,2014-2024
NHL,LogisticGAM,Expected Goal,spatial,spatial_surface,10.14492753623189,29.855072463768117,0.5976768434847453,,,,2014-2024
NHL,LogisticGAM,Expected Goal,spatial,spatial_surface,13.043478260869563,29.855072463768117,0.6007778056523624,,,,2014-2024
NHL,LogisticGAM,Expected Goal,spatial,spatial_surface,15.94202898550725,29.855072463768117,0.6052247279366108,,,,2014-2024
NHL,LogisticGAM,Expected Goal,spatial,spatial_surface,18.840579710144922,29.855072463768117,0.610716928788903,,,,2014-2024
NHL,LogisticGAM,Expected Goal,spatial,spatial_surface,21.73913043478261,29.855072463768117,0.6164571981785638,,,,2014-2024
NHL,LogisticGAM,Expected Goal,spatial,spatial_surface,24.637681159420296,29.855072463768117,0.6216181500138913,,,,2014-2024
NHL,LogisticGAM,Expected Goal,spatial,spatial_surface,27.53623188405797,29.855072463768117,0.6253723982031852,,,,2014-2024
NHL,LogisticGAM,Expected Goal,spatial,spatial_surface,30.434782608695656,29.855072463768117,0.6268925566547446,,,,2014-2024
NHL,LogisticGAM,Expected Goal,spatial,spatial_surface,33.33333333333334,29.855072463768117,0.6253512392768684,,,,2014-2024
NHL,LogisticGAM,Expected Goal,spatial,spatial_surface,36.231884057971,29.855072463768117,0.6199210599778554,,,,2014-2024
NHL,LogisticGAM,Expected Goal,spatial,spatial_surface,39.13043478260869,29.855072463768117,0.6097746326660045,,,,2014-2024
NHL,LogisticGAM,Expected Goal,spatial,spatial_surface,42.028985507246375,29.855072463768117,0.594084571249615,,,,2014-2024
NHL,LogisticGAM,Expected Goal,spatial,spatial_surface,44.92753623188406,29.855072463768117,0.5720694476606049,,,,2014-2024
NHL,LogisticGAM,Expected Goal,spatial,spatial_surface,47.82608695652175,29.855072463768117,0.5435944591152805,,,,2014-2024
NHL,LogisticGAM,Expected Goal,spatial,spatial_surface,50.72463768115941,29.855072463768117,0.5090023860807678,,,,2014-2024
NHL,LogisticGAM,Expected Goal,spatial,spatial_surface,53.623188405797094,29.855072463768117,0.468647182450615,,,,2014-2024
NHL,LogisticGAM,Expected Goal,spatial,spatial_surface,56.52173913043478,29.855072463768117,0.42288280211837037,,,,2014-2024
NHL,LogisticGAM,Expected Goal,spatial,spatial_surface,59.42028985507247,29.855072463768117,0.3720631989775826,,,,2014-2024
NHL,LogisticGAM,Expected Goal,spatial,spatial_surface,62.318840579710155,29.855072463768117,0.3165423269218002,,,,2014-2024
NHL,LogisticGAM,Expected Goal,spatial,spatial_surface,65.21739130434781,29.855072463768117,0.25667413984457194,,,,2014-2024
NHL,LogisticGAM,Expected Goal,spatial,spatial_surface,68.1159420289855,29.855072463768117,0.1928125916394453,,,,2014-2024
NHL,LogisticGAM,Expected Goal,spatial,spatial_surface,71.01449275362319,29.855072463768117,0.1253116361999694,,,,2014-2024
NHL,LogisticGAM,Expected Goal,spatial,spatial_surface,73.91304347826087,29.855072463768117,0.05452970839055128,,,,2014-2024
NHL,LogisticGAM,Expected Goal,spatial,spatial_surface,76.81159420289856,29.855072463768117,-0.01914246265428886,,,,2014-2024
NHL,LogisticGAM,Expected Goal,spatial,spatial_surface,79.71014492753622,29.855072463768117,-0.09529998926202188,,,,2014-2024
NHL,LogisticGAM,Expected Goal,spatial,spatial_surface,82.6086956521739,29.855072463768117,-0.17353792347069472,,,,2014-2024
NHL,LogisticGAM,Expected Goal,spatial,spatial_surface,85.5072463768116,29.855072463768117,-0.2534513173183527,,,,2014-2024
NHL,LogisticGAM,Expected Goal,spatial,spatial_surface,88.40579710144928,29.855072463768117,-0.33463522284304154,,,,2014-2024
NHL,LogisticGAM,Expected Goal,spatial,spatial_surface,91.30434782608697,29.855072463768117,-0.4166846920828072,,,,2014-2024
NHL,LogisticGAM,Expected Goal,spatial,spatial_surface,94.20289855072463,29.855072463768117,-0.4991947770756947,,,,2014-2024
NHL,LogisticGAM,Expected Goal,spatial,spatial_surface,97.10144927536231,29.855072463768117,-0.5817605298597516,,,,2014-2024
NHL,LogisticGAM,Expected Goal,spatial,spatial_surface,100.0,29.855072463768117,-0.6639770024730226,,,,2014-2024
NHL,LogisticGAM,Expected Goal,spatial,spatial_surface,-100.0,31.449275362318843,-0.1924755226252131,,,,2014-2024
NHL,LogisticGAM,Expected Goal,spatial,spatial_surface,-97.10144927536231,31.449275362318843,-0.13259397548810453,,,,2014-2024
NHL,LogisticGAM,Expected Goal,spatial,spatial_surface,-94.20289855072464,31.449275362318843,-0.07348694647829165,,,,2014-2024
NHL,LogisticGAM,Expected Goal,spatial,spatial_surface,-91.30434782608695,31.449275362318843,-0.015485880112167158,,,,2014-2024
NHL,LogisticGAM,Expected Goal,spatial,spatial_surface,-88.40579710144928,31.449275362318843,0.04111232304360436,,,,2014-2024
NHL,LogisticGAM,Expected Goal,spatial,spatial_surface,-85.5072463768116,31.449275362318843,0.09601076242235951,,,,2014-2024
NHL,LogisticGAM,Expected Goal,spatial,spatial_surface,-82.6086956521739,31.449275362318843,0.14891253745743413,,,,2014-2024
NHL,LogisticGAM,Expected Goal,spatial,spatial_surface,-79.71014492753623,31.449275362318843,0.19952074758216398,,,,2014-2024
NHL,LogisticGAM,Expected Goal,spatial,spatial_surface,-76.81159420289855,31.449275362318843,0.2475384922298855,,,,2014-2024
NHL,LogisticGAM,Expected Goal,spatial,spatial_surface,-73.91304347826087,31.449275362318843,0.29266887083393417,,,,2014-2024
NHL,LogisticGAM,Expected Goal,spatial,spatial_surface,-71.01449275362319,31.449275362318843,0.33461498282764685,,,,2014-2024
NHL,LogisticGAM,Expected Goal,spatial,spatial_surface,-68.1159420289855,31.449275362318843,0.3731167810407135,,,,2014-2024
NHL,LogisticGAM,Expected Goal,spatial,spatial_surface,-65.21739130434783,31.449275362318843,0.4081488448723473,,,,2014-2024
NHL,LogisticGAM,Expected Goal,spatial,spatial_surface,-62.31884057971015,31.449275362318843,0.4397777702392467,,,,2014-2024
NHL,LogisticGAM,Expected Goal,spatial,spatial_surface,-59.42028985507246,31.449275362318843,0.46807036956153486,,,,2014-2024
NHL,LogisticGAM,Expected Goal,spatial,spatial_surface,-56.52173913043478,31.449275362318843,0.4930934552593347,,,,2014-2024
NHL,LogisticGAM,Expected Goal,spatial,spatial_surface,-53.6231884057971,31.449275362318843,0.5149138397527695,,,,2014-2024
NHL,LogisticGAM,Expected Goal,spatial,spatial_surface,-50.72463768115942,31.449275362318843,0.5335983354619627,,,,2014-2024
NHL,LogisticGAM,Expected Goal,spatial,spatial_surface,-47.82608695652174,31.449275362318843,0.5492137548070372,,,,2014-2024
NHL,LogisticGAM,Expected Goal,spatial,spatial_surface,-44.927536231884055,31.449275362318843,0.5618269102081158,,,,2014-2024
NHL,LogisticGAM,Expected Goal,spatial,spatial_surface,-42.028985507246375,31.449275362318843,0.5715046165762332,,,,2014-2024
NHL,LogisticGAM,Expected Goal,spatial,spatial_surface,-39.130434782608695,31.449275362318843,0.578359795656491,,,,2014-2024
NHL,LogisticGAM,Expected Goal,spatial,spatial_surface,-36.231884057971016,31.449275362318843,0.5826693252551356,,,,2014-2024
NHL,LogisticGAM,Expected Goal,spatial,spatial_surface,-33.33333333333333,31.449275362318843,0.5847465113200002,,,,2014-2024
NHL,LogisticGAM,Expected Goal,spatial,spatial_surface,-30.434782608695656,31.449275362318843,0.584904659798918,,,,2014-2024
NHL,LogisticGAM,Expected Goal,spatial,spatial_surface,-27.53623188405797,31.449275362318843,0.5834570766397219,,,,2014-2024
NHL,LogisticGAM,Expected Goal,spatial,spatial_surface,-24.637681159420296,31.449275362318843,0.5807170677902453,,,,2014-2024
NHL,LogisticGAM,Expected Goal,spatial,spatial_surface,-21.73913043478261,31.449275362318843,0.5769979391983215,,,,2014-2024
NHL,LogisticGAM,Expected Goal,spatial,spatial_surface,-18.840579710144922,31.449275362318843,0.5726129968117833,,,,2014-2024
NHL,LogisticGAM,Expected Goal,spatial,spatial_surface,-15.94202898550725,31.449275362318843,0.5678755465784641,,,,2014-2024
NHL,LogisticGAM,Expected Goal,spatial,spatial_surface,-13.043478260869563,31.449275362318843,0.5630985452609936,,,,2014-2024
NHL,LogisticGAM,Expected Goal,spatial,spatial_surface,-10.14492753623189,31.449275362318843,0.5585437406891649,,,,2014-2024
NHL,LogisticGAM,Expected Goal,spatial,spatial_surface,-7.246376811594203,31.449275362318843,0.554368201400509,,,,2014-2024
NHL,LogisticGAM,Expected Goal,spatial,spatial_surface,-4.347826086956516,31.449275362318843,0.5507162063132973,,,,2014-2024
NHL,LogisticGAM,Expected Goal,spatial,spatial_surface,-1.4492753623188435,31.449275362318843,0.5477320343458013,,,,2014-2024
NHL,LogisticGAM,Expected Goal,spatial,spatial_surface,1.4492753623188435,31.449275362318843,0.5455599644162925,,,,2014-2024
NHL,LogisticGAM,Expected Goal,spatial,spatial_surface,4.347826086956516,31.449275362318843,0.5443442754430428,,,,2014-2024
NHL,LogisticGAM,Expected Goal,spatial,spatial_surface,7.246376811594203,31.449275362318843,0.5442292463443236,,,,2014-2024
NHL,LogisticGAM,Expected Goal,spatial,spatial_surface,10.14492753623189,31.449275362318843,0.5453591560384063,,,,2014-2024
NHL,LogisticGAM,Expected Goal,spatial,spatial_surface,13.043478260869563,31.449275362318843,0.5478782834435626,,,,2014-2024
NHL,LogisticGAM,Expected Goal,spatial,spatial_surface,15.94202898550725,31.449275362318843,0.5519183945364035,,,,2014-2024
NHL,LogisticGAM,Expected Goal,spatial,spatial_surface,18.840579710144922,31.449275362318843,0.5571862812189114,,,,2014-2024
NHL,LogisticGAM,Expected Goal,spatial,spatial_surface,21.73913043478261,31.449275362318843,0.5628698187974251,,,,2014-2024
NHL,LogisticGAM,Expected Goal,spatial,spatial_surface,24.637681159420296,31.449275362318843,0.5681253459002834,,,,2014-2024
NHL,LogisticGAM,Expected Goal,spatial,spatial_surface,27.53623188405797,31.449275362318843,0.5721092011558254,,,,2014-2024
NHL,LogisticGAM,Expected Goal,spatial,spatial_surface,30.434782608695656,31.449275362318843,0.57397772319239,,,,2014-2024
NHL,LogisticGAM,Expected Goal,spatial,spatial_surface,33.33333333333334,31.449275362318843,0.572887250638316,,,,2014-2024
NHL,LogisticGAM,Expected Goal,spatial,spatial_surface,36.231884057971,31.449275362318843,0.5679941221219428,,,,2014-2024
NHL,LogisticGAM,Expected Goal,spatial,spatial_surface,39.13043478260869,31.449275362318843,0.5584546762716087,,,,2014-2024
NHL,LogisticGAM,Expected Goal,spatial,spatial_surface,42.028985507246375,31.449275362318843,0.5434252517156531,,,,2014-2024
NHL,LogisticGAM,Expected Goal,spatial,spatial_surface,44.92753623188406,31.449275362318843,0.5221085134196246,,,,2014-2024
NHL,LogisticGAM,Expected Goal,spatial,spatial_surface,47.82608695652175,31.449275362318843,0.4943589337727687,,,,2014-2024
NHL,LogisticGAM,Expected Goal,spatial,spatial_surface,50.72463768115941,31.449275362318843,0.4605123958295665,,,,2014-2024
NHL,LogisticGAM,Expected Goal,spatial,spatial_surface,53.623188405797094,31.449275362318843,0.4209160456162178,,,,2014-2024
NHL,LogisticGAM,Expected Goal,spatial,spatial_surface,56.52173913043478,31.449275362318843,0.37591702915892294,,,,2014-2024
NHL,LogisticGAM,Expected Goal,spatial,spatial_surface,59.42028985507247,31.449275362318843,0.3258624924838819,,,,2014-2024
NHL,LogisticGAM,Expected Goal,spatial,spatial_surface,62.318840579710155,31.449275362318843,0.2710995816172945,,,,2014-2024
NHL,LogisticGAM,Expected Goal,spatial,spatial_surface,65.21739130434781,31.449275362318843,0.21197544258536147,,,,2014-2024
NHL,LogisticGAM,Expected Goal,spatial,spatial_surface,68.1159420289855,31.449275362318843,0.14883722141428182,,,,2014-2024
NHL,LogisticGAM,Expected Goal,spatial,spatial_surface,71.01449275362319,31.449275362318843,0.08203206413025613,,,,2014-2024
NHL,LogisticGAM,Expected Goal,spatial,spatial_surface,73.91304347826087,31.449275362318843,0.011912448834473063,,,,2014-2024
NHL,LogisticGAM,Expected Goal,spatial,spatial_surface,76.81159420289856,31.449275362318843,-0.061130718210799885,,,,2014-2024
NHL,LogisticGAM,Expected Goal,spatial,spatial_surface,79.71014492753622,31.449275362318843,-0.13668968296883405,,,,2014-2024
NHL,LogisticGAM,Expected Goal,spatial,spatial_surface,82.6086956521739,31.449275362318843,-0.214356619662258,,,,2014-2024
NHL,LogisticGAM,Expected Goal,spatial,spatial_surface,85.5072463768116,31.449275362318843,-0.2937237025136983,,,,2014-2024
NHL,LogisticGAM,Expected Goal,spatial,spatial_surface,88.40579710144928,31.449275362318843,-0.37438310574578243,,,,2014-2024
NHL,LogisticGAM,Expected Goal,spatial,spatial_surface,91.30434782608697,31.449275362318843,-0.4559270035811376,,,,2014-2024
NHL,LogisticGAM,Expected Goal,spatial,spatial_surface,94.20289855072463,31.449275362318843,-0.5379475702423908,,,,2014-2024
NHL,LogisticGAM,Expected Goal,spatial,spatial_surface,97.10144927536231,31.449275362318843,-0.6200369799521702,,,,2014-2024
NHL,LogisticGAM,Expected Goal,spatial,spatial_surface,100.0,31.449275362318843,-0.701787406933103,,,,2014-2024
NHL,LogisticGAM,Expected Goal,spatial,spatial_surface,-100.0,33.04347826086956,-0.17594150238073436,,,,2014-2024
NHL,LogisticGAM,Expected Goal,spatial,spatial_surface,-97.10144927536231,33.04347826086956,-0.12015053961971425,,,,2014-2024
NHL,LogisticGAM,Expected Goal,spatial,spatial_surface,-94.20289855072464,33.04347826086956,-0.06511270113067703,,,,2014-2024
NHL,LogisticGAM,Expected Goal,spatial,spatial_surface,-91.30434782608695,33.04347826086956,-0.01112860839804633,,,,2014-2024
NHL,LogisticGAM,Expected Goal,spatial,spatial_surface,-88.40579710144928,33.04347826086956,0.04153581669101266,,,,2014-2024
NHL,LogisticGAM,Expected Goal,spatial,spatial_surface,-85.5072463768116,33.04347826086956,0.09261465224933595,,,,2014-2024
NHL,LogisticGAM,Expected Goal,spatial,spatial_surface,-82.6086956521739,33.04347826086956,0.1418419763897587,,,,2014-2024
NHL,LogisticGAM,Expected Goal,spatial,spatial_surface,-79.71014492753623,33.04347826086956,0.18895186722511623,,,,2014-2024
NHL,LogisticGAM,Expected Goal,spatial,spatial_surface,-76.81159420289855,33.04347826086956,0.23367840286824443,,,,2014-2024
NHL,LogisticGAM,Expected Goal,spatial,spatial_surface,-73.91304347826087,33.04347826086956,0.27575566143197805,,,,2014-2024
NHL,LogisticGAM,Expected Goal,spatial,spatial_surface,-71.01449275362319,33.04347826086956,0.31491772102915344,,,,2014-2024
NHL,LogisticGAM,Expected Goal,spatial,spatial_surface,-68.1159420289855,33.04347826086956,0.3509296911680738,,,,2014-2024
NHL,LogisticGAM,Expected Goal,spatial,spatial_surface,-65.21739130434783,33.04347826086956,0.38375424224929244,,,,2014-2024
NHL,LogisticGAM,Expected Goal,spatial,spatial_surface,-62.31884057971015,33.04347826086956,0.4134315246677772,,,,2014-2024
NHL,LogisticGAM,Expected Goal,spatial,spatial_surface,-59.42028985507246,33.04347826086956,0.4400018711192895,,,,2014-2024
NHL,LogisticGAM,Expected Goal,spatial,spatial_surface,-56.52173913043478,33.04347826086956,0.46350561429959,,,,2014-2024
NHL,LogisticGAM,Expected Goal,spatial,spatial_surface,-53.6231884057971,33.04347826086956,0.4839830869044399,,,,2014-2024
NHL,LogisticGAM,Expected Goal,spatial,spatial_surface,-50.72463768115942,33.04347826086956,0.5014746216296004,,,,2014-2024
NHL,LogisticGAM,Expected Goal,spatial,spatial_surface,-47.82608695652174,33.04347826086956,0.516020551170833,,,,2014-2024
NHL,LogisticGAM,Expected Goal,spatial,spatial_surface,-44.927536231884055,33.04347826086956,0.5276612082238984,,,,2014-2024
NHL,LogisticGAM,Expected Goal,spatial,spatial_surface,-42.028985507246375,33.04347826086956,0.5364369281100446,,,,2014-2024
NHL,LogisticGAM,Expected Goal,spatial,spatial_surface,-39.130434782608695,33.04347826086956,0.542436643980354,,,,2014-2024
NHL,LogisticGAM,Expected Goal,spatial,spatial_surface,-36.231884057971016,33.04347826086956,0.545922103036605,,,,2014-2024
NHL,LogisticGAM,Expected Goal,spatial,spatial_surface,-33.33333333333333,33.04347826086956,0.5471934487110232,,,,2014-2024
NHL,LogisticGAM,Expected Goal,spatial,spatial_surface,-30.434782608695656,33.04347826086956,0.546550824435834,,,,2014-2024
NHL,LogisticGAM,Expected Goal,spatial,spatial_surface,-27.53623188405797,33.04347826086956,0.544294373643262,,,,2014-2024
NHL,LogisticGAM,Expected Goal,spatial,spatial_surface,-24.637681159420296,33.04347826086956,0.5407242397655335,,,,2014-2024
NHL,LogisticGAM,Expected Goal,spatial,spatial_surface,-21.73913043478261,33.04347826086956,0.5361405662348735,,,,2014-2024
NHL,LogisticGAM,Expected Goal,spatial,spatial_surface,-18.840579710144922,33.04347826086956,0.5308434964835074,,,,2014-2024
NHL,LogisticGAM,Expected Goal,spatial,spatial_surface,-15.94202898550725,33.04347826086956,0.5251331739436602,,,,2014-2024
NHL,LogisticGAM,Expected Goal,spatial,spatial_surface,-13.043478260869563,33.04347826086956,0.5193094619043908,,,,2014-2024
NHL,LogisticGAM,Expected Goal,spatial,spatial_surface,-10.14492753623189,33.04347826086956,0.5136311399190205,,,,2014-2024
NHL,LogisticGAM,Expected Goal,spatial,spatial_surface,-7.246376811594203,33.04347826086956,0.5082730057794433,,,,2014-2024
NHL,LogisticGAM,Expected Goal,spatial,spatial_surface,-4.347826086956516,33.04347826086956,0.5033995964634975,,,,2014-2024
NHL,LogisticGAM,Expected Goal,spatial,spatial_surface,-1.4492753623188435,33.04347826086956,0.4991754489490219,,,,2014-2024
NHL,LogisticGAM,Expected Goal,spatial,spatial_surface,1.4492753623188435,33.04347826086956,0.4957651002138547,,,,2014-2024
NHL,LogisticGAM,Expected Goal,spatial,spatial_surface,4.347826086956516,33.04347826086956,0.49333308723583436,,,,2014-2024
NHL,LogisticGAM,Expected Goal,spatial,spatial_surface,7.246376811594203,33.04347826086956,0.49204394699279935,,,,2014-2024
NHL,LogisticGAM,Expected Goal,spatial,spatial_surface,10.14492753623189,33.04347826086956,0.4920622164625883,,,,2014-2024
NHL,LogisticGAM,Expected Goal,spatial,spatial_surface,13.043478260869563,33.04347826086956,0.4935524326230393,,,,2014-2024
NHL,LogisticGAM,Expected Goal,spatial,spatial_surface,15.94202898550725,33.04347826086956,0.4966663991721672,,,,2014-2024
NHL,LogisticGAM,Expected Goal,spatial,spatial_surface,18.840579710144922,33.04347826086956,0.5011234624405014,,,,2014-2024
NHL,LogisticGAM,Expected Goal,spatial,spatial_surface,21.73913043478261,33.04347826086956,0.5061149146529341,,,,2014-2024
NHL,LogisticGAM,Expected Goal,spatial,spatial_surface,24.637681159420296,33.04347826086956,0.5107999560326072,,,,2014-2024
NHL,LogisticGAM,Expected Goal,spatial,spatial_surface,27.53623188405797,33.04347826086956,0.5143377868026623,,,,2014-2024
NHL,LogisticGAM,Expected Goal,spatial,spatial_surface,30.434782608695656,33.04347826086956,0.5158876071862412,,,,2014-2024
NHL,LogisticGAM,Expected Goal,spatial,spatial_surface,33.33333333333334,33.04347826086956,0.5146086174064856,,,,2014-2024
NHL,LogisticGAM,Expected Goal,spatial,spatial_surface,36.231884057971,33.04347826086956,0.5096600176865372,,,,2014-2024
NHL,LogisticGAM,Expected Goal,spatial,spatial_surface,39.13043478260869,33.04347826086956,0.5002010082495376,,,,2014-2024
NHL,LogisticGAM,Expected Goal,spatial,spatial_surface,42.028985507246375,33.04347826086956,0.4853907893186286,,,,2014-2024
NHL,LogisticGAM,Expected Goal,spatial,spatial_surface,44.92753623188406,33.04347826086956,0.464434242588287,,,,2014-2024
NHL,LogisticGAM,Expected Goal,spatial,spatial_surface,47.82608695652175,33.04347826086956,0.4371789839714697,,,,2014-2024
NHL,LogisticGAM,Expected Goal,spatial,spatial_surface,50.72463768115941,33.04347826086956,0.40394733877602323,,,,2014-2024
NHL,LogisticGAM,Expected Goal,spatial,spatial_surface,53.623188405797094,33.04347826086956,0.3650727385001545,,,,2014-2024
NHL,LogisticGAM,Expected Goal,spatial,spatial_surface,56.52173913043478,33.04347826086956,0.3208886146420704,,,,2014-2024
NHL,LogisticGAM,Expected Goal,spatial,spatial_surface,59.42028985507247,33.04347826086956,0.2717283986999775,,,,2014-2024
NHL,LogisticGAM,Expected Goal,spatial,spatial_surface,62.318840579710155,33.04347826086956,0.21792552217208316,,,,2014-2024
NHL,LogisticGAM,Expected Goal,spatial,spatial_surface,65.21739130434781,33.04347826086956,0.15981341655659403,,,,2014-2024
NHL,LogisticGAM,Expected Goal,spatial,spatial_surface,68.1159420289855,33.04347826086956,0.09772551335171636,,,,2014-2024
NHL,LogisticGAM,Expected Goal,spatial,spatial_surface,71.01449275362319,33.04347826086956,0.031995244055657415,,,,2014-2024
NHL,LogisticGAM,Expected Goal,spatial,spatial_surface,73.91304347826087,33.04347826086956,-0.03703785496877036,,,,2014-2024
NHL,LogisticGAM,Expected Goal,spatial,spatial_surface,76.81159420289856,33.04347826086956,-0.10899024971788734,,,,2014-2024
NHL,LogisticGAM,Expected Goal,spatial,spatial_surface,79.71014492753622,33.04347826086956,-0.1834591166277188,,,,2014-2024
NHL,LogisticGAM,Expected Goal,spatial,spatial_surface,82.6086956521739,33.04347826086956,-0.26004154999611445,,,,2014-2024
NHL,LogisticGAM,Expected Goal,spatial,spatial_surface,85.5072463768116,33.04347826086956,-0.33833464412092196,,,,2014-2024
NHL,LogisticGAM,Expected Goal,spatial,spatial_surface,88.40579710144928,33.04347826086956,-0.41793549329998997,,,,2014-2024
NHL,LogisticGAM,Expected Goal,spatial,spatial_surface,91.30434782608697,33.04347826086956,-0.49844119183116686,,,,2014-2024
NHL,LogisticGAM,Expected Goal,spatial,spatial_surface,94.20289855072463,33.04347826086956,-0.5794488340123004,,,,2014-2024
NHL,LogisticGAM,Expected Goal,spatial,spatial_surface,97.10144927536231,33.04347826086956,-0.6605555141412401,,,,2014-2024
NHL,LogisticGAM,Expected Goal,spatial,spatial_surface,100.0,33.04347826086956,-0.7413583265158344,,,,2014-2024
NHL,LogisticGAM,Expected Goal,spatial,spatial_surface,-100.0,34.63768115942029,-0.15971362790858729,,,,2014-2024
NHL,LogisticGAM,Expected Goal,spatial,spatial_surface,-97.10144927536231,34.63768115942029,-0.10803144783129255,,,,2014-2024
NHL,LogisticGAM,Expected Goal,spatial,spatial_surface,-94.20289855072464,34.63768115942029,-0.05706739396181203,,,,2014-2024
NHL,LogisticGAM,Expected Goal,spatial,spatial_surface,-91.30434782608695,34.63768115942029,-0.00709161687672059,,,,2014-2024
NHL,LogisticGAM,Expected Goal,spatial,spatial_surface,-88.40579710144928,34.63768115942029,0.041659665111642624,,,,2014-2024
NHL,LogisticGAM,Expected Goal,spatial,spatial_surface,-85.5072463768116,34.63768115942029,0.08895023369093952,,,,2014-2024
NHL,LogisticGAM,Expected Goal,spatial,spatial_surface,-82.6086956521739,34.63768115942029,0.13454387054883143,,,,2014-2024
NHL,LogisticGAM,Expected Goal,spatial,spatial_surface,-79.71014492753623,34.63768115942029,0.17820435737297943,,,,2014-2024
NHL,LogisticGAM,Expected Goal,spatial,spatial_surface,-76.81159420289855,34.63768115942029,0.21969547585104557,,,,2014-2024
NHL,LogisticGAM,Expected Goal,spatial,spatial_surface,-73.91304347826087,34.63768115942029,0.2587810076706907,,,,2014-2024
NHL,LogisticGAM,Expected Goal,spatial,spatial_surface,-71.01449275362319,34.63768115942029,0.29522473451957676,,,,2014-2024
NHL,LogisticGAM,Expected Goal,spatial,spatial_surface,-68.1159420289855,34.63768115942029,0.3288156694288449,,,,2014-2024
NHL,LogisticGAM,Expected Goal,spatial,spatial_surface,-65.21739130434783,34.63768115942029,0.3595034603819262,,,,2014-2024
NHL,LogisticGAM,Expected Goal,spatial,spatial_surface,-62.31884057971015,34.63768115942029,0.38730075363617444,,,,2014-2024
NHL,LogisticGAM,Expected Goal,spatial,spatial_surface,-59.42028985507246,34.63768115942029,0.41222034367604865,,,,2014-2024
NHL,LogisticGAM,Expected Goal,spatial,spatial_surface,-56.52173913043478,34.63768115942029,0.43427502498600734,,,,2014-2024
NHL,LogisticGAM,Expected Goal,spatial,spatial_surface,-53.6231884057971,34.63768115942029,0.45347759205050964,,,,2014-2024
NHL,LogisticGAM,Expected Goal,spatial,spatial_surface,-50.72463768115942,34.63768115942029,0.4698408393540146,,,,2014-2024
NHL,LogisticGAM,Expected Goal,spatial,spatial_surface,-47.82608695652174,34.63768115942029,0.48337756138098137,,,,2014-2024
NHL,LogisticGAM,Expected Goal,spatial,spatial_surface,-44.927536231884055,34.63768115942029,0.49410055261586855,,,,2014-2024
NHL,LogisticGAM,Expected Goal,spatial,spatial_surface,-42.028985507246375,34.63768115942029,0.5020226103081004,,,,2014-2024
NHL,LogisticGAM,Expected Goal,spatial,spatial_surface,-39.130434782608695,34.63768115942029,0.507207711284411,,,,2014-2024
NHL,LogisticGAM,Expected Goal,spatial,spatial_surface,-36.231884057971016,34.63768115942029,0.5099018271251676,,,,2014-2024
NHL,LogisticGAM,Expected Goal,spatial,spatial_surface,-33.33333333333333,34.63768115942029,0.5103913654312615,,,,2014-2024
NHL,LogisticGAM,Expected Goal,spatial,spatial_surface,-30.434782608695656,34.63768115942029,0.5089627338035827,,,,2014-2024
NHL,LogisticGAM,Expected Goal,spatial,spatial_surface,-27.53623188405797,34.63768115942029,0.5059023398430221,,,,2014-2024
NHL,LogisticGAM,Expected Goal,spatial,spatial_surface,-24.637681159420296,34.63768115942029,0.5014965911504706,,,,2014-2024
NHL,LogisticGAM,Expected Goal,spatial,spatial_surface,-21.73913043478261,34.63768115942029,0.49603189532681863,,,,2014-2024
NHL,LogisticGAM,Expected Goal,spatial,spatial_surface,-18.840579710144922,34.63768115942029,0.48979465997295707,,,,2014-2024
NHL,LogisticGAM,Expected Goal,spatial,spatial_surface,-15.94202898550725,34.63768115942029,0.48307129268977633,,,,2014-2024
NHL,LogisticGAM,Expected Goal,spatial,spatial_surface,-13.043478260869563,34.63768115942029,0.4761479796749612,,,,2014-2024
NHL,LogisticGAM,Expected Goal,spatial,spatial_surface,-10.14492753623189,34.63768115942029,0.4692784377609251,,,,2014-2024
NHL,LogisticGAM,Expected Goal,spatial,spatial_surface,-7.246376811594203,34.63768115942029,0.46265001117693394,,,,2014-2024
NHL,LogisticGAM,Expected Goal,spatial,spatial_surface,-4.347826086956516,34.63768115942029,0.45644193480889556,,,,2014-2024
NHL,LogisticGAM,Expected Goal,spatial,spatial_surface,-1.4492753623188435,34.63768115942029,0.4508334435427169,,,,2014-2024
NHL,LogisticGAM,Expected Goal,spatial,spatial_surface,1.4492753623188435,34.63768115942029,0.4460037722643058,,,,2014-2024
NHL,LogisticGAM,Expected Goal,spatial,spatial_surface,4.347826086956516,34.63768115942029,0.4421321558595696,,,,2014-2024
NHL,LogisticGAM,Expected Goal,spatial,spatial_surface,7.246376811594203,34.63768115942029,0.43939782921441545,,,,2014-2024
NHL,LogisticGAM,Expected Goal,spatial,spatial_surface,10.14492753623189,34.63768115942029,0.43798002721475116,,,,2014-2024
NHL,LogisticGAM,Expected Goal,spatial,spatial_surface,13.043478260869563,34.63768115942029,0.43805798474648394,,,,2014-2024
NHL,LogisticGAM,Expected Goal,spatial,spatial_surface,15.94202898550725,34.63768115942029,0.4397982653456109,,,,2014-2024
NHL,LogisticGAM,Expected Goal,spatial,spatial_surface,18.840579710144922,34.63768115942029,0.4429370784916332,,,,2014-2024
NHL,LogisticGAM,Expected Goal,spatial,spatial_surface,21.73913043478261,34.63768115942029,0.4466851478162059,,,,2014-2024
NHL,LogisticGAM,Expected Goal,spatial,spatial_surface,24.637681159420296,34.63768115942029,0.45022126103273385,,,,2014-2024
NHL,LogisticGAM,Expected Goal,spatial,spatial_surface,27.53623188405797,34.63768115942029,0.4527242058546224,,,,2014-2024
NHL,LogisticGAM,Expected Goal,spatial,spatial_surface,30.434782608695656,34.63768115942029,0.45337276999527687,,,,2014-2024
NHL,LogisticGAM,Expected Goal,spatial,spatial_surface,33.33333333333334,34.63768115942029,0.45134574116810233,,,,2014-2024
NHL,LogisticGAM,Expected Goal,spatial,spatial_surface,36.231884057971,34.63768115942029,0.44582190708650404,,,,2014-2024
NHL,LogisticGAM,Expected Goal,spatial,spatial_surface,39.13043478260869,34.63768115942029,0.4359800554638871,,,,2014-2024
NHL,LogisticGAM,Expected Goal,spatial,spatial_surface,42.028985507246375,34.63768115942029,0.4209989740136568,,,,2014-2024
NHL,LogisticGAM,Expected Goal,spatial,spatial_surface,44.92753623188406,34.63768115942029,0.40010160992113736,,,,2014-2024
NHL,LogisticGAM,Expected Goal,spatial,spatial_surface,47.82608695652175,34.63768115942029,0.37313223019438907,,,,2014-2024
NHL,LogisticGAM,Expected Goal,spatial,spatial_surface,50.72463768115941,34.63768115942029,0.3403939950334087,,,,2014-2024
NHL,LogisticGAM,Expected Goal,spatial,spatial_surface,53.623188405797094,34.63768115942029,0.30220080079635464,,,,2014-2024
NHL,LogisticGAM,Expected Goal,spatial,spatial_surface,56.52173913043478,34.63768115942029,0.2588665438413851,,,,2014-2024
NHL,LogisticGAM,Expected Goal,spatial,spatial_surface,59.42028985507247,34.63768115942029,0.21070512052665866,,,,2014-2024
NHL,LogisticGAM,Expected Goal,spatial,spatial_surface,62.318840579710155,34.63768115942029,0.1580304272103337,,,,2014-2024
NHL,LogisticGAM,Expected Goal,spatial,spatial_surface,65.21739130434781,34.63768115942029,0.10115636025056907,,,,2014-2024
NHL,LogisticGAM,Expected Goal,spatial,spatial_surface,68.1159420289855,34.63768115942029,0.04039681600552241,,,,2014-2024
NHL,LogisticGAM,Expected Goal,spatial,spatial_surface,71.01449275362319,34.63768115942029,-0.02393430916664759,,,,2014-2024
NHL,LogisticGAM,Expected Goal,spatial,spatial_surface,73.91304347826087,34.63768115942029,-0.09151632265620704,,,,2014-2024
NHL,LogisticGAM,Expected Goal,spatial,spatial_surface,76.81159420289856,34.63768115942029,-0.16197955140006762,,,,2014-2024
NHL,LogisticGAM,Expected Goal,spatial,spatial_surface,79.71014492753622,34.63768115942029,-0.23493284819721813,,,,2014-2024
NHL,LogisticGAM,Expected Goal,spatial,spatial_surface,82.6086956521739,34.63768115942029,-0.30998497440617434,,,,2014-2024
NHL,LogisticGAM,Expected Goal,spatial,spatial_surface,85.5072463768116,34.63768115942029,-0.3867446913854503,,,,2014-2024
NHL,LogisticGAM,Expected Goal,spatial,spatial_surface,88.40579710144928,34.63768115942029,-0.46482076049356075,,,,2014-2024
NHL,LogisticGAM,Expected Goal,spatial,spatial_surface,91.30434782608697,34.63768115942029,-0.5438219430890203,,,,2014-2024
NHL,LogisticGAM,Expected Goal,spatial,spatial_surface,94.20289855072463,34.63768115942029,-0.6233570005303427,,,,2014-2024
NHL,LogisticGAM,Expected Goal,spatial,spatial_surface,97.10144927536231,34.63768115942029,-0.7030346941760441,,,,2014-2024
NHL,LogisticGAM,Expected Goal,spatial,spatial_surface,100.0,34.63768115942029,-0.7824637853846385,,,,2014-2024
NHL,LogisticGAM,Expected Goal,spatial,spatial_surface,-100.0,36.231884057971016,-0.1436006805065355,,,,2014-2024
NHL,LogisticGAM,Expected Goal,spatial,spatial_surface,-97.10144927536231,36.231884057971016,-0.0960247672576324,,,,2014-2024
NHL,LogisticGAM,Expected Goal,spatial,spatial_surface,-94.20289855072464,36.231884057971016,-0.04912091069025586,,,,2014-2024
NHL,LogisticGAM,Expected Goal,spatial,spatial_surface,-91.30434782608695,36.231884057971016,-0.0031296297627658,,,,2014-2024
NHL,LogisticGAM,Expected Goal,spatial,spatial_surface,-88.40579710144928,36.231884057971016,0.04174094204149436,,,,2014-2024
NHL,LogisticGAM,Expected Goal,spatial,spatial_surface,-85.5072463768116,36.231884057971016,0.08528267123918207,,,,2014-2024
NHL,LogisticGAM,Expected Goal,spatial,spatial_surface,-82.6086956521739,36.231884057971016,0.12728742434695411,,,,2014-2024
NHL,LogisticGAM,Expected Goal,spatial,spatial_surface,-79.71014492753623,36.231884057971016,0.16754706788146723,,,,2014-2024
NHL,LogisticGAM,Expected Goal,spatial,spatial_surface,-76.81159420289855,36.231884057971016,0.20585346835937887,,,,2014-2024
NHL,LogisticGAM,Expected Goal,spatial,spatial_surface,-73.91304347826087,36.231884057971016,0.2419984922973454,,,,2014-2024
NHL,LogisticGAM,Expected Goal,spatial,spatial_surface,-71.01449275362319,36.231884057971016,0.2757740062120245,,,,2014-2024
NHL,LogisticGAM,Expected Goal,spatial,spatial_surface,-68.1159420289855,36.231884057971016,0.30699147501973933,,,,2014-2024
NHL,LogisticGAM,Expected Goal,spatial,spatial_surface,-65.21739130434783,36.231884057971016,0.3355871365407187,,,,2014-2024
NHL,LogisticGAM,Expected Goal,spatial,spatial_surface,-62.31884057971015,36.231884057971016,0.361546162388654,,,,2014-2024
NHL,LogisticGAM,Expected Goal,spatial,spatial_surface,-59.42028985507246,36.231884057971016,0.3848538393123686,,,,2014-2024
NHL,LogisticGAM,Expected Goal,spatial,spatial_surface,-56.52173913043478,36.231884057971016,0.40549545406068527,,,,2014-2024
NHL,LogisticGAM,Expected Goal,spatial,spatial_surface,-53.6231884057971,36.231884057971016,0.4234562933824274,,,,2014-2024
NHL,LogisticGAM,Expected Goal,spatial,spatial_surface,-50.72463768115942,36.231884057971016,0.4387216440264183,,,,2014-2024
NHL,LogisticGAM,Expected Goal,spatial,spatial_surface,-47.82608695652174,36.231884057971016,0.45127679274148125,,,,2014-2024
NHL,LogisticGAM,Expected Goal,spatial,spatial_surface,-44.927536231884055,36.231884057971016,0.461107026276439,,,,2014-2024
NHL,LogisticGAM,Expected Goal,spatial,spatial_surface,-42.028985507246375,36.231884057971016,0.46819763427675365,,,,2014-2024
NHL,LogisticGAM,Expected Goal,spatial,spatial_surface,-39.130434782608695,36.231884057971016,0.4725875232421845,,,,2014-2024
NHL,LogisticGAM,Expected Goal,spatial,spatial_surface,-36.231884057971016,36.231884057971016,0.4745062613915092,,,,2014-2024
NHL,LogisticGAM,Expected Goal,spatial,spatial_surface,-33.33333333333333,36.231884057971016,0.4742257786106929,,,,2014-2024
NHL,LogisticGAM,Expected Goal,spatial,spatial_surface,-30.434782608695656,36.231884057971016,0.4720180047857001,,,,2014-2024
NHL,LogisticGAM,Expected Goal,spatial,spatial_surface,-27.53623188405797,36.231884057971016,0.46815486980249565,,,,2014-2024
NHL,LogisticGAM,Expected Goal,spatial,spatial_surface,-24.637681159420296,36.231884057971016,0.46290830354704415,,,,2014-2024
NHL,LogisticGAM,Expected Goal,spatial,spatial_surface,-21.73913043478261,36.231884057971016,0.45655023590531063,,,,2014-2024
NHL,LogisticGAM,Expected Goal,spatial,spatial_surface,-18.840579710144922,36.231884057971016,0.4493525967632597,,,,2014-2024
NHL,LogisticGAM,Expected Goal,spatial,spatial_surface,-15.94202898550725,36.231884057971016,0.4415873160068562,,,,2014-2024
NHL,LogisticGAM,Expected Goal,spatial,spatial_surface,-13.043478260869563,36.231884057971016,0.43352615200082745,,,,2014-2024
NHL,LogisticGAM,Expected Goal,spatial,spatial_surface,-10.14492753623189,36.231884057971016,0.4254157090671897,,,,2014-2024
NHL,LogisticGAM,Expected Goal,spatial,spatial_surface,-7.246376811594203,36.231884057971016,0.4174511726203044,,,,2014-2024
NHL,LogisticGAM,Expected Goal,spatial,spatial_surface,-4.347826086956516,36.231884057971016,0.40982144575988094,,,,2014-2024
NHL,LogisticGAM,Expected Goal,spatial,spatial_surface,-1.4492753623188435,36.231884057971016,0.4027154315856283,,,,2014-2024
NHL,LogisticGAM,Expected Goal,spatial,spatial_surface,1.4492753623188435,36.231884057971016,0.3963220331972556,,,,2014-2024
NHL,LogisticGAM,Expected Goal,spatial,spatial_surface,4.347826086956516,36.231884057971016,0.3908301536944719,,,,2014-2024
NHL,LogisticGAM,Expected Goal,spatial,spatial_surface,7.246376811594203,36.231884057971016,0.38642869617698644,,,,2014-2024
NHL,LogisticGAM,Expected Goal,spatial,spatial_surface,10.14492753623189,36.231884057971016,0.3833065637445084,,,,2014-2024
NHL,LogisticGAM,Expected Goal,spatial,spatial_surface,13.043478260869563,36.231884057971016,0.38165265949674654,,,,2014-2024
NHL,LogisticGAM,Expected Goal,spatial,spatial_surface,15.94202898550725,36.231884057971016,0.38164352211797886,,,,2014-2024
NHL,LogisticGAM,Expected Goal,spatial,spatial_surface,18.840579710144922,36.231884057971016,0.383035760579015,,,,2014-2024
NHL,LogisticGAM,Expected Goal,spatial,spatial_surface,21.73913043478261,36.231884057971016,0.385073226695976,,,,2014-2024
NHL,LogisticGAM,Expected Goal,spatial,spatial_surface,24.637681159420296,36.231884057971016,0.3869686099413318,,,,2014-2024
NHL,LogisticGAM,Expected Goal,spatial,spatial_surface,27.53623188405797,36.231884057971016,0.3879345997875533,,,,2014-2024
NHL,LogisticGAM,Expected Goal,spatial,spatial_surface,30.434782608695656,36.231884057971016,0.38718388570711054,,,,2014-2024
NHL,LogisticGAM,Expected Goal,spatial,spatial_surface,33.33333333333334,36.231884057971016,0.38392915717247444,,,,2014-2024
NHL,LogisticGAM,Expected Goal,spatial,spatial_surface,36.231884057971,36.231884057971016,0.3773831036561149,,,,2014-2024
NHL,LogisticGAM,Expected Goal,spatial,spatial_surface,39.13043478260869,36.231884057971016,0.3667584146305028,,,,2014-2024
NHL,LogisticGAM,Expected Goal,spatial,spatial_surface,42.028985507246375,36.231884057971016,0.3512677795681081,,,,2014-2024
NHL,LogisticGAM,Expected Goal,spatial,spatial_surface,44.92753623188406,36.231884057971016,0.3301657843618371,,,,2014-2024
NHL,LogisticGAM,Expected Goal,spatial,spatial_surface,47.82608695652175,36.231884057971016,0.30329649379524265,,,,2014-2024
NHL,LogisticGAM,Expected Goal,spatial,spatial_surface,50.72463768115941,36.231884057971016,0.27093934882982873,,,,2014-2024
NHL,LogisticGAM,Expected Goal,spatial,spatial_surface,53.623188405797094,36.231884057971016,0.23338397638668226,,,,2014-2024
NHL,LogisticGAM,Expected Goal,spatial,spatial_surface,56.52173913043478,36.231884057971016,0.19092000338689114,,,,2014-2024
NHL,LogisticGAM,Expected Goal,spatial,spatial_surface,59.42028985507247,36.231884057971016,0.1438370567515427,,,,2014-2024
NHL,LogisticGAM,Expected Goal,spatial,spatial_surface,62.318840579710155,36.231884057971016,0.09242476340172458,,,,2014-2024
NHL,LogisticGAM,Expected Goal,spatial,spatial_surface,65.21739130434781,36.231884057971016,0.036972750258524686,,,,2014-2024
NHL,LogisticGAM,Expected Goal,spatial,spatial_surface,68.1159420289855,36.231884057971016,-0.022229355756970434,,,,2014-2024
NHL,LogisticGAM,Expected Goal,spatial,spatial_surface,71.01449275362319,36.231884057971016,-0.08489192772367272,,,,2014-2024
NHL,LogisticGAM,Expected Goal,spatial,spatial_surface,73.91304347826087,36.231884057971016,-0.15071793556497318,,,,2014-2024
NHL,LogisticGAM,Expected Goal,spatial,spatial_surface,76.81159420289856,36.231884057971016,-0.21935699480593362,,,,2014-2024
NHL,LogisticGAM,Expected Goal,spatial,spatial_surface,79.71014492753622,36.231884057971016,-0.290435329197346,,,,2014-2024
NHL,LogisticGAM,Expected Goal,spatial,spatial_surface,82.6086956521739,36.231884057971016,-0.36357906288391223,,,,2014-2024
NHL,LogisticGAM,Expected Goal,spatial,spatial_surface,85.5072463768116,36.231884057971016,-0.43841432001033287,,,,2014-2024
NHL,LogisticGAM,Expected Goal,spatial,spatial_surface,88.40579710144928,36.231884057971016,-0.514567224721309,,,,2014-2024
NHL,LogisticGAM,Expected Goal,spatial,spatial_surface,91.30434782608697,36.231884057971016,-0.5916639011615418,,,,2014-2024
NHL,LogisticGAM,Expected Goal,spatial,spatial_surface,94.20289855072463,36.231884057971016,-0.669330473475731,,,,2014-2024
NHL,LogisticGAM,Expected Goal,spatial,spatial_surface,97.10144927536231,36.231884057971016,-0.7471930658085796,,,,2014-2024
NHL,LogisticGAM,Expected Goal,spatial,spatial_surface,100.0,36.231884057971016,-0.8248778023047877,,,,2014-2024
NHL,LogisticGAM,Expected Goal,spatial,spatial_surface,-100.0,37.826086956521735,-0.12741144147234312,,,,2014-2024
NHL,LogisticGAM,Expected Goal,spatial,spatial_surface,-97.10144927536231,37.826086956521735,-0.08391856503352695,,,,2014-2024
NHL,LogisticGAM,Expected Goal,spatial,spatial_surface,-94.20289855072464,37.826086956521735,-0.04104313703456803,,,,2014-2024
NHL,LogisticGAM,Expected Goal,spatial,spatial_surface,-91.30434782608695,37.826086956521735,0.001002628729242085,,,,2014-2024
NHL,LogisticGAM,Expected Goal,spatial,spatial_surface,-88.40579710144928,37.826086956521735,0.042036721216568096,,,,2014-2024
NHL,LogisticGAM,Expected Goal,spatial,spatial_surface,-85.5072463768116,37.826086956521735,0.08187712938607536,,,,2014-2024
NHL,LogisticGAM,Expected Goal,spatial,spatial_surface,-82.6086956521739,37.826086956521735,0.12034184219642892,,,,2014-2024
NHL,LogisticGAM,Expected Goal,spatial,spatial_surface,-79.71014492753623,37.826086956521735,0.15724884860629346,,,,2014-2024
NHL,LogisticGAM,Expected Goal,spatial,spatial_surface,-76.81159420289855,37.826086956521735,0.19241613757433446,,,,2014-2024
NHL,LogisticGAM,Expected Goal,spatial,spatial_surface,-73.91304347826087,37.826086956521735,0.22566169805921651,,,,2014-2024
NHL,LogisticGAM,Expected Goal,spatial,spatial_surface,-71.01449275362319,37.826086956521735,0.2568035190196052,,,,2014-2024
NHL,LogisticGAM,Expected Goal,spatial,spatial_surface,-68.1159420289855,37.826086956521735,0.28567386713747106,,,,2014-2024
NHL,LogisticGAM,Expected Goal,spatial,spatial_surface,-65.21739130434783,37.826086956521735,0.31219590799614066,,,,2014-2024
NHL,LogisticGAM,Expected Goal,spatial,spatial_surface,-62.31884057971015,37.826086956521735,0.3363284561694323,,,,2014-2024
NHL,LogisticGAM,Expected Goal,spatial,spatial_surface,-59.42028985507246,37.826086956521735,0.3580304101088064,,,,2014-2024
NHL,LogisticGAM,Expected Goal,spatial,spatial_surface,-56.52173913043478,37.826086956521735,0.3772606682657231,,,,2014-2024
NHL,LogisticGAM,Expected Goal,spatial,spatial_surface,-53.6231884057971,37.826086956521735,0.3939781290916428,,,,2014-2024
NHL,LogisticGAM,Expected Goal,spatial,spatial_surface,-50.72463768115942,37.826086956521735,0.40814169103802594,,,,2014-2024
NHL,LogisticGAM,Expected Goal,spatial,spatial_surface,-47.82608695652174,37.826086956521735,0.4197102525563328,,,,2014-2024
NHL,LogisticGAM,Expected Goal,spatial,spatial_surface,-44.927536231884055,37.826086956521735,0.42864271209802385,,,,2014-2024
NHL,LogisticGAM,Expected Goal,spatial,spatial_surface,-42.028985507246375,37.826086956521735,0.4348979711223583,,,,2014-2024
NHL,LogisticGAM,Expected Goal,spatial,spatial_surface,-39.130434782608695,37.826086956521735,0.4384906055271983,,,,2014-2024
NHL,LogisticGAM,Expected Goal,spatial,spatial_surface,-36.231884057971016,37.826086956521735,0.4396331697063169,,,,2014-2024
NHL,LogisticGAM,Expected Goal,spatial,spatial_surface,-33.33333333333333,37.826086956521735,0.4385822053792977,,,,2014-2024
NHL,LogisticGAM,Expected Goal,spatial,spatial_surface,-30.434782608695656,37.826086956521735,0.43559425426572346,,,,2014-2024
NHL,LogisticGAM,Expected Goal,spatial,spatial_surface,-27.53623188405797,37.826086956521735,0.43092585808517775,,,,2014-2024
NHL,LogisticGAM,Expected Goal,spatial,spatial_surface,-24.637681159420296,37.826086956521735,0.42483355855724375,,,,2014-2024
NHL,LogisticGAM,Expected Goal,spatial,spatial_surface,-21.73913043478261,37.826086956521735,0.4175738974015047,,,,2014-2024
NHL,LogisticGAM,Expected Goal,spatial,spatial_surface,-18.840579710144922,37.826086956521735,0.4094034163375439,,,,2014-2024
NHL,LogisticGAM,Expected Goal,spatial,spatial_surface,-15.94202898550725,37.826086956521735,0.4005786570849446,,,,2014-2024
NHL,LogisticGAM,Expected Goal,spatial,spatial_surface,-13.043478260869563,37.826086956521735,0.3913560323101139,,,,2014-2024
NHL,LogisticGAM,Expected Goal,spatial,spatial_surface,-10.14492753623189,37.826086956521735,0.38197302869012667,,,,2014-2024
NHL,LogisticGAM,Expected Goal,spatial,spatial_surface,-7.246376811594203,37.826086956521735,0.3726284451368792,,,,2014-2024
NHL,LogisticGAM,Expected Goal,spatial,spatial_surface,-4.347826086956516,37.826086956521735,0.3635163537268454,,,,2014-2024
NHL,LogisticGAM,Expected Goal,spatial,spatial_surface,-1.4492753623188435,37.826086956521735,0.35483082653649944,,,,2014-2024
NHL,LogisticGAM,Expected Goal,spatial,spatial_surface,1.4492753623188435,37.826086956521735,0.3467659356423154,,,,2014-2024
NHL,LogisticGAM,Expected Goal,spatial,spatial_surface,4.347826086956516,37.826086956521735,0.33951575312076726,,,,2014-2024
NHL,LogisticGAM,Expected Goal,spatial,spatial_surface,7.246376811594203,37.826086956521735,0.3332743510483291,,,,2014-2024
NHL,LogisticGAM,Expected Goal,spatial,spatial_surface,10.14492753623189,37.826086956521735,0.3282358015014752,,,,2014-2024
NHL,LogisticGAM,Expected Goal,spatial,spatial_surface,13.043478260869563,37.826086956521735,0.3245941765566794,,,,2014-2024
NHL,LogisticGAM,Expected Goal,spatial,spatial_surface,15.94202898550725,37.826086956521735,0.32253169855051766,,,,2014-2024
NHL,LogisticGAM,Expected Goal,spatial,spatial_surface,18.840579710144922,37.826086956521735,0.3218281399093565,,,,2014-2024
NHL,LogisticGAM,Expected Goal,spatial,spatial_surface,21.73913043478261,37.826086956521735,0.3217718597009817,,,,2014-2024
NHL,LogisticGAM,Expected Goal,spatial,spatial_surface,24.637681159420296,37.826086956521735,0.3216213517990715,,,,2014-2024
NHL,LogisticGAM,Expected Goal,spatial,spatial_surface,27.53623188405797,37.826086956521735,0.3206351100773044,,,,2014-2024
NHL,LogisticGAM,Expected Goal,spatial,spatial_surface,30.434782608695656,37.826086956521735,0.3180716284093583,,,,2014-2024
NHL,LogisticGAM,Expected Goal,spatial,spatial_surface,33.33333333333334,37.826086956521735,0.3131894006689122,,,,2014-2024
NHL,LogisticGAM,Expected Goal,spatial,spatial_surface,36.231884057971,37.826086956521735,0.3052469207296441,,,,2014-2024
NHL,LogisticGAM,Expected Goal,spatial,spatial_surface,39.13043478260869,37.826086956521735,0.29350268246523226,,,,2014-2024
NHL,LogisticGAM,Expected Goal,spatial,spatial_surface,42.028985507246375,37.826086956521735,0.2772151797493553,,,,2014-2024
NHL,LogisticGAM,Expected Goal,spatial,spatial_surface,44.92753623188406,37.826086956521735,0.2556819348540509,,,,2014-2024
NHL,LogisticGAM,Expected Goal,spatial,spatial_surface,47.82608695652175,37.826086956521735,0.22874959612774873,,,,2014-2024
NHL,LogisticGAM,Expected Goal,spatial,spatial_surface,50.72463768115941,37.826086956521735,0.19667038439339085,,,,2014-2024
NHL,LogisticGAM,Expected Goal,spatial,spatial_surface,53.623188405797094,37.826086956521735,0.15970600915300384,,,,2014-2024
NHL,LogisticGAM,Expected Goal,spatial,spatial_surface,56.52173913043478,37.826086956521735,0.11811817990861463,,,,2014-2024
NHL,LogisticGAM,Expected Goal,spatial,spatial_surface,59.42028985507247,37.826086956521735,0.07216860616224983,,,,2014-2024
NHL,LogisticGAM,Expected Goal,spatial,spatial_surface,62.318840579710155,37.826086956521735,0.02211899741593621,,,,2014-2024
NHL,LogisticGAM,Expected Goal,spatial,spatial_surface,65.21739130434781,37.826086956521735,-0.03176893682829901,,,,2014-2024
NHL,LogisticGAM,Expected Goal,spatial,spatial_surface,68.1159420289855,37.826086956521735,-0.08923348706842996,,,,2014-2024
NHL,LogisticGAM,Expected Goal,spatial,spatial_surface,71.01449275362319,37.826086956521735,-0.1500129438024294,,,,2014-2024
NHL,LogisticGAM,Expected Goal,spatial,spatial_surface,73.91304347826087,37.826086956521735,-0.21383767503220266,,,,2014-2024
NHL,LogisticGAM,Expected Goal,spatial,spatial_surface,76.81159420289856,37.826086956521735,-0.28038095148407605,,,,2014-2024
NHL,LogisticGAM,Expected Goal,spatial,spatial_surface,79.71014492753622,37.826086956521735,-0.34929101114811395,,,,2014-2024
NHL,LogisticGAM,Expected Goal,spatial,spatial_surface,82.6086956521739,37.826086956521735,-0.4202159854208002,,,,2014-2024
NHL,LogisticGAM,Expected Goal,spatial,spatial_surface,85.5072463768116,37.826086956521735,-0.4928040056986168,,,,2014-2024
NHL,LogisticGAM,Expected Goal,spatial,spatial_surface,88.40579710144928,37.826086956521735,-0.5667032033780468,,,,2014-2024
NHL,LogisticGAM,Expected Goal,spatial,spatial_surface,91.30434782608697,37.826086956521735,-0.6415617098555727,,,,2014-2024
NHL,LogisticGAM,Expected Goal,spatial,spatial_surface,94.20289855072463,37.826086956521735,-0.7170276565276764,,,,2014-2024
NHL,LogisticGAM,Expected Goal,spatial,spatial_surface,97.10144927536231,37.826086956521735,-0.7927491747908422,,,,2014-2024
NHL,LogisticGAM,Expected Goal,spatial,spatial_surface,100.0,37.826086956521735,-0.8683743960415525,,,,2014-2024
NHL,LogisticGAM,Expected Goal,spatial,spatial_surface,-100.0,39.42028985507246,-0.11095469210377382,,,,2014-2024
NHL,LogisticGAM,Expected Goal,spatial,spatial_surface,-97.10144927536231,39.42028985507246,-0.07150090829376897,,,,2014-2024
NHL,LogisticGAM,Expected Goal,spatial,spatial_surface,-94.20289855072464,39.42028985507246,-0.03260395871330756,,,,2014-2024
NHL,LogisticGAM,Expected Goal,spatial,spatial_surface,-91.30434782608695,39.42028985507246,0.005550434384727316,,,,2014-2024
NHL,LogisticGAM,Expected Goal,spatial,spatial_surface,-88.40579710144928,39.42028985507246,0.042804076372863945,,,,2014-2024
NHL,LogisticGAM,Expected Goal,spatial,spatial_surface,-85.5072463768116,39.42028985507246,0.07899877262363116,,,,2014-2024
NHL,LogisticGAM,Expected Goal,spatial,spatial_surface,-82.6086956521739,39.42028985507246,0.11397632850955758,,,,2014-2024
NHL,LogisticGAM,Expected Goal,spatial,spatial_surface,-79.71014492753623,39.42028985507246,0.14757854940317156,,,,2014-2024
NHL,LogisticGAM,Expected Goal,spatial,spatial_surface,-76.81159420289855,39.42028985507246,0.17964724067700202,,,,2014-2024
NHL,LogisticGAM,Expected Goal,spatial,spatial_surface,-73.91304347826087,39.42028985507246,0.21002420770357727,,,,2014-2024
NHL,LogisticGAM,Expected Goal,spatial,spatial_surface,-71.01449275362319,39.42028985507246,0.23855125585542636,,,,2014-2024
NHL,LogisticGAM,Expected Goal,spatial,spatial_surface,-68.1159420289855,39.42028985507246,0.2650796049787525,,,,2014-2024
NHL,LogisticGAM,Expected Goal,spatial,spatial_surface,-65.21739130434783,39.42028985507246,0.28952041201866197,,,,2014-2024
NHL,LogisticGAM,Expected Goal,spatial,spatial_surface,-62.31884057971015,39.42028985507246,0.3118083402227248,,,,2014-2024
NHL,LogisticGAM,Expected Goal,spatial,spatial_surface,-59.42028985507246,39.42028985507246,0.33187810814591834,,,,2014-2024
NHL,LogisticGAM,Expected Goal,spatial,spatial_surface,-56.52173913043478,39.42028985507246,0.3496644343432188,,,,2014-2024
NHL,LogisticGAM,Expected Goal,spatial,spatial_surface,-53.6231884057971,39.42028985507246,0.36510203736960384,,,,2014-2024
NHL,LogisticGAM,Expected Goal,spatial,spatial_surface,-50.72463768115942,39.42028985507246,0.37812563578005026,,,,2014-2024
NHL,LogisticGAM,Expected Goal,spatial,spatial_surface,-47.82608695652174,39.42028985507246,0.38866994812953515,,,,2014-2024
NHL,LogisticGAM,Expected Goal,spatial,spatial_surface,-44.927536231884055,39.42028985507246,0.39666969297303534,,,,2014-2024
NHL,LogisticGAM,Expected Goal,spatial,spatial_surface,-42.028985507246375,39.42028985507246,0.4020595919512667,,,,2014-2024
NHL,LogisticGAM,Expected Goal,spatial,spatial_surface,-39.130434782608695,39.42028985507246,0.40483148381297435,,,,2014-2024
NHL,LogisticGAM,Expected Goal,spatial,spatial_surface,-36.231884057971016,39.42028985507246,0.405180315940276,,,,2014-2024
NHL,LogisticGAM,Expected Goal,spatial,spatial_surface,-33.33333333333333,39.42028985507246,0.40334616286705327,,,,2014-2024
NHL,LogisticGAM,Expected Goal,spatial,spatial_surface,-30.434782608695656,39.42028985507246,0.3995690991271879,,,,2014-2024
NHL,LogisticGAM,Expected Goal,spatial,spatial_surface,-27.53623188405797,39.42028985507246,0.3940891992545617,,,,2014-2024
NHL,LogisticGAM,Expected Goal,spatial,spatial_surface,-24.637681159420296,39.42028985507246,0.3871465377830565,,,,2014-2024
NHL,LogisticGAM,Expected Goal,spatial,spatial_surface,-21.73913043478261,39.42028985507246,0.3789811892465542,,,,2014-2024
NHL,LogisticGAM,Expected Goal,spatial,spatial_surface,-18.840579710144922,39.42028985507246,0.3698332281789364,,,,2014-2024
NHL,LogisticGAM,Expected Goal,spatial,spatial_surface,-15.94202898550725,39.42028985507246,0.3599427291140849,,,,2014-2024
NHL,LogisticGAM,Expected Goal,spatial,spatial_surface,-13.043478260869563,39.42028985507246,0.3495496740309424,,,,2014-2024
NHL,LogisticGAM,Expected Goal,spatial,spatial_surface,-10.14492753623189,39.42028985507246,0.3388804714820465,,,,2014-2024
NHL,LogisticGAM,Expected Goal,spatial,spatial_surface,-7.246376811594203,39.42028985507246,0.3281337837539808,,,,2014-2024
NHL,LogisticGAM,Expected Goal,spatial,spatial_surface,-4.347826086956516,39.42028985507246,0.3175048831201781,,,,2014-2024
NHL,LogisticGAM,Expected Goal,spatial,spatial_surface,-1.4492753623188435,39.42028985507246,0.30718904185407175,,,,2014-2024
NHL,LogisticGAM,Expected Goal,spatial,spatial_surface,1.4492753623188435,39.42028985507246,0.29738153222909425,,,,2014-2024
NHL,LogisticGAM,Expected Goal,spatial,spatial_surface,4.347826086956516,39.42028985507246,0.28827762651867866,,,,2014-2024
NHL,LogisticGAM,Expected Goal,spatial,spatial_surface,7.246376811594203,39.42028985507246,0.28007259699625786,,,,2014-2024
NHL,LogisticGAM,Expected Goal,spatial,spatial_surface,10.14492753623189,39.42028985507246,0.2729617159352646,,,,2014-2024
NHL,LogisticGAM,Expected Goal,spatial,spatial_surface,13.043478260869563,39.42028985507246,0.26714025560913185,,,,2014-2024
NHL,LogisticGAM,Expected Goal,spatial,spatial_surface,15.94202898550725,39.42028985507246,0.26279232370447037,,,,2014-2024
NHL,LogisticGAM,Expected Goal,spatial,spatial_surface,18.840579710144922,39.42028985507246,0.25972284768936477,,,,2014-2024
NHL,LogisticGAM,Expected Goal,spatial,spatial_surface,21.73913043478261,39.42028985507246,0.2572737552399582,,,,2014-2024
NHL,LogisticGAM,Expected Goal,spatial,spatial_surface,24.637681159420296,39.42028985507246,0.2547588356466206,,,,2014-2024
NHL,LogisticGAM,Expected Goal,spatial,spatial_surface,27.53623188405797,39.42028985507246,0.2514918781997222,,,,2014-2024
NHL,LogisticGAM,Expected Goal,spatial,spatial_surface,30.434782608695656,39.42028985507246,0.24678667218963285,,,,2014-2024
NHL,LogisticGAM,Expected Goal,spatial,spatial_surface,33.33333333333334,39.42028985507246,0.2399570069067228,,,,2014-2024
NHL,LogisticGAM,Expected Goal,spatial,spatial_surface,36.231884057971,39.42028985507246,0.23031667164136194,,,,2014-2024
NHL,LogisticGAM,Expected Goal,spatial,spatial_surface,39.13043478260869,39.42028985507246,0.21717945568392027,,,,2014-2024
NHL,LogisticGAM,Expected Goal,spatial,spatial_surface,42.028985507246375,39.42028985507246,0.19985914832476798,,,,2014-2024
NHL,LogisticGAM,Expected Goal,spatial,spatial_surface,44.92753623188406,39.42028985507246,0.17770523034143984,,,,2014-2024
NHL,LogisticGAM,Expected Goal,spatial,spatial_surface,47.82608695652175,39.42028985507246,0.15056935854562198,,,,2014-2024
NHL,LogisticGAM,Expected Goal,spatial,spatial_surface,50.72463768115941,39.42028985507246,0.11867408595220005,,,,2014-2024
NHL,LogisticGAM,Expected Goal,spatial,spatial_surface,53.623188405797094,39.42028985507246,0.0822506429771826,,,,2014-2024
NHL,LogisticGAM,Expected Goal,spatial,spatial_surface,56.52173913043478,39.42028985507246,0.041530260036578545,,,,2014-2024
NHL,LogisticGAM,Expected Goal,spatial,spatial_surface,59.42028985507247,39.42028985507246,-0.003255832453603295,,,,2014-2024
NHL,LogisticGAM,Expected Goal,spatial,spatial_surface,62.318840579710155,39.42028985507246,-0.05187640407735416,,,,2014-2024
NHL,LogisticGAM,Expected Goal,spatial,spatial_surface,65.21739130434781,39.42028985507246,-0.1041002244186647,,,,2014-2024
NHL,LogisticGAM,Expected Goal,spatial,spatial_surface,68.1159420289855,39.42028985507246,-0.1596960630615271,,,,2014-2024
NHL,LogisticGAM,Expected Goal,spatial,spatial_surface,71.01449275362319,39.42028985507246,-0.21843268958993203,,,,2014-2024
NHL,LogisticGAM,Expected Goal,spatial,spatial_surface,73.91304347826087,39.42028985507246,-0.28007052239503233,,,,2014-2024
NHL,LogisticGAM,Expected Goal,spatial,spatial_surface,76.81159420289856,39.42028985507246,-0.34430979298308834,,,,2014-2024
NHL,LogisticGAM,Expected Goal,spatial,spatial_surface,79.71014492753622,39.42028985507246,-0.4108243455695366,,,,2014-2024
NHL,LogisticGAM,Expected Goal,spatial,spatial_surface,82.6086956521739,39.42028985507246,-0.4792879120083132,,,,2014-2024
NHL,LogisticGAM,Expected Goal,spatial,spatial_surface,85.5072463768116,39.42028985507246,-0.5493742241533524,,,,2014-2024
NHL,LogisticGAM,Expected Goal,spatial,spatial_surface,88.40579710144928,39.42028985507246,-0.620757013858589,,,,2014-2024
NHL,LogisticGAM,Expected Goal,spatial,spatial_surface,91.30434782608697,39.42028985507246,-0.6931100129779576,,,,2014-2024
NHL,LogisticGAM,Expected Goal,spatial,spatial_surface,94.20289855072463,39.42028985507246,-0.7661069533653927,,,,2014-2024
NHL,LogisticGAM,Expected Goal,spatial,spatial_surface,97.10144927536231,39.42028985507246,-0.8394215668748304,,,,2014-2024
NHL,LogisticGAM,Expected Goal,spatial,spatial_surface,100.0,39.42028985507246,-0.912727585360205,,,,2014-2024
NHL,LogisticGAM,Expected Goal,spatial,spatial_surface,-100.0,41.01449275362319,-0.09403921369859139,,,,2014-2024
NHL,LogisticGAM,Expected Goal,spatial,spatial_surface,-97.10144927536231,41.01449275362319,-0.058559864173151725,,,,2014-2024
NHL,LogisticGAM,Expected Goal,spatial,spatial_surface,-94.20289855072464,41.01449275362319,-0.0235732614450338,,,,2014-2024
NHL,LogisticGAM,Expected Goal,spatial,spatial_surface,-91.30434782608695,41.01449275362319,0.010759062989114016,,,,2014-2024
NHL,LogisticGAM,Expected Goal,spatial,spatial_surface,-88.40579710144928,41.01449275362319,0.04430008124638203,,,,2014-2024
NHL,LogisticGAM,Expected Goal,spatial,spatial_surface,-85.5072463768116,41.01449275362319,0.07691276544386123,,,,2014-2024
NHL,LogisticGAM,Expected Goal,spatial,spatial_surface,-82.6086956521739,41.01449275362319,0.10846008769864217,,,,2014-2024
NHL,LogisticGAM,Expected Goal,spatial,spatial_surface,-79.71014492753623,41.01449275362319,0.1388050201278154,,,,2014-2024
NHL,LogisticGAM,Expected Goal,spatial,spatial_surface,-76.81159420289855,41.01449275362319,0.16781053484847183,,,,2014-2024
NHL,LogisticGAM,Expected Goal,spatial,spatial_surface,-73.91304347826087,41.01449275362319,0.19533960397770178,,,,2014-2024
NHL,LogisticGAM,Expected Goal,spatial,spatial_surface,-71.01449275362319,41.01449275362319,0.2212551996325964,,,,2014-2024
NHL,LogisticGAM,Expected Goal,spatial,spatial_surface,-68.1159420289855,41.01449275362319,0.2454254477402971,,,,2014-2024
NHL,LogisticGAM,Expected Goal,spatial,spatial_surface,-65.21739130434783,41.01449275362319,0.2677512858787533,,,,2014-2024
NHL,LogisticGAM,Expected Goal,spatial,spatial_surface,-62.31884057971015,41.01449275362319,0.28814651979274786,,,,2014-2024
NHL,LogisticGAM,Expected Goal,spatial,spatial_surface,-59.42028985507246,41.01449275362319,0.30652498550426094,,,,2014-2024
NHL,LogisticGAM,Expected Goal,spatial,spatial_surface,-56.52173913043478,41.01449275362319,0.32280051903527174,,,,2014-2024
NHL,LogisticGAM,Expected Goal,spatial,spatial_surface,-53.6231884057971,41.01449275362319,0.3368869564077601,,,,2014-2024
NHL,LogisticGAM,Expected Goal,spatial,spatial_surface,-50.72463768115942,41.01449275362319,0.3486981336437057,,,,2014-2024
NHL,LogisticGAM,Expected Goal,spatial,spatial_surface,-47.82608695652174,41.01449275362319,0.35814788676508813,,,,2014-2024
NHL,LogisticGAM,Expected Goal,spatial,spatial_surface,-44.927536231884055,41.01449275362319,0.36515005179388743,,,,2014-2024
NHL,LogisticGAM,Expected Goal,spatial,spatial_surface,-42.028985507246375,41.01449275362319,0.36961846786983266,,,,2014-2024
NHL,LogisticGAM,Expected Goal,spatial,spatial_surface,-39.130434782608695,41.01449275362319,0.37152468377303627,,,,2014-2024
NHL,LogisticGAM,Expected Goal,spatial,spatial_surface,-36.231884057971016,41.01449275362319,0.37104546396407306,,,,2014-2024
NHL,LogisticGAM,Expected Goal,spatial,spatial_surface,-33.33333333333333,41.01449275362319,0.3684031682039391,,,,2014-2024
NHL,LogisticGAM,Expected Goal,spatial,spatial_surface,-30.434782608695656,41.01449275362319,0.36382015625363023,,,,2014-2024
NHL,LogisticGAM,Expected Goal,spatial,spatial_surface,-27.53623188405797,41.01449275362319,0.3575187878741426,,,,2014-2024
NHL,LogisticGAM,Expected Goal,spatial,spatial_surface,-24.637681159420296,41.01449275362319,0.3497214228264719,,,,2014-2024
NHL,LogisticGAM,Expected Goal,spatial,spatial_surface,-21.73913043478261,41.01449275362319,0.34065042087161423,,,,2014-2024
NHL,LogisticGAM,Expected Goal,spatial,spatial_surface,-18.840579710144922,41.01449275362319,0.3305281417705656,,,,2014-2024
NHL,LogisticGAM,Expected Goal,spatial,spatial_surface,-15.94202898550725,41.01449275362319,0.31957694528432184,,,,2014-2024
NHL,LogisticGAM,Expected Goal,spatial,spatial_surface,-13.043478260869563,41.01449275362319,0.30801913059143715,,,,2014-2024
NHL,LogisticGAM,Expected Goal,spatial,spatial_surface,-10.14492753623189,41.01449275362319,0.296068112295261,,,,2014-2024
NHL,LogisticGAM,Expected Goal,spatial,spatial_surface,-7.246376811594203,41.01449275362319,0.28391914349893344,,,,2014-2024
NHL,LogisticGAM,Expected Goal,spatial,spatial_surface,-4.347826086956516,41.01449275362319,0.2717652583502706,,,,2014-2024
NHL,LogisticGAM,Expected Goal,spatial,spatial_surface,-1.4492753623188435,41.01449275362319,0.2597994909970885,,,,2014-2024
NHL,LogisticGAM,Expected Goal,spatial,spatial_surface,1.4492753623188435,41.01449275362319,0.24821487558720343,,,,2014-2024
NHL,LogisticGAM,Expected Goal,spatial,spatial_surface,4.347826086956516,41.01449275362319,0.23720444626843146,,,,2014-2024
NHL,LogisticGAM,Expected Goal,spatial,spatial_surface,7.246376811594203,41.01449275362319,0.22696123718858877,,,,2014-2024
NHL,LogisticGAM,Expected Goal,spatial,spatial_surface,10.14492753623189,41.01449275362319,0.21767828249549154,,,,2014-2024
NHL,LogisticGAM,Expected Goal,spatial,spatial_surface,13.043478260869563,41.01449275362319,0.2095486163369559,,,,2014-2024
NHL,LogisticGAM,Expected Goal,spatial,spatial_surface,15.94202898550725,41.01449275362319,0.2027549266410836,,,,2014-2024
NHL,LogisticGAM,Expected Goal,spatial,spatial_surface,18.840579710144922,41.01449275362319,0.19712851512574944,,,,2014-2024
NHL,LogisticGAM,Expected Goal,spatial,spatial_surface,21.73913043478261,41.01449275362319,0.19207162172164252,,,,2014-2024
NHL,LogisticGAM,Expected Goal,spatial,spatial_surface,24.637681159420296,41.01449275362319,0.1869604105246493,,,,2014-2024
NHL,LogisticGAM,Expected Goal,spatial,spatial_surface,27.53623188405797,41.01449275362319,0.1811710456306562,,,,2014-2024
NHL,LogisticGAM,Expected Goal,spatial,spatial_surface,30.434782608695656,41.01449275362319,0.17407969113554972,,,,2014-2024
NHL,LogisticGAM,Expected Goal,spatial,spatial_surface,33.33333333333334,41.01449275362319,0.16506251113521628,,,,2014-2024
NHL,LogisticGAM,Expected Goal,spatial,spatial_surface,36.231884057971,41.01449275362319,0.15349566972554243,,,,2014-2024
NHL,LogisticGAM,Expected Goal,spatial,spatial_surface,39.13043478260869,41.01449275362319,0.13875533100241447,,,,2014-2024
NHL,LogisticGAM,Expected Goal,spatial,spatial_surface,42.028985507246375,41.01449275362319,0.12021765906171882,,,,2014-2024
NHL,LogisticGAM,Expected Goal,spatial,spatial_surface,44.92753623188406,41.01449275362319,0.09729083976766816,,,,2014-2024
NHL,LogisticGAM,Expected Goal,spatial,spatial_surface,47.82608695652175,41.01449275362319,0.06983360240258048,,,,2014-2024
NHL,LogisticGAM,Expected Goal,spatial,spatial_surface,50.72463768115941,41.01449275362319,0.03803743773436401,,,,2014-2024
NHL,LogisticGAM,Expected Goal,spatial,spatial_surface,53.623188405797094,41.01449275362319,0.0021016217410846326,,,,2014-2024
NHL,LogisticGAM,Expected Goal,spatial,spatial_surface,56.52173913043478,41.01449275362319,-0.03777456959919108,,,,2014-2024
NHL,LogisticGAM,Expected Goal,spatial,spatial_surface,59.42028985507247,41.01449275362319,-0.08139186030839672,,,,2014-2024
NHL,LogisticGAM,Expected Goal,spatial,spatial_surface,62.318840579710155,41.01449275362319,-0.12855097440846613,,,,2014-2024
NHL,LogisticGAM,Expected Goal,spatial,spatial_surface,65.21739130434781,41.01449275362319,-0.17905263592133233,,,,2014-2024
NHL,LogisticGAM,Expected Goal,spatial,spatial_surface,68.1159420289855,41.01449275362319,-0.23269756886892998,,,,2014-2024
NHL,LogisticGAM,Expected Goal,spatial,spatial_surface,71.01449275362319,41.01449275362319,-0.2892864972731922,,,,2014-2024
NHL,LogisticGAM,Expected Goal,spatial,spatial_surface,73.91304347826087,41.01449275362319,-0.34861145899059615,,,,2014-2024
NHL,LogisticGAM,Expected Goal,spatial,spatial_surface,76.81159420289856,41.01449275362319,-0.41040189085156126,,,,2014-2024
NHL,LogisticGAM,Expected Goal,spatial,spatial_surface,79.71014492753622,41.01449275362319,-0.47435978398162587,,,,2014-2024
NHL,LogisticGAM,Expected Goal,spatial,spatial_surface,82.6086956521739,41.01449275362319,-0.5401870126379236,,,,2014-2024
NHL,LogisticGAM,Expected Goal,spatial,spatial_surface,85.5072463768116,41.01449275362319,-0.6075854510775864,,,,2014-2024
NHL,LogisticGAM,Expected Goal,spatial,spatial_surface,88.40579710144928,41.01449275362319,-0.6762569735577472,,,,2014-2024
NHL,LogisticGAM,Expected Goal,spatial,spatial_surface,91.30434782608697,41.01449275362319,-0.7459034543355381,,,,2014-2024
NHL,LogisticGAM,Expected Goal,spatial,spatial_surface,94.20289855072463,41.01449275362319,-0.8162267676680907,,,,2014-2024
NHL,LogisticGAM,Expected Goal,spatial,spatial_surface,97.10144927536231,41.01449275362319,-0.8869287878125395,,,,2014-2024
NHL,LogisticGAM,Expected Goal,spatial,spatial_surface,100.0,41.01449275362319,-0.9577113890260157,,,,2014-2024
NHL,LogisticGAM,Expected Goal,spatial,spatial_surface,-100.0,42.608695652173914,-0.07653155436976922,,,,2014-2024
NHL,LogisticGAM,Expected Goal,spatial,spatial_surface,-97.10144927536231,42.608695652173914,-0.04494861521053774,,,,2014-2024
NHL,LogisticGAM,Expected Goal,spatial,spatial_surface,-94.20289855072464,42.608695652173914,-0.01379332587025607,,,,2014-2024
NHL,LogisticGAM,Expected Goal,spatial,spatial_surface,-91.30434782608695,42.608695652173914,0.016794414651560848,,,,2014-2024
NHL,LogisticGAM,Expected Goal,spatial,spatial_surface,-88.40579710144928,42.608695652173914,0.04669598876897973,,,,2014-2024
NHL,LogisticGAM,Expected Goal,spatial,spatial_surface,-85.5072463768116,42.608695652173914,0.07579277889606784,,,,2014-2024
NHL,LogisticGAM,Expected Goal,spatial,spatial_surface,-82.6086956521739,42.608695652173914,0.10396616744689215,,,,2014-2024
NHL,LogisticGAM,Expected Goal,spatial,spatial_surface,-79.71014492753623,42.608695652173914,0.13109753683551953,,,,2014-2024
NHL,LogisticGAM,Expected Goal,spatial,spatial_surface,-76.81159420289855,42.608695652173914,0.15706826947601718,,,,2014-2024
NHL,LogisticGAM,Expected Goal,spatial,spatial_surface,-73.91304347826087,42.608695652173914,0.1817597477824519,,,,2014-2024
NHL,LogisticGAM,Expected Goal,spatial,spatial_surface,-71.01449275362319,42.608695652173914,0.2050533541688911,,,,2014-2024
NHL,LogisticGAM,Expected Goal,spatial,spatial_surface,-68.1159420289855,42.608695652173914,0.22683204954836558,,,,2014-2024
NHL,LogisticGAM,Expected Goal,spatial,spatial_surface,-65.21739130434783,42.608695652173914,0.24698884432278892,,,,2014-2024
NHL,LogisticGAM,Expected Goal,spatial,spatial_surface,-62.31884057971015,42.608695652173914,0.2654206901312985,,,,2014-2024
NHL,LogisticGAM,Expected Goal,spatial,spatial_surface,-59.42028985507246,42.608695652173914,0.28202454788627274,,,,2014-2024
NHL,LogisticGAM,Expected Goal,spatial,spatial_surface,-56.52173913043478,42.608695652173914,0.29669737850008987,,,,2014-2024
NHL,LogisticGAM,Expected Goal,spatial,spatial_surface,-53.6231884057971,42.608695652173914,0.30933614288512834,,,,2014-2024
NHL,LogisticGAM,Expected Goal,spatial,spatial_surface,-50.72463768115942,42.608695652173914,0.31983780195376665,,,,2014-2024
NHL,LogisticGAM,Expected Goal,spatial,spatial_surface,-47.82608695652174,42.608695652173914,0.32809931661838315,,,,2014-2024
NHL,LogisticGAM,Expected Goal,spatial,spatial_surface,-44.927536231884055,42.608695652173914,0.3340176477913562,,,,2014-2024
NHL,LogisticGAM,Expected Goal,spatial,spatial_surface,-42.028985507246375,42.608695652173914,0.3374897594811541,,,,2014-2024
NHL,LogisticGAM,Expected Goal,spatial,spatial_surface,-39.130434782608695,42.608695652173914,0.33846992440585316,,,,2014-2024
NHL,LogisticGAM,Expected Goal,spatial,spatial_surface,-36.231884057971016,42.608695652173914,0.3371162052527764,,,,2014-2024
NHL,LogisticGAM,Expected Goal,spatial,spatial_surface,-33.33333333333333,42.608695652173914,0.333631943241811,,,,2014-2024
NHL,LogisticGAM,Expected Goal,spatial,spatial_surface,-30.434782608695656,42.608695652173914,0.32822047959284395,,,,2014-2024
NHL,LogisticGAM,Expected Goal,spatial,spatial_surface,-27.53623188405797,42.608695652173914,0.32108515552576244,,,,2014-2024
NHL,LogisticGAM,Expected Goal,spatial,spatial_surface,-24.637681159420296,42.608695652173914,0.31242931226045373,,,,2014-2024
NHL,LogisticGAM,Expected Goal,spatial,spatial_surface,-21.73913043478261,42.608695652173914,0.30245629101680505,,,,2014-2024
NHL,LogisticGAM,Expected Goal,spatial,spatial_surface,-18.840579710144922,42.608695652173914,0.2913694330147033,,,,2014-2024
NHL,LogisticGAM,Expected Goal,spatial,spatial_surface,-15.94202898550725,42.608695652173914,0.279372079474036,,,,2014-2024
NHL,LogisticGAM,Expected Goal,spatial,spatial_surface,-13.043478260869563,42.608695652173914,0.26666754006925025,,,,2014-2024
NHL,LogisticGAM,Expected Goal,spatial,spatial_surface,-10.14492753623189,42.608695652173914,0.2534544982526934,,,,2014-2024
NHL,LogisticGAM,Expected Goal,spatial,spatial_surface,-7.246376811594203,42.608695652173914,0.23992218073492022,,,,2014-2024
NHL,LogisticGAM,Expected Goal,spatial,spatial_surface,-4.347826086956516,42.608695652173914,0.2262586588105064,,,,2014-2024
NHL,LogisticGAM,Expected Goal,spatial,spatial_surface,-1.4492753623188435,42.608695652173914,0.21265200377402768,,,,2014-2024
NHL,LogisticGAM,Expected Goal,spatial,spatial_surface,1.4492753623188435,42.608695652173914,0.1992902869200598,,,,2014-2024
NHL,LogisticGAM,Expected Goal,spatial,spatial_surface,4.347826086956516,42.608695652173914,0.18636157954317836,,,,2014-2024
NHL,LogisticGAM,Expected Goal,spatial,spatial_surface,7.246376811594203,42.608695652173914,0.1740539529379591,,,,2014-2024
NHL,LogisticGAM,Expected Goal,spatial,spatial_surface,10.14492753623189,42.608695652173914,0.16255547839897788,,,,2014-2024
NHL,LogisticGAM,Expected Goal,spatial,spatial_surface,13.043478260869563,42.608695652173914,0.1520542272208103,,,,2014-2024
NHL,LogisticGAM,Expected Goal,spatial,spatial_surface,15.94202898550725,42.608695652173914,0.142728833826695,,,,2014-2024
NHL,LogisticGAM,Expected Goal,spatial,spatial_surface,18.840579710144922,42.608695652173914,0.13443743041325,,,,2014-2024
NHL,LogisticGAM,Expected Goal,spatial,spatial_surface,21.73913043478261,42.608695652173914,0.1266467984235682,,,,2014-2024
NHL,LogisticGAM,Expected Goal,spatial,spatial_surface,24.637681159420296,42.608695652173914,0.11879993531926572,,,,2014-2024
NHL,LogisticGAM,Expected Goal,spatial,spatial_surface,27.53623188405797,42.608695652173914,0.11033983856195866,,,,2014-2024
NHL,LogisticGAM,Expected Goal,spatial,spatial_surface,30.434782608695656,42.608695652173914,0.10070950561326288,,,,2014-2024
NHL,LogisticGAM,Expected Goal,spatial,spatial_surface,33.33333333333334,42.608695652173914,0.08935193393479449,,,,2014-2024
NHL,LogisticGAM,Expected Goal,spatial,spatial_surface,36.231884057971,42.608695652173914,0.07571012098816973,,,,2014-2024
NHL,LogisticGAM,Expected Goal,spatial,spatial_surface,39.13043478260869,42.608695652173914,0.059227064235004366,,,,2014-2024
NHL,LogisticGAM,Expected Goal,spatial,spatial_surface,42.028985507246375,42.608695652173914,0.039345761136914605,,,,2014-2024
NHL,LogisticGAM,Expected Goal,spatial,spatial_surface,44.92753623188406,42.608695652173914,0.015537371424300887,,,,2014-2024
NHL,LogisticGAM,Expected Goal,spatial,spatial_surface,47.82608695652175,42.608695652173914,-0.012330704567902686,,,,2014-2024
NHL,LogisticGAM,Expected Goal,spatial,spatial_surface,50.72463768115941,42.608695652173914,-0.044098411886101606,,,,2014-2024
NHL,LogisticGAM,Expected Goal,spatial,spatial_surface,53.623188405797094,42.608695652173914,-0.07959884869745436,,,,2014-2024
NHL,LogisticGAM,Expected Goal,spatial,spatial_surface,56.52173913043478,42.608695652173914,-0.11866511316911868,,,,2014-2024
NHL,LogisticGAM,Expected Goal,spatial,spatial_surface,59.42028985507247,42.608695652173914,-0.1611303034682527,,,,2014-2024
NHL,LogisticGAM,Expected Goal,spatial,spatial_surface,62.318840579710155,42.608695652173914,-0.20682751776201452,,,,2014-2024
NHL,LogisticGAM,Expected Goal,spatial,spatial_surface,65.21739130434781,42.608695652173914,-0.25558985421756164,,,,2014-2024
NHL,LogisticGAM,Expected Goal,spatial,spatial_surface,68.1159420289855,42.608695652173914,-0.307250411002053,,,,2014-2024
NHL,LogisticGAM,Expected Goal,spatial,spatial_surface,71.01449275362319,42.608695652173914,-0.3616422862826463,,,,2014-2024
NHL,LogisticGAM,Expected Goal,spatial,spatial_surface,73.91304347826087,42.608695652173914,-0.41858964666924126,,,,2014-2024
NHL,LogisticGAM,Expected Goal,spatial,spatial_surface,76.81159420289856,42.608695652173914,-0.4778522892117236,,,,2014-2024
NHL,LogisticGAM,Expected Goal,spatial,spatial_surface,79.71014492753622,42.608695652173914,-0.5391617898898349,,,,2014-2024
NHL,LogisticGAM,Expected Goal,spatial,spatial_surface,82.6086956521739,42.608695652173914,-0.6022496045132764,,,,2014-2024
NHL,LogisticGAM,Expected Goal,spatial,spatial_surface,85.5072463768116,42.608695652173914,-0.6668471888917482,,,,2014-2024
NHL,LogisticGAM,Expected Goal,spatial,spatial_surface,88.40579710144928,42.608695652173914,-0.7326859988349506,,,,2014-2024
NHL,LogisticGAM,Expected Goal,spatial,spatial_surface,91.30434782608697,42.608695652173914,-0.7994974901525841,,,,2014-2024
NHL,LogisticGAM,Expected Goal,spatial,spatial_surface,94.20289855072463,42.608695652173914,-0.8670131186543485,,,,2014-2024
NHL,LogisticGAM,Expected Goal,spatial,spatial_surface,97.10144927536231,42.608695652173914,-0.9349643401499453,,,,2014-2024
NHL,LogisticGAM,Expected Goal,spatial,spatial_surface,100.0,42.608695652173914,-1.0030826104490747,,,,2014-2024
NHL,LogisticGAM,Expected Goal,spatial,spatial_surface,-100.0,44.20289855072464,-0.05888464900893767,,,,2014-2024
NHL,LogisticGAM,Expected Goal,spatial,spatial_surface,-97.10144927536231,44.20289855072464,-0.03118017656357334,,,,2014-2024
NHL,LogisticGAM,Expected Goal,spatial,spatial_surface,-94.20289855072464,44.20289855072464,-0.0038382767012576906,,,,2014-2024
NHL,LogisticGAM,Expected Goal,spatial,spatial_surface,-91.30434782608695,44.20289855072464,0.02302221300724669,,,,2014-2024
NHL,LogisticGAM,Expected Goal,spatial,spatial_surface,-88.40579710144928,44.20289855072464,0.049300486267742825,,,,2014-2024
NHL,LogisticGAM,Expected Goal,spatial,spatial_surface,-85.5072463768116,44.20289855072464,0.0748957367860342,,,,2014-2024
NHL,LogisticGAM,Expected Goal,spatial,spatial_surface,-82.6086956521739,44.20289855072464,0.09970715826792405,,,,2014-2024
NHL,LogisticGAM,Expected Goal,spatial,spatial_surface,-79.71014492753623,44.20289855072464,0.12363394441921544,,,,2014-2024
NHL,LogisticGAM,Expected Goal,spatial,spatial_surface,-76.81159420289855,44.20289855072464,0.1465752889457119,,,,2014-2024
NHL,LogisticGAM,Expected Goal,spatial,spatial_surface,-73.91304347826087,44.20289855072464,0.16843038555321646,,,,2014-2024
NHL,LogisticGAM,Expected Goal,spatial,spatial_surface,-71.01449275362319,44.20289855072464,0.1890984279475327,,,,2014-2024
NHL,LogisticGAM,Expected Goal,spatial,spatial_surface,-68.1159420289855,44.20289855072464,0.20847676732799164,,,,2014-2024
NHL,LogisticGAM,Expected Goal,spatial,spatial_surface,-65.21739130434783,44.20289855072464,0.22645102460538696,,,,2014-2024
NHL,LogisticGAM,Expected Goal,spatial,spatial_surface,-62.31884057971015,44.20289855072464,0.24290222027248407,,,,2014-2024
NHL,LogisticGAM,Expected Goal,spatial,spatial_surface,-59.42028985507246,44.20289855072464,0.25771136399783673,,,,2014-2024
NHL,LogisticGAM,Expected Goal,spatial,spatial_surface,-56.52173913043478,44.20289855072464,0.27075946544999846,,,,2014-2024
NHL,LogisticGAM,Expected Goal,spatial,spatial_surface,-53.6231884057971,44.20289855072464,0.281927534297523,,,,2014-2024
NHL,LogisticGAM,Expected Goal,spatial,spatial_surface,-50.72463768115942,44.20289855072464,0.2910965802089641,,,,2014-2024
NHL,LogisticGAM,Expected Goal,spatial,spatial_surface,-47.82608695652174,44.20289855072464,0.29814761285287567,,,,2014-2024
NHL,LogisticGAM,Expected Goal,spatial,spatial_surface,-44.927536231884055,44.20289855072464,0.30296164189781116,,,,2014-2024
NHL,LogisticGAM,Expected Goal,spatial,spatial_surface,-42.028985507246375,44.20289855072464,0.30541968007454956,,,,2014-2024
NHL,LogisticGAM,Expected Goal,spatial,spatial_surface,-39.130434782608695,44.20289855072464,0.30545942198559267,,,,2014-2024
NHL,LogisticGAM,Expected Goal,spatial,spatial_surface,-36.231884057971016,44.20289855072464,0.3032201231650064,,,,2014-2024
NHL,LogisticGAM,Expected Goal,spatial,spatial_surface,-33.33333333333333,44.20289855072464,0.2988858224266088,,,,2014-2024
NHL,LogisticGAM,Expected Goal,spatial,spatial_surface,-30.434782608695656,44.20289855072464,0.29264055858421767,,,,2014-2024
NHL,LogisticGAM,Expected Goal,spatial,spatial_surface,-27.53623188405797,44.20289855072464,0.2846683704516511,,,,2014-2024
NHL,LogisticGAM,Expected Goal,spatial,spatial_surface,-24.637681159420296,44.20289855072464,0.27515329684272727,,,,2014-2024
NHL,LogisticGAM,Expected Goal,spatial,spatial_surface,-21.73913043478261,44.20289855072464,0.26427937657126394,,,,2014-2024
NHL,LogisticGAM,Expected Goal,spatial,spatial_surface,-18.840579710144922,44.20289855072464,0.25223064845107934,,,,2014-2024
NHL,LogisticGAM,Expected Goal,spatial,spatial_surface,-15.94202898550725,44.20289855072464,0.2391911512959914,,,,2014-2024
NHL,LogisticGAM,Expected Goal,spatial,spatial_surface,-13.043478260869563,44.20289855072464,0.22534492093627068,,,,2014-2024
NHL,LogisticGAM,Expected Goal,spatial,spatial_surface,-10.14492753623189,44.20289855072464,0.21087555565706032,,,,2014-2024
NHL,LogisticGAM,Expected Goal,spatial,spatial_surface,-7.246376811594203,44.20289855072464,0.19596575933091315,,,,2014-2024
NHL,LogisticGAM,Expected Goal,spatial,spatial_surface,-4.347826086956516,44.20289855072464,0.1807981265518779,,,,2014-2024
NHL,LogisticGAM,Expected Goal,spatial,spatial_surface,-1.4492753623188435,44.20289855072464,0.16555525191400314,,,,2014-2024
NHL,LogisticGAM,Expected Goal,spatial,spatial_surface,1.4492753623188435,44.20289855072464,0.1504197300113374,,,,2014-2024
NHL,LogisticGAM,Expected Goal,spatial,spatial_surface,4.347826086956516,44.20289855072464,0.13557415543792944,,,,2014-2024
NHL,LogisticGAM,Expected Goal,spatial,spatial_surface,7.246376811594203,44.20289855072464,0.1212011227878277,,,,2014-2024
NHL,LogisticGAM,Expected Goal,spatial,spatial_surface,10.14492753623189,44.20289855072464,0.10748322665508094,,,,2014-2024
NHL,LogisticGAM,Expected Goal,spatial,spatial_surface,13.043478260869563,44.20289855072464,0.09460306163373781,,,,2014-2024
NHL,LogisticGAM,Expected Goal,spatial,spatial_surface,15.94202898550725,44.20289855072464,0.08273471019422785,,,,2014-2024
NHL,LogisticGAM,Expected Goal,spatial,spatial_surface,18.840579710144922,44.20289855072464,0.07176315956814056,,,,2014-2024
NHL,LogisticGAM,Expected Goal,spatial,spatial_surface,21.73913043478261,44.20289855072464,0.0612203958839099,,,,2014-2024
NHL,LogisticGAM,Expected Goal,spatial,spatial_surface,24.637681159420296,44.20289855072464,0.050616951953161085,,,,2014-2024
NHL,LogisticGAM,Expected Goal,spatial,spatial_surface,27.53623188405797,44.20289855072464,0.03946336058751948,,,,2014-2024
NHL,LogisticGAM,Expected Goal,spatial,spatial_surface,30.434782608695656,44.20289855072464,0.027270154598610076,,,,2014-2024
NHL,LogisticGAM,Expected Goal,spatial,spatial_surface,33.33333333333334,44.20289855072464,0.01354786679805821,,,,2014-2024
NHL,LogisticGAM,Expected Goal,spatial,spatial_surface,36.231884057971,44.20289855072464,-0.0021929700025107688,,,,2014-2024
NHL,LogisticGAM,Expected Goal,spatial,spatial_surface,39.13043478260869,44.20289855072464,-0.020441822991471875,,,,2014-2024
NHL,LogisticGAM,Expected Goal,spatial,spatial_surface,42.028985507246375,44.20289855072464,-0.04168815935719979,,,,2014-2024
NHL,LogisticGAM,Expected Goal,spatial,spatial_surface,44.92753623188406,44.20289855072464,-0.06639717039231215,,,,2014-2024
NHL,LogisticGAM,Expected Goal,spatial,spatial_surface,47.82608695652175,44.20289855072464,-0.09469248770600677,,,,2014-2024
NHL,LogisticGAM,Expected Goal,spatial,spatial_surface,50.72463768115941,44.20289855072464,-0.12644547441768653,,,,2014-2024
NHL,LogisticGAM,Expected Goal,spatial,spatial_surface,53.623188405797094,44.20289855072464,-0.16152159163196544,,,,2014-2024
NHL,LogisticGAM,Expected Goal,spatial,spatial_surface,56.52173913043478,44.20289855072464,-0.19978630045345674,,,,2014-2024
NHL,LogisticGAM,Expected Goal,spatial,spatial_surface,59.42028985507247,44.20289855072464,-0.2411050619867739,,,,2014-2024
NHL,LogisticGAM,Expected Goal,spatial,spatial_surface,62.318840579710155,44.20289855072464,-0.2853433373365306,,,,2014-2024
NHL,LogisticGAM,Expected Goal,spatial,spatial_surface,65.21739130434781,44.20289855072464,-0.33236658760733967,,,,2014-2024
NHL,LogisticGAM,Expected Goal,spatial,spatial_surface,68.1159420289855,44.20289855072464,-0.3820402739038157,,,,2014-2024
NHL,LogisticGAM,Expected Goal,spatial,spatial_surface,71.01449275362319,44.20289855072464,-0.43422985733057146,,,,2014-2024
NHL,LogisticGAM,Expected Goal,spatial,spatial_surface,73.91304347826087,44.20289855072464,-0.48879164078259296,,,,2014-2024
NHL,LogisticGAM,Expected Goal,spatial,spatial_surface,76.81159420289856,44.20289855072464,-0.5455159241156181,,,,2014-2024
NHL,LogisticGAM,Expected Goal,spatial,spatial_surface,79.71014492753622,44.20289855072464,-0.6041640699610209,,,,2014-2024
NHL,LogisticGAM,Expected Goal,spatial,spatial_surface,82.6086956521739,44.20289855072464,-0.6644973177306303,,,,2014-2024
NHL,LogisticGAM,Expected Goal,spatial,spatial_surface,85.5072463768116,44.20289855072464,-0.7262769068362743,,,,2014-2024
NHL,LogisticGAM,Expected Goal,spatial,spatial_surface,88.40579710144928,44.20289855072464,-0.7892640766897815,,,,2014-2024
NHL,LogisticGAM,Expected Goal,spatial,spatial_surface,91.30434782608697,44.20289855072464,-0.8532200667029799,,,,2014-2024
NHL,LogisticGAM,Expected Goal,spatial,spatial_surface,94.20289855072463,44.20289855072464,-0.9179061162876974,,,,2014-2024
NHL,LogisticGAM,Expected Goal,spatial,spatial_surface,97.10144927536231,44.20289855072464,-0.9830834648557631,,,,2014-2024
NHL,LogisticGAM,Expected Goal,spatial,spatial_surface,100.0,44.20289855072464,-1.0485133518190053,,,,2014-2024
NHL,LogisticGAM,Expected Goal,spatial,spatial_surface,-100.0,45.79710144927536,-0.041237743648105875,,,,2014-2024
NHL,LogisticGAM,Expected Goal,spatial,spatial_surface,-97.10144927536231,45.79710144927536,-0.017411737916608768,,,,2014-2024
NHL,LogisticGAM,Expected Goal,spatial,spatial_surface,-94.20289855072464,45.79710144927536,0.006116772467740797,,,,2014-2024
NHL,LogisticGAM,Expected Goal,spatial,spatial_surface,-91.30434782608695,45.79710144927536,0.02925001136293262,,,,2014-2024
NHL,LogisticGAM,Expected Goal,spatial,spatial_surface,-88.40579710144928,45.79710144927536,0.051904983766505965,,,,2014-2024
NHL,LogisticGAM,Expected Goal,spatial,spatial_surface,-85.5072463768116,45.79710144927536,0.07399869467600056,,,,2014-2024
NHL,LogisticGAM,Expected Goal,spatial,spatial_surface,-82.6086956521739,45.79710144927536,0.09544814908895588,,,,2014-2024
NHL,LogisticGAM,Expected Goal,spatial,spatial_surface,-79.71014492753623,45.79710144927536,0.11617035200291129,,,,2014-2024
NHL,LogisticGAM,Expected Goal,spatial,spatial_surface,-76.81159420289855,45.79710144927536,0.13608230841540656,,,,2014-2024
NHL,LogisticGAM,Expected Goal,spatial,spatial_surface,-73.91304347826087,45.79710144927536,0.15510102332398082,,,,2014-2024
NHL,LogisticGAM,Expected Goal,spatial,spatial_surface,-71.01449275362319,45.79710144927536,0.17314350172617407,,,,2014-2024
NHL,LogisticGAM,Expected Goal,spatial,spatial_surface,-68.1159420289855,45.79710144927536,0.1901214851076175,,,,2014-2024
NHL,LogisticGAM,Expected Goal,spatial,spatial_surface,-65.21739130434783,45.79710144927536,0.20591320488798476,,,,2014-2024
NHL,LogisticGAM,Expected Goal,spatial,spatial_surface,-62.31884057971015,45.79710144927536,0.2203837504136693,,,,2014-2024
NHL,LogisticGAM,Expected Goal,spatial,spatial_surface,-59.42028985507246,45.79710144927536,0.23339818010940036,,,,2014-2024
NHL,LogisticGAM,Expected Goal,spatial,spatial_surface,-56.52173913043478,45.79710144927536,0.24482155239990666,,,,2014-2024
NHL,LogisticGAM,Expected Goal,spatial,spatial_surface,-53.6231884057971,45.79710144927536,0.25451892570991735,,,,2014-2024
NHL,LogisticGAM,Expected Goal,spatial,spatial_surface,-50.72463768115942,45.79710144927536,0.2623553584641614,,,,2014-2024
NHL,LogisticGAM,Expected Goal,spatial,spatial_surface,-47.82608695652174,45.79710144927536,0.2681959090873679,,,,2014-2024
NHL,LogisticGAM,Expected Goal,spatial,spatial_surface,-44.927536231884055,45.79710144927536,0.2719056360042658,,,,2014-2024
NHL,LogisticGAM,Expected Goal,spatial,spatial_surface,-42.028985507246375,45.79710144927536,0.27334960066794467,,,,2014-2024
NHL,LogisticGAM,Expected Goal,spatial,spatial_surface,-39.130434782608695,45.79710144927536,0.27244891956533174,,,,2014-2024
NHL,LogisticGAM,Expected Goal,spatial,spatial_surface,-36.231884057971016,45.79710144927536,0.269324041077236,,,,2014-2024
NHL,LogisticGAM,Expected Goal,spatial,spatial_surface,-33.33333333333333,45.79710144927536,0.2641397016114061,,,,2014-2024
NHL,LogisticGAM,Expected Goal,spatial,spatial_surface,-30.434782608695656,45.79710144927536,0.25706063757559094,,,,2014-2024
NHL,LogisticGAM,Expected Goal,spatial,spatial_surface,-27.53623188405797,45.79710144927536,0.2482515853775393,,,,2014-2024
NHL,LogisticGAM,Expected Goal,spatial,spatial_surface,-24.637681159420296,45.79710144927536,0.23787728142500025,,,,2014-2024
NHL,LogisticGAM,Expected Goal,spatial,spatial_surface,-21.73913043478261,45.79710144927536,0.2261024621257224,,,,2014-2024
NHL,LogisticGAM,Expected Goal,spatial,spatial_surface,-18.840579710144922,45.79710144927536,0.21309186388745488,,,,2014-2024
NHL,LogisticGAM,Expected Goal,spatial,spatial_surface,-15.94202898550725,45.79710144927536,0.19901022311794642,,,,2014-2024
NHL,LogisticGAM,Expected Goal,spatial,spatial_surface,-13.043478260869563,45.79710144927536,0.1840223018032906,,,,2014-2024
NHL,LogisticGAM,Expected Goal,spatial,spatial_surface,-10.14492753623189,45.79710144927536,0.16829661306142668,,,,2014-2024
NHL,LogisticGAM,Expected Goal,spatial,spatial_surface,-7.246376811594203,45.79710144927536,0.1520093379269055,,,,2014-2024
NHL,LogisticGAM,Expected Goal,spatial,spatial_surface,-4.347826086956516,45.79710144927536,0.13533759429324876,,,,2014-2024
NHL,LogisticGAM,Expected Goal,spatial,spatial_surface,-1.4492753623188435,45.79710144927536,0.11845850005397797,,,,2014-2024
NHL,LogisticGAM,Expected Goal,spatial,spatial_surface,1.4492753623188435,45.79710144927536,0.10154917310261448,,,,2014-2024
NHL,LogisticGAM,Expected Goal,spatial,spatial_surface,4.347826086956516,45.79710144927536,0.08478673133267986,,,,2014-2024
NHL,LogisticGAM,Expected Goal,spatial,spatial_surface,7.246376811594203,45.79710144927536,0.06834829263769565,,,,2014-2024
NHL,LogisticGAM,Expected Goal,spatial,spatial_surface,10.14492753623189,45.79710144927536,0.05241097491118334,,,,2014-2024
NHL,LogisticGAM,Expected Goal,spatial,spatial_surface,13.043478260869563,45.79710144927536,0.03715189604666456,,,,2014-2024
NHL,LogisticGAM,Expected Goal,spatial,spatial_surface,15.94202898550725,45.79710144927536,0.02274058656176002,,,,2014-2024
NHL,LogisticGAM,Expected Goal,spatial,spatial_surface,18.840579710144922,45.79710144927536,0.00908888872303037,,,,2014-2024
NHL,LogisticGAM,Expected Goal,spatial,spatial_surface,21.73913043478261,45.79710144927536,-0.004206006655749243,,,,2014-2024
NHL,LogisticGAM,Expected Goal,spatial,spatial_surface,24.637681159420296,45.79710144927536,-0.01756603141294439,,,,2014-2024
NHL,LogisticGAM,Expected Goal,spatial,spatial_surface,27.53623188405797,45.79710144927536,-0.031413117386920555,,,,2014-2024
NHL,LogisticGAM,Expected Goal,spatial,spatial_surface,30.434782608695656,45.79710144927536,-0.0461691964160436,,,,2014-2024
NHL,LogisticGAM,Expected Goal,spatial,spatial_surface,33.33333333333334,45.79710144927536,-0.062256200338679,,,,2014-2024
NHL,LogisticGAM,Expected Goal,spatial,spatial_surface,36.231884057971,45.79710144927536,-0.08009606099319222,,,,2014-2024
NHL,LogisticGAM,Expected Goal,spatial,spatial_surface,39.13043478260869,45.79710144927536,-0.10011071021794914,,,,2014-2024
NHL,LogisticGAM,Expected Goal,spatial,spatial_surface,42.028985507246375,45.79710144927536,-0.1227220798513152,,,,2014-2024
NHL,LogisticGAM,Expected Goal,spatial,spatial_surface,44.92753623188406,45.79710144927536,-0.14833171220892624,,,,2014-2024
NHL,LogisticGAM,Expected Goal,spatial,spatial_surface,47.82608695652175,45.79710144927536,-0.17705427084411185,,,,2014-2024
NHL,LogisticGAM,Expected Goal,spatial,spatial_surface,50.72463768115941,45.79710144927536,-0.20879253694927247,,,,2014-2024
NHL,LogisticGAM,Expected Goal,spatial,spatial_surface,53.623188405797094,45.79710144927536,-0.24344433456647754,,,,2014-2024
NHL,LogisticGAM,Expected Goal,spatial,spatial_surface,56.52173913043478,45.79710144927536,-0.2809074877377957,,,,2014-2024
NHL,LogisticGAM,Expected Goal,spatial,spatial_surface,59.42028985507247,45.79710144927536,-0.3210798205052961,,,,2014-2024
NHL,LogisticGAM,Expected Goal,spatial,spatial_surface,62.318840579710155,45.79710144927536,-0.3638591569110477,,,,2014-2024
NHL,LogisticGAM,Expected Goal,spatial,spatial_surface,65.21739130434781,45.79710144927536,-0.40914332099711875,,,,2014-2024
NHL,LogisticGAM,Expected Goal,spatial,spatial_surface,68.1159420289855,45.79710144927536,-0.4568301368055792,,,,2014-2024
NHL,LogisticGAM,Expected Goal,spatial,spatial_surface,71.01449275362319,45.79710144927536,-0.5068174283784977,,,,2014-2024
NHL,LogisticGAM,Expected Goal,spatial,spatial_surface,73.91304347826087,45.79710144927536,-0.5589936348959458,,,,2014-2024
NHL,LogisticGAM,Expected Goal,spatial,spatial_surface,76.81159420289856,45.79710144927536,-0.6131795590195136,,,,2014-2024
NHL,LogisticGAM,Expected Goal,spatial,spatial_surface,79.71014492753622,45.79710144927536,-0.6691663500322077,,,,2014-2024
NHL,LogisticGAM,Expected Goal,spatial,spatial_surface,82.6086956521739,45.79710144927536,-0.7267450309479851,,,,2014-2024
NHL,LogisticGAM,Expected Goal,spatial,spatial_surface,85.5072463768116,45.79710144927536,-0.7857066247808016,,,,2014-2024
NHL,LogisticGAM,Expected Goal,spatial,spatial_surface,88.40579710144928,45.79710144927536,-0.8458421545446134,,,,2014-2024
NHL,LogisticGAM,Expected Goal,spatial,spatial_surface,91.30434782608697,45.79710144927536,-0.9069426432533767,,,,2014-2024
NHL,LogisticGAM,Expected Goal,spatial,spatial_surface,94.20289855072463,45.79710144927536,-0.968799113921047,,,,2014-2024
NHL,LogisticGAM,Expected Goal,spatial,spatial_surface,97.10144927536231,45.79710144927536,-1.0312025895615817,,,,2014-2024
NHL,LogisticGAM,Expected Goal,spatial,spatial_surface,100.0,45.79710144927536,-1.0939440931889368,,,,2014-2024
NHL,LogisticGAM,Expected Goal,spatial,spatial_surface,-100.0,47.391304347826086,-0.023590838287274107,,,,2014-2024
NHL,LogisticGAM,Expected Goal,spatial,spatial_surface,-97.10144927536231,47.391304347826086,-0.0036432992696442085,,,,2014-2024
NHL,LogisticGAM,Expected Goal,spatial,spatial_surface,-94.20289855072464,47.391304347826086,0.016071821636739286,,,,2014-2024
NHL,LogisticGAM,Expected Goal,spatial,spatial_surface,-91.30434782608695,47.391304347826086,0.035477809718618546,,,,2014-2024
NHL,LogisticGAM,Expected Goal,spatial,spatial_surface,-88.40579710144928,47.391304347826086,0.05450948126526911,,,,2014-2024
NHL,LogisticGAM,Expected Goal,spatial,spatial_surface,-85.5072463768116,47.391304347826086,0.07310165256596693,,,,2014-2024
NHL,LogisticGAM,Expected Goal,spatial,spatial_surface,-82.6086956521739,47.391304347826086,0.09118913990998773,,,,2014-2024
NHL,LogisticGAM,Expected Goal,spatial,spatial_surface,-79.71014492753623,47.391304347826086,0.10870675958660714,,,,2014-2024
NHL,LogisticGAM,Expected Goal,spatial,spatial_surface,-76.81159420289855,47.391304347826086,0.12558932788510113,,,,2014-2024
NHL,LogisticGAM,Expected Goal,spatial,spatial_surface,-73.91304347826087,47.391304347826086,0.1417716610947452,,,,2014-2024
NHL,LogisticGAM,Expected Goal,spatial,spatial_surface,-71.01449275362319,47.391304347826086,0.15718857550481546,,,,2014-2024
NHL,LogisticGAM,Expected Goal,spatial,spatial_surface,-68.1159420289855,47.391304347826086,0.17176620288724337,,,,2014-2024
NHL,LogisticGAM,Expected Goal,spatial,spatial_surface,-65.21739130434783,47.391304347826086,0.1853753851705825,,,,2014-2024
NHL,LogisticGAM,Expected Goal,spatial,spatial_surface,-62.31884057971015,47.391304347826086,0.19786528055485464,,,,2014-2024
NHL,LogisticGAM,Expected Goal,spatial,spatial_surface,-59.42028985507246,47.391304347826086,0.20908499622096405,,,,2014-2024
NHL,LogisticGAM,Expected Goal,spatial,spatial_surface,-56.52173913043478,47.391304347826086,0.21888363934981492,,,,2014-2024
NHL,LogisticGAM,Expected Goal,spatial,spatial_surface,-53.6231884057971,47.391304347826086,0.22711031712231167,,,,2014-2024
NHL,LogisticGAM,Expected Goal,spatial,spatial_surface,-50.72463768115942,47.391304347826086,0.23361413671935863,,,,2014-2024
NHL,LogisticGAM,Expected Goal,spatial,spatial_surface,-47.82608695652174,47.391304347826086,0.2382442053218602,,,,2014-2024
NHL,LogisticGAM,Expected Goal,spatial,spatial_surface,-44.927536231884055,47.391304347826086,0.2408496301107205,,,,2014-2024
NHL,LogisticGAM,Expected Goal,spatial,spatial_surface,-42.028985507246375,47.391304347826086,0.2412795212613397,,,,2014-2024
NHL,LogisticGAM,Expected Goal,spatial,spatial_surface,-39.130434782608695,47.391304347826086,0.2394384171450709,,,,2014-2024
NHL,LogisticGAM,Expected Goal,spatial,spatial_surface,-36.231884057971016,47.391304347826086,0.23542795898946564,,,,2014-2024
NHL,LogisticGAM,Expected Goal,spatial,spatial_surface,-33.33333333333333,47.391304347826086,0.22939358079620356,,,,2014-2024
NHL,LogisticGAM,Expected Goal,spatial,spatial_surface,-30.434782608695656,47.391304347826086,0.2214807165669643,,,,2014-2024
NHL,LogisticGAM,Expected Goal,spatial,spatial_surface,-27.53623188405797,47.391304347826086,0.21183480030342758,,,,2014-2024
NHL,LogisticGAM,Expected Goal,spatial,spatial_surface,-24.637681159420296,47.391304347826086,0.20060126600727327,,,,2014-2024
NHL,LogisticGAM,Expected Goal,spatial,spatial_surface,-21.73913043478261,47.391304347826086,0.1879255476801809,,,,2014-2024
NHL,LogisticGAM,Expected Goal,spatial,spatial_surface,-18.840579710144922,47.391304347826086,0.17395307932383042,,,,2014-2024
NHL,LogisticGAM,Expected Goal,spatial,spatial_surface,-15.94202898550725,47.391304347826086,0.1588292949399014,,,,2014-2024
NHL,LogisticGAM,Expected Goal,spatial,spatial_surface,-13.043478260869563,47.391304347826086,0.14269968267031058,,,,2014-2024
NHL,LogisticGAM,Expected Goal,spatial,spatial_surface,-10.14492753623189,47.391304347826086,0.1257176704657931,,,,2014-2024
NHL,LogisticGAM,Expected Goal,spatial,spatial_surface,-7.246376811594203,47.391304347826086,0.10805291652289796,,,,2014-2024
NHL,LogisticGAM,Expected Goal,spatial,spatial_surface,-4.347826086956516,47.391304347826086,0.0898770620346197,,,,2014-2024
NHL,LogisticGAM,Expected Goal,spatial,spatial_surface,-1.4492753623188435,47.391304347826086,0.07136174819395284,,,,2014-2024
NHL,LogisticGAM,Expected Goal,spatial,spatial_surface,1.4492753623188435,47.391304347826086,0.05267861619389154,,,,2014-2024
NHL,LogisticGAM,Expected Goal,spatial,spatial_surface,4.347826086956516,47.391304347826086,0.03399930722743034,,,,2014-2024
NHL,LogisticGAM,Expected Goal,spatial,spatial_surface,7.246376811594203,47.391304347826086,0.015495462487563618,,,,2014-2024
NHL,LogisticGAM,Expected Goal,spatial,spatial_surface,10.14492753623189,47.391304347826086,-0.002661276832714206,,,,2014-2024
NHL,LogisticGAM,Expected Goal,spatial,spatial_surface,13.043478260869563,47.391304347826086,-0.02029926954040863,,,,2014-2024
NHL,LogisticGAM,Expected Goal,spatial,spatial_surface,15.94202898550725,47.391304347826086,-0.037253537070707776,,,,2014-2024
NHL,LogisticGAM,Expected Goal,spatial,spatial_surface,18.840579710144922,47.391304347826086,-0.053585382122079785,,,,2014-2024
NHL,LogisticGAM,Expected Goal,spatial,spatial_surface,21.73913043478261,47.391304347826086,-0.06963240919540833,,,,2014-2024
NHL,LogisticGAM,Expected Goal,spatial,spatial_surface,24.637681159420296,47.391304347826086,-0.08574901477904981,,,,2014-2024
NHL,LogisticGAM,Expected Goal,spatial,spatial_surface,27.53623188405797,47.391304347826086,-0.10228959536136054,,,,2014-2024
NHL,LogisticGAM,Expected Goal,spatial,spatial_surface,30.434782608695656,47.391304347826086,-0.11960854743069721,,,,2014-2024
NHL,LogisticGAM,Expected Goal,spatial,spatial_surface,33.33333333333334,47.391304347826086,-0.13806026747541617,,,,2014-2024
NHL,LogisticGAM,Expected Goal,spatial,spatial_surface,36.231884057971,47.391304347826086,-0.1579991519838736,,,,2014-2024
NHL,LogisticGAM,Expected Goal,spatial,spatial_surface,39.13043478260869,47.391304347826086,-0.1797795974444263,,,,2014-2024
NHL,LogisticGAM,Expected Goal,spatial,spatial_surface,42.028985507246375,47.391304347826086,-0.20375600034543054,,,,2014-2024
NHL,LogisticGAM,Expected Goal,spatial,spatial_surface,44.92753623188406,47.391304347826086,-0.23026625402554027,,,,2014-2024
NHL,LogisticGAM,Expected Goal,spatial,spatial_surface,47.82608695652175,47.391304347826086,-0.2594160539822169,,,,2014-2024
NHL,LogisticGAM,Expected Goal,spatial,spatial_surface,50.72463768115941,47.391304347826086,-0.29113959948085844,,,,2014-2024
NHL,LogisticGAM,Expected Goal,spatial,spatial_surface,53.623188405797094,47.391304347826086,-0.3253670775009897,,,,2014-2024
NHL,LogisticGAM,Expected Goal,spatial,spatial_surface,56.52173913043478,47.391304347826086,-0.36202867502213476,,,,2014-2024
NHL,LogisticGAM,Expected Goal,spatial,spatial_surface,59.42028985507247,47.391304347826086,-0.4010545790238183,,,,2014-2024
NHL,LogisticGAM,Expected Goal,spatial,spatial_surface,62.318840579710155,47.391304347826086,-0.4423749764855647,,,,2014-2024
NHL,LogisticGAM,Expected Goal,spatial,spatial_surface,65.21739130434781,47.391304347826086,-0.4859200543868978,,,,2014-2024
NHL,LogisticGAM,Expected Goal,spatial,spatial_surface,68.1159420289855,47.391304347826086,-0.5316199997073427,,,,2014-2024
NHL,LogisticGAM,Expected Goal,spatial,spatial_surface,71.01449275362319,47.391304347826086,-0.5794049994264239,,,,2014-2024
NHL,LogisticGAM,Expected Goal,spatial,spatial_surface,73.91304347826087,47.391304347826086,-0.6291956290092986,,,,2014-2024
NHL,LogisticGAM,Expected Goal,spatial,spatial_surface,76.81159420289856,47.391304347826086,-0.6808431939234091,,,,2014-2024
NHL,LogisticGAM,Expected Goal,spatial,spatial_surface,79.71014492753622,47.391304347826086,-0.7341686301033945,,,,2014-2024
NHL,LogisticGAM,Expected Goal,spatial,spatial_surface,82.6086956521739,47.391304347826086,-0.7889927441653398,,,,2014-2024
NHL,LogisticGAM,Expected Goal,spatial,spatial_surface,85.5072463768116,47.391304347826086,-0.8451363427253287,,,,2014-2024
NHL,LogisticGAM,Expected Goal,spatial,spatial_surface,88.40579710144928,47.391304347826086,-0.902420232399445,,,,2014-2024
NHL,LogisticGAM,Expected Goal,spatial,spatial_surface,91.30434782608697,47.391304347826086,-0.9606652198037732,,,,2014-2024
NHL,LogisticGAM,Expected Goal,spatial,spatial_surface,94.20289855072463,47.391304347826086,-1.0196921115543967,,,,2014-2024
NHL,LogisticGAM,Expected Goal,spatial,spatial_surface,97.10144927536231,47.391304347826086,-1.0793217142674003,,,,2014-2024
NHL,LogisticGAM,Expected Goal,spatial,spatial_surface,100.0,47.391304347826086,-1.1393748345588681,,,,2014-2024
NHL,LogisticGAM,Expected Goal,spatial,spatial_surface,-100.0,48.98550724637681,-0.005943932926442549,,,,2014-2024
NHL,LogisticGAM,Expected Goal,spatial,spatial_surface,-97.10144927536231,48.98550724637681,0.01012513937732019,,,,2014-2024
NHL,LogisticGAM,Expected Goal,spatial,spatial_surface,-94.20289855072464,48.98550724637681,0.026026870805737654,,,,2014-2024
NHL,LogisticGAM,Expected Goal,spatial,spatial_surface,-91.30434782608695,48.98550724637681,0.041705608074304366,,,,2014-2024
NHL,LogisticGAM,Expected Goal,spatial,spatial_surface,-88.40579710144928,48.98550724637681,0.057113978764032215,,,,2014-2024
NHL,LogisticGAM,Expected Goal,spatial,spatial_surface,-85.5072463768116,48.98550724637681,0.07220461045593331,,,,2014-2024
NHL,LogisticGAM,Expected Goal,spatial,spatial_surface,-82.6086956521739,48.98550724637681,0.08693013073101961,,,,2014-2024
NHL,LogisticGAM,Expected Goal,spatial,spatial_surface,-79.71014492753623,48.98550724637681,0.10124316717030309,,,,2014-2024
NHL,LogisticGAM,Expected Goal,spatial,spatial_surface,-76.81159420289855,48.98550724637681,0.11509634735479585,,,,2014-2024
NHL,LogisticGAM,Expected Goal,spatial,spatial_surface,-73.91304347826087,48.98550724637681,0.12844229886550976,,,,2014-2024
NHL,LogisticGAM,Expected Goal,spatial,spatial_surface,-71.01449275362319,48.98550724637681,0.14123364928345705,,,,2014-2024
NHL,LogisticGAM,Expected Goal,spatial,spatial_surface,-68.1159420289855,48.98550724637681,0.1534109206668694,,,,2014-2024
NHL,LogisticGAM,Expected Goal,spatial,spatial_surface,-65.21739130434783,48.98550724637681,0.16483756545318054,,,,2014-2024
NHL,LogisticGAM,Expected Goal,spatial,spatial_surface,-62.31884057971015,48.98550724637681,0.17534681069604013,,,,2014-2024
NHL,LogisticGAM,Expected Goal,spatial,spatial_surface,-59.42028985507246,48.98550724637681,0.18477181233252796,,,,2014-2024
NHL,LogisticGAM,Expected Goal,spatial,spatial_surface,-56.52173913043478,48.98550724637681,0.19294572629972345,,,,2014-2024
NHL,LogisticGAM,Expected Goal,spatial,spatial_surface,-53.6231884057971,48.98550724637681,0.19970170853470637,,,,2014-2024
NHL,LogisticGAM,Expected Goal,spatial,spatial_surface,-50.72463768115942,48.98550724637681,0.20487291497455618,,,,2014-2024
NHL,LogisticGAM,Expected Goal,spatial,spatial_surface,-47.82608695652174,48.98550724637681,0.20829250155635273,,,,2014-2024
NHL,LogisticGAM,Expected Goal,spatial,spatial_surface,-44.927536231884055,48.98550724637681,0.20979362421717554,,,,2014-2024
NHL,LogisticGAM,Expected Goal,spatial,spatial_surface,-42.028985507246375,48.98550724637681,0.20920944185473508,,,,2014-2024
NHL,LogisticGAM,Expected Goal,spatial,spatial_surface,-39.130434782608695,48.98550724637681,0.2064279147248104,,,,2014-2024
NHL,LogisticGAM,Expected Goal,spatial,spatial_surface,-36.231884057971016,48.98550724637681,0.20153187690169563,,,,2014-2024
NHL,LogisticGAM,Expected Goal,spatial,spatial_surface,-33.33333333333333,48.98550724637681,0.19464745998100133,,,,2014-2024
NHL,LogisticGAM,Expected Goal,spatial,spatial_surface,-30.434782608695656,48.98550724637681,0.185900795558338,,,,2014-2024
NHL,LogisticGAM,Expected Goal,spatial,spatial_surface,-27.53623188405797,48.98550724637681,0.17541801522931624,,,,2014-2024
NHL,LogisticGAM,Expected Goal,spatial,spatial_surface,-24.637681159420296,48.98550724637681,0.1633252505895467,,,,2014-2024
NHL,LogisticGAM,Expected Goal,spatial,spatial_surface,-21.73913043478261,48.98550724637681,0.14974863323463986,,,,2014-2024
NHL,LogisticGAM,Expected Goal,spatial,spatial_surface,-18.840579710144922,48.98550724637681,0.1348142947602064,,,,2014-2024
NHL,LogisticGAM,Expected Goal,spatial,spatial_surface,-15.94202898550725,48.98550724637681,0.11864836676185687,,,,2014-2024
NHL,LogisticGAM,Expected Goal,spatial,spatial_surface,-13.043478260869563,48.98550724637681,0.10137706353733104,,,,2014-2024
NHL,LogisticGAM,Expected Goal,spatial,spatial_surface,-10.14492753623189,48.98550724637681,0.08313872787015994,,,,2014-2024
NHL,LogisticGAM,Expected Goal,spatial,spatial_surface,-7.246376811594203,48.98550724637681,0.06409649511889086,,,,2014-2024
NHL,LogisticGAM,Expected Goal,spatial,spatial_surface,-4.347826086956516,48.98550724637681,0.04441652977599119,,,,2014-2024
NHL,LogisticGAM,Expected Goal,spatial,spatial_surface,-1.4492753623188435,48.98550724637681,0.02426499633392825,,,,2014-2024
NHL,LogisticGAM,Expected Goal,spatial,spatial_surface,1.4492753623188435,48.98550724637681,0.003808059285169195,,,,2014-2024
NHL,LogisticGAM,Expected Goal,spatial,spatial_surface,4.347826086956516,48.98550724637681,-0.016788116877818587,,,,2014-2024
NHL,LogisticGAM,Expected Goal,spatial,spatial_surface,7.246376811594203,48.98550724637681,-0.03735736766256779,,,,2014-2024
NHL,LogisticGAM,Expected Goal,spatial,spatial_surface,10.14492753623189,48.98550724637681,-0.05773352857661112,,,,2014-2024
NHL,LogisticGAM,Expected Goal,spatial,spatial_surface,13.043478260869563,48.98550724637681,-0.07775043512748113,,,,2014-2024
NHL,LogisticGAM,Expected Goal,spatial,spatial_surface,15.94202898550725,48.98550724637681,-0.09724766070317489,,,,2014-2024
NHL,LogisticGAM,Expected Goal,spatial,spatial_surface,18.840579710144922,48.98550724637681,-0.11625965296718921,,,,2014-2024
NHL,LogisticGAM,Expected Goal,spatial,spatial_surface,21.73913043478261,48.98550724637681,-0.13505881173506668,,,,2014-2024
NHL,LogisticGAM,Expected Goal,spatial,spatial_surface,24.637681159420296,48.98550724637681,-0.15393199814515446,,,,2014-2024
NHL,LogisticGAM,Expected Goal,spatial,spatial_surface,27.53623188405797,48.98550724637681,-0.1731660733357997,,,,2014-2024
NHL,LogisticGAM,Expected Goal,spatial,spatial_surface,30.434782608695656,48.98550724637681,-0.19304789844534997,,,,2014-2024
NHL,LogisticGAM,Expected Goal,spatial,spatial_surface,33.33333333333334,48.98550724637681,-0.21386433461215243,,,,2014-2024
NHL,LogisticGAM,Expected Goal,spatial,spatial_surface,36.231884057971,48.98550724637681,-0.2359022429745541,,,,2014-2024
NHL,LogisticGAM,Expected Goal,spatial,spatial_surface,39.13043478260869,48.98550724637681,-0.25944848467090253,,,,2014-2024
NHL,LogisticGAM,Expected Goal,spatial,spatial_surface,42.028985507246375,48.98550724637681,-0.2847899208395449,,,,2014-2024
NHL,LogisticGAM,Expected Goal,spatial,spatial_surface,44.92753623188406,48.98550724637681,-0.3122007958421533,,,,2014-2024
NHL,LogisticGAM,Expected Goal,spatial,spatial_surface,47.82608695652175,48.98550724637681,-0.34177783712032095,,,,2014-2024
NHL,LogisticGAM,Expected Goal,spatial,spatial_surface,50.72463768115941,48.98550724637681,-0.3734866620124433,,,,2014-2024
NHL,LogisticGAM,Expected Goal,spatial,spatial_surface,53.623188405797094,48.98550724637681,-0.40728982043550066,,,,2014-2024
NHL,LogisticGAM,Expected Goal,spatial,spatial_surface,56.52173913043478,48.98550724637681,-0.44314986230647274,,,,2014-2024
NHL,LogisticGAM,Expected Goal,spatial,spatial_surface,59.42028985507247,48.98550724637681,-0.4810293375423395,,,,2014-2024
NHL,LogisticGAM,Expected Goal,spatial,spatial_surface,62.318840579710155,48.98550724637681,-0.5208907960600808,,,,2014-2024
NHL,LogisticGAM,Expected Goal,spatial,spatial_surface,65.21739130434781,48.98550724637681,-0.5626967877766758,,,,2014-2024
NHL,LogisticGAM,Expected Goal,spatial,spatial_surface,68.1159420289855,48.98550724637681,-0.6064098626091055,,,,2014-2024
NHL,LogisticGAM,Expected Goal,spatial,spatial_surface,71.01449275362319,48.98550724637681,-0.6519925704743492,,,,2014-2024
NHL,LogisticGAM,Expected Goal,spatial,spatial_surface,73.91304347826087,48.98550724637681,-0.6993976231226503,,,,2014-2024
NHL,LogisticGAM,Expected Goal,spatial,spatial_surface,76.81159420289856,48.98550724637681,-0.7485068288273037,,,,2014-2024
NHL,LogisticGAM,Expected Goal,spatial,spatial_surface,79.71014492753622,48.98550724637681,-0.7991709101745805,,,,2014-2024
NHL,LogisticGAM,Expected Goal,spatial,spatial_surface,82.6086956521739,48.98550724637681,-0.8512404573826938,,,,2014-2024
NHL,LogisticGAM,Expected Goal,spatial,spatial_surface,85.5072463768116,48.98550724637681,-0.9045660606698549,,,,2014-2024
NHL,LogisticGAM,Expected Goal,spatial,spatial_surface,88.40579710144928,48.98550724637681,-0.958998310254276,,,,2014-2024
NHL,LogisticGAM,Expected Goal,spatial,spatial_surface,91.30434782608697,48.98550724637681,-1.0143877963541692,,,,2014-2024
NHL,LogisticGAM,Expected Goal,spatial,spatial_surface,94.20289855072463,48.98550724637681,-1.0705851091877454,,,,2014-2024
NHL,LogisticGAM,Expected Goal,spatial,spatial_surface,97.10144927536231,48.98550724637681,-1.1274408389732182,,,,2014-2024
NHL,LogisticGAM,Expected Goal,spatial,spatial_surface,100.0,48.98550724637681,-1.184805575928799,,,,2014-2024
NHL,LogisticGAM,Expected Goal,spatial,spatial_surface,-100.0,50.57971014492753,0.01170297243438903,,,,2014-2024
NHL,LogisticGAM,Expected Goal,spatial,spatial_surface,-97.10144927536231,50.57971014492753,0.023893578024284604,,,,2014-2024
NHL,LogisticGAM,Expected Goal,spatial,spatial_surface,-94.20289855072464,50.57971014492753,0.03598191997473604,,,,2014-2024
NHL,LogisticGAM,Expected Goal,spatial,spatial_surface,-91.30434782608695,50.57971014492753,0.047933406429990236,,,,2014-2024
NHL,LogisticGAM,Expected Goal,spatial,spatial_surface,-88.40579710144928,50.57971014492753,0.05971847626279532,,,,2014-2024
NHL,LogisticGAM,Expected Goal,spatial,spatial_surface,-85.5072463768116,50.57971014492753,0.07130756834589967,,,,2014-2024
NHL,LogisticGAM,Expected Goal,spatial,spatial_surface,-82.6086956521739,50.57971014492753,0.0826711215520515,,,,2014-2024
NHL,LogisticGAM,Expected Goal,spatial,spatial_surface,-79.71014492753623,50.57971014492753,0.09377957475399903,,,,2014-2024
NHL,LogisticGAM,Expected Goal,spatial,spatial_surface,-76.81159420289855,50.57971014492753,0.10460336682449058,,,,2014-2024
NHL,LogisticGAM,Expected Goal,spatial,spatial_surface,-73.91304347826087,50.57971014492753,0.11511293663627428,,,,2014-2024
NHL,LogisticGAM,Expected Goal,spatial,spatial_surface,-71.01449275362319,50.57971014492753,0.1252787230620986,,,,2014-2024
NHL,LogisticGAM,Expected Goal,spatial,spatial_surface,-68.1159420289855,50.57971014492753,0.13505563844649546,,,,2014-2024
NHL,LogisticGAM,Expected Goal,spatial,spatial_surface,-65.21739130434783,50.57971014492753,0.14429974573577856,,,,2014-2024
NHL,LogisticGAM,Expected Goal,spatial,spatial_surface,-62.31884057971015,50.57971014492753,0.1528283408372257,,,,2014-2024
NHL,LogisticGAM,Expected Goal,spatial,spatial_surface,-59.42028985507246,50.57971014492753,0.16045862844409192,,,,2014-2024
NHL,LogisticGAM,Expected Goal,spatial,spatial_surface,-56.52173913043478,50.57971014492753,0.16700781324963201,,,,2014-2024
NHL,LogisticGAM,Expected Goal,spatial,spatial_surface,-53.6231884057971,50.57971014492753,0.17229309994710093,,,,2014-2024
NHL,LogisticGAM,Expected Goal,spatial,spatial_surface,-50.72463768115942,50.57971014492753,0.17613169322975372,,,,2014-2024
NHL,LogisticGAM,Expected Goal,spatial,spatial_surface,-47.82608695652174,50.57971014492753,0.17834079779084527,,,,2014-2024
NHL,LogisticGAM,Expected Goal,spatial,spatial_surface,-44.927536231884055,50.57971014492753,0.17873761832363055,,,,2014-2024
NHL,LogisticGAM,Expected Goal,spatial,spatial_surface,-42.028985507246375,50.57971014492753,0.1771393624481305,,,,2014-2024
NHL,LogisticGAM,Expected Goal,spatial,spatial_surface,-39.130434782608695,50.57971014492753,0.17341741230454993,,,,2014-2024
NHL,LogisticGAM,Expected Goal,spatial,spatial_surface,-36.231884057971016,50.57971014492753,0.16763579481392563,,,,2014-2024
NHL,LogisticGAM,Expected Goal,spatial,spatial_surface,-33.33333333333333,50.57971014492753,0.1599013391657991,,,,2014-2024
NHL,LogisticGAM,Expected Goal,spatial,spatial_surface,-30.434782608695656,50.57971014492753,0.1503208745497117,,,,2014-2024
NHL,LogisticGAM,Expected Goal,spatial,spatial_surface,-27.53623188405797,50.57971014492753,0.13900123015520488,,,,2014-2024
NHL,LogisticGAM,Expected Goal,spatial,spatial_surface,-24.637681159420296,50.57971014492753,0.12604923517182012,,,,2014-2024
NHL,LogisticGAM,Expected Goal,spatial,spatial_surface,-21.73913043478261,50.57971014492753,0.11157171878909877,,,,2014-2024
NHL,LogisticGAM,Expected Goal,spatial,spatial_surface,-18.840579710144922,50.57971014492753,0.09567551019658235,,,,2014-2024
NHL,LogisticGAM,Expected Goal,spatial,spatial_surface,-15.94202898550725,50.57971014492753,0.07846743858381229,,,,2014-2024
NHL,LogisticGAM,Expected Goal,spatial,spatial_surface,-13.043478260869563,50.57971014492753,0.06005444440435141,,,,2014-2024
NHL,LogisticGAM,Expected Goal,spatial,spatial_surface,-10.14492753623189,50.57971014492753,0.040559785274526784,,,,2014-2024
NHL,LogisticGAM,Expected Goal,spatial,spatial_surface,-7.246376811594203,50.57971014492753,0.02014007371488373,,,,2014-2024
NHL,LogisticGAM,Expected Goal,spatial,spatial_surface,-4.347826086956516,50.57971014492753,-0.0010440024826374108,,,,2014-2024
NHL,LogisticGAM,Expected Goal,spatial,spatial_surface,-1.4492753623188435,50.57971014492753,-0.022831755526096387,,,,2014-2024
NHL,LogisticGAM,Expected Goal,spatial,spatial_surface,1.4492753623188435,50.57971014492753,-0.04506249762355319,,,,2014-2024
NHL,LogisticGAM,Expected Goal,spatial,spatial_surface,4.347826086956516,50.57971014492753,-0.06757554098306755,,,,2014-2024
NHL,LogisticGAM,Expected Goal,spatial,spatial_surface,7.246376811594203,50.57971014492753,-0.09021019781269925,,,,2014-2024
NHL,LogisticGAM,Expected Goal,spatial,spatial_surface,10.14492753623189,50.57971014492753,-0.1128057803205081,,,,2014-2024
NHL,LogisticGAM,Expected Goal,spatial,spatial_surface,13.043478260869563,50.57971014492753,-0.13520160071455373,,,,2014-2024
NHL,LogisticGAM,Expected Goal,spatial,spatial_surface,15.94202898550725,50.57971014492753,-0.15724178433564204,,,,2014-2024
NHL,LogisticGAM,Expected Goal,spatial,spatial_surface,18.840579710144922,50.57971014492753,-0.17893392381229872,,,,2014-2024
NHL,LogisticGAM,Expected Goal,spatial,spatial_surface,21.73913043478261,50.57971014492753,-0.20048521427472507,,,,2014-2024
NHL,LogisticGAM,Expected Goal,spatial,spatial_surface,24.637681159420296,50.57971014492753,-0.22211498151125916,,,,2014-2024
NHL,LogisticGAM,Expected Goal,spatial,spatial_surface,27.53623188405797,50.57971014492753,-0.24404255131023891,,,,2014-2024
NHL,LogisticGAM,Expected Goal,spatial,spatial_surface,30.434782608695656,50.57971014492753,-0.2664872494600028,,,,2014-2024
NHL,LogisticGAM,Expected Goal,spatial,spatial_surface,33.33333333333334,50.57971014492753,-0.2896684017488888,,,,2014-2024
NHL,LogisticGAM,Expected Goal,spatial,spatial_surface,36.231884057971,50.57971014492753,-0.31380533396523463,,,,2014-2024
NHL,LogisticGAM,Expected Goal,spatial,spatial_surface,39.13043478260869,50.57971014492753,-0.33911737189737884,,,,2014-2024
NHL,LogisticGAM,Expected Goal,spatial,spatial_surface,42.028985507246375,50.57971014492753,-0.36582384133365936,,,,2014-2024
NHL,LogisticGAM,Expected Goal,spatial,spatial_surface,44.92753623188406,50.57971014492753,-0.39413533765876646,,,,2014-2024
NHL,LogisticGAM,Expected Goal,spatial,spatial_surface,47.82608695652175,50.57971014492753,-0.42413962025842505,,,,2014-2024
NHL,LogisticGAM,Expected Goal,spatial,spatial_surface,50.72463768115941,50.57971014492753,-0.4558337245440284,,,,2014-2024
NHL,LogisticGAM,Expected Goal,spatial,spatial_surface,53.623188405797094,50.57971014492753,-0.48921256337001195,,,,2014-2024
NHL,LogisticGAM,Expected Goal,spatial,spatial_surface,56.52173913043478,50.57971014492753,-0.524271049590811,,,,2014-2024
NHL,LogisticGAM,Expected Goal,spatial,spatial_surface,59.42028985507247,50.57971014492753,-0.5610040960608608,,,,2014-2024
NHL,LogisticGAM,Expected Goal,spatial,spatial_surface,62.318840579710155,50.57971014492753,-0.5994066156345969,,,,2014-2024
NHL,LogisticGAM,Expected Goal,spatial,spatial_surface,65.21739130434781,50.57971014492753,-0.639473521166454,,,,2014-2024
NHL,LogisticGAM,Expected Goal,spatial,spatial_surface,68.1159420289855,50.57971014492753,-0.6811997255108683,,,,2014-2024
NHL,LogisticGAM,Expected Goal,spatial,spatial_surface,71.01449275362319,50.57971014492753,-0.7245801415222746,,,,2014-2024
NHL,LogisticGAM,Expected Goal,spatial,spatial_surface,73.91304347826087,50.57971014492753,-0.7695996172360021,,,,2014-2024
NHL,LogisticGAM,Expected Goal,spatial,spatial_surface,76.81159420289856,50.57971014492753,-0.8161704637311984,,,,2014-2024
NHL,LogisticGAM,Expected Goal,spatial,spatial_surface,79.71014492753622,50.57971014492753,-0.8641731902457667,,,,2014-2024
NHL,LogisticGAM,Expected Goal,spatial,spatial_surface,82.6086956521739,50.57971014492753,-0.9134881706000477,,,,2014-2024
NHL,LogisticGAM,Expected Goal,spatial,spatial_surface,85.5072463768116,50.57971014492753,-0.9639957786143812,,,,2014-2024
NHL,LogisticGAM,Expected Goal,spatial,spatial_surface,88.40579710144928,50.57971014492753,-1.015576388109107,,,,2014-2024
NHL,LogisticGAM,Expected Goal,spatial,spatial_surface,91.30434782608697,50.57971014492753,-1.068110372904565,,,,2014-2024
NHL,LogisticGAM,Expected Goal,spatial,spatial_surface,94.20289855072463,50.57971014492753,-1.1214781068210944,,,,2014-2024
NHL,LogisticGAM,Expected Goal,spatial,spatial_surface,97.10144927536231,50.57971014492753,-1.1755599636790361,,,,2014-2024
NHL,LogisticGAM,Expected Goal,spatial,spatial_surface,100.0,50.57971014492753,-1.2302363172987298,,,,2014-2024
NHL,LogisticGAM,Expected Goal,spatial,spatial_surface,-100.0,52.17391304347826,0.029349877795220587,,,,2014-2024
NHL,LogisticGAM,Expected Goal,spatial,spatial_surface,-97.10144927536231,52.17391304347826,0.037662016671249,,,,2014-2024
NHL,LogisticGAM,Expected Goal,spatial,spatial_surface,-94.20289855072464,52.17391304347826,0.04593696914373441,,,,2014-2024
NHL,LogisticGAM,Expected Goal,spatial,spatial_surface,-91.30434782608695,52.17391304347826,0.05416120478567608,,,,2014-2024
NHL,LogisticGAM,Expected Goal,spatial,spatial_surface,-88.40579710144928,52.17391304347826,0.06232297376155843,,,,2014-2024
NHL,LogisticGAM,Expected Goal,spatial,spatial_surface,-85.5072463768116,52.17391304347826,0.07041052623586605,,,,2014-2024
NHL,LogisticGAM,Expected Goal,spatial,spatial_surface,-82.6086956521739,52.17391304347826,0.0784121123730834,,,,2014-2024
NHL,LogisticGAM,Expected Goal,spatial,spatial_surface,-79.71014492753623,52.17391304347826,0.08631598233769498,,,,2014-2024
NHL,LogisticGAM,Expected Goal,spatial,spatial_surface,-76.81159420289855,52.17391304347826,0.0941103862941853,,,,2014-2024
NHL,LogisticGAM,Expected Goal,spatial,spatial_surface,-73.91304347826087,52.17391304347826,0.10178357440703883,,,,2014-2024
NHL,LogisticGAM,Expected Goal,spatial,spatial_surface,-71.01449275362319,52.17391304347826,0.1093237968407402,,,,2014-2024
NHL,LogisticGAM,Expected Goal,spatial,spatial_surface,-68.1159420289855,52.17391304347826,0.11670035622612153,,,,2014-2024
NHL,LogisticGAM,Expected Goal,spatial,spatial_surface,-65.21739130434783,52.17391304347826,0.12376192601837659,,,,2014-2024
NHL,LogisticGAM,Expected Goal,spatial,spatial_surface,-62.31884057971015,52.17391304347826,0.13030987097841126,,,,2014-2024
NHL,LogisticGAM,Expected Goal,spatial,spatial_surface,-59.42028985507246,52.17391304347826,0.1361454445556559,,,,2014-2024
NHL,LogisticGAM,Expected Goal,spatial,spatial_surface,-56.52173913043478,52.17391304347826,0.1410699001995406,,,,2014-2024
NHL,LogisticGAM,Expected Goal,spatial,spatial_surface,-53.6231884057971,52.17391304347826,0.1448844913594956,,,,2014-2024
NHL,LogisticGAM,Expected Goal,spatial,spatial_surface,-50.72463768115942,52.17391304347826,0.1473904714849513,,,,2014-2024
NHL,LogisticGAM,Expected Goal,spatial,spatial_surface,-47.82608695652174,52.17391304347826,0.1483890940253379,,,,2014-2024
NHL,LogisticGAM,Expected Goal,spatial,spatial_surface,-44.927536231884055,52.17391304347826,0.1476816124300856,,,,2014-2024
NHL,LogisticGAM,Expected Goal,spatial,spatial_surface,-42.028985507246375,52.17391304347826,0.14506928304152597,,,,2014-2024
NHL,LogisticGAM,Expected Goal,spatial,spatial_surface,-39.130434782608695,52.17391304347826,0.14040690988428944,,,,2014-2024
NHL,LogisticGAM,Expected Goal,spatial,spatial_surface,-36.231884057971016,52.17391304347826,0.13373971272615567,,,,2014-2024
NHL,LogisticGAM,Expected Goal,spatial,spatial_surface,-33.33333333333333,52.17391304347826,0.1251552183505969,,,,2014-2024
NHL,LogisticGAM,Expected Goal,spatial,spatial_surface,-30.434782608695656,52.17391304347826,0.11474095354108543,,,,2014-2024
NHL,LogisticGAM,Expected Goal,spatial,spatial_surface,-27.53623188405797,52.17391304347826,0.10258444508109354,,,,2014-2024
NHL,LogisticGAM,Expected Goal,spatial,spatial_surface,-24.637681159420296,52.17391304347826,0.08877321975409357,,,,2014-2024
NHL,LogisticGAM,Expected Goal,spatial,spatial_surface,-21.73913043478261,52.17391304347826,0.07339480434355773,,,,2014-2024
NHL,LogisticGAM,Expected Goal,spatial,spatial_surface,-18.840579710144922,52.17391304347826,0.056536725632958355,,,,2014-2024
NHL,LogisticGAM,Expected Goal,spatial,spatial_surface,-15.94202898550725,52.17391304347826,0.038286510405767776,,,,2014-2024
NHL,LogisticGAM,Expected Goal,spatial,spatial_surface,-13.043478260869563,52.17391304347826,0.018731825271371887,,,,2014-2024
NHL,LogisticGAM,Expected Goal,spatial,spatial_surface,-10.14492753623189,52.17391304347826,-0.002019157321106327,,,,2014-2024
NHL,LogisticGAM,Expected Goal,spatial,spatial_surface,-7.246376811594203,52.17391304347826,-0.023816347689123305,,,,2014-2024
NHL,LogisticGAM,Expected Goal,spatial,spatial_surface,-4.347826086956516,52.17391304347826,-0.04650453474126592,,,,2014-2024
NHL,LogisticGAM,Expected Goal,spatial,spatial_surface,-1.4492753623188435,52.17391304347826,-0.06992850738612096,,,,2014-2024
NHL,LogisticGAM,Expected Goal,spatial,spatial_surface,1.4492753623188435,52.17391304347826,-0.09393305453227552,,,,2014-2024
NHL,LogisticGAM,Expected Goal,spatial,spatial_surface,4.347826086956516,52.17391304347826,-0.11836296508831647,,,,2014-2024
NHL,LogisticGAM,Expected Goal,spatial,spatial_surface,7.246376811594203,52.17391304347826,-0.14306302796283063,,,,2014-2024
NHL,LogisticGAM,Expected Goal,spatial,spatial_surface,10.14492753623189,52.17391304347826,-0.16787803206440502,,,,2014-2024
NHL,LogisticGAM,Expected Goal,spatial,spatial_surface,13.043478260869563,52.17391304347826,-0.19265276630162625,,,,2014-2024
NHL,LogisticGAM,Expected Goal,spatial,spatial_surface,15.94202898550725,52.17391304347826,-0.21723590796810915,,,,2014-2024
NHL,LogisticGAM,Expected Goal,spatial,spatial_surface,18.840579710144922,52.17391304347826,-0.24160819465740807,,,,2014-2024
NHL,LogisticGAM,Expected Goal,spatial,spatial_surface,21.73913043478261,52.17391304347826,-0.26591161681438336,,,,2014-2024
NHL,LogisticGAM,Expected Goal,spatial,spatial_surface,24.637681159420296,52.17391304347826,-0.29029796487736376,,,,2014-2024
NHL,LogisticGAM,Expected Goal,spatial,spatial_surface,27.53623188405797,52.17391304347826,-0.3149190292846781,,,,2014-2024
NHL,LogisticGAM,Expected Goal,spatial,spatial_surface,30.434782608695656,52.17391304347826,-0.33992660047465556,,,,2014-2024
NHL,LogisticGAM,Expected Goal,spatial,spatial_surface,33.33333333333334,52.17391304347826,-0.365472468885625,,,,2014-2024
NHL,LogisticGAM,Expected Goal,spatial,spatial_surface,36.231884057971,52.17391304347826,-0.3917084249559151,,,,2014-2024
NHL,LogisticGAM,Expected Goal,spatial,spatial_surface,39.13043478260869,52.17391304347826,-0.4187862591238551,,,,2014-2024
NHL,LogisticGAM,Expected Goal,spatial,spatial_surface,42.028985507246375,52.17391304347826,-0.44685776182777376,,,,2014-2024
NHL,LogisticGAM,Expected Goal,spatial,spatial_surface,44.92753623188406,52.17391304347826,-0.47606987947537943,,,,2014-2024
NHL,LogisticGAM,Expected Goal,spatial,spatial_surface,47.82608695652175,52.17391304347826,-0.5065014033965292,,,,2014-2024
NHL,LogisticGAM,Expected Goal,spatial,spatial_surface,50.72463768115941,52.17391304347826,-0.5381807870756133,,,,2014-2024
NHL,LogisticGAM,Expected Goal,spatial,spatial_surface,53.623188405797094,52.17391304347826,-0.5711353063045229,,,,2014-2024
NHL,LogisticGAM,Expected Goal,spatial,spatial_surface,56.52173913043478,52.17391304347826,-0.605392236875149,,,,2014-2024
NHL,LogisticGAM,Expected Goal,spatial,spatial_surface,59.42028985507247,52.17391304347826,-0.640978854579382,,,,2014-2024
NHL,LogisticGAM,Expected Goal,spatial,spatial_surface,62.318840579710155,52.17391304347826,-0.6779224352091129,,,,2014-2024
NHL,LogisticGAM,Expected Goal,spatial,spatial_surface,65.21739130434781,52.17391304347826,-0.716250254556232,,,,2014-2024
NHL,LogisticGAM,Expected Goal,spatial,spatial_surface,68.1159420289855,52.17391304347826,-0.7559895884126308,,,,2014-2024
NHL,LogisticGAM,Expected Goal,spatial,spatial_surface,71.01449275362319,52.17391304347826,-0.7971677125701998,,,,2014-2024
NHL,LogisticGAM,Expected Goal,spatial,spatial_surface,73.91304347826087,52.17391304347826,-0.839801611349354,,,,2014-2024
NHL,LogisticGAM,Expected Goal,spatial,spatial_surface,76.81159420289856,52.17391304347826,-0.883834098635093,,,,2014-2024
NHL,LogisticGAM,Expected Goal,spatial,spatial_surface,79.71014492753622,52.17391304347826,-0.9291754703169526,,,,2014-2024
NHL,LogisticGAM,Expected Goal,spatial,spatial_surface,82.6086956521739,52.17391304347826,-0.9757358838174017,,,,2014-2024
NHL,LogisticGAM,Expected Goal,spatial,spatial_surface,85.5072463768116,52.17391304347826,-1.0234254965589074,,,,2014-2024
NHL,LogisticGAM,Expected Goal,spatial,spatial_surface,88.40579710144928,52.17391304347826,-1.0721544659639382,,,,2014-2024
NHL,LogisticGAM,Expected Goal,spatial,spatial_surface,91.30434782608697,52.17391304347826,-1.121832949454961,,,,2014-2024
NHL,LogisticGAM,Expected Goal,spatial,spatial_surface,94.20289855072463,52.17391304347826,-1.1723711044544436,,,,2014-2024
NHL,LogisticGAM,Expected Goal,spatial,spatial_surface,97.10144927536231,52.17391304347826,-1.223679088384854,,,,2014-2024
NHL,LogisticGAM,Expected Goal,spatial,spatial_surface,100.0,52.17391304347826,-1.2756670586686605,,,,2014-2024
NHL,LogisticGAM,Expected Goal,spatial,spatial_surface,-100.0,53.768115942028984,0.04699678315605238,,,,2014-2024
NHL,LogisticGAM,Expected Goal,spatial,spatial_surface,-97.10144927536231,53.768115942028984,0.05143045531821358,,,,2014-2024
NHL,LogisticGAM,Expected Goal,spatial,spatial_surface,-94.20289855072464,53.768115942028984,0.05589201831273292,,,,2014-2024
NHL,LogisticGAM,Expected Goal,spatial,spatial_surface,-91.30434782608695,53.768115942028984,0.060389003141361995,,,,2014-2024
NHL,LogisticGAM,Expected Goal,spatial,spatial_surface,-88.40579710144928,53.768115942028984,0.06492747126032157,,,,2014-2024
NHL,LogisticGAM,Expected Goal,spatial,spatial_surface,-85.5072463768116,53.768115942028984,0.06951348412583241,,,,2014-2024
NHL,LogisticGAM,Expected Goal,spatial,spatial_surface,-82.6086956521739,53.768115942028984,0.07415310319411526,,,,2014-2024
NHL,LogisticGAM,Expected Goal,spatial,spatial_surface,-79.71014492753623,53.768115942028984,0.07885238992139083,,,,2014-2024
NHL,LogisticGAM,Expected Goal,spatial,spatial_surface,-76.81159420289855,53.768115942028984,0.08361740576387991,,,,2014-2024
NHL,LogisticGAM,Expected Goal,spatial,spatial_surface,-73.91304347826087,53.768115942028984,0.08845421217780321,,,,2014-2024
NHL,LogisticGAM,Expected Goal,spatial,spatial_surface,-71.01449275362319,53.768115942028984,0.09336887061938157,,,,2014-2024
NHL,LogisticGAM,Expected Goal,spatial,spatial_surface,-68.1159420289855,53.768115942028984,0.09834507400574738,,,,2014-2024
NHL,LogisticGAM,Expected Goal,spatial,spatial_surface,-65.21739130434783,53.768115942028984,0.10322410630097432,,,,2014-2024
NHL,LogisticGAM,Expected Goal,spatial,spatial_surface,-62.31884057971015,53.768115942028984,0.10779140111959655,,,,2014-2024
NHL,LogisticGAM,Expected Goal,spatial,spatial_surface,-59.42028985507246,53.768115942028984,0.11183226066721953,,,,2014-2024
NHL,LogisticGAM,Expected Goal,spatial,spatial_surface,-56.52173913043478,53.768115942028984,0.1151319871494488,,,,2014-2024
NHL,LogisticGAM,Expected Goal,spatial,spatial_surface,-53.6231884057971,53.768115942028984,0.11747588277188994,,,,2014-2024
NHL,LogisticGAM,Expected Goal,spatial,spatial_surface,-50.72463768115942,53.768115942028984,0.11864924974014852,,,,2014-2024
NHL,LogisticGAM,Expected Goal,spatial,spatial_surface,-47.82608695652174,53.768115942028984,0.11843739025983012,,,,2014-2024
NHL,LogisticGAM,Expected Goal,spatial,spatial_surface,-44.927536231884055,53.768115942028984,0.11662560653654026,,,,2014-2024
NHL,LogisticGAM,Expected Goal,spatial,spatial_surface,-42.028985507246375,53.768115942028984,0.11299920363492102,,,,2014-2024
NHL,LogisticGAM,Expected Goal,spatial,spatial_surface,-39.130434782608695,53.768115942028984,0.10739640746402851,,,,2014-2024
NHL,LogisticGAM,Expected Goal,spatial,spatial_surface,-36.231884057971016,53.768115942028984,0.09984363063838522,,,,2014-2024
NHL,LogisticGAM,Expected Goal,spatial,spatial_surface,-33.33333333333333,53.768115942028984,0.09040909753539426,,,,2014-2024
NHL,LogisticGAM,Expected Goal,spatial,spatial_surface,-30.434782608695656,53.768115942028984,0.07916103253245874,,,,2014-2024
NHL,LogisticGAM,Expected Goal,spatial,spatial_surface,-27.53623188405797,53.768115942028984,0.06616766000698174,,,,2014-2024
NHL,LogisticGAM,Expected Goal,spatial,spatial_surface,-24.637681159420296,53.768115942028984,0.051497204336366544,,,,2014-2024
NHL,LogisticGAM,Expected Goal,spatial,spatial_surface,-21.73913043478261,53.768115942028984,0.03521788989801619,,,,2014-2024
NHL,LogisticGAM,Expected Goal,spatial,spatial_surface,-18.840579710144922,53.768115942028984,0.017397941069333848,,,,2014-2024
NHL,LogisticGAM,Expected Goal,spatial,spatial_surface,-15.94202898550725,53.768115942028984,-0.0018944177722772574,,,,2014-2024
NHL,LogisticGAM,Expected Goal,spatial,spatial_surface,-13.043478260869563,53.768115942028984,-0.022590793861608203,,,,2014-2024
NHL,LogisticGAM,Expected Goal,spatial,spatial_surface,-10.14492753623189,53.768115942028984,-0.04459809991673999,,,,2014-2024
NHL,LogisticGAM,Expected Goal,spatial,spatial_surface,-7.246376811594203,53.768115942028984,-0.06777276909313093,,,,2014-2024
NHL,LogisticGAM,Expected Goal,spatial,spatial_surface,-4.347826086956516,53.768115942028984,-0.09196506699989503,,,,2014-2024
NHL,LogisticGAM,Expected Goal,spatial,spatial_surface,-1.4492753623188435,53.768115942028984,-0.11702525924614618,,,,2014-2024
NHL,LogisticGAM,Expected Goal,spatial,spatial_surface,1.4492753623188435,53.768115942028984,-0.14280361144099854,,,,2014-2024
NHL,LogisticGAM,Expected Goal,spatial,spatial_surface,4.347826086956516,53.768115942028984,-0.16915038919356598,,,,2014-2024
NHL,LogisticGAM,Expected Goal,spatial,spatial_surface,7.246376811594203,53.768115942028984,-0.19591585811296267,,,,2014-2024
NHL,LogisticGAM,Expected Goal,spatial,spatial_surface,10.14492753623189,53.768115942028984,-0.22295028380830262,,,,2014-2024
NHL,LogisticGAM,Expected Goal,spatial,spatial_surface,13.043478260869563,53.768115942028984,-0.2501039318886995,,,,2014-2024
NHL,LogisticGAM,Expected Goal,spatial,spatial_surface,15.94202898550725,53.768115942028984,-0.277230031600577,,,,2014-2024
NHL,LogisticGAM,Expected Goal,spatial,spatial_surface,18.840579710144922,53.768115942028984,-0.30428246550251836,,,,2014-2024
NHL,LogisticGAM,Expected Goal,spatial,spatial_surface,21.73913043478261,53.768115942028984,-0.3313380193540425,,,,2014-2024
NHL,LogisticGAM,Expected Goal,spatial,spatial_surface,24.637681159420296,53.768115942028984,-0.3584809482434692,,,,2014-2024
NHL,LogisticGAM,Expected Goal,spatial,spatial_surface,27.53623188405797,53.768115942028984,-0.38579550725911815,,,,2014-2024
NHL,LogisticGAM,Expected Goal,spatial,spatial_surface,30.434782608695656,53.768115942028984,-0.4133659514893092,,,,2014-2024
NHL,LogisticGAM,Expected Goal,spatial,spatial_surface,33.33333333333334,53.768115942028984,-0.44127653602236233,,,,2014-2024
NHL,LogisticGAM,Expected Goal,spatial,spatial_surface,36.231884057971,53.768115942028984,-0.4696115159465966,,,,2014-2024
NHL,LogisticGAM,Expected Goal,spatial,spatial_surface,39.13043478260869,53.768115942028984,-0.4984551463503324,,,,2014-2024
NHL,LogisticGAM,Expected Goal,spatial,spatial_surface,42.028985507246375,53.768115942028984,-0.5278916823218892,,,,2014-2024
NHL,LogisticGAM,Expected Goal,spatial,spatial_surface,44.92753623188406,53.768115942028984,-0.5580044212919936,,,,2014-2024
NHL,LogisticGAM,Expected Goal,spatial,spatial_surface,47.82608695652175,53.768115942028984,-0.5888631865346343,,,,2014-2024
NHL,LogisticGAM,Expected Goal,spatial,spatial_surface,50.72463768115941,53.768115942028984,-0.6205278496071992,,,,2014-2024
NHL,LogisticGAM,Expected Goal,spatial,spatial_surface,53.623188405797094,53.768115942028984,-0.6530580492390352,,,,2014-2024
NHL,LogisticGAM,Expected Goal,spatial,spatial_surface,56.52173913043478,53.768115942028984,-0.686513424159488,,,,2014-2024
NHL,LogisticGAM,Expected Goal,spatial,spatial_surface,59.42028985507247,53.768115942028984,-0.7209536130979042,,,,2014-2024
NHL,LogisticGAM,Expected Goal,spatial,spatial_surface,62.318840579710155,53.768115942028984,-0.75643825478363,,,,2014-2024
NHL,LogisticGAM,Expected Goal,spatial,spatial_surface,65.21739130434781,53.768115942028984,-0.7930269879460111,,,,2014-2024
NHL,LogisticGAM,Expected Goal,spatial,spatial_surface,68.1159420289855,53.768115942028984,-0.8307794513143943,,,,2014-2024
NHL,LogisticGAM,Expected Goal,spatial,spatial_surface,71.01449275362319,53.768115942028984,-0.869755283618126,,,,2014-2024
NHL,LogisticGAM,Expected Goal,spatial,spatial_surface,73.91304347826087,53.768115942028984,-0.9100036054627065,,,,2014-2024
NHL,LogisticGAM,Expected Goal,spatial,spatial_surface,76.81159420289856,53.768115942028984,-0.9514977335389884,,,,2014-2024
NHL,LogisticGAM,Expected Goal,spatial,spatial_surface,79.71014492753622,53.768115942028984,-0.9941777503881394,,,,2014-2024
NHL,LogisticGAM,Expected Goal,spatial,spatial_surface,82.6086956521739,53.768115942028984,-1.0379835970347566,,,,2014-2024
NHL,LogisticGAM,Expected Goal,spatial,spatial_surface,85.5072463768116,53.768115942028984,-1.0828552145034345,,,,2014-2024
NHL,LogisticGAM,Expected Goal,spatial,spatial_surface,88.40579710144928,53.768115942028984,-1.1287325438187699,,,,2014-2024
NHL,LogisticGAM,Expected Goal,spatial,spatial_surface,91.30434782608697,53.768115942028984,-1.1755555260053578,,,,2014-2024
NHL,LogisticGAM,Expected Goal,spatial,spatial_surface,94.20289855072463,53.768115942028984,-1.223264102087793,,,,2014-2024
NHL,LogisticGAM,Expected Goal,spatial,spatial_surface,97.10144927536231,53.768115942028984,-1.2717982130906726,,,,2014-2024
NHL,LogisticGAM,Expected Goal,spatial,spatial_surface,100.0,53.768115942028984,-1.321097800038592,,,,2014-2024
NHL,LogisticGAM,Expected Goal,spatial,spatial_surface,-100.0,55.362318840579704,0.06464368851688393,,,,2014-2024
NHL,LogisticGAM,Expected Goal,spatial,spatial_surface,-97.10144927536231,55.362318840579704,0.06519889396517797,,,,2014-2024
NHL,LogisticGAM,Expected Goal,spatial,spatial_surface,-94.20289855072464,55.362318840579704,0.06584706748173128,,,,2014-2024
NHL,LogisticGAM,Expected Goal,spatial,spatial_surface,-91.30434782608695,55.362318840579704,0.06661680149704785,,,,2014-2024
NHL,LogisticGAM,Expected Goal,spatial,spatial_surface,-88.40579710144928,55.362318840579704,0.0675319687590847,,,,2014-2024
NHL,LogisticGAM,Expected Goal,spatial,spatial_surface,-85.5072463768116,55.362318840579704,0.06861644201579879,,,,2014-2024
NHL,LogisticGAM,Expected Goal,spatial,spatial_surface,-82.6086956521739,55.362318840579704,0.06989409401514715,,,,2014-2024
NHL,LogisticGAM,Expected Goal,spatial,spatial_surface,-79.71014492753623,55.362318840579704,0.07138879750508677,,,,2014-2024
NHL,LogisticGAM,Expected Goal,spatial,spatial_surface,-76.81159420289855,55.362318840579704,0.07312442523357467,,,,2014-2024
NHL,LogisticGAM,Expected Goal,spatial,spatial_surface,-73.91304347826087,55.362318840579704,0.07512484994856777,,,,2014-2024
NHL,LogisticGAM,Expected Goal,spatial,spatial_surface,-71.01449275362319,55.362318840579704,0.07741394439802317,,,,2014-2024
NHL,LogisticGAM,Expected Goal,spatial,spatial_surface,-68.1159420289855,55.362318840579704,0.07998979178537342,,,,2014-2024
NHL,LogisticGAM,Expected Goal,spatial,spatial_surface,-65.21739130434783,55.362318840579704,0.0826862865835724,,,,2014-2024
NHL,LogisticGAM,Expected Goal,spatial,spatial_surface,-62.31884057971015,55.362318840579704,0.08527293126078213,,,,2014-2024
NHL,LogisticGAM,Expected Goal,spatial,spatial_surface,-59.42028985507246,55.362318840579704,0.08751907677878354,,,,2014-2024
NHL,LogisticGAM,Expected Goal,spatial,spatial_surface,-56.52173913043478,55.362318840579704,0.0891940740993574,,,,2014-2024
NHL,LogisticGAM,Expected Goal,spatial,spatial_surface,-53.6231884057971,55.362318840579704,0.09006727418428462,,,,2014-2024
NHL,LogisticGAM,Expected Goal,spatial,spatial_surface,-50.72463768115942,55.362318840579704,0.08990802799534611,,,,2014-2024
NHL,LogisticGAM,Expected Goal,spatial,spatial_surface,-47.82608695652174,55.362318840579704,0.08848568649432269,,,,2014-2024
NHL,LogisticGAM,Expected Goal,spatial,spatial_surface,-44.927536231884055,55.362318840579704,0.0855696006429953,,,,2014-2024
NHL,LogisticGAM,Expected Goal,spatial,spatial_surface,-42.028985507246375,55.362318840579704,0.08092912422831647,,,,2014-2024
NHL,LogisticGAM,Expected Goal,spatial,spatial_surface,-39.130434782608695,55.362318840579704,0.07438590504376803,,,,2014-2024
NHL,LogisticGAM,Expected Goal,spatial,spatial_surface,-36.231884057971016,55.362318840579704,0.06594754855061526,,,,2014-2024
NHL,LogisticGAM,Expected Goal,spatial,spatial_surface,-33.33333333333333,55.362318840579704,0.05566297672019206,,,,2014-2024
NHL,LogisticGAM,Expected Goal,spatial,spatial_surface,-30.434782608695656,55.362318840579704,0.043581111523832476,,,,2014-2024
NHL,LogisticGAM,Expected Goal,spatial,spatial_surface,-27.53623188405797,55.362318840579704,0.029750874932870437,,,,2014-2024
NHL,LogisticGAM,Expected Goal,spatial,spatial_surface,-24.637681159420296,55.362318840579704,0.014221188918640057,,,,2014-2024
NHL,LogisticGAM,Expected Goal,spatial,spatial_surface,-21.73913043478261,55.362318840579704,-0.002959024547524851,,,,2014-2024
NHL,LogisticGAM,Expected Goal,spatial,spatial_surface,-18.840579710144922,55.362318840579704,-0.021740843494290122,,,,2014-2024
NHL,LogisticGAM,Expected Goal,spatial,spatial_surface,-15.94202898550725,55.362318840579704,-0.04207534595032176,,,,2014-2024
NHL,LogisticGAM,Expected Goal,spatial,spatial_surface,-13.043478260869563,55.362318840579704,-0.0639134129945877,,,,2014-2024
NHL,LogisticGAM,Expected Goal,spatial,spatial_surface,-10.14492753623189,55.362318840579704,-0.08717704251237308,,,,2014-2024
NHL,LogisticGAM,Expected Goal,spatial,spatial_surface,-7.246376811594203,55.362318840579704,-0.11172919049713802,,,,2014-2024
NHL,LogisticGAM,Expected Goal,spatial,spatial_surface,-4.347826086956516,55.362318840579704,-0.13742559925852355,,,,2014-2024
NHL,LogisticGAM,Expected Goal,spatial,spatial_surface,-1.4492753623188435,55.362318840579704,-0.16412201110617072,,,,2014-2024
NHL,LogisticGAM,Expected Goal,spatial,spatial_surface,1.4492753623188435,55.362318840579704,-0.1916741683497208,,,,2014-2024
NHL,LogisticGAM,Expected Goal,spatial,spatial_surface,4.347826086956516,55.362318840579704,-0.2199378132988149,,,,2014-2024
NHL,LogisticGAM,Expected Goal,spatial,spatial_surface,7.246376811594203,55.362318840579704,-0.24876868826309406,,,,2014-2024
NHL,LogisticGAM,Expected Goal,spatial,spatial_surface,10.14492753623189,55.362318840579704,-0.27802253555219947,,,,2014-2024
NHL,LogisticGAM,Expected Goal,spatial,spatial_surface,13.043478260869563,55.362318840579704,-0.307555097475772,,,,2014-2024
NHL,LogisticGAM,Expected Goal,spatial,spatial_surface,15.94202898550725,55.362318840579704,-0.33722415523304394,,,,2014-2024
NHL,LogisticGAM,Expected Goal,spatial,spatial_surface,18.840579710144922,55.362318840579704,-0.3669567363476277,,,,2014-2024
NHL,LogisticGAM,Expected Goal,spatial,spatial_surface,21.73913043478261,55.362318840579704,-0.3967644218937008,,,,2014-2024
NHL,LogisticGAM,Expected Goal,spatial,spatial_surface,24.637681159420296,55.362318840579704,-0.42666393160957383,,,,2014-2024
NHL,LogisticGAM,Expected Goal,spatial,spatial_surface,27.53623188405797,55.362318840579704,-0.4566719852335573,,,,2014-2024
NHL,LogisticGAM,Expected Goal,spatial,spatial_surface,30.434782608695656,55.362318840579704,-0.4868053025039619,,,,2014-2024
NHL,LogisticGAM,Expected Goal,spatial,spatial_surface,33.33333333333334,55.362318840579704,-0.5170806031590985,,,,2014-2024
NHL,LogisticGAM,Expected Goal,spatial,spatial_surface,36.231884057971,55.362318840579704,-0.547514606937277,,,,2014-2024
NHL,LogisticGAM,Expected Goal,spatial,spatial_surface,39.13043478260869,55.362318840579704,-0.5781240335768085,,,,2014-2024
NHL,LogisticGAM,Expected Goal,spatial,spatial_surface,42.028985507246375,55.362318840579704,-0.6089256028160036,,,,2014-2024
NHL,LogisticGAM,Expected Goal,spatial,spatial_surface,44.92753623188406,55.362318840579704,-0.6399389631086065,,,,2014-2024
NHL,LogisticGAM,Expected Goal,spatial,spatial_surface,47.82608695652175,55.362318840579704,-0.6712249696727385,,,,2014-2024
NHL,LogisticGAM,Expected Goal,spatial,spatial_surface,50.72463768115941,55.362318840579704,-0.7028749121387841,,,,2014-2024
NHL,LogisticGAM,Expected Goal,spatial,spatial_surface,53.623188405797094,55.362318840579704,-0.7349807921735463,,,,2014-2024
NHL,LogisticGAM,Expected Goal,spatial,spatial_surface,56.52173913043478,55.362318840579704,-0.767634611443826,,,,2014-2024
NHL,LogisticGAM,Expected Goal,spatial,spatial_surface,59.42028985507247,55.362318840579704,-0.8009283716164253,,,,2014-2024
NHL,LogisticGAM,Expected Goal,spatial,spatial_surface,62.318840579710155,55.362318840579704,-0.8349540743581462,,,,2014-2024
NHL,LogisticGAM,Expected Goal,spatial,spatial_surface,65.21739130434781,55.362318840579704,-0.8698037213357891,,,,2014-2024
NHL,LogisticGAM,Expected Goal,spatial,spatial_surface,68.1159420289855,55.362318840579704,-0.905569314216157,,,,2014-2024
NHL,LogisticGAM,Expected Goal,spatial,spatial_surface,71.01449275362319,55.362318840579704,-0.9423428546660513,,,,2014-2024
NHL,LogisticGAM,Expected Goal,spatial,spatial_surface,73.91304347826087,55.362318840579704,-0.9802055995760586,,,,2014-2024
NHL,LogisticGAM,Expected Goal,spatial,spatial_surface,76.81159420289856,55.362318840579704,-1.019161368442883,,,,2014-2024
NHL,LogisticGAM,Expected Goal,spatial,spatial_surface,79.71014492753622,55.362318840579704,-1.0591800304593255,,,,2014-2024
NHL,LogisticGAM,Expected Goal,spatial,spatial_surface,82.6086956521739,55.362318840579704,-1.1002313102521106,,,,2014-2024
NHL,LogisticGAM,Expected Goal,spatial,spatial_surface,85.5072463768116,55.362318840579704,-1.142284932447961,,,,2014-2024
NHL,LogisticGAM,Expected Goal,spatial,spatial_surface,88.40579710144928,55.362318840579704,-1.185310621673601,,,,2014-2024
NHL,LogisticGAM,Expected Goal,spatial,spatial_surface,91.30434782608697,55.362318840579704,-1.2292781025557535,,,,2014-2024
NHL,LogisticGAM,Expected Goal,spatial,spatial_surface,94.20289855072463,55.362318840579704,-1.274157099721142,,,,2014-2024
NHL,LogisticGAM,Expected Goal,spatial,spatial_surface,97.10144927536231,55.362318840579704,-1.3199173377964906,,,,2014-2024
NHL,LogisticGAM,Expected Goal,spatial,spatial_surface,100.0,55.362318840579704,-1.3665285414085229,,,,2014-2024
NHL,LogisticGAM,Expected Goal,spatial,spatial_surface,-100.0,56.95652173913044,0.08229059387771571,,,,2014-2024
NHL,LogisticGAM,Expected Goal,spatial,spatial_surface,-97.10144927536231,56.95652173913044,0.07896733261214253,,,,2014-2024
NHL,LogisticGAM,Expected Goal,spatial,spatial_surface,-94.20289855072464,56.95652173913044,0.07580211665072978,,,,2014-2024
NHL,LogisticGAM,Expected Goal,spatial,spatial_surface,-91.30434782608695,56.95652173913044,0.07284459985273378,,,,2014-2024
NHL,LogisticGAM,Expected Goal,spatial,spatial_surface,-88.40579710144928,56.95652173913044,0.07013646625784783,,,,2014-2024
NHL,LogisticGAM,Expected Goal,spatial,spatial_surface,-85.5072463768116,56.95652173913044,0.06771939990576514,,,,2014-2024
NHL,LogisticGAM,Expected Goal,spatial,spatial_surface,-82.6086956521739,56.95652173913044,0.06563508483617903,,,,2014-2024
NHL,LogisticGAM,Expected Goal,spatial,spatial_surface,-79.71014492753623,56.95652173913044,0.06392520508878263,,,,2014-2024
NHL,LogisticGAM,Expected Goal,spatial,spatial_surface,-76.81159420289855,56.95652173913044,0.06263144470326926,,,,2014-2024
NHL,LogisticGAM,Expected Goal,spatial,spatial_surface,-73.91304347826087,56.95652173913044,0.061795487719332166,,,,2014-2024
NHL,LogisticGAM,Expected Goal,spatial,spatial_surface,-71.01449275362319,56.95652173913044,0.06145901817666457,,,,2014-2024
NHL,LogisticGAM,Expected Goal,spatial,spatial_surface,-68.1159420289855,56.95652173913044,0.0616345095649993,,,,2014-2024
NHL,LogisticGAM,Expected Goal,spatial,spatial_surface,-65.21739130434783,56.95652173913044,0.06214846686617019,,,,2014-2024
NHL,LogisticGAM,Expected Goal,spatial,spatial_surface,-62.31884057971015,56.95652173913044,0.06275446140196742,,,,2014-2024
NHL,LogisticGAM,Expected Goal,spatial,spatial_surface,-59.42028985507246,56.95652173913044,0.06320589289034718,,,,2014-2024
NHL,LogisticGAM,Expected Goal,spatial,spatial_surface,-56.52173913043478,56.95652173913044,0.06325616104926562,,,,2014-2024
NHL,LogisticGAM,Expected Goal,spatial,spatial_surface,-53.6231884057971,56.95652173913044,0.06265866559667899,,,,2014-2024
NHL,LogisticGAM,Expected Goal,spatial,spatial_surface,-50.72463768115942,56.95652173913044,0.061166806250543354,,,,2014-2024
NHL,LogisticGAM,Expected Goal,spatial,spatial_surface,-47.82608695652174,56.95652173913044,0.05853398272881494,,,,2014-2024
NHL,LogisticGAM,Expected Goal,spatial,spatial_surface,-44.927536231884055,56.95652173913044,0.05451359474944998,,,,2014-2024
NHL,LogisticGAM,Expected Goal,spatial,spatial_surface,-42.028985507246375,56.95652173913044,0.04885904482171154,,,,2014-2024
NHL,LogisticGAM,Expected Goal,spatial,spatial_surface,-39.130434782608695,56.95652173913044,0.04137540262350718,,,,2014-2024
NHL,LogisticGAM,Expected Goal,spatial,spatial_surface,-36.231884057971016,56.95652173913044,0.03205146646284492,,,,2014-2024
NHL,LogisticGAM,Expected Goal,spatial,spatial_surface,-33.33333333333333,56.95652173913044,0.020916855904989432,,,,2014-2024
NHL,LogisticGAM,Expected Goal,spatial,spatial_surface,-30.434782608695656,56.95652173913044,0.008001190515205779,,,,2014-2024
NHL,LogisticGAM,Expected Goal,spatial,spatial_surface,-27.53623188405797,56.95652173913044,-0.0066659101412413135,,,,2014-2024
NHL,LogisticGAM,Expected Goal,spatial,spatial_surface,-24.637681159420296,56.95652173913044,-0.02305482649908694,,,,2014-2024
NHL,LogisticGAM,Expected Goal,spatial,spatial_surface,-21.73913043478261,56.95652173913044,-0.041135938993066355,,,,2014-2024
NHL,LogisticGAM,Expected Goal,spatial,spatial_surface,-18.840579710144922,56.95652173913044,-0.06087962805791462,,,,2014-2024
NHL,LogisticGAM,Expected Goal,spatial,spatial_surface,-15.94202898550725,56.95652173913044,-0.08225627412836678,,,,2014-2024
NHL,LogisticGAM,Expected Goal,spatial,spatial_surface,-13.043478260869563,56.95652173913044,-0.10523603212756778,,,,2014-2024
NHL,LogisticGAM,Expected Goal,spatial,spatial_surface,-10.14492753623189,56.95652173913044,-0.1297559851080067,,,,2014-2024
NHL,LogisticGAM,Expected Goal,spatial,spatial_surface,-7.246376811594203,56.95652173913044,-0.1556856119011456,,,,2014-2024
NHL,LogisticGAM,Expected Goal,spatial,spatial_surface,-4.347826086956516,56.95652173913044,-0.18288613151715266,,,,2014-2024
NHL,LogisticGAM,Expected Goal,spatial,spatial_surface,-1.4492753623188435,56.95652173913044,-0.2112187629661959,,,,2014-2024
NHL,LogisticGAM,Expected Goal,spatial,spatial_surface,1.4492753623188435,56.95652173913044,-0.24054472525844378,,,,2014-2024
NHL,LogisticGAM,Expected Goal,spatial,spatial_surface,4.347826086956516,56.95652173913044,-0.27072523740406446,,,,2014-2024
NHL,LogisticGAM,Expected Goal,spatial,spatial_surface,7.246376811594203,56.95652173913044,-0.3016215184132261,,,,2014-2024
NHL,LogisticGAM,Expected Goal,spatial,spatial_surface,10.14492753623189,56.95652173913044,-0.33309478729609715,,,,2014-2024
NHL,LogisticGAM,Expected Goal,spatial,spatial_surface,13.043478260869563,56.95652173913044,-0.36500626306284517,,,,2014-2024
NHL,LogisticGAM,Expected Goal,spatial,spatial_surface,15.94202898550725,56.95652173913044,-0.39721827886551186,,,,2014-2024
NHL,LogisticGAM,Expected Goal,spatial,spatial_surface,18.840579710144922,56.95652173913044,-0.4296310071927379,,,,2014-2024
NHL,LogisticGAM,Expected Goal,spatial,spatial_surface,21.73913043478261,56.95652173913044,-0.46219082443335996,,,,2014-2024
NHL,LogisticGAM,Expected Goal,spatial,spatial_surface,24.637681159420296,56.95652173913044,-0.4948469149756793,,,,2014-2024
NHL,LogisticGAM,Expected Goal,spatial,spatial_surface,27.53623188405797,56.95652173913044,-0.5275484632079973,,,,2014-2024
NHL,LogisticGAM,Expected Goal,spatial,spatial_surface,30.434782608695656,56.95652173913044,-0.5602446535186156,,,,2014-2024
NHL,LogisticGAM,Expected Goal,spatial,spatial_surface,33.33333333333334,56.95652173913044,-0.5928846702958358,,,,2014-2024
NHL,LogisticGAM,Expected Goal,spatial,spatial_surface,36.231884057971,56.95652173913044,-0.6254176979279584,,,,2014-2024
NHL,LogisticGAM,Expected Goal,spatial,spatial_surface,39.13043478260869,56.95652173913044,-0.6577929208032859,,,,2014-2024
NHL,LogisticGAM,Expected Goal,spatial,spatial_surface,42.028985507246375,56.95652173913044,-0.689959523310119,,,,2014-2024
NHL,LogisticGAM,Expected Goal,spatial,spatial_surface,44.92753623188406,56.95652173913044,-0.7218735049252207,,,,2014-2024
NHL,LogisticGAM,Expected Goal,spatial,spatial_surface,47.82608695652175,56.95652173913044,-0.7535867528108434,,,,2014-2024
NHL,LogisticGAM,Expected Goal,spatial,spatial_surface,50.72463768115941,56.95652173913044,-0.7852219746703701,,,,2014-2024
NHL,LogisticGAM,Expected Goal,spatial,spatial_surface,53.623188405797094,56.95652173913044,-0.8169035351080584,,,,2014-2024
NHL,LogisticGAM,Expected Goal,spatial,spatial_surface,56.52173913043478,56.95652173913044,-0.8487557987281651,,,,2014-2024
NHL,LogisticGAM,Expected Goal,spatial,spatial_surface,59.42028985507247,56.95652173913044,-0.8809031301349477,,,,2014-2024
NHL,LogisticGAM,Expected Goal,spatial,spatial_surface,62.318840579710155,56.95652173913044,-0.9134698939326632,,,,2014-2024
NHL,LogisticGAM,Expected Goal,spatial,spatial_surface,65.21739130434781,56.95652173913044,-0.9465804547255682,,,,2014-2024
NHL,LogisticGAM,Expected Goal,spatial,spatial_surface,68.1159420289855,56.95652173913044,-0.9803591771179206,,,,2014-2024
NHL,LogisticGAM,Expected Goal,spatial,spatial_surface,71.01449275362319,56.95652173913044,-1.0149304257139775,,,,2014-2024
NHL,LogisticGAM,Expected Goal,spatial,spatial_surface,73.91304347826087,56.95652173913044,-1.0504075936894113,,,,2014-2024
NHL,LogisticGAM,Expected Goal,spatial,spatial_surface,76.81159420289856,56.95652173913044,-1.0868250033467788,,,,2014-2024
NHL,LogisticGAM,Expected Goal,spatial,spatial_surface,79.71014492753622,56.95652173913044,-1.1241823105305127,,,,2014-2024
NHL,LogisticGAM,Expected Goal,spatial,spatial_surface,82.6086956521739,56.95652173913044,-1.1624790234694653,,,,2014-2024
NHL,LogisticGAM,Expected Goal,spatial,spatial_surface,85.5072463768116,56.95652173913044,-1.201714650392488,,,,2014-2024
NHL,LogisticGAM,Expected Goal,spatial,spatial_surface,88.40579710144928,56.95652173913044,-1.2418886995284328,,,,2014-2024
NHL,LogisticGAM,Expected Goal,spatial,spatial_surface,91.30434782608697,56.95652173913044,-1.2830006791061503,,,,2014-2024
NHL,LogisticGAM,Expected Goal,spatial,spatial_surface,94.20289855072463,56.95652173913044,-1.3250500973544916,,,,2014-2024
NHL,LogisticGAM,Expected Goal,spatial,spatial_surface,97.10144927536231,56.95652173913044,-1.3680364625023091,,,,2014-2024
NHL,LogisticGAM,Expected Goal,spatial,spatial_surface,100.0,56.95652173913044,-1.4119592827784542,,,,2014-2024
NHL,LogisticGAM,Expected Goal,spatial,spatial_surface,-100.0,58.55072463768116,0.09993749923854728,,,,2014-2024
NHL,LogisticGAM,Expected Goal,spatial,spatial_surface,-97.10144927536231,58.55072463768116,0.09273577125910695,,,,2014-2024
NHL,LogisticGAM,Expected Goal,spatial,spatial_surface,-94.20289855072464,58.55072463768116,0.08575716581972816,,,,2014-2024
NHL,LogisticGAM,Expected Goal,spatial,spatial_surface,-91.30434782608695,58.55072463768116,0.07907239820841963,,,,2014-2024
NHL,LogisticGAM,Expected Goal,spatial,spatial_surface,-88.40579710144928,58.55072463768116,0.07274096375661095,,,,2014-2024
NHL,LogisticGAM,Expected Goal,spatial,spatial_surface,-85.5072463768116,58.55072463768116,0.06682235779573152,,,,2014-2024
NHL,LogisticGAM,Expected Goal,spatial,spatial_surface,-82.6086956521739,58.55072463768116,0.06137607565721087,,,,2014-2024
NHL,LogisticGAM,Expected Goal,spatial,spatial_surface,-79.71014492753623,58.55072463768116,0.05646161267247857,,,,2014-2024
NHL,LogisticGAM,Expected Goal,spatial,spatial_surface,-76.81159420289855,58.55072463768116,0.05213846417296398,,,,2014-2024
NHL,LogisticGAM,Expected Goal,spatial,spatial_surface,-73.91304347826087,58.55072463768116,0.048466125490096684,,,,2014-2024
NHL,LogisticGAM,Expected Goal,spatial,spatial_surface,-71.01449275362319,58.55072463768116,0.04550409195530612,,,,2014-2024
NHL,LogisticGAM,Expected Goal,spatial,spatial_surface,-68.1159420289855,58.55072463768116,0.043279227344625346,,,,2014-2024
NHL,LogisticGAM,Expected Goal,spatial,spatial_surface,-65.21739130434783,58.55072463768116,0.04161064714876817,,,,2014-2024
NHL,LogisticGAM,Expected Goal,spatial,spatial_surface,-62.31884057971015,58.55072463768116,0.0402359915431529,,,,2014-2024
NHL,LogisticGAM,Expected Goal,spatial,spatial_surface,-59.42028985507246,58.55072463768116,0.03889270900191113,,,,2014-2024
NHL,LogisticGAM,Expected Goal,spatial,spatial_surface,-56.52173913043478,58.55072463768116,0.03731824799917415,,,,2014-2024
NHL,LogisticGAM,Expected Goal,spatial,spatial_surface,-53.6231884057971,58.55072463768116,0.035250057009073577,,,,2014-2024
NHL,LogisticGAM,Expected Goal,spatial,spatial_surface,-50.72463768115942,58.55072463768116,0.03242558450574086,,,,2014-2024
NHL,LogisticGAM,Expected Goal,spatial,spatial_surface,-47.82608695652174,58.55072463768116,0.02858227896330752,,,,2014-2024
NHL,LogisticGAM,Expected Goal,spatial,spatial_surface,-44.927536231884055,58.55072463768116,0.02345758885590497,,,,2014-2024
NHL,LogisticGAM,Expected Goal,spatial,spatial_surface,-42.028985507246375,58.55072463768116,0.016788965415106938,,,,2014-2024
NHL,LogisticGAM,Expected Goal,spatial,spatial_surface,-39.130434782608695,58.55072463768116,0.008364900203246643,,,,2014-2024
NHL,LogisticGAM,Expected Goal,spatial,spatial_surface,-36.231884057971016,58.55072463768116,-0.0018446156249251578,,,,2014-2024
NHL,LogisticGAM,Expected Goal,spatial,spatial_surface,-33.33333333333333,58.55072463768116,-0.013829264910212798,,,,2014-2024
NHL,LogisticGAM,Expected Goal,spatial,spatial_surface,-30.434782608695656,58.55072463768116,-0.02757873049342052,,,,2014-2024
NHL,LogisticGAM,Expected Goal,spatial,spatial_surface,-27.53623188405797,58.55072463768116,-0.04308269521535273,,,,2014-2024
NHL,LogisticGAM,Expected Goal,spatial,spatial_surface,-24.637681159420296,58.55072463768116,-0.06033084191681355,,,,2014-2024
NHL,LogisticGAM,Expected Goal,spatial,spatial_surface,-21.73913043478261,58.55072463768116,-0.07931285343860744,,,,2014-2024
NHL,LogisticGAM,Expected Goal,spatial,spatial_surface,-18.840579710144922,58.55072463768116,-0.10001841262153865,,,,2014-2024
NHL,LogisticGAM,Expected Goal,spatial,spatial_surface,-15.94202898550725,58.55072463768116,-0.12243720230641134,,,,2014-2024
NHL,LogisticGAM,Expected Goal,spatial,spatial_surface,-13.043478260869563,58.55072463768116,-0.1465586512605474,,,,2014-2024
NHL,LogisticGAM,Expected Goal,spatial,spatial_surface,-10.14492753623189,58.55072463768116,-0.17233492770363987,,,,2014-2024
NHL,LogisticGAM,Expected Goal,spatial,spatial_surface,-7.246376811594203,58.55072463768116,-0.1996420333051527,,,,2014-2024
NHL,LogisticGAM,Expected Goal,spatial,spatial_surface,-4.347826086956516,58.55072463768116,-0.2283466637757812,,,,2014-2024
NHL,LogisticGAM,Expected Goal,spatial,spatial_surface,-1.4492753623188435,58.55072463768116,-0.2583155148262205,,,,2014-2024
NHL,LogisticGAM,Expected Goal,spatial,spatial_surface,1.4492753623188435,58.55072463768116,-0.2894152821671662,,,,2014-2024
NHL,LogisticGAM,Expected Goal,spatial,spatial_surface,4.347826086956516,58.55072463768116,-0.32151266150931346,,,,2014-2024
NHL,LogisticGAM,Expected Goal,spatial,spatial_surface,7.246376811594203,58.55072463768116,-0.3544743485633576,,,,2014-2024
NHL,LogisticGAM,Expected Goal,spatial,spatial_surface,10.14492753623189,58.55072463768116,-0.38816703903999406,,,,2014-2024
NHL,LogisticGAM,Expected Goal,spatial,spatial_surface,13.043478260869563,58.55072463768116,-0.42245742864991775,,,,2014-2024
NHL,LogisticGAM,Expected Goal,spatial,spatial_surface,15.94202898550725,58.55072463768116,-0.45721240249797895,,,,2014-2024
NHL,LogisticGAM,Expected Goal,spatial,spatial_surface,18.840579710144922,58.55072463768116,-0.4923052780378473,,,,2014-2024
NHL,LogisticGAM,Expected Goal,spatial,spatial_surface,21.73913043478261,58.55072463768116,-0.5276172269730184,,,,2014-2024
NHL,LogisticGAM,Expected Goal,spatial,spatial_surface,24.637681159420296,58.55072463768116,-0.563029898341784,,,,2014-2024
NHL,LogisticGAM,Expected Goal,spatial,spatial_surface,27.53623188405797,58.55072463768116,-0.5984249411824365,,,,2014-2024
NHL,LogisticGAM,Expected Goal,spatial,spatial_surface,30.434782608695656,58.55072463768116,-0.6336840045332685,,,,2014-2024
NHL,LogisticGAM,Expected Goal,spatial,spatial_surface,33.33333333333334,58.55072463768116,-0.6686887374325722,,,,2014-2024
NHL,LogisticGAM,Expected Goal,spatial,spatial_surface,36.231884057971,58.55072463768116,-0.703320788918639,,,,2014-2024
NHL,LogisticGAM,Expected Goal,spatial,spatial_surface,39.13043478260869,58.55072463768116,-0.737461808029762,,,,2014-2024
NHL,LogisticGAM,Expected Goal,spatial,spatial_surface,42.028985507246375,58.55072463768116,-0.7709934438042334,,,,2014-2024
NHL,LogisticGAM,Expected Goal,spatial,spatial_surface,44.92753623188406,58.55072463768116,-0.8038080467418338,,,,2014-2024
NHL,LogisticGAM,Expected Goal,spatial,spatial_surface,47.82608695652175,58.55072463768116,-0.8359485359489476,,,,2014-2024
NHL,LogisticGAM,Expected Goal,spatial,spatial_surface,50.72463768115941,58.55072463768116,-0.867569037201955,,,,2014-2024
NHL,LogisticGAM,Expected Goal,spatial,spatial_surface,53.623188405797094,58.55072463768116,-0.8988262780425694,,,,2014-2024
NHL,LogisticGAM,Expected Goal,spatial,spatial_surface,56.52173913043478,58.55072463768116,-0.9298769860125031,,,,2014-2024
NHL,LogisticGAM,Expected Goal,spatial,spatial_surface,59.42028985507247,58.55072463768116,-0.960877888653469,,,,2014-2024
NHL,LogisticGAM,Expected Goal,spatial,spatial_surface,62.318840579710155,58.55072463768116,-0.9919857135071793,,,,2014-2024
NHL,LogisticGAM,Expected Goal,spatial,spatial_surface,65.21739130434781,58.55072463768116,-1.023357188115346,,,,2014-2024
NHL,LogisticGAM,Expected Goal,spatial,spatial_surface,68.1159420289855,58.55072463768116,-1.0551490400196832,,,,2014-2024
NHL,LogisticGAM,Expected Goal,spatial,spatial_surface,71.01449275362319,58.55072463768116,-1.0875179967619029,,,,2014-2024
NHL,LogisticGAM,Expected Goal,spatial,spatial_surface,73.91304347826087,58.55072463768116,-1.120609587802763,,,,2014-2024
NHL,LogisticGAM,Expected Goal,spatial,spatial_surface,76.81159420289856,58.55072463768116,-1.1544886382506732,,,,2014-2024
NHL,LogisticGAM,Expected Goal,spatial,spatial_surface,79.71014492753622,58.55072463768116,-1.1891845906016987,,,,2014-2024
NHL,LogisticGAM,Expected Goal,spatial,spatial_surface,82.6086956521739,58.55072463768116,-1.224726736686819,,,,2014-2024
NHL,LogisticGAM,Expected Goal,spatial,spatial_surface,85.5072463768116,58.55072463768116,-1.2611443683370143,,,,2014-2024
NHL,LogisticGAM,Expected Goal,spatial,spatial_surface,88.40579710144928,58.55072463768116,-1.2984667773832637,,,,2014-2024
NHL,LogisticGAM,Expected Goal,spatial,spatial_surface,91.30434782608697,58.55072463768116,-1.3367232556565463,,,,2014-2024
NHL,LogisticGAM,Expected Goal,spatial,spatial_surface,94.20289855072463,58.55072463768116,-1.3759430949878406,,,,2014-2024
NHL,LogisticGAM,Expected Goal,spatial,spatial_surface,97.10144927536231,58.55072463768116,-1.416155587208127,,,,2014-2024
NHL,LogisticGAM,Expected Goal,spatial,spatial_surface,100.0,58.55072463768116,-1.457390024148385,,,,2014-2024
NHL,LogisticGAM,Expected Goal,spatial,spatial_surface,-100.0,60.144927536231876,0.11758440459937905,,,,2014-2024
NHL,LogisticGAM,Expected Goal,spatial,spatial_surface,-97.10144927536231,60.144927536231876,0.10650420990607153,,,,2014-2024
NHL,LogisticGAM,Expected Goal,spatial,spatial_surface,-94.20289855072464,60.144927536231876,0.09571221498872663,,,,2014-2024
NHL,LogisticGAM,Expected Goal,spatial,spatial_surface,-91.30434782608695,60.144927536231876,0.08530019656410553,,,,2014-2024
NHL,LogisticGAM,Expected Goal,spatial,spatial_surface,-88.40579710144928,60.144927536231876,0.07534546125537404,,,,2014-2024
NHL,LogisticGAM,Expected Goal,spatial,spatial_surface,-85.5072463768116,60.144927536231876,0.06592531568569787,,,,2014-2024
NHL,LogisticGAM,Expected Goal,spatial,spatial_surface,-82.6086956521739,60.144927536231876,0.05711706647824272,,,,2014-2024
NHL,LogisticGAM,Expected Goal,spatial,spatial_surface,-79.71014492753623,60.144927536231876,0.04899802025617438,,,,2014-2024
NHL,LogisticGAM,Expected Goal,spatial,spatial_surface,-76.81159420289855,60.144927536231876,0.041645483642658555,,,,2014-2024
NHL,LogisticGAM,Expected Goal,spatial,spatial_surface,-73.91304347826087,60.144927536231876,0.03513676326086104,,,,2014-2024
NHL,LogisticGAM,Expected Goal,spatial,spatial_surface,-71.01449275362319,60.144927536231876,0.029549165733947513,,,,2014-2024
NHL,LogisticGAM,Expected Goal,spatial,spatial_surface,-68.1159420289855,60.144927536231876,0.02492394512425113,,,,2014-2024
NHL,LogisticGAM,Expected Goal,spatial,spatial_surface,-65.21739130434783,60.144927536231876,0.02107282743136592,,,,2014-2024
NHL,LogisticGAM,Expected Goal,spatial,spatial_surface,-62.31884057971015,60.144927536231876,0.01771752168433819,,,,2014-2024
NHL,LogisticGAM,Expected Goal,spatial,spatial_surface,-59.42028985507246,60.144927536231876,0.014579525113474727,,,,2014-2024
NHL,LogisticGAM,Expected Goal,spatial,spatial_surface,-56.52173913043478,60.144927536231876,0.011380334949082378,,,,2014-2024
NHL,LogisticGAM,Expected Goal,spatial,spatial_surface,-53.6231884057971,60.144927536231876,0.007841448421467907,,,,2014-2024
NHL,LogisticGAM,Expected Goal,spatial,spatial_surface,-50.72463768115942,60.144927536231876,0.003684362760938082,,,,2014-2024
NHL,LogisticGAM,Expected Goal,spatial,spatial_surface,-47.82608695652174,60.144927536231876,-0.0013694248022003105,,,,2014-2024
NHL,LogisticGAM,Expected Goal,spatial,spatial_surface,-44.927536231884055,60.144927536231876,-0.0075984170376404096,,,,2014-2024
NHL,LogisticGAM,Expected Goal,spatial,spatial_surface,-42.028985507246375,60.144927536231876,-0.015281113991498027,,,,2014-2024
NHL,LogisticGAM,Expected Goal,spatial,spatial_surface,-39.130434782608695,60.144927536231876,-0.02464560221701433,,,,2014-2024
NHL,LogisticGAM,Expected Goal,spatial,spatial_surface,-36.231884057971016,60.144927536231876,-0.035740697712695606,,,,2014-2024
NHL,LogisticGAM,Expected Goal,spatial,spatial_surface,-33.33333333333333,60.144927536231876,-0.04857538572541544,,,,2014-2024
NHL,LogisticGAM,Expected Goal,spatial,spatial_surface,-30.434782608695656,60.144927536231876,-0.06315865150204726,,,,2014-2024
NHL,LogisticGAM,Expected Goal,spatial,spatial_surface,-27.53623188405797,60.144927536231876,-0.07949948028946456,,,,2014-2024
NHL,LogisticGAM,Expected Goal,spatial,spatial_surface,-24.637681159420296,60.144927536231876,-0.0976068573345406,,,,2014-2024
NHL,LogisticGAM,Expected Goal,spatial,spatial_surface,-21.73913043478261,60.144927536231876,-0.11748976788414896,,,,2014-2024
NHL,LogisticGAM,Expected Goal,spatial,spatial_surface,-18.840579710144922,60.144927536231876,-0.13915719718516317,,,,2014-2024
NHL,LogisticGAM,Expected Goal,spatial,spatial_surface,-15.94202898550725,60.144927536231876,-0.16261813048445642,,,,2014-2024
NHL,LogisticGAM,Expected Goal,spatial,spatial_surface,-13.043478260869563,60.144927536231876,-0.1878812703935275,,,,2014-2024
NHL,LogisticGAM,Expected Goal,spatial,spatial_surface,-10.14492753623189,60.144927536231876,-0.21491387029927353,,,,2014-2024
NHL,LogisticGAM,Expected Goal,spatial,spatial_surface,-7.246376811594203,60.144927536231876,-0.24359845470916033,,,,2014-2024
NHL,LogisticGAM,Expected Goal,spatial,spatial_surface,-4.347826086956516,60.144927536231876,-0.27380719603441034,,,,2014-2024
NHL,LogisticGAM,Expected Goal,spatial,spatial_surface,-1.4492753623188435,60.144927536231876,-0.3054122666862456,,,,2014-2024
NHL,LogisticGAM,Expected Goal,spatial,spatial_surface,1.4492753623188435,60.144927536231876,-0.33828583907588916,,,,2014-2024
NHL,LogisticGAM,Expected Goal,spatial,spatial_surface,4.347826086956516,60.144927536231876,-0.372300085614563,,,,2014-2024
NHL,LogisticGAM,Expected Goal,spatial,spatial_surface,7.246376811594203,60.144927536231876,-0.4073271787134896,,,,2014-2024
NHL,LogisticGAM,Expected Goal,spatial,spatial_surface,10.14492753623189,60.144927536231876,-0.4432392907838917,,,,2014-2024
NHL,LogisticGAM,Expected Goal,spatial,spatial_surface,13.043478260869563,60.144927536231876,-0.4799085942369909,,,,2014-2024
NHL,LogisticGAM,Expected Goal,spatial,spatial_surface,15.94202898550725,60.144927536231876,-0.5172065261304469,,,,2014-2024
NHL,LogisticGAM,Expected Goal,spatial,spatial_surface,18.840579710144922,60.144927536231876,-0.5549795488829576,,,,2014-2024
NHL,LogisticGAM,Expected Goal,spatial,spatial_surface,21.73913043478261,60.144927536231876,-0.5930436295126774,,,,2014-2024
NHL,LogisticGAM,Expected Goal,spatial,spatial_surface,24.637681159420296,60.144927536231876,-0.6312128817078895,,,,2014-2024
NHL,LogisticGAM,Expected Goal,spatial,spatial_surface,27.53623188405797,60.144927536231876,-0.6693014191568765,,,,2014-2024
NHL,LogisticGAM,Expected Goal,spatial,spatial_surface,30.434782608695656,60.144927536231876,-0.707123355547922,,,,2014-2024
NHL,LogisticGAM,Expected Goal,spatial,spatial_surface,33.33333333333334,60.144927536231876,-0.7444928045693093,,,,2014-2024
NHL,LogisticGAM,Expected Goal,spatial,spatial_surface,36.231884057971,60.144927536231876,-0.7812238799093204,,,,2014-2024
NHL,LogisticGAM,Expected Goal,spatial,spatial_surface,39.13043478260869,60.144927536231876,-0.8171306952562395,,,,2014-2024
NHL,LogisticGAM,Expected Goal,spatial,spatial_surface,42.028985507246375,60.144927536231876,-0.8520273642983487,,,,2014-2024
NHL,LogisticGAM,Expected Goal,spatial,spatial_surface,44.92753623188406,60.144927536231876,-0.8857425885584479,,,,2014-2024
NHL,LogisticGAM,Expected Goal,spatial,spatial_surface,47.82608695652175,60.144927536231876,-0.9183103190870529,,,,2014-2024
NHL,LogisticGAM,Expected Goal,spatial,spatial_surface,50.72463768115941,60.144927536231876,-0.9499160997335409,,,,2014-2024
NHL,LogisticGAM,Expected Goal,spatial,spatial_surface,53.623188405797094,60.144927536231876,-0.9807490209770816,,,,2014-2024
NHL,LogisticGAM,Expected Goal,spatial,spatial_surface,56.52173913043478,60.144927536231876,-1.0109981732968423,,,,2014-2024
NHL,LogisticGAM,Expected Goal,spatial,spatial_surface,59.42028985507247,60.144927536231876,-1.040852647171991,,,,2014-2024
NHL,LogisticGAM,Expected Goal,spatial,spatial_surface,62.318840579710155,60.144927536231876,-1.0705015330816963,,,,2014-2024
NHL,LogisticGAM,Expected Goal,spatial,spatial_surface,65.21739130434781,60.144927536231876,-1.1001339215051251,,,,2014-2024
NHL,LogisticGAM,Expected Goal,spatial,spatial_surface,68.1159420289855,60.144927536231876,-1.1299389029214468,,,,2014-2024
NHL,LogisticGAM,Expected Goal,spatial,spatial_surface,71.01449275362319,60.144927536231876,-1.1601055678098289,,,,2014-2024
NHL,LogisticGAM,Expected Goal,spatial,spatial_surface,73.91304347826087,60.144927536231876,-1.1908115819161156,,,,2014-2024
NHL,LogisticGAM,Expected Goal,spatial,spatial_surface,76.81159420289856,60.144927536231876,-1.2221522731545684,,,,2014-2024
NHL,LogisticGAM,Expected Goal,spatial,spatial_surface,79.71014492753622,60.144927536231876,-1.2541868706728851,,,,2014-2024
NHL,LogisticGAM,Expected Goal,spatial,spatial_surface,82.6086956521739,60.144927536231876,-1.2869744499041738,,,,2014-2024
NHL,LogisticGAM,Expected Goal,spatial,spatial_surface,85.5072463768116,60.144927536231876,-1.3205740862815412,,,,2014-2024
NHL,LogisticGAM,Expected Goal,spatial,spatial_surface,88.40579710144928,60.144927536231876,-1.3550448552380956,,,,2014-2024
NHL,LogisticGAM,Expected Goal,spatial,spatial_surface,91.30434782608697,60.144927536231876,-1.3904458322069428,,,,2014-2024
NHL,LogisticGAM,Expected Goal,spatial,spatial_surface,94.20289855072463,60.144927536231876,-1.42683609262119,,,,2014-2024
NHL,LogisticGAM,Expected Goal,spatial,spatial_surface,97.10144927536231,60.144927536231876,-1.4642747119139456,,,,2014-2024
NHL,LogisticGAM,Expected Goal,spatial,spatial_surface,100.0,60.144927536231876,-1.5028207655183163,,,,2014-2024
NHL,LogisticGAM,Expected Goal,spatial,spatial_surface,-100.0,61.73913043478261,0.13523130996021082,,,,2014-2024
NHL,LogisticGAM,Expected Goal,spatial,spatial_surface,-97.10144927536231,61.73913043478261,0.12027264855303607,,,,2014-2024
NHL,LogisticGAM,Expected Goal,spatial,spatial_surface,-94.20289855072464,61.73913043478261,0.10566726415772514,,,,2014-2024
NHL,LogisticGAM,Expected Goal,spatial,spatial_surface,-91.30434782608695,61.73913043478261,0.09152799491979147,,,,2014-2024
NHL,LogisticGAM,Expected Goal,spatial,spatial_surface,-88.40579710144928,61.73913043478261,0.07794995875413721,,,,2014-2024
NHL,LogisticGAM,Expected Goal,spatial,spatial_surface,-85.5072463768116,61.73913043478261,0.06502827357566424,,,,2014-2024
NHL,LogisticGAM,Expected Goal,spatial,spatial_surface,-82.6086956521739,61.73913043478261,0.052858057299274584,,,,2014-2024
NHL,LogisticGAM,Expected Goal,spatial,spatial_surface,-79.71014492753623,61.73913043478261,0.04153442783987028,,,,2014-2024
NHL,LogisticGAM,Expected Goal,spatial,spatial_surface,-76.81159420289855,61.73913043478261,0.031152503112353194,,,,2014-2024
NHL,LogisticGAM,Expected Goal,spatial,spatial_surface,-73.91304347826087,61.73913043478261,0.02180740103162548,,,,2014-2024
NHL,LogisticGAM,Expected Goal,spatial,spatial_surface,-71.01449275362319,61.73913043478261,0.013594239512588905,,,,2014-2024
NHL,LogisticGAM,Expected Goal,spatial,spatial_surface,-68.1159420289855,61.73913043478261,0.006568662903877033,,,,2014-2024
NHL,LogisticGAM,Expected Goal,spatial,spatial_surface,-65.21739130434783,61.73913043478261,0.000535007713963781,,,,2014-2024
NHL,LogisticGAM,Expected Goal,spatial,spatial_surface,-62.31884057971015,61.73913043478261,-0.004800948174476443,,,,2014-2024
NHL,LogisticGAM,Expected Goal,spatial,spatial_surface,-59.42028985507246,61.73913043478261,-0.009733658774961516,,,,2014-2024
NHL,LogisticGAM,Expected Goal,spatial,spatial_surface,-56.52173913043478,61.73913043478261,-0.014557578101009291,,,,2014-2024
NHL,LogisticGAM,Expected Goal,spatial,spatial_surface,-53.6231884057971,61.73913043478261,-0.01956716016613769,,,,2014-2024
NHL,LogisticGAM,Expected Goal,spatial,spatial_surface,-50.72463768115942,61.73913043478261,-0.02505685898386465,,,,2014-2024
NHL,LogisticGAM,Expected Goal,spatial,spatial_surface,-47.82608695652174,61.73913043478261,-0.031321128567707975,,,,2014-2024
NHL,LogisticGAM,Expected Goal,spatial,spatial_surface,-44.927536231884055,61.73913043478261,-0.03865442293118568,,,,2014-2024
NHL,LogisticGAM,Expected Goal,spatial,spatial_surface,-42.028985507246375,61.73913043478261,-0.0473511933981029,,,,2014-2024
NHL,LogisticGAM,Expected Goal,spatial,spatial_surface,-39.130434782608695,61.73913043478261,-0.05765610463727513,,,,2014-2024
NHL,LogisticGAM,Expected Goal,spatial,spatial_surface,-36.231884057971016,61.73913043478261,-0.06963677980046588,,,,2014-2024
NHL,LogisticGAM,Expected Goal,spatial,spatial_surface,-33.33333333333333,61.73913043478261,-0.083321506540618,,,,2014-2024
NHL,LogisticGAM,Expected Goal,spatial,spatial_surface,-30.434782608695656,61.73913043478261,-0.09873857251067385,,,,2014-2024
NHL,LogisticGAM,Expected Goal,spatial,spatial_surface,-27.53623188405797,61.73913043478261,-0.11591626536357623,,,,2014-2024
NHL,LogisticGAM,Expected Goal,spatial,spatial_surface,-24.637681159420296,61.73913043478261,-0.13488287275226749,,,,2014-2024
NHL,LogisticGAM,Expected Goal,spatial,spatial_surface,-21.73913043478261,61.73913043478261,-0.15566668232969047,,,,2014-2024
NHL,LogisticGAM,Expected Goal,spatial,spatial_surface,-18.840579710144922,61.73913043478261,-0.17829598174878758,,,,2014-2024
NHL,LogisticGAM,Expected Goal,spatial,spatial_surface,-15.94202898550725,61.73913043478261,-0.2027990586625013,,,,2014-2024
NHL,LogisticGAM,Expected Goal,spatial,spatial_surface,-13.043478260869563,61.73913043478261,-0.22920388952650744,,,,2014-2024
NHL,LogisticGAM,Expected Goal,spatial,spatial_surface,-10.14492753623189,61.73913043478261,-0.2574928128949071,,,,2014-2024
NHL,LogisticGAM,Expected Goal,spatial,spatial_surface,-7.246376811594203,61.73913043478261,-0.2875548761131678,,,,2014-2024
NHL,LogisticGAM,Expected Goal,spatial,spatial_surface,-4.347826086956516,61.73913043478261,-0.31926772829303934,,,,2014-2024
NHL,LogisticGAM,Expected Goal,spatial,spatial_surface,-1.4492753623188435,61.73913043478261,-0.3525090185462707,,,,2014-2024
NHL,LogisticGAM,Expected Goal,spatial,spatial_surface,1.4492753623188435,61.73913043478261,-0.387156395984612,,,,2014-2024
NHL,LogisticGAM,Expected Goal,spatial,spatial_surface,4.347826086956516,61.73913043478261,-0.4230875097198125,,,,2014-2024
NHL,LogisticGAM,Expected Goal,spatial,spatial_surface,7.246376811594203,61.73913043478261,-0.4601800088636216,,,,2014-2024
NHL,LogisticGAM,Expected Goal,spatial,spatial_surface,10.14492753623189,61.73913043478261,-0.4983115425277892,,,,2014-2024
NHL,LogisticGAM,Expected Goal,spatial,spatial_surface,13.043478260869563,61.73913043478261,-0.5373597598240641,,,,2014-2024
NHL,LogisticGAM,Expected Goal,spatial,spatial_surface,15.94202898550725,61.73913043478261,-0.5772006497629146,,,,2014-2024
NHL,LogisticGAM,Expected Goal,spatial,spatial_surface,18.840579710144922,61.73913043478261,-0.6176538197280679,,,,2014-2024
NHL,LogisticGAM,Expected Goal,spatial,spatial_surface,21.73913043478261,61.73913043478261,-0.6584700320523366,,,,2014-2024
NHL,LogisticGAM,Expected Goal,spatial,spatial_surface,24.637681159420296,61.73913043478261,-0.6993958650739949,,,,2014-2024
NHL,LogisticGAM,Expected Goal,spatial,spatial_surface,27.53623188405797,61.73913043478261,-0.7401778971313165,,,,2014-2024
NHL,LogisticGAM,Expected Goal,spatial,spatial_surface,30.434782608695656,61.73913043478261,-0.7805627065625756,,,,2014-2024
NHL,LogisticGAM,Expected Goal,spatial,spatial_surface,33.33333333333334,61.73913043478261,-0.8202968717060464,,,,2014-2024
NHL,LogisticGAM,Expected Goal,spatial,spatial_surface,36.231884057971,61.73913043478261,-0.8591269709000018,,,,2014-2024
NHL,LogisticGAM,Expected Goal,spatial,spatial_surface,39.13043478260869,61.73913043478261,-0.8967995824827166,,,,2014-2024
NHL,LogisticGAM,Expected Goal,spatial,spatial_surface,42.028985507246375,61.73913043478261,-0.9330612847924641,,,,2014-2024
NHL,LogisticGAM,Expected Goal,spatial,spatial_surface,44.92753623188406,61.73913043478261,-0.9676771303750621,,,,2014-2024
NHL,LogisticGAM,Expected Goal,spatial,spatial_surface,47.82608695652175,61.73913043478261,-1.0006721022251577,,,,2014-2024
NHL,LogisticGAM,Expected Goal,spatial,spatial_surface,50.72463768115941,61.73913043478261,-1.0322631622651268,,,,2014-2024
NHL,LogisticGAM,Expected Goal,spatial,spatial_surface,53.623188405797094,61.73913043478261,-1.0626717639115935,,,,2014-2024
NHL,LogisticGAM,Expected Goal,spatial,spatial_surface,56.52173913043478,61.73913043478261,-1.0921193605811814,,,,2014-2024
NHL,LogisticGAM,Expected Goal,spatial,spatial_surface,59.42028985507247,61.73913043478261,-1.1208274056905134,,,,2014-2024
NHL,LogisticGAM,Expected Goal,spatial,spatial_surface,62.318840579710155,61.73913043478261,-1.1490173526562133,,,,2014-2024
NHL,LogisticGAM,Expected Goal,spatial,spatial_surface,65.21739130434781,61.73913043478261,-1.1769106548949042,,,,2014-2024
NHL,LogisticGAM,Expected Goal,spatial,spatial_surface,68.1159420289855,61.73913043478261,-1.2047287658232106,,,,2014-2024
NHL,LogisticGAM,Expected Goal,spatial,spatial_surface,71.01449275362319,61.73913043478261,-1.2326931388577549,,,,2014-2024
NHL,LogisticGAM,Expected Goal,spatial,spatial_surface,73.91304347826087,61.73913043478261,-1.2610135760294685,,,,2014-2024
NHL,LogisticGAM,Expected Goal,spatial,spatial_surface,76.81159420289856,61.73913043478261,-1.289815908058464,,,,2014-2024
NHL,LogisticGAM,Expected Goal,spatial,spatial_surface,79.71014492753622,61.73913043478261,-1.319189150744072,,,,2014-2024
NHL,LogisticGAM,Expected Goal,spatial,spatial_surface,82.6086956521739,61.73913043478261,-1.3492221631215287,,,,2014-2024
NHL,LogisticGAM,Expected Goal,spatial,spatial_surface,85.5072463768116,61.73913043478261,-1.3800038042260685,,,,2014-2024
NHL,LogisticGAM,Expected Goal,spatial,spatial_surface,88.40579710144928,61.73913043478261,-1.4116229330929275,,,,2014-2024
NHL,LogisticGAM,Expected Goal,spatial,spatial_surface,91.30434782608697,61.73913043478261,-1.4441684087573396,,,,2014-2024
NHL,LogisticGAM,Expected Goal,spatial,spatial_surface,94.20289855072463,61.73913043478261,-1.4777290902545397,,,,2014-2024
NHL,LogisticGAM,Expected Goal,spatial,spatial_surface,97.10144927536231,61.73913043478261,-1.5123938366197642,,,,2014-2024
NHL,LogisticGAM,Expected Goal,spatial,spatial_surface,100.0,61.73913043478261,-1.5482515068882479,,,,2014-2024
NHL,LogisticGAM,Expected Goal,spatial,spatial_surface,-100.0,63.33333333333333,0.1528782153210424,,,,2014-2024
NHL,LogisticGAM,Expected Goal,spatial,spatial_surface,-97.10144927536231,63.33333333333333,0.13404108720000046,,,,2014-2024
NHL,LogisticGAM,Expected Goal,spatial,spatial_surface,-94.20289855072464,63.33333333333333,0.11562231332672349,,,,2014-2024
NHL,LogisticGAM,Expected Goal,spatial,spatial_surface,-91.30434782608695,63.33333333333333,0.09775579327547733,,,,2014-2024
NHL,LogisticGAM,Expected Goal,spatial,spatial_surface,-88.40579710144928,63.33333333333333,0.08055445625290034,,,,2014-2024
NHL,LogisticGAM,Expected Goal,spatial,spatial_surface,-85.5072463768116,63.33333333333333,0.0641312314656306,,,,2014-2024
NHL,LogisticGAM,Expected Goal,spatial,spatial_surface,-82.6086956521739,63.33333333333333,0.04859904812030648,,,,2014-2024
NHL,LogisticGAM,Expected Goal,spatial,spatial_surface,-79.71014492753623,63.33333333333333,0.03407083542356621,,,,2014-2024
NHL,LogisticGAM,Expected Goal,spatial,spatial_surface,-76.81159420289855,63.33333333333333,0.0206595225820479,,,,2014-2024
NHL,LogisticGAM,Expected Goal,spatial,spatial_surface,-73.91304347826087,63.33333333333333,0.008478038802389974,,,,2014-2024
NHL,LogisticGAM,Expected Goal,spatial,spatial_surface,-71.01449275362319,63.33333333333333,-0.0023606867087695286,,,,2014-2024
NHL,LogisticGAM,Expected Goal,spatial,spatial_surface,-68.1159420289855,63.33333333333333,-0.011786619316496914,,,,2014-2024
NHL,LogisticGAM,Expected Goal,spatial,spatial_surface,-65.21739130434783,63.33333333333333,-0.02000281200343822,,,,2014-2024
NHL,LogisticGAM,Expected Goal,spatial,spatial_surface,-62.31884057971015,63.33333333333333,-0.02731941803329094,,,,2014-2024
NHL,LogisticGAM,Expected Goal,spatial,spatial_surface,-59.42028985507246,63.33333333333333,-0.03404684266339758,,,,2014-2024
NHL,LogisticGAM,Expected Goal,spatial,spatial_surface,-56.52173913043478,63.33333333333333,-0.0404954911511008,,,,2014-2024
NHL,LogisticGAM,Expected Goal,spatial,spatial_surface,-53.6231884057971,63.33333333333333,-0.046975768753743076,,,,2014-2024
NHL,LogisticGAM,Expected Goal,spatial,spatial_surface,-50.72463768115942,63.33333333333333,-0.05379808072866707,,,,2014-2024
NHL,LogisticGAM,Expected Goal,spatial,spatial_surface,-47.82608695652174,63.33333333333333,-0.061272832333215496,,,,2014-2024
NHL,LogisticGAM,Expected Goal,spatial,spatial_surface,-44.927536231884055,63.33333333333333,-0.06971042882473068,,,,2014-2024
NHL,LogisticGAM,Expected Goal,spatial,spatial_surface,-42.028985507246375,63.33333333333333,-0.07942127280470751,,,,2014-2024
NHL,LogisticGAM,Expected Goal,spatial,spatial_surface,-39.130434782608695,63.33333333333333,-0.09066660705753567,,,,2014-2024
NHL,LogisticGAM,Expected Goal,spatial,spatial_surface,-36.231884057971016,63.33333333333333,-0.1035328618882359,,,,2014-2024
NHL,LogisticGAM,Expected Goal,spatial,spatial_surface,-33.33333333333333,63.33333333333333,-0.11806762735582026,,,,2014-2024
NHL,LogisticGAM,Expected Goal,spatial,spatial_surface,-30.434782608695656,63.33333333333333,-0.1343184935193002,,,,2014-2024
NHL,LogisticGAM,Expected Goal,spatial,spatial_surface,-27.53623188405797,63.33333333333333,-0.15233305043768758,,,,2014-2024
NHL,LogisticGAM,Expected Goal,spatial,spatial_surface,-24.637681159420296,63.33333333333333,-0.17215888816999408,,,,2014-2024
NHL,LogisticGAM,Expected Goal,spatial,spatial_surface,-21.73913043478261,63.33333333333333,-0.1938435967752315,,,,2014-2024
NHL,LogisticGAM,Expected Goal,spatial,spatial_surface,-18.840579710144922,63.33333333333333,-0.2174347663124116,,,,2014-2024
NHL,LogisticGAM,Expected Goal,spatial,spatial_surface,-15.94202898550725,63.33333333333333,-0.2429799868405459,,,,2014-2024
NHL,LogisticGAM,Expected Goal,spatial,spatial_surface,-13.043478260869563,63.33333333333333,-0.27052650865948713,,,,2014-2024
NHL,LogisticGAM,Expected Goal,spatial,spatial_surface,-10.14492753623189,63.33333333333333,-0.3000717554905402,,,,2014-2024
NHL,LogisticGAM,Expected Goal,spatial,spatial_surface,-7.246376811594203,63.33333333333333,-0.33151129751717495,,,,2014-2024
NHL,LogisticGAM,Expected Goal,spatial,spatial_surface,-4.347826086956516,63.33333333333333,-0.36472826055166785,,,,2014-2024
NHL,LogisticGAM,Expected Goal,spatial,spatial_surface,-1.4492753623188435,63.33333333333333,-0.3996057704062953,,,,2014-2024
NHL,LogisticGAM,Expected Goal,spatial,spatial_surface,1.4492753623188435,63.33333333333333,-0.43602695289333443,,,,2014-2024
NHL,LogisticGAM,Expected Goal,spatial,spatial_surface,4.347826086956516,63.33333333333333,-0.4738749338250614,,,,2014-2024
NHL,LogisticGAM,Expected Goal,spatial,spatial_surface,7.246376811594203,63.33333333333333,-0.5130328390137531,,,,2014-2024
NHL,LogisticGAM,Expected Goal,spatial,spatial_surface,10.14492753623189,63.33333333333333,-0.553383794271686,,,,2014-2024
NHL,LogisticGAM,Expected Goal,spatial,spatial_surface,13.043478260869563,63.33333333333333,-0.5948109254111367,,,,2014-2024
NHL,LogisticGAM,Expected Goal,spatial,spatial_surface,15.94202898550725,63.33333333333333,-0.6371947733953818,,,,2014-2024
NHL,LogisticGAM,Expected Goal,spatial,spatial_surface,18.840579710144922,63.33333333333333,-0.6803280905731771,,,,2014-2024
NHL,LogisticGAM,Expected Goal,spatial,spatial_surface,21.73913043478261,63.33333333333333,-0.723896434591995,,,,2014-2024
NHL,LogisticGAM,Expected Goal,spatial,spatial_surface,24.637681159420296,63.33333333333333,-0.7675788484400995,,,,2014-2024
NHL,LogisticGAM,Expected Goal,spatial,spatial_surface,27.53623188405797,63.33333333333333,-0.8110543751057557,,,,2014-2024
NHL,LogisticGAM,Expected Goal,spatial,spatial_surface,30.434782608695656,63.33333333333333,-0.8540020575772284,,,,2014-2024
NHL,LogisticGAM,Expected Goal,spatial,spatial_surface,33.33333333333334,63.33333333333333,-0.8961009388427827,,,,2014-2024
NHL,LogisticGAM,Expected Goal,spatial,spatial_surface,36.231884057971,63.33333333333333,-0.9370300618906824,,,,2014-2024
NHL,LogisticGAM,Expected Goal,spatial,spatial_surface,39.13043478260869,63.33333333333333,-0.9764684697091928,,,,2014-2024
NHL,LogisticGAM,Expected Goal,spatial,spatial_surface,42.028985507246375,63.33333333333333,-1.0140952052865784,,,,2014-2024
NHL,LogisticGAM,Expected Goal,spatial,spatial_surface,44.92753623188406,63.33333333333333,-1.049611672191675,,,,2014-2024
NHL,LogisticGAM,Expected Goal,spatial,spatial_surface,47.82608695652175,63.33333333333333,-1.083033885363262,,,,2014-2024
NHL,LogisticGAM,Expected Goal,spatial,spatial_surface,50.72463768115941,63.33333333333333,-1.1146102247967118,,,,2014-2024
NHL,LogisticGAM,Expected Goal,spatial,spatial_surface,53.623188405797094,63.33333333333333,-1.1445945068461048,,,,2014-2024
NHL,LogisticGAM,Expected Goal,spatial,spatial_surface,56.52173913043478,63.33333333333333,-1.1732405478655197,,,,2014-2024
NHL,LogisticGAM,Expected Goal,spatial,spatial_surface,59.42028985507247,63.33333333333333,-1.2008021642090343,,,,2014-2024
NHL,LogisticGAM,Expected Goal,spatial,spatial_surface,62.318840579710155,63.33333333333333,-1.2275331722307294,,,,2014-2024
NHL,LogisticGAM,Expected Goal,spatial,spatial_surface,65.21739130434781,63.33333333333333,-1.2536873882846824,,,,2014-2024
NHL,LogisticGAM,Expected Goal,spatial,spatial_surface,68.1159420289855,63.33333333333333,-1.279518628724973,,,,2014-2024
NHL,LogisticGAM,Expected Goal,spatial,spatial_surface,71.01449275362319,63.33333333333333,-1.3052807099056802,,,,2014-2024
NHL,LogisticGAM,Expected Goal,spatial,spatial_surface,73.91304347826087,63.33333333333333,-1.3312155701428205,,,,2014-2024
NHL,LogisticGAM,Expected Goal,spatial,spatial_surface,76.81159420289856,63.33333333333333,-1.3574795429623587,,,,2014-2024
NHL,LogisticGAM,Expected Goal,spatial,spatial_surface,79.71014492753622,63.33333333333333,-1.3841914308152583,,,,2014-2024
NHL,LogisticGAM,Expected Goal,spatial,spatial_surface,82.6086956521739,63.33333333333333,-1.4114698763388824,,,,2014-2024
NHL,LogisticGAM,Expected Goal,spatial,spatial_surface,85.5072463768116,63.33333333333333,-1.4394335221705947,,,,2014-2024
NHL,LogisticGAM,Expected Goal,spatial,spatial_surface,88.40579710144928,63.33333333333333,-1.4682010109477581,,,,2014-2024
NHL,LogisticGAM,Expected Goal,spatial,spatial_surface,91.30434782608697,63.33333333333333,-1.4978909853077358,,,,2014-2024
NHL,LogisticGAM,Expected Goal,spatial,spatial_surface,94.20289855072463,63.33333333333333,-1.5286220878878887,,,,2014-2024
NHL,LogisticGAM,Expected Goal,spatial,spatial_surface,97.10144927536231,63.33333333333333,-1.5605129613255821,,,,2014-2024
NHL,LogisticGAM,Expected Goal,spatial,spatial_surface,100.0,63.33333333333333,-1.5936822482581787,,,,2014-2024
NHL,LogisticGAM,Expected Goal,spatial,spatial_surface,-100.0,64.92753623188406,0.17052512068187414,,,,2014-2024
NHL,LogisticGAM,Expected Goal,spatial,spatial_surface,-97.10144927536231,64.92753623188406,0.14780952584696505,,,,2014-2024
NHL,LogisticGAM,Expected Goal,spatial,spatial_surface,-94.20289855072464,64.92753623188406,0.125577362495722,,,,2014-2024
NHL,LogisticGAM,Expected Goal,spatial,spatial_surface,-91.30434782608695,64.92753623188406,0.10398359163116322,,,,2014-2024
NHL,LogisticGAM,Expected Goal,spatial,spatial_surface,-88.40579710144928,64.92753623188406,0.08315895375166345,,,,2014-2024
NHL,LogisticGAM,Expected Goal,spatial,spatial_surface,-85.5072463768116,64.92753623188406,0.06323418935559694,,,,2014-2024
NHL,LogisticGAM,Expected Goal,spatial,spatial_surface,-82.6086956521739,64.92753623188406,0.04434003894133829,,,,2014-2024
NHL,LogisticGAM,Expected Goal,spatial,spatial_surface,-79.71014492753623,64.92753623188406,0.026607243007262017,,,,2014-2024
NHL,LogisticGAM,Expected Goal,spatial,spatial_surface,-76.81159420289855,64.92753623188406,0.010166542051742495,,,,2014-2024
NHL,LogisticGAM,Expected Goal,spatial,spatial_surface,-73.91304347826087,64.92753623188406,-0.004851323426845684,,,,2014-2024
NHL,LogisticGAM,Expected Goal,spatial,spatial_surface,-71.01449275362319,64.92753623188406,-0.018315612930128164,,,,2014-2024
NHL,LogisticGAM,Expected Goal,spatial,spatial_surface,-68.1159420289855,64.92753623188406,-0.03014190153687112,,,,2014-2024
NHL,LogisticGAM,Expected Goal,spatial,spatial_surface,-65.21739130434783,64.92753623188406,-0.04054063172084049,,,,2014-2024
NHL,LogisticGAM,Expected Goal,spatial,spatial_surface,-62.31884057971015,64.92753623188406,-0.04983788789210572,,,,2014-2024
NHL,LogisticGAM,Expected Goal,spatial,spatial_surface,-59.42028985507246,64.92753623188406,-0.05836002655183397,,,,2014-2024
NHL,LogisticGAM,Expected Goal,spatial,spatial_surface,-56.52173913043478,64.92753623188406,-0.06643340420119262,,,,2014-2024
NHL,LogisticGAM,Expected Goal,spatial,spatial_surface,-53.6231884057971,64.92753623188406,-0.07438437734134878,,,,2014-2024
NHL,LogisticGAM,Expected Goal,spatial,spatial_surface,-50.72463768115942,64.92753623188406,-0.08253930247346995,,,,2014-2024
NHL,LogisticGAM,Expected Goal,spatial,spatial_surface,-47.82608695652174,64.92753623188406,-0.09122453609872327,,,,2014-2024
NHL,LogisticGAM,Expected Goal,spatial,spatial_surface,-44.927536231884055,64.92753623188406,-0.10076643471827602,,,,2014-2024
NHL,LogisticGAM,Expected Goal,spatial,spatial_surface,-42.028985507246375,64.92753623188406,-0.11149135221131254,,,,2014-2024
NHL,LogisticGAM,Expected Goal,spatial,spatial_surface,-39.130434782608695,64.92753623188406,-0.12367710947779657,,,,2014-2024
NHL,LogisticGAM,Expected Goal,spatial,spatial_surface,-36.231884057971016,64.92753623188406,-0.1374289439760063,,,,2014-2024
NHL,LogisticGAM,Expected Goal,spatial,spatial_surface,-33.33333333333333,64.92753623188406,-0.15281374817102292,,,,2014-2024
NHL,LogisticGAM,Expected Goal,spatial,spatial_surface,-30.434782608695656,64.92753623188406,-0.16989841452792687,,,,2014-2024
NHL,LogisticGAM,Expected Goal,spatial,spatial_surface,-27.53623188405797,64.92753623188406,-0.18874983551179944,,,,2014-2024
NHL,LogisticGAM,Expected Goal,spatial,spatial_surface,-24.637681159420296,64.92753623188406,-0.20943490358772116,,,,2014-2024
NHL,LogisticGAM,Expected Goal,spatial,spatial_surface,-21.73913043478261,64.92753623188406,-0.23202051122077302,,,,2014-2024
NHL,LogisticGAM,Expected Goal,spatial,spatial_surface,-18.840579710144922,64.92753623188406,-0.25657355087603617,,,,2014-2024
NHL,LogisticGAM,Expected Goal,spatial,spatial_surface,-15.94202898550725,64.92753623188406,-0.283160915018591,,,,2014-2024
NHL,LogisticGAM,Expected Goal,spatial,spatial_surface,-13.043478260869563,64.92753623188406,-0.3118491277924671,,,,2014-2024
NHL,LogisticGAM,Expected Goal,spatial,spatial_surface,-10.14492753623189,64.92753623188406,-0.34265069808617404,,,,2014-2024
NHL,LogisticGAM,Expected Goal,spatial,spatial_surface,-7.246376811594203,64.92753623188406,-0.37546771892118264,,,,2014-2024
NHL,LogisticGAM,Expected Goal,spatial,spatial_surface,-4.347826086956516,64.92753623188406,-0.410188792810297,,,,2014-2024
NHL,LogisticGAM,Expected Goal,spatial,spatial_surface,-1.4492753623188435,64.92753623188406,-0.44670252226632046,,,,2014-2024
NHL,LogisticGAM,Expected Goal,spatial,spatial_surface,1.4492753623188435,64.92753623188406,-0.4848975098020573,,,,2014-2024
NHL,LogisticGAM,Expected Goal,spatial,spatial_surface,4.347826086956516,64.92753623188406,-0.5246623579303109,,,,2014-2024
NHL,LogisticGAM,Expected Goal,spatial,spatial_surface,7.246376811594203,64.92753623188406,-0.5658856691638849,,,,2014-2024
NHL,LogisticGAM,Expected Goal,spatial,spatial_surface,10.14492753623189,64.92753623188406,-0.6084560460155837,,,,2014-2024
NHL,LogisticGAM,Expected Goal,spatial,spatial_surface,13.043478260869563,64.92753623188406,-0.6522620909982099,,,,2014-2024
NHL,LogisticGAM,Expected Goal,spatial,spatial_surface,15.94202898550725,64.92753623188406,-0.6971888970278496,,,,2014-2024
NHL,LogisticGAM,Expected Goal,spatial,spatial_surface,18.840579710144922,64.92753623188406,-0.7430023614182872,,,,2014-2024
NHL,LogisticGAM,Expected Goal,spatial,spatial_surface,21.73913043478261,64.92753623188406,-0.789322837131654,,,,2014-2024
NHL,LogisticGAM,Expected Goal,spatial,spatial_surface,24.637681159420296,64.92753623188406,-0.8357618318062051,,,,2014-2024
NHL,LogisticGAM,Expected Goal,spatial,spatial_surface,27.53623188405797,64.92753623188406,-0.8819308530801957,,,,2014-2024
NHL,LogisticGAM,Expected Goal,spatial,spatial_surface,30.434782608695656,64.92753623188406,-0.9274414085918821,,,,2014-2024
NHL,LogisticGAM,Expected Goal,spatial,spatial_surface,33.33333333333334,64.92753623188406,-0.9719050059795199,,,,2014-2024
NHL,LogisticGAM,Expected Goal,spatial,spatial_surface,36.231884057971,64.92753623188406,-1.0149331528813637,,,,2014-2024
NHL,LogisticGAM,Expected Goal,spatial,spatial_surface,39.13043478260869,64.92753623188406,-1.0561373569356698,,,,2014-2024
NHL,LogisticGAM,Expected Goal,spatial,spatial_surface,42.028985507246375,64.92753623188406,-1.0951291257806939,,,,2014-2024
NHL,LogisticGAM,Expected Goal,spatial,spatial_surface,44.92753623188406,64.92753623188406,-1.131546214008289,,,,2014-2024
NHL,LogisticGAM,Expected Goal,spatial,spatial_surface,47.82608695652175,64.92753623188406,-1.1653956685013669,,,,2014-2024
NHL,LogisticGAM,Expected Goal,spatial,spatial_surface,50.72463768115941,64.92753623188406,-1.1969572873282976,,,,2014-2024
NHL,LogisticGAM,Expected Goal,spatial,spatial_surface,53.623188405797094,64.92753623188406,-1.226517249780617,,,,2014-2024
NHL,LogisticGAM,Expected Goal,spatial,spatial_surface,56.52173913043478,64.92753623188406,-1.2543617351498584,,,,2014-2024
NHL,LogisticGAM,Expected Goal,spatial,spatial_surface,59.42028985507247,64.92753623188406,-1.2807769227275565,,,,2014-2024
NHL,LogisticGAM,Expected Goal,spatial,spatial_surface,62.318840579710155,64.92753623188406,-1.3060489918052465,,,,2014-2024
NHL,LogisticGAM,Expected Goal,spatial,spatial_surface,65.21739130434781,64.92753623188406,-1.3304641216744613,,,,2014-2024
NHL,LogisticGAM,Expected Goal,spatial,spatial_surface,68.1159420289855,64.92753623188406,-1.3543084916267365,,,,2014-2024
NHL,LogisticGAM,Expected Goal,spatial,spatial_surface,71.01449275362319,64.92753623188406,-1.3778682809536065,,,,2014-2024
NHL,LogisticGAM,Expected Goal,spatial,spatial_surface,73.91304347826087,64.92753623188406,-1.4014175642561728,,,,2014-2024
NHL,LogisticGAM,Expected Goal,spatial,spatial_surface,76.81159420289856,64.92753623188406,-1.4251431778662538,,,,2014-2024
NHL,LogisticGAM,Expected Goal,spatial,spatial_surface,79.71014492753622,64.92753623188406,-1.449193710886445,,,,2014-2024
NHL,LogisticGAM,Expected Goal,spatial,spatial_surface,82.6086956521739,64.92753623188406,-1.4737175895562369,,,,2014-2024
NHL,LogisticGAM,Expected Goal,spatial,spatial_surface,85.5072463768116,64.92753623188406,-1.4988632401151218,,,,2014-2024
NHL,LogisticGAM,Expected Goal,spatial,spatial_surface,88.40579710144928,64.92753623188406,-1.52477908880259,,,,2014-2024
NHL,LogisticGAM,Expected Goal,spatial,spatial_surface,91.30434782608697,64.92753623188406,-1.551613561858132,,,,2014-2024
NHL,LogisticGAM,Expected Goal,spatial,spatial_surface,94.20289855072463,64.92753623188406,-1.5795150855212379,,,,2014-2024
NHL,LogisticGAM,Expected Goal,spatial,spatial_surface,97.10144927536231,64.92753623188406,-1.6086320860314005,,,,2014-2024
NHL,LogisticGAM,Expected Goal,spatial,spatial_surface,100.0,64.92753623188406,-1.6391129896281098,,,,2014-2024
NHL,LogisticGAM,Expected Goal,spatial,spatial_surface,-100.0,66.52173913043478,0.18817202604270575,,,,2014-2024
NHL,LogisticGAM,Expected Goal,spatial,spatial_surface,-97.10144927536231,66.52173913043478,0.16157796449392944,,,,2014-2024
NHL,LogisticGAM,Expected Goal,spatial,spatial_surface,-94.20289855072464,66.52173913043478,0.13553241166472038,,,,2014-2024
NHL,LogisticGAM,Expected Goal,spatial,spatial_surface,-91.30434782608695,66.52173913043478,0.11021138998684907,,,,2014-2024
NHL,LogisticGAM,Expected Goal,spatial,spatial_surface,-88.40579710144928,66.52173913043478,0.08576345125042659,,,,2014-2024
NHL,LogisticGAM,Expected Goal,spatial,spatial_surface,-85.5072463768116,66.52173913043478,0.06233714724556332,,,,2014-2024
NHL,LogisticGAM,Expected Goal,spatial,spatial_surface,-82.6086956521739,66.52173913043478,0.04008102976237018,,,,2014-2024
NHL,LogisticGAM,Expected Goal,spatial,spatial_surface,-79.71014492753623,66.52173913043478,0.019143650590957996,,,,2014-2024
NHL,LogisticGAM,Expected Goal,spatial,spatial_surface,-76.81159420289855,66.52173913043478,-0.00032643847856278735,,,,2014-2024
NHL,LogisticGAM,Expected Goal,spatial,spatial_surface,-73.91304347826087,66.52173913043478,-0.01818068565608114,,,,2014-2024
NHL,LogisticGAM,Expected Goal,spatial,spatial_surface,-71.01449275362319,66.52173913043478,-0.0342705391514866,,,,2014-2024
NHL,LogisticGAM,Expected Goal,spatial,spatial_surface,-68.1159420289855,66.52173913043478,-0.04849718375724502,,,,2014-2024
NHL,LogisticGAM,Expected Goal,spatial,spatial_surface,-65.21739130434783,66.52173913043478,-0.06107845143824248,,,,2014-2024
NHL,LogisticGAM,Expected Goal,spatial,spatial_surface,-62.31884057971015,66.52173913043478,-0.07235635775092013,,,,2014-2024
NHL,LogisticGAM,Expected Goal,spatial,spatial_surface,-59.42028985507246,66.52173913043478,-0.08267321044027005,,,,2014-2024
NHL,LogisticGAM,Expected Goal,spatial,spatial_surface,-56.52173913043478,66.52173913043478,-0.092371317251284,,,,2014-2024
NHL,LogisticGAM,Expected Goal,spatial,spatial_surface,-53.6231884057971,66.52173913043478,-0.10179298592895412,,,,2014-2024
NHL,LogisticGAM,Expected Goal,spatial,spatial_surface,-50.72463768115942,66.52173913043478,-0.11128052421827236,,,,2014-2024
NHL,LogisticGAM,Expected Goal,spatial,spatial_surface,-47.82608695652174,66.52173913043478,-0.12117623986423068,,,,2014-2024
NHL,LogisticGAM,Expected Goal,spatial,spatial_surface,-44.927536231884055,66.52173913043478,-0.131822440611821,,,,2014-2024
NHL,LogisticGAM,Expected Goal,spatial,spatial_surface,-42.028985507246375,66.52173913043478,-0.14356143161791704,,,,2014-2024
NHL,LogisticGAM,Expected Goal,spatial,spatial_surface,-39.130434782608695,66.52173913043478,-0.15668761189805708,,,,2014-2024
NHL,LogisticGAM,Expected Goal,spatial,spatial_surface,-36.231884057971016,66.52173913043478,-0.17132502606377634,,,,2014-2024
NHL,LogisticGAM,Expected Goal,spatial,spatial_surface,-33.33333333333333,66.52173913043478,-0.18755986898622512,,,,2014-2024
NHL,LogisticGAM,Expected Goal,spatial,spatial_surface,-30.434782608695656,66.52173913043478,-0.20547833553655317,,,,2014-2024
NHL,LogisticGAM,Expected Goal,spatial,spatial_surface,-27.53623188405797,66.52173913043478,-0.22516662058591075,,,,2014-2024
NHL,LogisticGAM,Expected Goal,spatial,spatial_surface,-24.637681159420296,66.52173913043478,-0.24671091900544767,,,,2014-2024
NHL,LogisticGAM,Expected Goal,spatial,spatial_surface,-21.73913043478261,66.52173913043478,-0.270197425666314,,,,2014-2024
NHL,LogisticGAM,Expected Goal,spatial,spatial_surface,-18.840579710144922,66.52173913043478,-0.2957123354396601,,,,2014-2024
NHL,LogisticGAM,Expected Goal,spatial,spatial_surface,-15.94202898550725,66.52173913043478,-0.32334184319663545,,,,2014-2024
NHL,LogisticGAM,Expected Goal,spatial,spatial_surface,-13.043478260869563,66.52173913043478,-0.3531717469254466,,,,2014-2024
NHL,LogisticGAM,Expected Goal,spatial,spatial_surface,-10.14492753623189,66.52173913043478,-0.385229640681807,,,,2014-2024
NHL,LogisticGAM,Expected Goal,spatial,spatial_surface,-7.246376811594203,66.52173913043478,-0.41942414032518965,,,,2014-2024
NHL,LogisticGAM,Expected Goal,spatial,spatial_surface,-4.347826086956516,66.52173913043478,-0.4556493250689255,,,,2014-2024
NHL,LogisticGAM,Expected Goal,spatial,spatial_surface,-1.4492753623188435,66.52173913043478,-0.493799274126345,,,,2014-2024
NHL,LogisticGAM,Expected Goal,spatial,spatial_surface,1.4492753623188435,66.52173913043478,-0.5337680667107796,,,,2014-2024
NHL,LogisticGAM,Expected Goal,spatial,spatial_surface,4.347826086956516,66.52173913043478,-0.5754497820355599,,,,2014-2024
NHL,LogisticGAM,Expected Goal,spatial,spatial_surface,7.246376811594203,66.52173913043478,-0.6187384993140164,,,,2014-2024
NHL,LogisticGAM,Expected Goal,spatial,spatial_surface,10.14492753623189,66.52173913043478,-0.6635282977594807,,,,2014-2024
NHL,LogisticGAM,Expected Goal,spatial,spatial_surface,13.043478260869563,66.52173913043478,-0.7097132565852823,,,,2014-2024
NHL,LogisticGAM,Expected Goal,spatial,spatial_surface,15.94202898550725,66.52173913043478,-0.7571830206603166,,,,2014-2024
NHL,LogisticGAM,Expected Goal,spatial,spatial_surface,18.840579710144922,66.52173913043478,-0.8056766322633966,,,,2014-2024
NHL,LogisticGAM,Expected Goal,spatial,spatial_surface,21.73913043478261,66.52173913043478,-0.8547492396713123,,,,2014-2024
NHL,LogisticGAM,Expected Goal,spatial,spatial_surface,24.637681159420296,66.52173913043478,-0.9039448151723095,,,,2014-2024
NHL,LogisticGAM,Expected Goal,spatial,spatial_surface,27.53623188405797,66.52173913043478,-0.9528073310546348,,,,2014-2024
NHL,LogisticGAM,Expected Goal,spatial,spatial_surface,30.434782608695656,66.52173913043478,-1.0008807596065346,,,,2014-2024
NHL,LogisticGAM,Expected Goal,spatial,spatial_surface,33.33333333333334,66.52173913043478,-1.0477090731162562,,,,2014-2024
NHL,LogisticGAM,Expected Goal,spatial,spatial_surface,36.231884057971,66.52173913043478,-1.0928362438720443,,,,2014-2024
NHL,LogisticGAM,Expected Goal,spatial,spatial_surface,39.13043478260869,66.52173913043478,-1.1358062441621462,,,,2014-2024
NHL,LogisticGAM,Expected Goal,spatial,spatial_surface,42.028985507246375,66.52173913043478,-1.176163046274808,,,,2014-2024
NHL,LogisticGAM,Expected Goal,spatial,spatial_surface,44.92753623188406,66.52173913043478,-1.213480755824902,,,,2014-2024
NHL,LogisticGAM,Expected Goal,spatial,spatial_surface,47.82608695652175,66.52173913043478,-1.247757451639471,,,,2014-2024
NHL,LogisticGAM,Expected Goal,spatial,spatial_surface,50.72463768115941,66.52173913043478,-1.2793043498598826,,,,2014-2024
NHL,LogisticGAM,Expected Goal,spatial,spatial_surface,53.623188405797094,66.52173913043478,-1.3084399927151278,,,,2014-2024
NHL,LogisticGAM,Expected Goal,spatial,spatial_surface,56.52173913043478,66.52173913043478,-1.3354829224341964,,,,2014-2024
NHL,LogisticGAM,Expected Goal,spatial,spatial_surface,59.42028985507247,66.52173913043478,-1.3607516812460776,,,,2014-2024
NHL,LogisticGAM,Expected Goal,spatial,spatial_surface,62.318840579710155,66.52173913043478,-1.3845648113797624,,,,2014-2024
NHL,LogisticGAM,Expected Goal,spatial,spatial_surface,65.21739130434781,66.52173913043478,-1.4072408550642392,,,,2014-2024
NHL,LogisticGAM,Expected Goal,spatial,spatial_surface,68.1159420289855,66.52173913043478,-1.429098354528499,,,,2014-2024
NHL,LogisticGAM,Expected Goal,spatial,spatial_surface,71.01449275362319,66.52173913043478,-1.4504558520015318,,,,2014-2024
NHL,LogisticGAM,Expected Goal,spatial,spatial_surface,73.91304347826087,66.52173913043478,-1.4716195583695242,,,,2014-2024
NHL,LogisticGAM,Expected Goal,spatial,spatial_surface,76.81159420289856,66.52173913043478,-1.4928068127701484,,,,2014-2024
NHL,LogisticGAM,Expected Goal,spatial,spatial_surface,79.71014492753622,66.52173913043478,-1.514195990957631,,,,2014-2024
NHL,LogisticGAM,Expected Goal,spatial,spatial_surface,82.6086956521739,66.52173913043478,-1.535965302773591,,,,2014-2024
NHL,LogisticGAM,Expected Goal,spatial,spatial_surface,85.5072463768116,66.52173913043478,-1.558292958059648,,,,2014-2024
NHL,LogisticGAM,Expected Goal,spatial,spatial_surface,88.40579710144928,66.52173913043478,-1.581357166657421,,,,2014-2024
NHL,LogisticGAM,Expected Goal,spatial,spatial_surface,91.30434782608697,66.52173913043478,-1.6053361384085276,,,,2014-2024
NHL,LogisticGAM,Expected Goal,spatial,spatial_surface,94.20289855072463,66.52173913043478,-1.630408083154587,,,,2014-2024
NHL,LogisticGAM,Expected Goal,spatial,spatial_surface,97.10144927536231,66.52173913043478,-1.6567512107372182,,,,2014-2024
NHL,LogisticGAM,Expected Goal,spatial,spatial_surface,100.0,66.52173913043478,-1.6845437309980404,,,,2014-2024
NHL,LogisticGAM,Expected Goal,spatial,spatial_surface,-100.0,68.1159420289855,0.2058189314035373,,,,2014-2024
NHL,LogisticGAM,Expected Goal,spatial,spatial_surface,-97.10144927536231,68.1159420289855,0.1753464031408939,,,,2014-2024
NHL,LogisticGAM,Expected Goal,spatial,spatial_surface,-94.20289855072464,68.1159420289855,0.14548746083371872,,,,2014-2024
NHL,LogisticGAM,Expected Goal,spatial,spatial_surface,-91.30434782608695,68.1159420289855,0.11643918834253494,,,,2014-2024
NHL,LogisticGAM,Expected Goal,spatial,spatial_surface,-88.40579710144928,68.1159420289855,0.0883679487491897,,,,2014-2024
NHL,LogisticGAM,Expected Goal,spatial,spatial_surface,-85.5072463768116,68.1159420289855,0.0614401051355297,,,,2014-2024
NHL,LogisticGAM,Expected Goal,spatial,spatial_surface,-82.6086956521739,68.1159420289855,0.03582202058340209,,,,2014-2024
NHL,LogisticGAM,Expected Goal,spatial,spatial_surface,-79.71014492753623,68.1159420289855,0.011680058174653977,,,,2014-2024
NHL,LogisticGAM,Expected Goal,spatial,spatial_surface,-76.81159420289855,68.1159420289855,-0.010819419008868028,,,,2014-2024
NHL,LogisticGAM,Expected Goal,spatial,spatial_surface,-73.91304347826087,68.1159420289855,-0.03151004788531655,,,,2014-2024
NHL,LogisticGAM,Expected Goal,spatial,spatial_surface,-71.01449275362319,68.1159420289855,-0.050225465372845,,,,2014-2024
NHL,LogisticGAM,Expected Goal,spatial,spatial_surface,-68.1159420289855,68.1159420289855,-0.06685246597761894,,,,2014-2024
NHL,LogisticGAM,Expected Goal,spatial,spatial_surface,-65.21739130434783,68.1159420289855,-0.08161627115564443,,,,2014-2024
NHL,LogisticGAM,Expected Goal,spatial,spatial_surface,-62.31884057971015,68.1159420289855,-0.09487482760973454,,,,2014-2024
NHL,LogisticGAM,Expected Goal,spatial,spatial_surface,-59.42028985507246,68.1159420289855,-0.10698639432870596,,,,2014-2024
NHL,LogisticGAM,Expected Goal,spatial,spatial_surface,-56.52173913043478,68.1159420289855,-0.11830923030137545,,,,2014-2024
NHL,LogisticGAM,Expected Goal,spatial,spatial_surface,-53.6231884057971,68.1159420289855,-0.12920159451655944,,,,2014-2024
NHL,LogisticGAM,Expected Goal,spatial,spatial_surface,-50.72463768115942,68.1159420289855,-0.1400217459630748,,,,2014-2024
NHL,LogisticGAM,Expected Goal,spatial,spatial_surface,-47.82608695652174,68.1159420289855,-0.15112794362973803,,,,2014-2024
NHL,LogisticGAM,Expected Goal,spatial,spatial_surface,-44.927536231884055,68.1159420289855,-0.16287844650536593,,,,2014-2024
NHL,LogisticGAM,Expected Goal,spatial,spatial_surface,-42.028985507246375,68.1159420289855,-0.17563151102452154,,,,2014-2024
NHL,LogisticGAM,Expected Goal,spatial,spatial_surface,-39.130434782608695,68.1159420289855,-0.18969811431831757,,,,2014-2024
NHL,LogisticGAM,Expected Goal,spatial,spatial_surface,-36.231884057971016,68.1159420289855,-0.20522110815154632,,,,2014-2024
NHL,LogisticGAM,Expected Goal,spatial,spatial_surface,-33.33333333333333,68.1159420289855,-0.22230598980142727,,,,2014-2024
NHL,LogisticGAM,Expected Goal,spatial,spatial_surface,-30.434782608695656,68.1159420289855,-0.2410582565451794,,,,2014-2024
NHL,LogisticGAM,Expected Goal,spatial,spatial_surface,-27.53623188405797,68.1159420289855,-0.26158340566002203,,,,2014-2024
NHL,LogisticGAM,Expected Goal,spatial,spatial_surface,-24.637681159420296,68.1159420289855,-0.2839869344231742,,,,2014-2024
NHL,LogisticGAM,Expected Goal,spatial,spatial_surface,-21.73913043478261,68.1159420289855,-0.30837434011185516,,,,2014-2024
NHL,LogisticGAM,Expected Goal,spatial,spatial_surface,-18.840579710144922,68.1159420289855,-0.33485112000328415,,,,2014-2024
NHL,LogisticGAM,Expected Goal,spatial,spatial_surface,-15.94202898550725,68.1159420289855,-0.3635227713746799,,,,2014-2024
NHL,LogisticGAM,Expected Goal,spatial,spatial_surface,-13.043478260869563,68.1159420289855,-0.3944943660584262,,,,2014-2024
NHL,LogisticGAM,Expected Goal,spatial,spatial_surface,-10.14492753623189,68.1159420289855,-0.42780858327744015,,,,2014-2024
NHL,LogisticGAM,Expected Goal,spatial,spatial_surface,-7.246376811594203,68.1159420289855,-0.4633805617291967,,,,2014-2024
NHL,LogisticGAM,Expected Goal,spatial,spatial_surface,-4.347826086956516,68.1159420289855,-0.5011098573275541,,,,2014-2024
NHL,LogisticGAM,Expected Goal,spatial,spatial_surface,-1.4492753623188435,68.1159420289855,-0.5408960259863697,,,,2014-2024
NHL,LogisticGAM,Expected Goal,spatial,spatial_surface,1.4492753623188435,68.1159420289855,-0.582638623619502,,,,2014-2024
NHL,LogisticGAM,Expected Goal,spatial,spatial_surface,4.347826086956516,68.1159420289855,-0.6262372061408089,,,,2014-2024
NHL,LogisticGAM,Expected Goal,spatial,spatial_surface,7.246376811594203,68.1159420289855,-0.6715913294641479,,,,2014-2024
NHL,LogisticGAM,Expected Goal,spatial,spatial_surface,10.14492753623189,68.1159420289855,-0.7186005495033776,,,,2014-2024
NHL,LogisticGAM,Expected Goal,spatial,spatial_surface,13.043478260869563,68.1159420289855,-0.7671644221723549,,,,2014-2024
NHL,LogisticGAM,Expected Goal,spatial,spatial_surface,15.94202898550725,68.1159420289855,-0.8171771442927838,,,,2014-2024
NHL,LogisticGAM,Expected Goal,spatial,spatial_surface,18.840579710144922,68.1159420289855,-0.8683509031085062,,,,2014-2024
NHL,LogisticGAM,Expected Goal,spatial,spatial_surface,21.73913043478261,68.1159420289855,-0.9201756422109708,,,,2014-2024
NHL,LogisticGAM,Expected Goal,spatial,spatial_surface,24.637681159420296,68.1159420289855,-0.9721277985384142,,,,2014-2024
NHL,LogisticGAM,Expected Goal,spatial,spatial_surface,27.53623188405797,68.1159420289855,-1.023683809029074,,,,2014-2024
NHL,LogisticGAM,Expected Goal,spatial,spatial_surface,30.434782608695656,68.1159420289855,-1.0743201106211875,,,,2014-2024
NHL,LogisticGAM,Expected Goal,spatial,spatial_surface,33.33333333333334,68.1159420289855,-1.1235131402529925,,,,2014-2024
NHL,LogisticGAM,Expected Goal,spatial,spatial_surface,36.231884057971,68.1159420289855,-1.1707393348627249,,,,2014-2024
NHL,LogisticGAM,Expected Goal,spatial,spatial_surface,39.13043478260869,68.1159420289855,-1.2154751313886225,,,,2014-2024
NHL,LogisticGAM,Expected Goal,spatial,spatial_surface,42.028985507246375,68.1159420289855,-1.2571969667689227,,,,2014-2024
NHL,LogisticGAM,Expected Goal,spatial,spatial_surface,44.92753623188406,68.1159420289855,-1.295415297641515,,,,2014-2024
NHL,LogisticGAM,Expected Goal,spatial,spatial_surface,47.82608695652175,68.1159420289855,-1.3301192347775752,,,,2014-2024
NHL,LogisticGAM,Expected Goal,spatial,spatial_surface,50.72463768115941,68.1159420289855,-1.3616514123914678,,,,2014-2024
NHL,LogisticGAM,Expected Goal,spatial,spatial_surface,53.623188405797094,68.1159420289855,-1.3903627356496393,,,,2014-2024
NHL,LogisticGAM,Expected Goal,spatial,spatial_surface,56.52173913043478,68.1159420289855,-1.4166041097185345,,,,2014-2024
NHL,LogisticGAM,Expected Goal,spatial,spatial_surface,59.42028985507247,68.1159420289855,-1.4407264397645991,,,,2014-2024
NHL,LogisticGAM,Expected Goal,spatial,spatial_surface,62.318840579710155,68.1159420289855,-1.4630806309542785,,,,2014-2024
NHL,LogisticGAM,Expected Goal,spatial,spatial_surface,65.21739130434781,68.1159420289855,-1.4840175884540174,,,,2014-2024
NHL,LogisticGAM,Expected Goal,spatial,spatial_surface,68.1159420289855,68.1159420289855,-1.503888217430262,,,,2014-2024
NHL,LogisticGAM,Expected Goal,spatial,spatial_surface,71.01449275362319,68.1159420289855,-1.5230434230494574,,,,2014-2024
NHL,LogisticGAM,Expected Goal,spatial,spatial_surface,73.91304347826087,68.1159420289855,-1.5418215524828767,,,,2014-2024
NHL,LogisticGAM,Expected Goal,spatial,spatial_surface,76.81159420289856,68.1159420289855,-1.5604704476740434,,,,2014-2024
NHL,LogisticGAM,Expected Goal,spatial,spatial_surface,79.71014492753622,68.1159420289855,-1.5791982710288173,,,,2014-2024
NHL,LogisticGAM,Expected Goal,spatial,spatial_surface,82.6086956521739,68.1159420289855,-1.5982130159909451,,,,2014-2024
NHL,LogisticGAM,Expected Goal,spatial,spatial_surface,85.5072463768116,68.1159420289855,-1.6177226760041745,,,,2014-2024
NHL,LogisticGAM,Expected Goal,spatial,spatial_surface,88.40579710144928,68.1159420289855,-1.6379352445122521,,,,2014-2024
NHL,LogisticGAM,Expected Goal,spatial,spatial_surface,91.30434782608697,68.1159420289855,-1.6590587149589235,,,,2014-2024
NHL,LogisticGAM,Expected Goal,spatial,spatial_surface,94.20289855072463,68.1159420289855,-1.6813010807879365,,,,2014-2024
NHL,LogisticGAM,Expected Goal,spatial,spatial_surface,97.10144927536231,68.1159420289855,-1.7048703354430368,,,,2014-2024
NHL,LogisticGAM,Expected Goal,spatial,spatial_surface,100.0,68.1159420289855,-1.7299744723679717,,,,2014-2024
NHL,LogisticGAM,Expected Goal,spatial,spatial_surface,-100.0,69.71014492753623,0.22346583676436904,,,,2014-2024
NHL,LogisticGAM,Expected Goal,spatial,spatial_surface,-97.10144927536231,69.71014492753623,0.18911484178785848,,,,2014-2024
NHL,LogisticGAM,Expected Goal,spatial,spatial_surface,-94.20289855072464,69.71014492753623,0.15544251000271725,,,,2014-2024
NHL,LogisticGAM,Expected Goal,spatial,spatial_surface,-91.30434782608695,69.71014492753623,0.12266698669822082,,,,2014-2024
NHL,LogisticGAM,Expected Goal,spatial,spatial_surface,-88.40579710144928,69.71014492753623,0.09097244624795282,,,,2014-2024
NHL,LogisticGAM,Expected Goal,spatial,spatial_surface,-85.5072463768116,69.71014492753623,0.06054306302549606,,,,2014-2024
NHL,LogisticGAM,Expected Goal,spatial,spatial_surface,-82.6086956521739,69.71014492753623,0.03156301140443393,,,,2014-2024
NHL,LogisticGAM,Expected Goal,spatial,spatial_surface,-79.71014492753623,69.71014492753623,0.0042164657583497805,,,,2014-2024
NHL,LogisticGAM,Expected Goal,spatial,spatial_surface,-76.81159420289855,69.71014492753623,-0.021312399539173427,,,,2014-2024
NHL,LogisticGAM,Expected Goal,spatial,spatial_surface,-73.91304347826087,69.71014492753623,-0.0448394101145522,,,,2014-2024
NHL,LogisticGAM,Expected Goal,spatial,spatial_surface,-71.01449275362319,69.71014492753623,-0.06618039159420357,,,,2014-2024
NHL,LogisticGAM,Expected Goal,spatial,spatial_surface,-68.1159420289855,69.71014492753623,-0.08520774819799312,,,,2014-2024
NHL,LogisticGAM,Expected Goal,spatial,spatial_surface,-65.21739130434783,69.71014492753623,-0.10215409087304667,,,,2014-2024
NHL,LogisticGAM,Expected Goal,spatial,spatial_surface,-62.31884057971015,69.71014492753623,-0.11739329746854928,,,,2014-2024
NHL,LogisticGAM,Expected Goal,spatial,spatial_surface,-59.42028985507246,69.71014492753623,-0.1312995782171424,,,,2014-2024
NHL,LogisticGAM,Expected Goal,spatial,spatial_surface,-56.52173913043478,69.71014492753623,-0.14424714335146718,,,,2014-2024
NHL,LogisticGAM,Expected Goal,spatial,spatial_surface,-53.6231884057971,69.71014492753623,-0.1566102031041651,,,,2014-2024
NHL,LogisticGAM,Expected Goal,spatial,spatial_surface,-50.72463768115942,69.71014492753623,-0.1687629677078775,,,,2014-2024
NHL,LogisticGAM,Expected Goal,spatial,spatial_surface,-47.82608695652174,69.71014492753623,-0.18107964739524582,,,,2014-2024
NHL,LogisticGAM,Expected Goal,spatial,spatial_surface,-44.927536231884055,69.71014492753623,-0.19393445239891127,,,,2014-2024
NHL,LogisticGAM,Expected Goal,spatial,spatial_surface,-42.028985507246375,69.71014492753623,-0.2077015904311265,,,,2014-2024
NHL,LogisticGAM,Expected Goal,spatial,spatial_surface,-39.130434782608695,69.71014492753623,-0.22270861673857842,,,,2014-2024
NHL,LogisticGAM,Expected Goal,spatial,spatial_surface,-36.231884057971016,69.71014492753623,-0.2391171902393167,,,,2014-2024
NHL,LogisticGAM,Expected Goal,spatial,spatial_surface,-33.33333333333333,69.71014492753623,-0.2570521106166299,,,,2014-2024
NHL,LogisticGAM,Expected Goal,spatial,spatial_surface,-30.434782608695656,69.71014492753623,-0.27663817755380615,,,,2014-2024
NHL,LogisticGAM,Expected Goal,spatial,spatial_surface,-27.53623188405797,69.71014492753623,-0.29800019073413375,,,,2014-2024
NHL,LogisticGAM,Expected Goal,spatial,spatial_surface,-24.637681159420296,69.71014492753623,-0.3212629498409011,,,,2014-2024
NHL,LogisticGAM,Expected Goal,spatial,spatial_surface,-21.73913043478261,69.71014492753623,-0.34655125455739666,,,,2014-2024
NHL,LogisticGAM,Expected Goal,spatial,spatial_surface,-18.840579710144922,69.71014492753623,-0.37398990456690856,,,,2014-2024
NHL,LogisticGAM,Expected Goal,spatial,spatial_surface,-15.94202898550725,69.71014492753623,-0.4037036995527249,,,,2014-2024
NHL,LogisticGAM,Expected Goal,spatial,spatial_surface,-13.043478260869563,69.71014492753623,-0.43581698519140627,,,,2014-2024
NHL,LogisticGAM,Expected Goal,spatial,spatial_surface,-10.14492753623189,69.71014492753623,-0.4703875258730738,,,,2014-2024
NHL,LogisticGAM,Expected Goal,spatial,spatial_surface,-7.246376811594203,69.71014492753623,-0.5073369831332043,,,,2014-2024
NHL,LogisticGAM,Expected Goal,spatial,spatial_surface,-4.347826086956516,69.71014492753623,-0.5465703895861831,,,,2014-2024
NHL,LogisticGAM,Expected Goal,spatial,spatial_surface,-1.4492753623188435,69.71014492753623,-0.5879927778463948,,,,2014-2024
NHL,LogisticGAM,Expected Goal,spatial,spatial_surface,1.4492753623188435,69.71014492753623,-0.631509180528225,,,,2014-2024
NHL,LogisticGAM,Expected Goal,spatial,spatial_surface,4.347826086956516,69.71014492753623,-0.6770246302460583,,,,2014-2024
NHL,LogisticGAM,Expected Goal,spatial,spatial_surface,7.246376811594203,69.71014492753623,-0.7244441596142799,,,,2014-2024
NHL,LogisticGAM,Expected Goal,spatial,spatial_surface,10.14492753623189,69.71014492753623,-0.7736728012472751,,,,2014-2024
NHL,LogisticGAM,Expected Goal,spatial,spatial_surface,13.043478260869563,69.71014492753623,-0.8246155877594281,,,,2014-2024
NHL,LogisticGAM,Expected Goal,spatial,spatial_surface,15.94202898550725,69.71014492753623,-0.8771712679252514,,,,2014-2024
NHL,LogisticGAM,Expected Goal,spatial,spatial_surface,18.840579710144922,69.71014492753623,-0.9310251739536162,,,,2014-2024
NHL,LogisticGAM,Expected Goal,spatial,spatial_surface,21.73913043478261,69.71014492753623,-0.9856020447506297,,,,2014-2024
NHL,LogisticGAM,Expected Goal,spatial,spatial_surface,24.637681159420296,69.71014492753623,-1.0403107819045196,,,,2014-2024
NHL,LogisticGAM,Expected Goal,spatial,spatial_surface,27.53623188405797,69.71014492753623,-1.094560287003514,,,,2014-2024
NHL,LogisticGAM,Expected Goal,spatial,spatial_surface,30.434782608695656,69.71014492753623,-1.1477594616358413,,,,2014-2024
NHL,LogisticGAM,Expected Goal,spatial,spatial_surface,33.33333333333334,69.71014492753623,-1.1993172073897294,,,,2014-2024
NHL,LogisticGAM,Expected Goal,spatial,spatial_surface,36.231884057971,69.71014492753623,-1.2486424258534061,,,,2014-2024
NHL,LogisticGAM,Expected Goal,spatial,spatial_surface,39.13043478260869,69.71014492753623,-1.2951440186150995,,,,2014-2024
NHL,LogisticGAM,Expected Goal,spatial,spatial_surface,42.028985507246375,69.71014492753623,-1.338230887263038,,,,2014-2024
NHL,LogisticGAM,Expected Goal,spatial,spatial_surface,44.92753623188406,69.71014492753623,-1.3773498394581292,,,,2014-2024
NHL,LogisticGAM,Expected Goal,spatial,spatial_surface,47.82608695652175,69.71014492753623,-1.41248101791568,,,,2014-2024
NHL,LogisticGAM,Expected Goal,spatial,spatial_surface,50.72463768115941,69.71014492753623,-1.4439984749230532,,,,2014-2024
NHL,LogisticGAM,Expected Goal,spatial,spatial_surface,53.623188405797094,69.71014492753623,-1.4722854785841513,,,,2014-2024
NHL,LogisticGAM,Expected Goal,spatial,spatial_surface,56.52173913043478,69.71014492753623,-1.4977252970028736,,,,2014-2024
NHL,LogisticGAM,Expected Goal,spatial,spatial_surface,59.42028985507247,69.71014492753623,-1.5207011982831211,,,,2014-2024
NHL,LogisticGAM,Expected Goal,spatial,spatial_surface,62.318840579710155,69.71014492753623,-1.5415964505287953,,,,2014-2024
NHL,LogisticGAM,Expected Goal,spatial,spatial_surface,65.21739130434781,69.71014492753623,-1.5607943218437963,,,,2014-2024
NHL,LogisticGAM,Expected Goal,spatial,spatial_surface,68.1159420289855,69.71014492753623,-1.5786780803320253,,,,2014-2024
NHL,LogisticGAM,Expected Goal,spatial,spatial_surface,71.01449275362319,69.71014492753623,-1.5956309940973832,,,,2014-2024
NHL,LogisticGAM,Expected Goal,spatial,spatial_surface,73.91304347826087,69.71014492753623,-1.6120235465962292,,,,2014-2024
NHL,LogisticGAM,Expected Goal,spatial,spatial_surface,76.81159420289856,69.71014492753623,-1.6281340825779385,,,,2014-2024
NHL,LogisticGAM,Expected Goal,spatial,spatial_surface,79.71014492753622,69.71014492753623,-1.6442005511000037,,,,2014-2024
NHL,LogisticGAM,Expected Goal,spatial,spatial_surface,82.6086956521739,69.71014492753623,-1.6604607292082998,,,,2014-2024
NHL,LogisticGAM,Expected Goal,spatial,spatial_surface,85.5072463768116,69.71014492753623,-1.6771523939487012,,,,2014-2024
NHL,LogisticGAM,Expected Goal,spatial,spatial_surface,88.40579710144928,69.71014492753623,-1.6945133223670836,,,,2014-2024
NHL,LogisticGAM,Expected Goal,spatial,spatial_surface,91.30434782608697,69.71014492753623,-1.7127812915093201,,,,2014-2024
NHL,LogisticGAM,Expected Goal,spatial,spatial_surface,94.20289855072463,69.71014492753623,-1.7321940784212857,,,,2014-2024
NHL,LogisticGAM,Expected Goal,spatial,spatial_surface,97.10144927536231,69.71014492753623,-1.752989460148855,,,,2014-2024
NHL,LogisticGAM,Expected Goal,spatial,spatial_surface,100.0,69.71014492753623,-1.7754052137379026,,,,2014-2024
NHL,LogisticGAM,Expected Goal,spatial,spatial_surface,-100.0,71.30434782608695,0.24111274212520065,,,,2014-2024
NHL,LogisticGAM,Expected Goal,spatial,spatial_surface,-97.10144927536231,71.30434782608695,0.20288328043482282,,,,2014-2024
NHL,LogisticGAM,Expected Goal,spatial,spatial_surface,-94.20289855072464,71.30434782608695,0.1653975591717156,,,,2014-2024
NHL,LogisticGAM,Expected Goal,spatial,spatial_surface,-91.30434782608695,71.30434782608695,0.12889478505390667,,,,2014-2024
NHL,LogisticGAM,Expected Goal,spatial,spatial_surface,-88.40579710144928,71.30434782608695,0.09357694374671595,,,,2014-2024
NHL,LogisticGAM,Expected Goal,spatial,spatial_surface,-85.5072463768116,71.30434782608695,0.05964602091546244,,,,2014-2024
NHL,LogisticGAM,Expected Goal,spatial,spatial_surface,-82.6086956521739,71.30434782608695,0.02730400222546582,,,,2014-2024
NHL,LogisticGAM,Expected Goal,spatial,spatial_surface,-79.71014492753623,71.30434782608695,-0.003247126657954247,,,,2014-2024
NHL,LogisticGAM,Expected Goal,spatial,spatial_surface,-76.81159420289855,71.30434782608695,-0.031805380069478695,,,,2014-2024
NHL,LogisticGAM,Expected Goal,spatial,spatial_surface,-73.91304347826087,71.30434782608695,-0.05816877234378765,,,,2014-2024
NHL,LogisticGAM,Expected Goal,spatial,spatial_surface,-71.01449275362319,71.30434782608695,-0.08213531781556205,,,,2014-2024
NHL,LogisticGAM,Expected Goal,spatial,spatial_surface,-68.1159420289855,71.30434782608695,-0.10356303041836712,,,,2014-2024
NHL,LogisticGAM,Expected Goal,spatial,spatial_surface,-65.21739130434783,71.30434782608695,-0.12269191059044862,,,,2014-2024
NHL,LogisticGAM,Expected Goal,spatial,spatial_surface,-62.31884057971015,71.30434782608695,-0.1399117673273637,,,,2014-2024
NHL,LogisticGAM,Expected Goal,spatial,spatial_surface,-59.42028985507246,71.30434782608695,-0.15561276210557845,,,,2014-2024
NHL,LogisticGAM,Expected Goal,spatial,spatial_surface,-56.52173913043478,71.30434782608695,-0.17018505640155865,,,,2014-2024
NHL,LogisticGAM,Expected Goal,spatial,spatial_surface,-53.6231884057971,71.30434782608695,-0.18401881169177048,,,,2014-2024
NHL,LogisticGAM,Expected Goal,spatial,spatial_surface,-50.72463768115942,71.30434782608695,-0.19750418945268006,,,,2014-2024
NHL,LogisticGAM,Expected Goal,spatial,spatial_surface,-47.82608695652174,71.30434782608695,-0.21103135116075325,,,,2014-2024
NHL,LogisticGAM,Expected Goal,spatial,spatial_surface,-44.927536231884055,71.30434782608695,-0.22499045829245629,,,,2014-2024
NHL,LogisticGAM,Expected Goal,spatial,spatial_surface,-42.028985507246375,71.30434782608695,-0.23977166983773113,,,,2014-2024
NHL,LogisticGAM,Expected Goal,spatial,spatial_surface,-39.130434782608695,71.30434782608695,-0.2557191191588388,,,,2014-2024
NHL,LogisticGAM,Expected Goal,spatial,spatial_surface,-36.231884057971016,71.30434782608695,-0.27301327232708666,,,,2014-2024
NHL,LogisticGAM,Expected Goal,spatial,spatial_surface,-33.33333333333333,71.30434782608695,-0.2917982314318321,,,,2014-2024
NHL,LogisticGAM,Expected Goal,spatial,spatial_surface,-30.434782608695656,71.30434782608695,-0.3122180985624325,,,,2014-2024
NHL,LogisticGAM,Expected Goal,spatial,spatial_surface,-27.53623188405797,71.30434782608695,-0.33441697580824525,,,,2014-2024
NHL,LogisticGAM,Expected Goal,spatial,spatial_surface,-24.637681159420296,71.30434782608695,-0.3585389652586278,,,,2014-2024
NHL,LogisticGAM,Expected Goal,spatial,spatial_surface,-21.73913043478261,71.30434782608695,-0.38472816900293777,,,,2014-2024
NHL,LogisticGAM,Expected Goal,spatial,spatial_surface,-18.840579710144922,71.30434782608695,-0.4131286891305327,,,,2014-2024
NHL,LogisticGAM,Expected Goal,spatial,spatial_surface,-15.94202898550725,71.30434782608695,-0.4438846277307696,,,,2014-2024
NHL,LogisticGAM,Expected Goal,spatial,spatial_surface,-13.043478260869563,71.30434782608695,-0.47713960432438596,,,,2014-2024
NHL,LogisticGAM,Expected Goal,spatial,spatial_surface,-10.14492753623189,71.30434782608695,-0.5129664684687069,,,,2014-2024
NHL,LogisticGAM,Expected Goal,spatial,spatial_surface,-7.246376811594203,71.30434782608695,-0.5512934045372114,,,,2014-2024
NHL,LogisticGAM,Expected Goal,spatial,spatial_surface,-4.347826086956516,71.30434782608695,-0.5920309218448119,,,,2014-2024
NHL,LogisticGAM,Expected Goal,spatial,spatial_surface,-1.4492753623188435,71.30434782608695,-0.6350895297064195,,,,2014-2024
NHL,LogisticGAM,Expected Goal,spatial,spatial_surface,1.4492753623188435,71.30434782608695,-0.6803797374369474,,,,2014-2024
NHL,LogisticGAM,Expected Goal,spatial,spatial_surface,4.347826086956516,71.30434782608695,-0.7278120543513072,,,,2014-2024
NHL,LogisticGAM,Expected Goal,spatial,spatial_surface,7.246376811594203,71.30434782608695,-0.7772969897644113,,,,2014-2024
NHL,LogisticGAM,Expected Goal,spatial,spatial_surface,10.14492753623189,71.30434782608695,-0.8287450529911721,,,,2014-2024
NHL,LogisticGAM,Expected Goal,spatial,spatial_surface,13.043478260869563,71.30434782608695,-0.8820667533465005,,,,2014-2024
NHL,LogisticGAM,Expected Goal,spatial,spatial_surface,15.94202898550725,71.30434782608695,-0.9371653915577186,,,,2014-2024
NHL,LogisticGAM,Expected Goal,spatial,spatial_surface,18.840579710144922,71.30434782608695,-0.9936994447987256,,,,2014-2024
NHL,LogisticGAM,Expected Goal,spatial,spatial_surface,21.73913043478261,71.30434782608695,-1.051028447290288,,,,2014-2024
NHL,LogisticGAM,Expected Goal,spatial,spatial_surface,24.637681159420296,71.30434782608695,-1.1084937652706242,,,,2014-2024
NHL,LogisticGAM,Expected Goal,spatial,spatial_surface,27.53623188405797,71.30434782608695,-1.1654367649779533,,,,2014-2024
NHL,LogisticGAM,Expected Goal,spatial,spatial_surface,30.434782608695656,71.30434782608695,-1.2211988126504938,,,,2014-2024
NHL,LogisticGAM,Expected Goal,spatial,spatial_surface,33.33333333333334,71.30434782608695,-1.2751212745264657,,,,2014-2024
NHL,LogisticGAM,Expected Goal,spatial,spatial_surface,36.231884057971,71.30434782608695,-1.3265455168440867,,,,2014-2024
NHL,LogisticGAM,Expected Goal,spatial,spatial_surface,39.13043478260869,71.30434782608695,-1.3748129058415761,,,,2014-2024
NHL,LogisticGAM,Expected Goal,spatial,spatial_surface,42.028985507246375,71.30434782608695,-1.4192648077571526,,,,2014-2024
NHL,LogisticGAM,Expected Goal,spatial,spatial_surface,44.92753623188406,71.30434782608695,-1.4592843812747422,,,,2014-2024
NHL,LogisticGAM,Expected Goal,spatial,spatial_surface,47.82608695652175,71.30434782608695,-1.494842801053784,,,,2014-2024
NHL,LogisticGAM,Expected Goal,spatial,spatial_surface,50.72463768115941,71.30434782608695,-1.5263455374546382,,,,2014-2024
NHL,LogisticGAM,Expected Goal,spatial,spatial_surface,53.623188405797094,71.30434782608695,-1.5542082215186621,,,,2014-2024
NHL,LogisticGAM,Expected Goal,spatial,spatial_surface,56.52173913043478,71.30434782608695,-1.5788464842872116,,,,2014-2024
NHL,LogisticGAM,Expected Goal,spatial,spatial_surface,59.42028985507247,71.30434782608695,-1.6006759568016422,,,,2014-2024
NHL,LogisticGAM,Expected Goal,spatial,spatial_surface,62.318840579710155,71.30434782608695,-1.6201122701033115,,,,2014-2024
NHL,LogisticGAM,Expected Goal,spatial,spatial_surface,65.21739130434781,71.30434782608695,-1.6375710552335745,,,,2014-2024
NHL,LogisticGAM,Expected Goal,spatial,spatial_surface,68.1159420289855,71.30434782608695,-1.653467943233788,,,,2014-2024
NHL,LogisticGAM,Expected Goal,spatial,spatial_surface,71.01449275362319,71.30434782608695,-1.6682185651453085,,,,2014-2024
NHL,LogisticGAM,Expected Goal,spatial,spatial_surface,73.91304347826087,71.30434782608695,-1.682225540709581,,,,2014-2024
NHL,LogisticGAM,Expected Goal,spatial,spatial_surface,76.81159420289856,71.30434782608695,-1.695797717481833,,,,2014-2024
NHL,LogisticGAM,Expected Goal,spatial,spatial_surface,79.71014492753622,71.30434782608695,-1.7092028311711898,,,,2014-2024
NHL,LogisticGAM,Expected Goal,spatial,spatial_surface,82.6086956521739,71.30434782608695,-1.7227084424256536,,,,2014-2024
NHL,LogisticGAM,Expected Goal,spatial,spatial_surface,85.5072463768116,71.30434782608695,-1.7365821118932279,,,,2014-2024
NHL,LogisticGAM,Expected Goal,spatial,spatial_surface,88.40579710144928,71.30434782608695,-1.7510914002219145,,,,2014-2024
NHL,LogisticGAM,Expected Goal,spatial,spatial_surface,91.30434782608697,71.30434782608695,-1.7665038680597158,,,,2014-2024
NHL,LogisticGAM,Expected Goal,spatial,spatial_surface,94.20289855072463,71.30434782608695,-1.7830870760546345,,,,2014-2024
NHL,LogisticGAM,Expected Goal,spatial,spatial_surface,97.10144927536231,71.30434782608695,-1.8011085848546728,,,,2014-2024
NHL,LogisticGAM,Expected Goal,spatial,spatial_surface,100.0,71.30434782608695,-1.8208359551078335,,,,2014-2024
NHL,LogisticGAM,Expected Goal,spatial,spatial_surface,-100.0,72.89855072463769,0.2587596474860325,,,,2014-2024
NHL,LogisticGAM,Expected Goal,spatial,spatial_surface,-97.10144927536231,72.89855072463769,0.21665171908178743,,,,2014-2024
NHL,LogisticGAM,Expected Goal,spatial,spatial_surface,-94.20289855072464,72.89855072463769,0.17535260834071412,,,,2014-2024
NHL,LogisticGAM,Expected Goal,spatial,spatial_surface,-91.30434782608695,72.89855072463769,0.1351225834095926,,,,2014-2024
NHL,LogisticGAM,Expected Goal,spatial,spatial_surface,-88.40579710144928,72.89855072463769,0.09618144124547906,,,,2014-2024
NHL,LogisticGAM,Expected Goal,spatial,spatial_surface,-85.5072463768116,72.89855072463769,0.05874897880542876,,,,2014-2024
NHL,LogisticGAM,Expected Goal,spatial,spatial_surface,-82.6086956521739,72.89855072463769,0.023044993046497642,,,,2014-2024
NHL,LogisticGAM,Expected Goal,spatial,spatial_surface,-79.71014492753623,72.89855072463769,-0.01071071907425844,,,,2014-2024
NHL,LogisticGAM,Expected Goal,spatial,spatial_surface,-76.81159420289855,72.89855072463769,-0.04229836059978415,,,,2014-2024
NHL,LogisticGAM,Expected Goal,spatial,spatial_surface,-73.91304347826087,72.89855072463769,-0.07149813457302331,,,,2014-2024
NHL,LogisticGAM,Expected Goal,spatial,spatial_surface,-71.01449275362319,72.89855072463769,-0.09809024403692065,,,,2014-2024
NHL,LogisticGAM,Expected Goal,spatial,spatial_surface,-68.1159420289855,72.89855072463769,-0.12191831263874127,,,,2014-2024
NHL,LogisticGAM,Expected Goal,spatial,spatial_surface,-65.21739130434783,72.89855072463769,-0.14322973030785086,,,,2014-2024
NHL,LogisticGAM,Expected Goal,spatial,spatial_surface,-62.31884057971015,72.89855072463769,-0.16243023718617844,,,,2014-2024
NHL,LogisticGAM,Expected Goal,spatial,spatial_surface,-59.42028985507246,72.89855072463769,-0.17992594599401485,,,,2014-2024
NHL,LogisticGAM,Expected Goal,spatial,spatial_surface,-56.52173913043478,72.89855072463769,-0.19612296945165045,,,,2014-2024
NHL,LogisticGAM,Expected Goal,spatial,spatial_surface,-53.6231884057971,72.89855072463769,-0.21142742027937622,,,,2014-2024
NHL,LogisticGAM,Expected Goal,spatial,spatial_surface,-50.72463768115942,72.89855072463769,-0.22624541119748282,,,,2014-2024
NHL,LogisticGAM,Expected Goal,spatial,spatial_surface,-47.82608695652174,72.89855072463769,-0.24098305492626115,,,,2014-2024
NHL,LogisticGAM,Expected Goal,spatial,spatial_surface,-44.927536231884055,72.89855072463769,-0.25604646418600163,,,,2014-2024
NHL,LogisticGAM,Expected Goal,spatial,spatial_surface,-42.028985507246375,72.89855072463769,-0.271841749244336,,,,2014-2024
NHL,LogisticGAM,Expected Goal,spatial,spatial_surface,-39.130434782608695,72.89855072463769,-0.2887296215790999,,,,2014-2024
NHL,LogisticGAM,Expected Goal,spatial,spatial_surface,-36.231884057971016,72.89855072463769,-0.3069093544148571,,,,2014-2024
NHL,LogisticGAM,Expected Goal,spatial,spatial_surface,-33.33333333333333,72.89855072463769,-0.3265443522470349,,,,2014-2024
NHL,LogisticGAM,Expected Goal,spatial,spatial_surface,-30.434782608695656,72.89855072463769,-0.3477980195710592,,,,2014-2024
NHL,LogisticGAM,Expected Goal,spatial,spatial_surface,-27.53623188405797,72.89855072463769,-0.370833760882357,,,,2014-2024
NHL,LogisticGAM,Expected Goal,spatial,spatial_surface,-24.637681159420296,72.89855072463769,-0.39581498067635484,,,,2014-2024
NHL,LogisticGAM,Expected Goal,spatial,spatial_surface,-21.73913043478261,72.89855072463769,-0.4229050834484793,,,,2014-2024
NHL,LogisticGAM,Expected Goal,spatial,spatial_surface,-18.840579710144922,72.89855072463769,-0.4522674736941571,,,,2014-2024
NHL,LogisticGAM,Expected Goal,spatial,spatial_surface,-15.94202898550725,72.89855072463769,-0.48406555590881467,,,,2014-2024
NHL,LogisticGAM,Expected Goal,spatial,spatial_surface,-13.043478260869563,72.89855072463769,-0.5184622234573659,,,,2014-2024
NHL,LogisticGAM,Expected Goal,spatial,spatial_surface,-10.14492753623189,72.89855072463769,-0.5555454110643406,,,,2014-2024
NHL,LogisticGAM,Expected Goal,spatial,spatial_surface,-7.246376811594203,72.89855072463769,-0.5952498259412191,,,,2014-2024
NHL,LogisticGAM,Expected Goal,spatial,spatial_surface,-4.347826086956516,72.89855072463769,-0.6374914541034409,,,,2014-2024
NHL,LogisticGAM,Expected Goal,spatial,spatial_surface,-1.4492753623188435,72.89855072463769,-0.6821862815664447,,,,2014-2024
NHL,LogisticGAM,Expected Goal,spatial,spatial_surface,1.4492753623188435,72.89855072463769,-0.7292502943456703,,,,2014-2024
NHL,LogisticGAM,Expected Goal,spatial,spatial_surface,4.347826086956516,72.89855072463769,-0.7785994784565569,,,,2014-2024
NHL,LogisticGAM,Expected Goal,spatial,spatial_surface,7.246376811594203,72.89855072463769,-0.8301498199145435,,,,2014-2024
NHL,LogisticGAM,Expected Goal,spatial,spatial_surface,10.14492753623189,72.89855072463769,-0.8838173047350697,,,,2014-2024
NHL,LogisticGAM,Expected Goal,spatial,spatial_surface,13.043478260869563,72.89855072463769,-0.9395179189335738,,,,2014-2024
NHL,LogisticGAM,Expected Goal,spatial,spatial_surface,15.94202898550725,72.89855072463769,-0.9971595151901865,,,,2014-2024
NHL,LogisticGAM,Expected Goal,spatial,spatial_surface,18.840579710144922,72.89855072463769,-1.056373715643836,,,,2014-2024
NHL,LogisticGAM,Expected Goal,spatial,spatial_surface,21.73913043478261,72.89855072463769,-1.1164548498299474,,,,2014-2024
NHL,LogisticGAM,Expected Goal,spatial,spatial_surface,24.637681159420296,72.89855072463769,-1.17667674863673,,,,2014-2024
NHL,LogisticGAM,Expected Goal,spatial,spatial_surface,27.53623188405797,72.89855072463769,-1.2363132429523935,,,,2014-2024
NHL,LogisticGAM,Expected Goal,spatial,spatial_surface,30.434782608695656,72.89855072463769,-1.2946381636651478,,,,2014-2024
NHL,LogisticGAM,Expected Goal,spatial,spatial_surface,33.33333333333334,72.89855072463769,-1.350925341663203,,,,2014-2024
NHL,LogisticGAM,Expected Goal,spatial,spatial_surface,36.231884057971,72.89855072463769,-1.4044486078347682,,,,2014-2024
NHL,LogisticGAM,Expected Goal,spatial,spatial_surface,39.13043478260869,72.89855072463769,-1.4544817930680531,,,,2014-2024
NHL,LogisticGAM,Expected Goal,spatial,spatial_surface,42.028985507246375,72.89855072463769,-1.5002987282512679,,,,2014-2024
NHL,LogisticGAM,Expected Goal,spatial,spatial_surface,44.92753623188406,72.89855072463769,-1.541218923091356,,,,2014-2024
NHL,LogisticGAM,Expected Goal,spatial,spatial_surface,47.82608695652175,72.89855072463769,-1.5772045841918894,,,,2014-2024
NHL,LogisticGAM,Expected Goal,spatial,spatial_surface,50.72463768115941,72.89855072463769,-1.6086925999862245,,,,2014-2024
NHL,LogisticGAM,Expected Goal,spatial,spatial_surface,53.623188405797094,72.89855072463769,-1.6361309644531743,,,,2014-2024
NHL,LogisticGAM,Expected Goal,spatial,spatial_surface,56.52173913043478,72.89855072463769,-1.6599676715715506,,,,2014-2024
NHL,LogisticGAM,Expected Goal,spatial,spatial_surface,59.42028985507247,72.89855072463769,-1.6806507153201646,,,,2014-2024
NHL,LogisticGAM,Expected Goal,spatial,spatial_surface,62.318840579710155,72.89855072463769,-1.6986280896778287,,,,2014-2024
NHL,LogisticGAM,Expected Goal,spatial,spatial_surface,65.21739130434781,72.89855072463769,-1.7143477886233534,,,,2014-2024
NHL,LogisticGAM,Expected Goal,spatial,spatial_surface,68.1159420289855,72.89855072463769,-1.7282578061355516,,,,2014-2024
NHL,LogisticGAM,Expected Goal,spatial,spatial_surface,71.01449275362319,72.89855072463769,-1.7408061361932348,,,,2014-2024
NHL,LogisticGAM,Expected Goal,spatial,spatial_surface,73.91304347826087,72.89855072463769,-1.752427534822934,,,,2014-2024
NHL,LogisticGAM,Expected Goal,spatial,spatial_surface,76.81159420289856,72.89855072463769,-1.7634613523857288,,,,2014-2024
NHL,LogisticGAM,Expected Goal,spatial,spatial_surface,79.71014492753622,72.89855072463769,-1.774205111242377,,,,2014-2024
NHL,LogisticGAM,Expected Goal,spatial,spatial_surface,82.6086956521739,72.89855072463769,-1.7849561556430082,,,,2014-2024
NHL,LogisticGAM,Expected Goal,spatial,spatial_surface,85.5072463768116,72.89855072463769,-1.796011829837755,,,,2014-2024
NHL,LogisticGAM,Expected Goal,spatial,spatial_surface,88.40579710144928,72.89855072463769,-1.8076694780767466,,,,2014-2024
NHL,LogisticGAM,Expected Goal,spatial,spatial_surface,91.30434782608697,72.89855072463769,-1.8202264446101126,,,,2014-2024
NHL,LogisticGAM,Expected Goal,spatial,spatial_surface,94.20289855072463,72.89855072463769,-1.833980073687984,,,,2014-2024
NHL,LogisticGAM,Expected Goal,spatial,spatial_surface,97.10144927536231,72.89855072463769,-1.8492277095604914,,,,2014-2024
NHL,LogisticGAM,Expected Goal,spatial,spatial_surface,100.0,72.89855072463769,-1.866266696477765,,,,2014-2024
NHL,LogisticGAM,Expected Goal,spatial,spatial_surface,-100.0,74.4927536231884,0.27640655284686394,,,,2014-2024
NHL,LogisticGAM,Expected Goal,spatial,spatial_surface,-97.10144927536231,74.4927536231884,0.23042015772875177,,,,2014-2024
NHL,LogisticGAM,Expected Goal,spatial,spatial_surface,-94.20289855072464,74.4927536231884,0.18530765750971245,,,,2014-2024
NHL,LogisticGAM,Expected Goal,spatial,spatial_surface,-91.30434782608695,74.4927536231884,0.14135038176527845,,,,2014-2024
NHL,LogisticGAM,Expected Goal,spatial,spatial_surface,-88.40579710144928,74.4927536231884,0.09878593874424216,,,,2014-2024
NHL,LogisticGAM,Expected Goal,spatial,spatial_surface,-85.5072463768116,74.4927536231884,0.05785193669539516,,,,2014-2024
NHL,LogisticGAM,Expected Goal,spatial,spatial_surface,-82.6086956521739,74.4927536231884,0.018785983867529592,,,,2014-2024
NHL,LogisticGAM,Expected Goal,spatial,spatial_surface,-79.71014492753623,74.4927536231884,-0.018174311490562433,,,,2014-2024
NHL,LogisticGAM,Expected Goal,spatial,spatial_surface,-76.81159420289855,74.4927536231884,-0.05279134113008936,,,,2014-2024
NHL,LogisticGAM,Expected Goal,spatial,spatial_surface,-73.91304347826087,74.4927536231884,-0.08482749680225875,,,,2014-2024
NHL,LogisticGAM,Expected Goal,spatial,spatial_surface,-71.01449275362319,74.4927536231884,-0.11404517025827904,,,,2014-2024
NHL,LogisticGAM,Expected Goal,spatial,spatial_surface,-68.1159420289855,74.4927536231884,-0.14027359485911517,,,,2014-2024
NHL,LogisticGAM,Expected Goal,spatial,spatial_surface,-65.21739130434783,74.4927536231884,-0.16376755002525284,,,,2014-2024
NHL,LogisticGAM,Expected Goal,spatial,spatial_surface,-62.31884057971015,74.4927536231884,-0.18494870704499283,,,,2014-2024
NHL,LogisticGAM,Expected Goal,spatial,spatial_surface,-59.42028985507246,74.4927536231884,-0.2042391298824508,,,,2014-2024
NHL,LogisticGAM,Expected Goal,spatial,spatial_surface,-56.52173913043478,74.4927536231884,-0.2220608825017418,,,,2014-2024
NHL,LogisticGAM,Expected Goal,spatial,spatial_surface,-53.6231884057971,74.4927536231884,-0.23883602886698146,,,,2014-2024
NHL,LogisticGAM,Expected Goal,spatial,spatial_surface,-50.72463768115942,74.4927536231884,-0.2549866329422852,,,,2014-2024
NHL,LogisticGAM,Expected Goal,spatial,spatial_surface,-47.82608695652174,74.4927536231884,-0.27093475869176836,,,,2014-2024
NHL,LogisticGAM,Expected Goal,spatial,spatial_surface,-44.927536231884055,74.4927536231884,-0.28710247007954653,,,,2014-2024
NHL,LogisticGAM,Expected Goal,spatial,spatial_surface,-42.028985507246375,74.4927536231884,-0.3039118286509405,,,,2014-2024
NHL,LogisticGAM,Expected Goal,spatial,spatial_surface,-39.130434782608695,74.4927536231884,-0.32174012399936036,,,,2014-2024
NHL,LogisticGAM,Expected Goal,spatial,spatial_surface,-36.231884057971016,74.4927536231884,-0.34080543650262707,,,,2014-2024
NHL,LogisticGAM,Expected Goal,spatial,spatial_surface,-33.33333333333333,74.4927536231884,-0.36129047306223705,,,,2014-2024
NHL,LogisticGAM,Expected Goal,spatial,spatial_surface,-30.434782608695656,74.4927536231884,-0.3833779405796854,,,,2014-2024
NHL,LogisticGAM,Expected Goal,spatial,spatial_surface,-27.53623188405797,74.4927536231884,-0.40725054595646826,,,,2014-2024
NHL,LogisticGAM,Expected Goal,spatial,spatial_surface,-24.637681159420296,74.4927536231884,-0.43309099609408125,,,,2014-2024
NHL,LogisticGAM,Expected Goal,spatial,spatial_surface,-21.73913043478261,74.4927536231884,-0.46108199789402027,,,,2014-2024
NHL,LogisticGAM,Expected Goal,spatial,spatial_surface,-18.840579710144922,74.4927536231884,-0.4914062582577811,,,,2014-2024
NHL,LogisticGAM,Expected Goal,spatial,spatial_surface,-15.94202898550725,74.4927536231884,-0.5242464840868591,,,,2014-2024
NHL,LogisticGAM,Expected Goal,spatial,spatial_surface,-13.043478260869563,74.4927536231884,-0.5597848425903454,,,,2014-2024
NHL,LogisticGAM,Expected Goal,spatial,spatial_surface,-10.14492753623189,74.4927536231884,-0.5981243536599735,,,,2014-2024
NHL,LogisticGAM,Expected Goal,spatial,spatial_surface,-7.246376811594203,74.4927536231884,-0.639206247345226,,,,2014-2024
NHL,LogisticGAM,Expected Goal,spatial,spatial_surface,-4.347826086956516,74.4927536231884,-0.6829519863620694,,,,2014-2024
NHL,LogisticGAM,Expected Goal,spatial,spatial_surface,-1.4492753623188435,74.4927536231884,-0.7292830334264693,,,,2014-2024
NHL,LogisticGAM,Expected Goal,spatial,spatial_surface,1.4492753623188435,74.4927536231884,-0.7781208512543925,,,,2014-2024
NHL,LogisticGAM,Expected Goal,spatial,spatial_surface,4.347826086956516,74.4927536231884,-0.8293869025618057,,,,2014-2024
NHL,LogisticGAM,Expected Goal,spatial,spatial_surface,7.246376811594203,74.4927536231884,-0.8830026500646747,,,,2014-2024
NHL,LogisticGAM,Expected Goal,spatial,spatial_surface,10.14492753623189,74.4927536231884,-0.9388895564789665,,,,2014-2024
NHL,LogisticGAM,Expected Goal,spatial,spatial_surface,13.043478260869563,74.4927536231884,-0.9969690845206464,,,,2014-2024
NHL,LogisticGAM,Expected Goal,spatial,spatial_surface,15.94202898550725,74.4927536231884,-1.0571536388226535,,,,2014-2024
NHL,LogisticGAM,Expected Goal,spatial,spatial_surface,18.840579710144922,74.4927536231884,-1.119047986488945,,,,2014-2024
NHL,LogisticGAM,Expected Goal,spatial,spatial_surface,21.73913043478261,74.4927536231884,-1.1818812523696056,,,,2014-2024
NHL,LogisticGAM,Expected Goal,spatial,spatial_surface,24.637681159420296,74.4927536231884,-1.244859732002834,,,,2014-2024
NHL,LogisticGAM,Expected Goal,spatial,spatial_surface,27.53623188405797,74.4927536231884,-1.3071897209268322,,,,2014-2024
NHL,LogisticGAM,Expected Goal,spatial,spatial_surface,30.434782608695656,74.4927536231884,-1.3680775146798003,,,,2014-2024
NHL,LogisticGAM,Expected Goal,spatial,spatial_surface,33.33333333333334,74.4927536231884,-1.4267294087999391,,,,2014-2024
NHL,LogisticGAM,Expected Goal,spatial,spatial_surface,36.231884057971,74.4927536231884,-1.4823516988254484,,,,2014-2024
NHL,LogisticGAM,Expected Goal,spatial,spatial_surface,39.13043478260869,74.4927536231884,-1.5341506802945293,,,,2014-2024
NHL,LogisticGAM,Expected Goal,spatial,spatial_surface,42.028985507246375,74.4927536231884,-1.5813326487453823,,,,2014-2024
NHL,LogisticGAM,Expected Goal,spatial,spatial_surface,44.92753623188406,74.4927536231884,-1.6231534649079689,,,,2014-2024
NHL,LogisticGAM,Expected Goal,spatial,spatial_surface,47.82608695652175,74.4927536231884,-1.6595663673299932,,,,2014-2024
NHL,LogisticGAM,Expected Goal,spatial,spatial_surface,50.72463768115941,74.4927536231884,-1.691039662517809,,,,2014-2024
NHL,LogisticGAM,Expected Goal,spatial,spatial_surface,53.623188405797094,74.4927536231884,-1.7180537073876854,,,,2014-2024
NHL,LogisticGAM,Expected Goal,spatial,spatial_surface,56.52173913043478,74.4927536231884,-1.7410888588558886,,,,2014-2024
NHL,LogisticGAM,Expected Goal,spatial,spatial_surface,59.42028985507247,74.4927536231884,-1.7606254738386855,,,,2014-2024
NHL,LogisticGAM,Expected Goal,spatial,spatial_surface,62.318840579710155,74.4927536231884,-1.7771439092523447,,,,2014-2024
NHL,LogisticGAM,Expected Goal,spatial,spatial_surface,65.21739130434781,74.4927536231884,-1.7911245220131313,,,,2014-2024
NHL,LogisticGAM,Expected Goal,spatial,spatial_surface,68.1159420289855,74.4927536231884,-1.8030476690373143,,,,2014-2024
NHL,LogisticGAM,Expected Goal,spatial,spatial_surface,71.01449275362319,74.4927536231884,-1.8133937072411601,,,,2014-2024
NHL,LogisticGAM,Expected Goal,spatial,spatial_surface,73.91304347826087,74.4927536231884,-1.8226295289362853,,,,2014-2024
NHL,LogisticGAM,Expected Goal,spatial,spatial_surface,76.81159420289856,74.4927536231884,-1.8311249872896231,,,,2014-2024
NHL,LogisticGAM,Expected Goal,spatial,spatial_surface,79.71014492753622,74.4927536231884,-1.8392073913135627,,,,2014-2024
NHL,LogisticGAM,Expected Goal,spatial,spatial_surface,82.6086956521739,74.4927536231884,-1.8472038688603623,,,,2014-2024
NHL,LogisticGAM,Expected Goal,spatial,spatial_surface,85.5072463768116,74.4927536231884,-1.8554415477822812,,,,2014-2024
NHL,LogisticGAM,Expected Goal,spatial,spatial_surface,88.40579710144928,74.4927536231884,-1.8642475559315776,,,,2014-2024
NHL,LogisticGAM,Expected Goal,spatial,spatial_surface,91.30434782608697,74.4927536231884,-1.8739490211605088,,,,2014-2024
NHL,LogisticGAM,Expected Goal,spatial,spatial_surface,94.20289855072463,74.4927536231884,-1.884873071321333,,,,2014-2024
NHL,LogisticGAM,Expected Goal,spatial,spatial_surface,97.10144927536231,74.4927536231884,-1.8973468342663093,,,,2014-2024
NHL,LogisticGAM,Expected Goal,spatial,spatial_surface,100.0,74.4927536231884,-1.9116974378476959,,,,2014-2024
NHL,LogisticGAM,Expected Goal,spatial,spatial_surface,-100.0,76.08695652173913,0.29405345820769574,,,,2014-2024
NHL,LogisticGAM,Expected Goal,spatial,spatial_surface,-97.10144927536231,76.08695652173913,0.24418859637571635,,,,2014-2024
NHL,LogisticGAM,Expected Goal,spatial,spatial_surface,-94.20289855072464,76.08695652173913,0.195262706678711,,,,2014-2024
NHL,LogisticGAM,Expected Goal,spatial,spatial_surface,-91.30434782608695,76.08695652173913,0.14757818012096435,,,,2014-2024
NHL,LogisticGAM,Expected Goal,spatial,spatial_surface,-88.40579710144928,76.08695652173913,0.10139043624300532,,,,2014-2024
NHL,LogisticGAM,Expected Goal,spatial,spatial_surface,-85.5072463768116,76.08695652173913,0.056954894585361515,,,,2014-2024
NHL,LogisticGAM,Expected Goal,spatial,spatial_surface,-82.6086956521739,76.08695652173913,0.014526974688561367,,,,2014-2024
NHL,LogisticGAM,Expected Goal,spatial,spatial_surface,-79.71014492753623,76.08695652173913,-0.02563790390686665,,,,2014-2024
NHL,LogisticGAM,Expected Goal,spatial,spatial_surface,-76.81159420289855,76.08695652173913,-0.0632843216603948,,,,2014-2024
NHL,LogisticGAM,Expected Goal,spatial,spatial_surface,-73.91304347826087,76.08695652173913,-0.0981568590314944,,,,2014-2024
NHL,LogisticGAM,Expected Goal,spatial,spatial_surface,-71.01449275362319,76.08695652173913,-0.13000009647963778,,,,2014-2024
NHL,LogisticGAM,Expected Goal,spatial,spatial_surface,-68.1159420289855,76.08695652173913,-0.15862887707948933,,,,2014-2024
NHL,LogisticGAM,Expected Goal,spatial,spatial_surface,-65.21739130434783,76.08695652173913,-0.1843053697426551,,,,2014-2024
NHL,LogisticGAM,Expected Goal,spatial,spatial_surface,-62.31884057971015,76.08695652173913,-0.20746717690380762,,,,2014-2024
NHL,LogisticGAM,Expected Goal,spatial,spatial_surface,-59.42028985507246,76.08695652173913,-0.22855231377088722,,,,2014-2024
NHL,LogisticGAM,Expected Goal,spatial,spatial_surface,-56.52173913043478,76.08695652173913,-0.24799879555183363,,,,2014-2024
NHL,LogisticGAM,Expected Goal,spatial,spatial_surface,-53.6231884057971,76.08695652173913,-0.26624463745458726,,,,2014-2024
NHL,LogisticGAM,Expected Goal,spatial,spatial_surface,-50.72463768115942,76.08695652173913,-0.28372785468708805,,,,2014-2024
NHL,LogisticGAM,Expected Goal,spatial,spatial_surface,-47.82608695652174,76.08695652173913,-0.30088646245727624,,,,2014-2024
NHL,LogisticGAM,Expected Goal,spatial,spatial_surface,-44.927536231884055,76.08695652173913,-0.31815847597309194,,,,2014-2024
NHL,LogisticGAM,Expected Goal,spatial,spatial_surface,-42.028985507246375,76.08695652173913,-0.3359819080575456,,,,2014-2024
NHL,LogisticGAM,Expected Goal,spatial,spatial_surface,-39.130434782608695,76.08695652173913,-0.35475062641962124,,,,2014-2024
NHL,LogisticGAM,Expected Goal,spatial,spatial_surface,-36.231884057971016,76.08695652173913,-0.37470151859039763,,,,2014-2024
NHL,LogisticGAM,Expected Goal,spatial,spatial_surface,-33.33333333333333,76.08695652173913,-0.3960365938774397,,,,2014-2024
NHL,LogisticGAM,Expected Goal,spatial,spatial_surface,-30.434782608695656,76.08695652173913,-0.41895786158831216,,,,2014-2024
NHL,LogisticGAM,Expected Goal,spatial,spatial_surface,-27.53623188405797,76.08695652173913,-0.44366733103058026,,,,2014-2024
NHL,LogisticGAM,Expected Goal,spatial,spatial_surface,-24.637681159420296,76.08695652173913,-0.4703670115118084,,,,2014-2024
NHL,LogisticGAM,Expected Goal,spatial,spatial_surface,-21.73913043478261,76.08695652173913,-0.4992589123395619,,,,2014-2024
NHL,LogisticGAM,Expected Goal,spatial,spatial_surface,-18.840579710144922,76.08695652173913,-0.5305450428214056,,,,2014-2024
NHL,LogisticGAM,Expected Goal,spatial,spatial_surface,-15.94202898550725,76.08695652173913,-0.5644274122649042,,,,2014-2024
NHL,LogisticGAM,Expected Goal,spatial,spatial_surface,-13.043478260869563,76.08695652173913,-0.6011074617233256,,,,2014-2024
NHL,LogisticGAM,Expected Goal,spatial,spatial_surface,-10.14492753623189,76.08695652173913,-0.6407032962556072,,,,2014-2024
NHL,LogisticGAM,Expected Goal,spatial,spatial_surface,-7.246376811594203,76.08695652173913,-0.6831626687492338,,,,2014-2024
NHL,LogisticGAM,Expected Goal,spatial,spatial_surface,-4.347826086956516,76.08695652173913,-0.7284125186206986,,,,2014-2024
NHL,LogisticGAM,Expected Goal,spatial,spatial_surface,-1.4492753623188435,76.08695652173913,-0.7763797852864944,,,,2014-2024
NHL,LogisticGAM,Expected Goal,spatial,spatial_surface,1.4492753623188435,76.08695652173913,-0.8269914081631156,,,,2014-2024
NHL,LogisticGAM,Expected Goal,spatial,spatial_surface,4.347826086956516,76.08695652173913,-0.8801743266670554,,,,2014-2024
NHL,LogisticGAM,Expected Goal,spatial,spatial_surface,7.246376811594203,76.08695652173913,-0.9358554802148069,,,,2014-2024
NHL,LogisticGAM,Expected Goal,spatial,spatial_surface,10.14492753623189,76.08695652173913,-0.9939618082228644,,,,2014-2024
NHL,LogisticGAM,Expected Goal,spatial,spatial_surface,13.043478260869563,76.08695652173913,-1.0544202501077196,,,,2014-2024
NHL,LogisticGAM,Expected Goal,spatial,spatial_surface,15.94202898550725,76.08695652173913,-1.1171477624551214,,,,2014-2024
NHL,LogisticGAM,Expected Goal,spatial,spatial_surface,18.840579710144922,76.08695652173913,-1.1817222573340556,,,,2014-2024
NHL,LogisticGAM,Expected Goal,spatial,spatial_surface,21.73913043478261,76.08695652173913,-1.247307654909265,,,,2014-2024
NHL,LogisticGAM,Expected Goal,spatial,spatial_surface,24.637681159420296,76.08695652173913,-1.31304271536894,,,,2014-2024
NHL,LogisticGAM,Expected Goal,spatial,spatial_surface,27.53623188405797,76.08695652173913,-1.3780661989012726,,,,2014-2024
NHL,LogisticGAM,Expected Goal,spatial,spatial_surface,30.434782608695656,76.08695652173913,-1.4415168656944541,,,,2014-2024
NHL,LogisticGAM,Expected Goal,spatial,spatial_surface,33.33333333333334,76.08695652173913,-1.5025334759366764,,,,2014-2024
NHL,LogisticGAM,Expected Goal,spatial,spatial_surface,36.231884057971,76.08695652173913,-1.5602547898161299,,,,2014-2024
NHL,LogisticGAM,Expected Goal,spatial,spatial_surface,39.13043478260869,76.08695652173913,-1.6138195675210067,,,,2014-2024
NHL,LogisticGAM,Expected Goal,spatial,spatial_surface,42.028985507246375,76.08695652173913,-1.6623665692394975,,,,2014-2024
NHL,LogisticGAM,Expected Goal,spatial,spatial_surface,44.92753623188406,76.08695652173913,-1.7050880067245835,,,,2014-2024
NHL,LogisticGAM,Expected Goal,spatial,spatial_surface,47.82608695652175,76.08695652173913,-1.7419281504680981,,,,2014-2024
NHL,LogisticGAM,Expected Goal,spatial,spatial_surface,50.72463768115941,76.08695652173913,-1.7733867250493953,,,,2014-2024
NHL,LogisticGAM,Expected Goal,spatial,spatial_surface,53.623188405797094,76.08695652173913,-1.7999764503221976,,,,2014-2024
NHL,LogisticGAM,Expected Goal,spatial,spatial_surface,56.52173913043478,76.08695652173913,-1.8222100461402273,,,,2014-2024
NHL,LogisticGAM,Expected Goal,spatial,spatial_surface,59.42028985507247,76.08695652173913,-1.840600232357208,,,,2014-2024
NHL,LogisticGAM,Expected Goal,spatial,spatial_surface,62.318840579710155,76.08695652173913,-1.855659728826862,,,,2014-2024
NHL,LogisticGAM,Expected Goal,spatial,spatial_surface,65.21739130434781,76.08695652173913,-1.8679012554029104,,,,2014-2024
NHL,LogisticGAM,Expected Goal,spatial,spatial_surface,68.1159420289855,76.08695652173913,-1.8778375319390777,,,,2014-2024
NHL,LogisticGAM,Expected Goal,spatial,spatial_surface,71.01449275362319,76.08695652173913,-1.8859812782890863,,,,2014-2024
NHL,LogisticGAM,Expected Goal,spatial,spatial_surface,73.91304347826087,76.08695652173913,-1.8928315230496386,,,,2014-2024
NHL,LogisticGAM,Expected Goal,spatial,spatial_surface,76.81159420289856,76.08695652173913,-1.8987886221935184,,,,2014-2024
NHL,LogisticGAM,Expected Goal,spatial,spatial_surface,79.71014492753622,76.08695652173913,-1.9042096713847496,,,,2014-2024
NHL,LogisticGAM,Expected Goal,spatial,spatial_surface,82.6086956521739,76.08695652173913,-1.9094515820777171,,,,2014-2024
NHL,LogisticGAM,Expected Goal,spatial,spatial_surface,85.5072463768116,76.08695652173913,-1.9148712657268083,,,,2014-2024
NHL,LogisticGAM,Expected Goal,spatial,spatial_surface,88.40579710144928,76.08695652173913,-1.9208256337864091,,,,2014-2024
NHL,LogisticGAM,Expected Goal,spatial,spatial_surface,91.30434782608697,76.08695652173913,-1.9276715977109053,,,,2014-2024
NHL,LogisticGAM,Expected Goal,spatial,spatial_surface,94.20289855072463,76.08695652173913,-1.9357660689546827,,,,2014-2024
NHL,LogisticGAM,Expected Goal,spatial,spatial_surface,97.10144927536231,76.08695652173913,-1.9454659589721277,,,,2014-2024
NHL,LogisticGAM,Expected Goal,spatial,spatial_surface,100.0,76.08695652173913,-1.9571281792176272,,,,2014-2024
NHL,LogisticGAM,Expected Goal,spatial,spatial_surface,-100.0,77.68115942028986,0.3117003635685276,,,,2014-2024
NHL,LogisticGAM,Expected Goal,spatial,spatial_surface,-97.10144927536231,77.68115942028986,0.25795703502268097,,,,2014-2024
NHL,LogisticGAM,Expected Goal,spatial,spatial_surface,-94.20289855072464,77.68115942028986,0.20521775584770943,,,,2014-2024
NHL,LogisticGAM,Expected Goal,spatial,spatial_surface,-91.30434782608695,77.68115942028986,0.15380597847665034,,,,2014-2024
NHL,LogisticGAM,Expected Goal,spatial,spatial_surface,-88.40579710144928,77.68115942028986,0.10399493374176846,,,,2014-2024
NHL,LogisticGAM,Expected Goal,spatial,spatial_surface,-85.5072463768116,77.68115942028986,0.056057852475327886,,,,2014-2024
NHL,LogisticGAM,Expected Goal,spatial,spatial_surface,-82.6086956521739,77.68115942028986,0.010267965509593233,,,,2014-2024
NHL,LogisticGAM,Expected Goal,spatial,spatial_surface,-79.71014492753623,77.68115942028986,-0.03310149632317076,,,,2014-2024
NHL,LogisticGAM,Expected Goal,spatial,spatial_surface,-76.81159420289855,77.68115942028986,-0.0737773021907001,,,,2014-2024
NHL,LogisticGAM,Expected Goal,spatial,spatial_surface,-73.91304347826087,77.68115942028986,-0.11148622126072996,,,,2014-2024
NHL,LogisticGAM,Expected Goal,spatial,spatial_surface,-71.01449275362319,77.68115942028986,-0.14595502270099628,,,,2014-2024
NHL,LogisticGAM,Expected Goal,spatial,spatial_surface,-68.1159420289855,77.68115942028986,-0.17698415929986344,,,,2014-2024
NHL,LogisticGAM,Expected Goal,spatial,spatial_surface,-65.21739130434783,77.68115942028986,-0.20484318946005728,,,,2014-2024
NHL,LogisticGAM,Expected Goal,spatial,spatial_surface,-62.31884057971015,77.68115942028986,-0.22998564676262234,,,,2014-2024
NHL,LogisticGAM,Expected Goal,spatial,spatial_surface,-59.42028985507246,77.68115942028986,-0.2528654976593234,,,,2014-2024
NHL,LogisticGAM,Expected Goal,spatial,spatial_surface,-56.52173913043478,77.68115942028986,-0.27393670860192537,,,,2014-2024
NHL,LogisticGAM,Expected Goal,spatial,spatial_surface,-53.6231884057971,77.68115942028986,-0.29365324604219284,,,,2014-2024
NHL,LogisticGAM,Expected Goal,spatial,spatial_surface,-50.72463768115942,77.68115942028986,-0.31246907643189076,,,,2014-2024
NHL,LogisticGAM,Expected Goal,spatial,spatial_surface,-47.82608695652174,77.68115942028986,-0.330838166222784,,,,2014-2024
NHL,LogisticGAM,Expected Goal,spatial,spatial_surface,-44.927536231884055,77.68115942028986,-0.34921448186663717,,,,2014-2024
NHL,LogisticGAM,Expected Goal,spatial,spatial_surface,-42.028985507246375,77.68115942028986,-0.36805198746415047,,,,2014-2024
NHL,LogisticGAM,Expected Goal,spatial,spatial_surface,-39.130434782608695,77.68115942028986,-0.38776112883988206,,,,2014-2024
NHL,LogisticGAM,Expected Goal,spatial,spatial_surface,-36.231884057971016,77.68115942028986,-0.4085976006781679,,,,2014-2024
NHL,LogisticGAM,Expected Goal,spatial,spatial_surface,-33.33333333333333,77.68115942028986,-0.43078271469264223,,,,2014-2024
NHL,LogisticGAM,Expected Goal,spatial,spatial_surface,-30.434782608695656,77.68115942028986,-0.45453778259693883,,,,2014-2024
NHL,LogisticGAM,Expected Goal,spatial,spatial_surface,-27.53623188405797,77.68115942028986,-0.4800841161046919,,,,2014-2024
NHL,LogisticGAM,Expected Goal,spatial,spatial_surface,-24.637681159420296,77.68115942028986,-0.5076430269295353,,,,2014-2024
NHL,LogisticGAM,Expected Goal,spatial,spatial_surface,-21.73913043478261,77.68115942028986,-0.5374358267851034,,,,2014-2024
NHL,LogisticGAM,Expected Goal,spatial,spatial_surface,-18.840579710144922,77.68115942028986,-0.56968382738503,,,,2014-2024
NHL,LogisticGAM,Expected Goal,spatial,spatial_surface,-15.94202898550725,77.68115942028986,-0.6046083404429492,,,,2014-2024
NHL,LogisticGAM,Expected Goal,spatial,spatial_surface,-13.043478260869563,77.68115942028986,-0.6424300808563056,,,,2014-2024
NHL,LogisticGAM,Expected Goal,spatial,spatial_surface,-10.14492753623189,77.68115942028986,-0.6832822388512407,,,,2014-2024
NHL,LogisticGAM,Expected Goal,spatial,spatial_surface,-7.246376811594203,77.68115942028986,-0.7271190901532413,,,,2014-2024
NHL,LogisticGAM,Expected Goal,spatial,spatial_surface,-4.347826086956516,77.68115942028986,-0.7738730508793278,,,,2014-2024
NHL,LogisticGAM,Expected Goal,spatial,spatial_surface,-1.4492753623188435,77.68115942028986,-0.8234765371465195,,,,2014-2024
NHL,LogisticGAM,Expected Goal,spatial,spatial_surface,1.4492753623188435,77.68115942028986,-0.8758619650718384,,,,2014-2024
NHL,LogisticGAM,Expected Goal,spatial,spatial_surface,4.347826086956516,77.68115942028986,-0.9309617507723049,,,,2014-2024
NHL,LogisticGAM,Expected Goal,spatial,spatial_surface,7.246376811594203,77.68115942028986,-0.9887083103649388,,,,2014-2024
NHL,LogisticGAM,Expected Goal,spatial,spatial_surface,10.14492753623189,77.68115942028986,-1.0490340599667618,,,,2014-2024
NHL,LogisticGAM,Expected Goal,spatial,spatial_surface,13.043478260869563,77.68115942028986,-1.1118714156947929,,,,2014-2024
NHL,LogisticGAM,Expected Goal,spatial,spatial_surface,15.94202898550725,77.68115942028986,-1.1771418860875893,,,,2014-2024
NHL,LogisticGAM,Expected Goal,spatial,spatial_surface,18.840579710144922,77.68115942028986,-1.2443965281791654,,,,2014-2024
NHL,LogisticGAM,Expected Goal,spatial,spatial_surface,21.73913043478261,77.68115942028986,-1.3127340574489237,,,,2014-2024
NHL,LogisticGAM,Expected Goal,spatial,spatial_surface,24.637681159420296,77.68115942028986,-1.3812256987350455,,,,2014-2024
NHL,LogisticGAM,Expected Goal,spatial,spatial_surface,27.53623188405797,77.68115942028986,-1.4489426768757123,,,,2014-2024
NHL,LogisticGAM,Expected Goal,spatial,spatial_surface,30.434782608695656,77.68115942028986,-1.5149562167091077,,,,2014-2024
NHL,LogisticGAM,Expected Goal,spatial,spatial_surface,33.33333333333334,77.68115942028986,-1.5783375430734137,,,,2014-2024
NHL,LogisticGAM,Expected Goal,spatial,spatial_surface,36.231884057971,77.68115942028986,-1.6381578808068114,,,,2014-2024
NHL,LogisticGAM,Expected Goal,spatial,spatial_surface,39.13043478260869,77.68115942028986,-1.6934884547474838,,,,2014-2024
NHL,LogisticGAM,Expected Goal,spatial,spatial_surface,42.028985507246375,77.68115942028986,-1.743400489733613,,,,2014-2024
NHL,LogisticGAM,Expected Goal,spatial,spatial_surface,44.92753623188406,77.68115942028986,-1.7870225485411972,,,,2014-2024
NHL,LogisticGAM,Expected Goal,spatial,spatial_surface,47.82608695652175,77.68115942028986,-1.8242899336062035,,,,2014-2024
NHL,LogisticGAM,Expected Goal,spatial,spatial_surface,50.72463768115941,77.68115942028986,-1.8557337875809814,,,,2014-2024
NHL,LogisticGAM,Expected Goal,spatial,spatial_surface,53.623188405797094,77.68115942028986,-1.8818991932567097,,,,2014-2024
NHL,LogisticGAM,Expected Goal,spatial,spatial_surface,56.52173913043478,77.68115942028986,-1.9033312334245664,,,,2014-2024
NHL,LogisticGAM,Expected Goal,spatial,spatial_surface,59.42028985507247,77.68115942028986,-1.9205749908757306,,,,2014-2024
NHL,LogisticGAM,Expected Goal,spatial,spatial_surface,62.318840579710155,77.68115942028986,-1.934175548401379,,,,2014-2024
NHL,LogisticGAM,Expected Goal,spatial,spatial_surface,65.21739130434781,77.68115942028986,-1.9446779887926895,,,,2014-2024
NHL,LogisticGAM,Expected Goal,spatial,spatial_surface,68.1159420289855,77.68115942028986,-1.9526273948408412,,,,2014-2024
NHL,LogisticGAM,Expected Goal,spatial,spatial_surface,71.01449275362319,77.68115942028986,-1.9585688493370124,,,,2014-2024
NHL,LogisticGAM,Expected Goal,spatial,spatial_surface,73.91304347826087,77.68115942028986,-1.9630335171629911,,,,2014-2024
NHL,LogisticGAM,Expected Goal,spatial,spatial_surface,76.81159420289856,77.68115942028986,-1.9664522570974143,,,,2014-2024
NHL,LogisticGAM,Expected Goal,spatial,spatial_surface,79.71014492753622,77.68115942028986,-1.9692119514559363,,,,2014-2024
NHL,LogisticGAM,Expected Goal,spatial,spatial_surface,82.6086956521739,77.68115942028986,-1.9716992952950718,,,,2014-2024
NHL,LogisticGAM,Expected Goal,spatial,spatial_surface,85.5072463768116,77.68115942028986,-1.9743009836713354,,,,2014-2024
NHL,LogisticGAM,Expected Goal,spatial,spatial_surface,88.40579710144928,77.68115942028986,-1.9774037116412413,,,,2014-2024
NHL,LogisticGAM,Expected Goal,spatial,spatial_surface,91.30434782608697,77.68115942028986,-1.9813941742613022,,,,2014-2024
NHL,LogisticGAM,Expected Goal,spatial,spatial_surface,94.20289855072463,77.68115942028986,-1.9866590665880322,,,,2014-2024
NHL,LogisticGAM,Expected Goal,spatial,spatial_surface,97.10144927536231,77.68115942028986,-1.9935850836779463,,,,2014-2024
NHL,LogisticGAM,Expected Goal,spatial,spatial_surface,100.0,77.68115942028986,-2.0025589205875587,,,,2014-2024
NHL,LogisticGAM,Expected Goal,spatial,spatial_surface,-100.0,79.27536231884058,0.3293472689293591,,,,2014-2024
NHL,LogisticGAM,Expected Goal,spatial,spatial_surface,-97.10144927536231,79.27536231884058,0.2717254736696454,,,,2014-2024
NHL,LogisticGAM,Expected Goal,spatial,spatial_surface,-94.20289855072464,79.27536231884058,0.21517280501670777,,,,2014-2024
NHL,LogisticGAM,Expected Goal,spatial,spatial_surface,-91.30434782608695,79.27536231884058,0.1600337768323362,,,,2014-2024
NHL,LogisticGAM,Expected Goal,spatial,spatial_surface,-88.40579710144928,79.27536231884058,0.10659943124053158,,,,2014-2024
NHL,LogisticGAM,Expected Goal,spatial,spatial_surface,-85.5072463768116,79.27536231884058,0.055160810365294216,,,,2014-2024
NHL,LogisticGAM,Expected Goal,spatial,spatial_surface,-82.6086956521739,79.27536231884058,0.006008956330625127,,,,2014-2024
NHL,LogisticGAM,Expected Goal,spatial,spatial_surface,-79.71014492753623,79.27536231884058,-0.04056508873947482,,,,2014-2024
NHL,LogisticGAM,Expected Goal,spatial,spatial_surface,-76.81159420289855,79.27536231884058,-0.08427028272100547,,,,2014-2024
NHL,LogisticGAM,Expected Goal,spatial,spatial_surface,-73.91304347826087,79.27536231884058,-0.12481558348996541,,,,2014-2024
NHL,LogisticGAM,Expected Goal,spatial,spatial_surface,-71.01449275362319,79.27536231884058,-0.1619099489223547,,,,2014-2024
NHL,LogisticGAM,Expected Goal,spatial,spatial_surface,-68.1159420289855,79.27536231884058,-0.19533944152023744,,,,2014-2024
NHL,LogisticGAM,Expected Goal,spatial,spatial_surface,-65.21739130434783,79.27536231884058,-0.22538100917745926,,,,2014-2024
NHL,LogisticGAM,Expected Goal,spatial,spatial_surface,-62.31884057971015,79.27536231884058,-0.25250411662143674,,,,2014-2024
NHL,LogisticGAM,Expected Goal,spatial,spatial_surface,-59.42028985507246,79.27536231884058,-0.27717868154775954,,,,2014-2024
NHL,LogisticGAM,Expected Goal,spatial,spatial_surface,-56.52173913043478,79.27536231884058,-0.2998746216520169,,,,2014-2024
NHL,LogisticGAM,Expected Goal,spatial,spatial_surface,-53.6231884057971,79.27536231884058,-0.32106185462979825,,,,2014-2024
NHL,LogisticGAM,Expected Goal,spatial,spatial_surface,-50.72463768115942,79.27536231884058,-0.3412102981766931,,,,2014-2024
NHL,LogisticGAM,Expected Goal,spatial,spatial_surface,-47.82608695652174,79.27536231884058,-0.36078986998829154,,,,2014-2024
NHL,LogisticGAM,Expected Goal,spatial,spatial_surface,-44.927536231884055,79.27536231884058,-0.3802704877601823,,,,2014-2024
NHL,LogisticGAM,Expected Goal,spatial,spatial_surface,-42.028985507246375,79.27536231884058,-0.40012206687075513,,,,2014-2024
NHL,LogisticGAM,Expected Goal,spatial,spatial_surface,-39.130434782608695,79.27536231884058,-0.42077163126014266,,,,2014-2024
NHL,LogisticGAM,Expected Goal,spatial,spatial_surface,-36.231884057971016,79.27536231884058,-0.4424936827659378,,,,2014-2024
NHL,LogisticGAM,Expected Goal,spatial,spatial_surface,-33.33333333333333,79.27536231884058,-0.4655288355078445,,,,2014-2024
NHL,LogisticGAM,Expected Goal,spatial,spatial_surface,-30.434782608695656,79.27536231884058,-0.4901177036055651,,,,2014-2024
NHL,LogisticGAM,Expected Goal,spatial,spatial_surface,-27.53623188405797,79.27536231884058,-0.5165009011788032,,,,2014-2024
NHL,LogisticGAM,Expected Goal,spatial,spatial_surface,-24.637681159420296,79.27536231884058,-0.544919042347262,,,,2014-2024
NHL,LogisticGAM,Expected Goal,spatial,spatial_surface,-21.73913043478261,79.27536231884058,-0.5756127412306443,,,,2014-2024
NHL,LogisticGAM,Expected Goal,spatial,spatial_surface,-18.840579710144922,79.27536231884058,-0.6088226119486541,,,,2014-2024
NHL,LogisticGAM,Expected Goal,spatial,spatial_surface,-15.94202898550725,79.27536231884058,-0.6447892686209938,,,,2014-2024
NHL,LogisticGAM,Expected Goal,spatial,spatial_surface,-13.043478260869563,79.27536231884058,-0.6837526999892851,,,,2014-2024
NHL,LogisticGAM,Expected Goal,spatial,spatial_surface,-10.14492753623189,79.27536231884058,-0.725861181446874,,,,2014-2024
NHL,LogisticGAM,Expected Goal,spatial,spatial_surface,-7.246376811594203,79.27536231884058,-0.7710755115572484,,,,2014-2024
NHL,LogisticGAM,Expected Goal,spatial,spatial_surface,-4.347826086956516,79.27536231884058,-0.8193335831379561,,,,2014-2024
NHL,LogisticGAM,Expected Goal,spatial,spatial_surface,-1.4492753623188435,79.27536231884058,-0.8705732890065443,,,,2014-2024
NHL,LogisticGAM,Expected Goal,spatial,spatial_surface,1.4492753623188435,79.27536231884058,-0.9247325219805609,,,,2014-2024
NHL,LogisticGAM,Expected Goal,spatial,spatial_surface,4.347826086956516,79.27536231884058,-0.9817491748775539,,,,2014-2024
NHL,LogisticGAM,Expected Goal,spatial,spatial_surface,7.246376811594203,79.27536231884058,-1.0415611405150704,,,,2014-2024
NHL,LogisticGAM,Expected Goal,spatial,spatial_surface,10.14492753623189,79.27536231884058,-1.1041063117106586,,,,2014-2024
NHL,LogisticGAM,Expected Goal,spatial,spatial_surface,13.043478260869563,79.27536231884058,-1.1693225812818653,,,,2014-2024
NHL,LogisticGAM,Expected Goal,spatial,spatial_surface,15.94202898550725,79.27536231884058,-1.2371360097200563,,,,2014-2024
NHL,LogisticGAM,Expected Goal,spatial,spatial_surface,18.840579710144922,79.27536231884058,-1.307070799024275,,,,2014-2024
NHL,LogisticGAM,Expected Goal,spatial,spatial_surface,21.73913043478261,79.27536231884058,-1.3781604599885824,,,,2014-2024
NHL,LogisticGAM,Expected Goal,spatial,spatial_surface,24.637681159420296,79.27536231884058,-1.4494086821011503,,,,2014-2024
NHL,LogisticGAM,Expected Goal,spatial,spatial_surface,27.53623188405797,79.27536231884058,-1.5198191548501516,,,,2014-2024
NHL,LogisticGAM,Expected Goal,spatial,spatial_surface,30.434782608695656,79.27536231884058,-1.5883955677237604,,,,2014-2024
NHL,LogisticGAM,Expected Goal,spatial,spatial_surface,33.33333333333334,79.27536231884058,-1.65414161021015,,,,2014-2024
NHL,LogisticGAM,Expected Goal,spatial,spatial_surface,36.231884057971,79.27536231884058,-1.716060971797492,,,,2014-2024
NHL,LogisticGAM,Expected Goal,spatial,spatial_surface,39.13043478260869,79.27536231884058,-1.7731573419739601,,,,2014-2024
NHL,LogisticGAM,Expected Goal,spatial,spatial_surface,42.028985507246375,79.27536231884058,-1.8244344102277277,,,,2014-2024
NHL,LogisticGAM,Expected Goal,spatial,spatial_surface,44.92753623188406,79.27536231884058,-1.8689570903578103,,,,2014-2024
NHL,LogisticGAM,Expected Goal,spatial,spatial_surface,47.82608695652175,79.27536231884058,-1.9066517167443076,,,,2014-2024
NHL,LogisticGAM,Expected Goal,spatial,spatial_surface,50.72463768115941,79.27536231884058,-1.9380808501125664,,,,2014-2024
NHL,LogisticGAM,Expected Goal,spatial,spatial_surface,53.623188405797094,79.27536231884058,-1.9638219361912208,,,,2014-2024
NHL,LogisticGAM,Expected Goal,spatial,spatial_surface,56.52173913043478,79.27536231884058,-1.9844524207089047,,,,2014-2024
NHL,LogisticGAM,Expected Goal,spatial,spatial_surface,59.42028985507247,79.27536231884058,-2.0005497493942515,,,,2014-2024
NHL,LogisticGAM,Expected Goal,spatial,spatial_surface,62.318840579710155,79.27536231884058,-2.012691367975895,,,,2014-2024
NHL,LogisticGAM,Expected Goal,spatial,spatial_surface,65.21739130434781,79.27536231884058,-2.0214547221824675,,,,2014-2024
NHL,LogisticGAM,Expected Goal,spatial,spatial_surface,68.1159420289855,79.27536231884058,-2.0274172577426044,,,,2014-2024
NHL,LogisticGAM,Expected Goal,spatial,spatial_surface,71.01449275362319,79.27536231884058,-2.0311564203849377,,,,2014-2024
NHL,LogisticGAM,Expected Goal,spatial,spatial_surface,73.91304347826087,79.27536231884058,-2.033235511276343,,,,2014-2024
NHL,LogisticGAM,Expected Goal,spatial,spatial_surface,76.81159420289856,79.27536231884058,-2.0341158920013083,,,,2014-2024
NHL,LogisticGAM,Expected Goal,spatial,spatial_surface,79.71014492753622,79.27536231884058,-2.0342142315271223,,,,2014-2024
NHL,LogisticGAM,Expected Goal,spatial,spatial_surface,82.6086956521739,79.27536231884058,-2.033947008512426,,,,2014-2024
NHL,LogisticGAM,Expected Goal,spatial,spatial_surface,85.5072463768116,79.27536231884058,-2.0337307016158617,,,,2014-2024
NHL,LogisticGAM,Expected Goal,spatial,spatial_surface,88.40579710144928,79.27536231884058,-2.0339817894960723,,,,2014-2024
NHL,LogisticGAM,Expected Goal,spatial,spatial_surface,91.30434782608697,79.27536231884058,-2.035116750811698,,,,2014-2024
NHL,LogisticGAM,Expected Goal,spatial,spatial_surface,94.20289855072463,79.27536231884058,-2.037552064221381,,,,2014-2024
NHL,LogisticGAM,Expected Goal,spatial,spatial_surface,97.10144927536231,79.27536231884058,-2.0417042083837647,,,,2014-2024
NHL,LogisticGAM,Expected Goal,spatial,spatial_surface,100.0,79.27536231884058,-2.0479896619574895,,,,2014-2024
NHL,LogisticGAM,Expected Goal,spatial,spatial_surface,-100.0,80.8695652173913,0.3469941742901907,,,,2014-2024
NHL,LogisticGAM,Expected Goal,spatial,spatial_surface,-97.10144927536231,80.8695652173913,0.28549391231660975,,,,2014-2024
NHL,LogisticGAM,Expected Goal,spatial,spatial_surface,-94.20289855072464,80.8695652173913,0.2251278541857062,,,,2014-2024
NHL,LogisticGAM,Expected Goal,spatial,spatial_surface,-91.30434782608695,80.8695652173913,0.166261575188022,,,,2014-2024
NHL,LogisticGAM,Expected Goal,spatial,spatial_surface,-88.40579710144928,80.8695652173913,0.10920392873929467,,,,2014-2024
NHL,LogisticGAM,Expected Goal,spatial,spatial_surface,-85.5072463768116,80.8695652173913,0.054263768255260636,,,,2014-2024
NHL,LogisticGAM,Expected Goal,spatial,spatial_surface,-82.6086956521739,80.8695652173913,0.0017499471516569875,,,,2014-2024
NHL,LogisticGAM,Expected Goal,spatial,spatial_surface,-79.71014492753623,80.8695652173913,-0.04802868115577893,,,,2014-2024
NHL,LogisticGAM,Expected Goal,spatial,spatial_surface,-76.81159420289855,80.8695652173913,-0.09476326325131075,,,,2014-2024
NHL,LogisticGAM,Expected Goal,spatial,spatial_surface,-73.91304347826087,80.8695652173913,-0.1381449457192009,,,,2014-2024
NHL,LogisticGAM,Expected Goal,spatial,spatial_surface,-71.01449275362319,80.8695652173913,-0.1778648751437131,,,,2014-2024
NHL,LogisticGAM,Expected Goal,spatial,spatial_surface,-68.1159420289855,80.8695652173913,-0.21369472374061133,,,,2014-2024
NHL,LogisticGAM,Expected Goal,spatial,spatial_surface,-65.21739130434783,80.8695652173913,-0.24591882889486125,,,,2014-2024
NHL,LogisticGAM,Expected Goal,spatial,spatial_surface,-62.31884057971015,80.8695652173913,-0.2750225864802512,,,,2014-2024
NHL,LogisticGAM,Expected Goal,spatial,spatial_surface,-59.42028985507246,80.8695652173913,-0.3014918654361956,,,,2014-2024
NHL,LogisticGAM,Expected Goal,spatial,spatial_surface,-56.52173913043478,80.8695652173913,-0.32581253470210836,,,,2014-2024
NHL,LogisticGAM,Expected Goal,spatial,spatial_surface,-53.6231884057971,80.8695652173913,-0.3484704632174036,,,,2014-2024
NHL,LogisticGAM,Expected Goal,spatial,spatial_surface,-50.72463768115942,80.8695652173913,-0.3699515199214957,,,,2014-2024
NHL,LogisticGAM,Expected Goal,spatial,spatial_surface,-47.82608695652174,80.8695652173913,-0.3907415737537988,,,,2014-2024
NHL,LogisticGAM,Expected Goal,spatial,spatial_surface,-44.927536231884055,80.8695652173913,-0.4113264936537273,,,,2014-2024
NHL,LogisticGAM,Expected Goal,spatial,spatial_surface,-42.028985507246375,80.8695652173913,-0.4321921462773595,,,,2014-2024
NHL,LogisticGAM,Expected Goal,spatial,spatial_surface,-39.130434782608695,80.8695652173913,-0.4537821336804032,,,,2014-2024
NHL,LogisticGAM,Expected Goal,spatial,spatial_surface,-36.231884057971016,80.8695652173913,-0.47638976485370793,,,,2014-2024
NHL,LogisticGAM,Expected Goal,spatial,spatial_surface,-33.33333333333333,80.8695652173913,-0.5002749563230465,,,,2014-2024
NHL,LogisticGAM,Expected Goal,spatial,spatial_surface,-30.434782608695656,80.8695652173913,-0.5256976246141913,,,,2014-2024
NHL,LogisticGAM,Expected Goal,spatial,spatial_surface,-27.53623188405797,80.8695652173913,-0.5529176862529145,,,,2014-2024
NHL,LogisticGAM,Expected Goal,spatial,spatial_surface,-24.637681159420296,80.8695652173913,-0.5821950577649885,,,,2014-2024
NHL,LogisticGAM,Expected Goal,spatial,spatial_surface,-21.73913043478261,80.8695652173913,-0.6137896556761856,,,,2014-2024
NHL,LogisticGAM,Expected Goal,spatial,spatial_surface,-18.840579710144922,80.8695652173913,-0.6479613965122781,,,,2014-2024
NHL,LogisticGAM,Expected Goal,spatial,spatial_surface,-15.94202898550725,80.8695652173913,-0.6849701967990383,,,,2014-2024
NHL,LogisticGAM,Expected Goal,spatial,spatial_surface,-13.043478260869563,80.8695652173913,-0.7250753191222646,,,,2014-2024
NHL,LogisticGAM,Expected Goal,spatial,spatial_surface,-10.14492753623189,80.8695652173913,-0.7684401240425074,,,,2014-2024
NHL,LogisticGAM,Expected Goal,spatial,spatial_surface,-7.246376811594203,80.8695652173913,-0.8150319329612555,,,,2014-2024
NHL,LogisticGAM,Expected Goal,spatial,spatial_surface,-4.347826086956516,80.8695652173913,-0.8647941153965847,,,,2014-2024
NHL,LogisticGAM,Expected Goal,spatial,spatial_surface,-1.4492753623188435,80.8695652173913,-0.9176700408665689,,,,2014-2024
NHL,LogisticGAM,Expected Goal,spatial,spatial_surface,1.4492753623188435,80.8695652173913,-0.9736030788892833,,,,2014-2024
NHL,LogisticGAM,Expected Goal,spatial,spatial_surface,4.347826086956516,80.8695652173913,-1.0325365989828028,,,,2014-2024
NHL,LogisticGAM,Expected Goal,spatial,spatial_surface,7.246376811594203,80.8695652173913,-1.0944139706652019,,,,2014-2024
NHL,LogisticGAM,Expected Goal,spatial,spatial_surface,10.14492753623189,80.8695652173913,-1.1591785634545555,,,,2014-2024
NHL,LogisticGAM,Expected Goal,spatial,spatial_surface,13.043478260869563,80.8695652173913,-1.226773746868938,,,,2014-2024
NHL,LogisticGAM,Expected Goal,spatial,spatial_surface,15.94202898550725,80.8695652173913,-1.2971301333525234,,,,2014-2024
NHL,LogisticGAM,Expected Goal,spatial,spatial_surface,18.840579710144922,80.8695652173913,-1.3697450698693845,,,,2014-2024
NHL,LogisticGAM,Expected Goal,spatial,spatial_surface,21.73913043478261,80.8695652173913,-1.4435868625282406,,,,2014-2024
NHL,LogisticGAM,Expected Goal,spatial,spatial_surface,24.637681159420296,80.8695652173913,-1.5175916654672545,,,,2014-2024
NHL,LogisticGAM,Expected Goal,spatial,spatial_surface,27.53623188405797,80.8695652173913,-1.5906956328245907,,,,2014-2024
NHL,LogisticGAM,Expected Goal,spatial,spatial_surface,30.434782608695656,80.8695652173913,-1.6618349187384134,,,,2014-2024
NHL,LogisticGAM,Expected Goal,spatial,spatial_surface,33.33333333333334,80.8695652173913,-1.7299456773468864,,,,2014-2024
NHL,LogisticGAM,Expected Goal,spatial,spatial_surface,36.231884057971,80.8695652173913,-1.7939640627881726,,,,2014-2024
NHL,LogisticGAM,Expected Goal,spatial,spatial_surface,39.13043478260869,80.8695652173913,-1.8528262292004365,,,,2014-2024
NHL,LogisticGAM,Expected Goal,spatial,spatial_surface,42.028985507246375,80.8695652173913,-1.9054683307218416,,,,2014-2024
NHL,LogisticGAM,Expected Goal,spatial,spatial_surface,44.92753623188406,80.8695652173913,-1.9508916321744236,,,,2014-2024
NHL,LogisticGAM,Expected Goal,spatial,spatial_surface,47.82608695652175,80.8695652173913,-1.9890134998824116,,,,2014-2024
NHL,LogisticGAM,Expected Goal,spatial,spatial_surface,50.72463768115941,80.8695652173913,-2.0204279126441516,,,,2014-2024
NHL,LogisticGAM,Expected Goal,spatial,spatial_surface,53.623188405797094,80.8695652173913,-2.0457446791257317,,,,2014-2024
NHL,LogisticGAM,Expected Goal,spatial,spatial_surface,56.52173913043478,80.8695652173913,-2.0655736079932434,,,,2014-2024
NHL,LogisticGAM,Expected Goal,spatial,spatial_surface,59.42028985507247,80.8695652173913,-2.0805245079127728,,,,2014-2024
NHL,LogisticGAM,Expected Goal,spatial,spatial_surface,62.318840579710155,80.8695652173913,-2.0912071875504115,,,,2014-2024
NHL,LogisticGAM,Expected Goal,spatial,spatial_surface,65.21739130434781,80.8695652173913,-2.098231455572246,,,,2014-2024
NHL,LogisticGAM,Expected Goal,spatial,spatial_surface,68.1159420289855,80.8695652173913,-2.102207120644367,,,,2014-2024
NHL,LogisticGAM,Expected Goal,spatial,spatial_surface,71.01449275362319,80.8695652173913,-2.1037439914328626,,,,2014-2024
NHL,LogisticGAM,Expected Goal,spatial,spatial_surface,73.91304347826087,80.8695652173913,-2.103437505389695,,,,2014-2024
NHL,LogisticGAM,Expected Goal,spatial,spatial_surface,76.81159420289856,80.8695652173913,-2.1017795269052035,,,,2014-2024
NHL,LogisticGAM,Expected Goal,spatial,spatial_surface,79.71014492753622,80.8695652173913,-2.0992165115983084,,,,2014-2024
NHL,LogisticGAM,Expected Goal,spatial,spatial_surface,82.6086956521739,80.8695652173913,-2.09619472172978,,,,2014-2024
NHL,LogisticGAM,Expected Goal,spatial,spatial_surface,85.5072463768116,80.8695652173913,-2.0931604195603883,,,,2014-2024
NHL,LogisticGAM,Expected Goal,spatial,spatial_surface,88.40579710144928,80.8695652173913,-2.0905598673509034,,,,2014-2024
NHL,LogisticGAM,Expected Goal,spatial,spatial_surface,91.30434782608697,80.8695652173913,-2.0888393273620935,,,,2014-2024
NHL,LogisticGAM,Expected Goal,spatial,spatial_surface,94.20289855072463,80.8695652173913,-2.08844506185473,,,,2014-2024
NHL,LogisticGAM,Expected Goal,spatial,spatial_surface,97.10144927536231,80.8695652173913,-2.0898233330895826,,,,2014-2024
NHL,LogisticGAM,Expected Goal,spatial,spatial_surface,100.0,80.8695652173913,-2.09342040332742,,,,2014-2024
NHL,LogisticGAM,Expected Goal,spatial,spatial_surface,-100.0,82.46376811594203,0.3646410796510225,,,,2014-2024
NHL,LogisticGAM,Expected Goal,spatial,spatial_surface,-97.10144927536231,82.46376811594203,0.2992623509635743,,,,2014-2024
NHL,LogisticGAM,Expected Goal,spatial,spatial_surface,-94.20289855072464,82.46376811594203,0.23508290335470466,,,,2014-2024
NHL,LogisticGAM,Expected Goal,spatial,spatial_surface,-91.30434782608695,82.46376811594203,0.17248937354370797,,,,2014-2024
NHL,LogisticGAM,Expected Goal,spatial,spatial_surface,-88.40579710144928,82.46376811594203,0.11180842623805783,,,,2014-2024
NHL,LogisticGAM,Expected Goal,spatial,spatial_surface,-85.5072463768116,82.46376811594203,0.053366726145227035,,,,2014-2024
NHL,LogisticGAM,Expected Goal,spatial,spatial_surface,-82.6086956521739,82.46376811594203,-0.0025090620273110907,,,,2014-2024
NHL,LogisticGAM,Expected Goal,spatial,spatial_surface,-79.71014492753623,82.46376811594203,-0.055492273572082994,,,,2014-2024
NHL,LogisticGAM,Expected Goal,spatial,spatial_surface,-76.81159420289855,82.46376811594203,-0.10525624378161608,,,,2014-2024
NHL,LogisticGAM,Expected Goal,spatial,spatial_surface,-73.91304347826087,82.46376811594203,-0.1514743079484365,,,,2014-2024
NHL,LogisticGAM,Expected Goal,spatial,spatial_surface,-71.01449275362319,82.46376811594203,-0.19381980136507168,,,,2014-2024
NHL,LogisticGAM,Expected Goal,spatial,spatial_surface,-68.1159420289855,82.46376811594203,-0.23205000596098546,,,,2014-2024
NHL,LogisticGAM,Expected Goal,spatial,spatial_surface,-65.21739130434783,82.46376811594203,-0.2664566486122634,,,,2014-2024
NHL,LogisticGAM,Expected Goal,spatial,spatial_surface,-62.31884057971015,82.46376811594203,-0.29754105633906586,,,,2014-2024
NHL,LogisticGAM,Expected Goal,spatial,spatial_surface,-59.42028985507246,82.46376811594203,-0.32580504932463195,,,,2014-2024
NHL,LogisticGAM,Expected Goal,spatial,spatial_surface,-56.52173913043478,82.46376811594203,-0.3517504477522,,,,2014-2024
NHL,LogisticGAM,Expected Goal,spatial,spatial_surface,-53.6231884057971,82.46376811594203,-0.3758790718050092,,,,2014-2024
NHL,LogisticGAM,Expected Goal,spatial,spatial_surface,-50.72463768115942,82.46376811594203,-0.39869274166629837,,,,2014-2024
NHL,LogisticGAM,Expected Goal,spatial,spatial_surface,-47.82608695652174,82.46376811594203,-0.42069327751930663,,,,2014-2024
NHL,LogisticGAM,Expected Goal,spatial,spatial_surface,-44.927536231884055,82.46376811594203,-0.44238249954727243,,,,2014-2024
NHL,LogisticGAM,Expected Goal,spatial,spatial_surface,-42.028985507246375,82.46376811594203,-0.46426222568396436,,,,2014-2024
NHL,LogisticGAM,Expected Goal,spatial,spatial_surface,-39.130434782608695,82.46376811594203,-0.48679263610066387,,,,2014-2024
NHL,LogisticGAM,Expected Goal,spatial,spatial_surface,-36.231884057971016,82.46376811594203,-0.5102858469414782,,,,2014-2024
NHL,LogisticGAM,Expected Goal,spatial,spatial_surface,-33.33333333333333,82.46376811594203,-0.5350210771382492,,,,2014-2024
NHL,LogisticGAM,Expected Goal,spatial,spatial_surface,-30.434782608695656,82.46376811594203,-0.5612775456228182,,,,2014-2024
NHL,LogisticGAM,Expected Goal,spatial,spatial_surface,-27.53623188405797,82.46376811594203,-0.5893344713270262,,,,2014-2024
NHL,LogisticGAM,Expected Goal,spatial,spatial_surface,-24.637681159420296,82.46376811594203,-0.6194710731827154,,,,2014-2024
NHL,LogisticGAM,Expected Goal,spatial,spatial_surface,-21.73913043478261,82.46376811594203,-0.651966570121727,,,,2014-2024
NHL,LogisticGAM,Expected Goal,spatial,spatial_surface,-18.840579710144922,82.46376811594203,-0.6871001810759025,,,,2014-2024
NHL,LogisticGAM,Expected Goal,spatial,spatial_surface,-15.94202898550725,82.46376811594203,-0.7251511249770832,,,,2014-2024
NHL,LogisticGAM,Expected Goal,spatial,spatial_surface,-13.043478260869563,82.46376811594203,-0.7663979382552447,,,,2014-2024
NHL,LogisticGAM,Expected Goal,spatial,spatial_surface,-10.14492753623189,82.46376811594203,-0.8110190666381408,,,,2014-2024
NHL,LogisticGAM,Expected Goal,spatial,spatial_surface,-7.246376811594203,82.46376811594203,-0.858988354365263,,,,2014-2024
NHL,LogisticGAM,Expected Goal,spatial,spatial_surface,-4.347826086956516,82.46376811594203,-0.9102546476552139,,,,2014-2024
NHL,LogisticGAM,Expected Goal,spatial,spatial_surface,-1.4492753623188435,82.46376811594203,-0.9647667927265939,,,,2014-2024
NHL,LogisticGAM,Expected Goal,spatial,spatial_surface,1.4492753623188435,82.46376811594203,-1.0224736357980062,,,,2014-2024
NHL,LogisticGAM,Expected Goal,spatial,spatial_surface,4.347826086956516,82.46376811594203,-1.0833240230880523,,,,2014-2024
NHL,LogisticGAM,Expected Goal,spatial,spatial_surface,7.246376811594203,82.46376811594203,-1.1472668008153337,,,,2014-2024
NHL,LogisticGAM,Expected Goal,spatial,spatial_surface,10.14492753623189,82.46376811594203,-1.2142508151984532,,,,2014-2024
NHL,LogisticGAM,Expected Goal,spatial,spatial_surface,13.043478260869563,82.46376811594203,-1.2842249124560112,,,,2014-2024
NHL,LogisticGAM,Expected Goal,spatial,spatial_surface,15.94202898550725,82.46376811594203,-1.3571242569849913,,,,2014-2024
NHL,LogisticGAM,Expected Goal,spatial,spatial_surface,18.840579710144922,82.46376811594203,-1.4324193407144945,,,,2014-2024
NHL,LogisticGAM,Expected Goal,spatial,spatial_surface,21.73913043478261,82.46376811594203,-1.5090132650678998,,,,2014-2024
NHL,LogisticGAM,Expected Goal,spatial,spatial_surface,24.637681159420296,82.46376811594203,-1.58577464883336,,,,2014-2024
NHL,LogisticGAM,Expected Goal,spatial,spatial_surface,27.53623188405797,82.46376811594203,-1.6615721107990309,,,,2014-2024
NHL,LogisticGAM,Expected Goal,spatial,spatial_surface,30.434782608695656,82.46376811594203,-1.735274269753067,,,,2014-2024
NHL,LogisticGAM,Expected Goal,spatial,spatial_surface,33.33333333333334,82.46376811594203,-1.8057497444836235,,,,2014-2024
NHL,LogisticGAM,Expected Goal,spatial,spatial_surface,36.231884057971,82.46376811594203,-1.8718671537788538,,,,2014-2024
NHL,LogisticGAM,Expected Goal,spatial,spatial_surface,39.13043478260869,82.46376811594203,-1.9324951164269137,,,,2014-2024
NHL,LogisticGAM,Expected Goal,spatial,spatial_surface,42.028985507246375,82.46376811594203,-1.986502251215957,,,,2014-2024
NHL,LogisticGAM,Expected Goal,spatial,spatial_surface,44.92753623188406,82.46376811594203,-2.032826173991038,,,,2014-2024
NHL,LogisticGAM,Expected Goal,spatial,spatial_surface,47.82608695652175,82.46376811594203,-2.0713752830205174,,,,2014-2024
NHL,LogisticGAM,Expected Goal,spatial,spatial_surface,50.72463768115941,82.46376811594203,-2.1027749751757367,,,,2014-2024
NHL,LogisticGAM,Expected Goal,spatial,spatial_surface,53.623188405797094,82.46376811594203,-2.1276674220602443,,,,2014-2024
NHL,LogisticGAM,Expected Goal,spatial,spatial_surface,56.52173913043478,82.46376811594203,-2.146694795277582,,,,2014-2024
NHL,LogisticGAM,Expected Goal,spatial,spatial_surface,59.42028985507247,82.46376811594203,-2.160499266431295,,,,2014-2024
NHL,LogisticGAM,Expected Goal,spatial,spatial_surface,62.318840579710155,82.46376811594203,-2.169723007124928,,,,2014-2024
NHL,LogisticGAM,Expected Goal,spatial,spatial_surface,65.21739130434781,82.46376811594203,-2.1750081889620247,,,,2014-2024
NHL,LogisticGAM,Expected Goal,spatial,spatial_surface,68.1159420289855,82.46376811594203,-2.1769969835461302,,,,2014-2024
NHL,LogisticGAM,Expected Goal,spatial,spatial_surface,71.01449275362319,82.46376811594203,-2.1763315624807893,,,,2014-2024
NHL,LogisticGAM,Expected Goal,spatial,spatial_surface,73.91304347826087,82.46376811594203,-2.1736394995030475,,,,2014-2024
NHL,LogisticGAM,Expected Goal,spatial,spatial_surface,76.81159420289856,82.46376811594203,-2.1694431618090984,,,,2014-2024
NHL,LogisticGAM,Expected Goal,spatial,spatial_surface,79.71014492753622,82.46376811594203,-2.1642187916694957,,,,2014-2024
NHL,LogisticGAM,Expected Goal,spatial,spatial_surface,82.6086956521739,82.46376811594203,-2.1584424349471343,,,,2014-2024
NHL,LogisticGAM,Expected Goal,spatial,spatial_surface,85.5072463768116,82.46376811594203,-2.152590137504915,,,,2014-2024
NHL,LogisticGAM,Expected Goal,spatial,spatial_surface,88.40579710144928,82.46376811594203,-2.147137945205735,,,,2014-2024
NHL,LogisticGAM,Expected Goal,spatial,spatial_surface,91.30434782608697,82.46376811594203,-2.1425619039124904,,,,2014-2024
NHL,LogisticGAM,Expected Goal,spatial,spatial_surface,94.20289855072463,82.46376811594203,-2.1393380594880798,,,,2014-2024
NHL,LogisticGAM,Expected Goal,spatial,spatial_surface,97.10144927536231,82.46376811594203,-2.137942457795401,,,,2014-2024
NHL,LogisticGAM,Expected Goal,spatial,spatial_surface,100.0,82.46376811594203,-2.1388511446973517,,,,2014-2024
NHL,LogisticGAM,Expected Goal,spatial,spatial_surface,-100.0,84.05797101449275,0.382287985011854,,,,2014-2024
NHL,LogisticGAM,Expected Goal,spatial,spatial_surface,-97.10144927536231,84.05797101449275,0.3130307896105388,,,,2014-2024
NHL,LogisticGAM,Expected Goal,spatial,spatial_surface,-94.20289855072464,84.05797101449275,0.24503795252370303,,,,2014-2024
NHL,LogisticGAM,Expected Goal,spatial,spatial_surface,-91.30434782608695,84.05797101449275,0.1787171718993938,,,,2014-2024
NHL,LogisticGAM,Expected Goal,spatial,spatial_surface,-88.40579710144928,84.05797101449275,0.11441292373682092,,,,2014-2024
NHL,LogisticGAM,Expected Goal,spatial,spatial_surface,-85.5072463768116,84.05797101449275,0.0524696840351934,,,,2014-2024
NHL,LogisticGAM,Expected Goal,spatial,spatial_surface,-82.6086956521739,84.05797101449275,-0.006768071206279248,,,,2014-2024
NHL,LogisticGAM,Expected Goal,spatial,spatial_surface,-79.71014492753623,84.05797101449275,-0.06295586598838712,,,,2014-2024
NHL,LogisticGAM,Expected Goal,spatial,spatial_surface,-76.81159420289855,84.05797101449275,-0.11574922431192136,,,,2014-2024
NHL,LogisticGAM,Expected Goal,spatial,spatial_surface,-73.91304347826087,84.05797101449275,-0.16480367017767195,,,,2014-2024
NHL,LogisticGAM,Expected Goal,spatial,spatial_surface,-71.01449275362319,84.05797101449275,-0.20977472758643023,,,,2014-2024
NHL,LogisticGAM,Expected Goal,spatial,spatial_surface,-68.1159420289855,84.05797101449275,-0.25040528818135954,,,,2014-2024
NHL,LogisticGAM,Expected Goal,spatial,spatial_surface,-65.21739130434783,84.05797101449275,-0.2869944683296654,,,,2014-2024
NHL,LogisticGAM,Expected Goal,spatial,spatial_surface,-62.31884057971015,84.05797101449275,-0.32005952619788036,,,,2014-2024
NHL,LogisticGAM,Expected Goal,spatial,spatial_surface,-59.42028985507246,84.05797101449275,-0.35011823321306795,,,,2014-2024
NHL,LogisticGAM,Expected Goal,spatial,spatial_surface,-56.52173913043478,84.05797101449275,-0.3776883608022914,,,,2014-2024
NHL,LogisticGAM,Expected Goal,spatial,spatial_surface,-53.6231884057971,84.05797101449275,-0.4032876803926146,,,,2014-2024
NHL,LogisticGAM,Expected Goal,spatial,spatial_surface,-50.72463768115942,84.05797101449275,-0.4274339634111008,,,,2014-2024
NHL,LogisticGAM,Expected Goal,spatial,spatial_surface,-47.82608695652174,84.05797101449275,-0.4506449812848141,,,,2014-2024
NHL,LogisticGAM,Expected Goal,spatial,spatial_surface,-44.927536231884055,84.05797101449275,-0.4734385054408176,,,,2014-2024
NHL,LogisticGAM,Expected Goal,spatial,spatial_surface,-42.028985507246375,84.05797101449275,-0.4963323050905691,,,,2014-2024
NHL,LogisticGAM,Expected Goal,spatial,spatial_surface,-39.130434782608695,84.05797101449275,-0.5198031385209244,,,,2014-2024
NHL,LogisticGAM,Expected Goal,spatial,spatial_surface,-36.231884057971016,84.05797101449275,-0.5441819290292482,,,,2014-2024
NHL,LogisticGAM,Expected Goal,spatial,spatial_surface,-33.33333333333333,84.05797101449275,-0.5697671979534514,,,,2014-2024
NHL,LogisticGAM,Expected Goal,spatial,spatial_surface,-30.434782608695656,84.05797101449275,-0.5968574666314446,,,,2014-2024
NHL,LogisticGAM,Expected Goal,spatial,spatial_surface,-27.53623188405797,84.05797101449275,-0.6257512564011376,,,,2014-2024
NHL,LogisticGAM,Expected Goal,spatial,spatial_surface,-24.637681159420296,84.05797101449275,-0.6567470886004421,,,,2014-2024
NHL,LogisticGAM,Expected Goal,spatial,spatial_surface,-21.73913043478261,84.05797101449275,-0.690143484567268,,,,2014-2024
NHL,LogisticGAM,Expected Goal,spatial,spatial_surface,-18.840579710144922,84.05797101449275,-0.7262389656395266,,,,2014-2024
NHL,LogisticGAM,Expected Goal,spatial,spatial_surface,-15.94202898550725,84.05797101449275,-0.7653320531551278,,,,2014-2024
NHL,LogisticGAM,Expected Goal,spatial,spatial_surface,-13.043478260869563,84.05797101449275,-0.8077205573882241,,,,2014-2024
NHL,LogisticGAM,Expected Goal,spatial,spatial_surface,-10.14492753623189,84.05797101449275,-0.853598009233774,,,,2014-2024
NHL,LogisticGAM,Expected Goal,spatial,spatial_surface,-7.246376811594203,84.05797101449275,-0.9029447757692701,,,,2014-2024
NHL,LogisticGAM,Expected Goal,spatial,spatial_surface,-4.347826086956516,84.05797101449275,-0.9557151799138424,,,,2014-2024
NHL,LogisticGAM,Expected Goal,spatial,spatial_surface,-1.4492753623188435,84.05797101449275,-1.0118635445866184,,,,2014-2024
NHL,LogisticGAM,Expected Goal,spatial,spatial_surface,1.4492753623188435,84.05797101449275,-1.0713441927067286,,,,2014-2024
NHL,LogisticGAM,Expected Goal,spatial,spatial_surface,4.347826086956516,84.05797101449275,-1.1341114471933011,,,,2014-2024
NHL,LogisticGAM,Expected Goal,spatial,spatial_surface,7.246376811594203,84.05797101449275,-1.2001196309654651,,,,2014-2024
NHL,LogisticGAM,Expected Goal,spatial,spatial_surface,10.14492753623189,84.05797101449275,-1.2693230669423499,,,,2014-2024
NHL,LogisticGAM,Expected Goal,spatial,spatial_surface,13.043478260869563,84.05797101449275,-1.3416760780430836,,,,2014-2024
NHL,LogisticGAM,Expected Goal,spatial,spatial_surface,15.94202898550725,84.05797101449275,-1.4171183806174583,,,,2014-2024
NHL,LogisticGAM,Expected Goal,spatial,spatial_surface,18.840579710144922,84.05797101449275,-1.4950936115596043,,,,2014-2024
NHL,LogisticGAM,Expected Goal,spatial,spatial_surface,21.73913043478261,84.05797101449275,-1.574439667607558,,,,2014-2024
NHL,LogisticGAM,Expected Goal,spatial,spatial_surface,24.637681159420296,84.05797101449275,-1.653957632199465,,,,2014-2024
NHL,LogisticGAM,Expected Goal,spatial,spatial_surface,27.53623188405797,84.05797101449275,-1.73244858877347,,,,2014-2024
NHL,LogisticGAM,Expected Goal,spatial,spatial_surface,30.434782608695656,84.05797101449275,-1.80871362076772,,,,2014-2024
NHL,LogisticGAM,Expected Goal,spatial,spatial_surface,33.33333333333334,84.05797101449275,-1.8815538116203598,,,,2014-2024
NHL,LogisticGAM,Expected Goal,spatial,spatial_surface,36.231884057971,84.05797101449275,-1.9497702447695344,,,,2014-2024
NHL,LogisticGAM,Expected Goal,spatial,spatial_surface,39.13043478260869,84.05797101449275,-2.01216400365339,,,,2014-2024
NHL,LogisticGAM,Expected Goal,spatial,spatial_surface,42.028985507246375,84.05797101449275,-2.067536171710072,,,,2014-2024
NHL,LogisticGAM,Expected Goal,spatial,spatial_surface,44.92753623188406,84.05797101449275,-2.1147607158076505,,,,2014-2024
NHL,LogisticGAM,Expected Goal,spatial,spatial_surface,47.82608695652175,84.05797101449275,-2.1537370661586217,,,,2014-2024
NHL,LogisticGAM,Expected Goal,spatial,spatial_surface,50.72463768115941,84.05797101449275,-2.1851220377073224,,,,2014-2024
NHL,LogisticGAM,Expected Goal,spatial,spatial_surface,53.623188405797094,84.05797101449275,-2.209590164994755,,,,2014-2024
NHL,LogisticGAM,Expected Goal,spatial,spatial_surface,56.52173913043478,84.05797101449275,-2.22781598256192,,,,2014-2024
NHL,LogisticGAM,Expected Goal,spatial,spatial_surface,59.42028985507247,84.05797101449275,-2.2404740249498163,,,,2014-2024
NHL,LogisticGAM,Expected Goal,spatial,spatial_surface,62.318840579710155,84.05797101449275,-2.248238826699444,,,,2014-2024
NHL,LogisticGAM,Expected Goal,spatial,spatial_surface,65.21739130434781,84.05797101449275,-2.251784922351803,,,,2014-2024
NHL,LogisticGAM,Expected Goal,spatial,spatial_surface,68.1159420289855,84.05797101449275,-2.251786846447893,,,,2014-2024
NHL,LogisticGAM,Expected Goal,spatial,spatial_surface,71.01449275362319,84.05797101449275,-2.248919133528714,,,,2014-2024
NHL,LogisticGAM,Expected Goal,spatial,spatial_surface,73.91304347826087,84.05797101449275,-2.243841493616399,,,,2014-2024
NHL,LogisticGAM,Expected Goal,spatial,spatial_surface,76.81159420289856,84.05797101449275,-2.2371067967129936,,,,2014-2024
NHL,LogisticGAM,Expected Goal,spatial,spatial_surface,79.71014492753622,84.05797101449275,-2.2292210717406813,,,,2014-2024
NHL,LogisticGAM,Expected Goal,spatial,spatial_surface,82.6086956521739,84.05797101449275,-2.220690148164489,,,,2014-2024
NHL,LogisticGAM,Expected Goal,spatial,spatial_surface,85.5072463768116,84.05797101449275,-2.2120198554494412,,,,2014-2024
NHL,LogisticGAM,Expected Goal,spatial,spatial_surface,88.40579710144928,84.05797101449275,-2.2037160230605655,,,,2014-2024
NHL,LogisticGAM,Expected Goal,spatial,spatial_surface,91.30434782608697,84.05797101449275,-2.1962844804628863,,,,2014-2024
NHL,LogisticGAM,Expected Goal,spatial,spatial_surface,94.20289855072463,84.05797101449275,-2.190231057121429,,,,2014-2024
NHL,LogisticGAM,Expected Goal,spatial,spatial_surface,97.10144927536231,84.05797101449275,-2.186061582501219,,,,2014-2024
NHL,LogisticGAM,Expected Goal,spatial,spatial_surface,100.0,84.05797101449275,-2.1842818860672826,,,,2014-2024
NHL,LogisticGAM,Expected Goal,spatial,spatial_surface,-100.0,85.65217391304347,0.3999348903726857,,,,2014-2024
NHL,LogisticGAM,Expected Goal,spatial,spatial_surface,-97.10144927536231,85.65217391304347,0.3267992282575032,,,,2014-2024
NHL,LogisticGAM,Expected Goal,spatial,spatial_surface,-94.20289855072464,85.65217391304347,0.25499300169270156,,,,2014-2024
NHL,LogisticGAM,Expected Goal,spatial,spatial_surface,-91.30434782608695,85.65217391304347,0.1849449702550796,,,,2014-2024
NHL,LogisticGAM,Expected Goal,spatial,spatial_surface,-88.40579710144928,85.65217391304347,0.11701742123558403,,,,2014-2024
NHL,LogisticGAM,Expected Goal,spatial,spatial_surface,-85.5072463768116,85.65217391304347,0.05157264192515974,,,,2014-2024
NHL,LogisticGAM,Expected Goal,spatial,spatial_surface,-82.6086956521739,85.65217391304347,-0.011027080385247374,,,,2014-2024
NHL,LogisticGAM,Expected Goal,spatial,spatial_surface,-79.71014492753623,85.65217391304347,-0.07041945840469117,,,,2014-2024
NHL,LogisticGAM,Expected Goal,spatial,spatial_surface,-76.81159420289855,85.65217391304347,-0.12624220484222665,,,,2014-2024
NHL,LogisticGAM,Expected Goal,spatial,spatial_surface,-73.91304347826087,85.65217391304347,-0.17813303240690745,,,,2014-2024
NHL,LogisticGAM,Expected Goal,spatial,spatial_surface,-71.01449275362319,85.65217391304347,-0.22572965380778864,,,,2014-2024
NHL,LogisticGAM,Expected Goal,spatial,spatial_surface,-68.1159420289855,85.65217391304347,-0.2687605704017335,,,,2014-2024
NHL,LogisticGAM,Expected Goal,spatial,spatial_surface,-65.21739130434783,85.65217391304347,-0.30753228804706745,,,,2014-2024
NHL,LogisticGAM,Expected Goal,spatial,spatial_surface,-62.31884057971015,85.65217391304347,-0.34257799605669487,,,,2014-2024
NHL,LogisticGAM,Expected Goal,spatial,spatial_surface,-59.42028985507246,85.65217391304347,-0.37443141710150407,,,,2014-2024
NHL,LogisticGAM,Expected Goal,spatial,spatial_surface,-56.52173913043478,85.65217391304347,-0.4036262738523829,,,,2014-2024
NHL,LogisticGAM,Expected Goal,spatial,spatial_surface,-53.6231884057971,85.65217391304347,-0.43069628898022,,,,2014-2024
NHL,LogisticGAM,Expected Goal,spatial,spatial_surface,-50.72463768115942,85.65217391304347,-0.45617518515590333,,,,2014-2024
NHL,LogisticGAM,Expected Goal,spatial,spatial_surface,-47.82608695652174,85.65217391304347,-0.4805966850503215,,,,2014-2024
NHL,LogisticGAM,Expected Goal,spatial,spatial_surface,-44.927536231884055,85.65217391304347,-0.5044945113343626,,,,2014-2024
NHL,LogisticGAM,Expected Goal,spatial,spatial_surface,-42.028985507246375,85.65217391304347,-0.5284023844971737,,,,2014-2024
NHL,LogisticGAM,Expected Goal,spatial,spatial_surface,-39.130434782608695,85.65217391304347,-0.552813640941185,,,,2014-2024
NHL,LogisticGAM,Expected Goal,spatial,spatial_surface,-36.231884057971016,85.65217391304347,-0.5780780111170184,,,,2014-2024
NHL,LogisticGAM,Expected Goal,spatial,spatial_surface,-33.33333333333333,85.65217391304347,-0.6045133187686538,,,,2014-2024
NHL,LogisticGAM,Expected Goal,spatial,spatial_surface,-30.434782608695656,85.65217391304347,-0.6324373876400708,,,,2014-2024
NHL,LogisticGAM,Expected Goal,spatial,spatial_surface,-27.53623188405797,85.65217391304347,-0.662168041475249,,,,2014-2024
NHL,LogisticGAM,Expected Goal,spatial,spatial_surface,-24.637681159420296,85.65217391304347,-0.6940231040181685,,,,2014-2024
NHL,LogisticGAM,Expected Goal,spatial,spatial_surface,-21.73913043478261,85.65217391304347,-0.7283203990128091,,,,2014-2024
NHL,LogisticGAM,Expected Goal,spatial,spatial_surface,-18.840579710144922,85.65217391304347,-0.7653777502031506,,,,2014-2024
NHL,LogisticGAM,Expected Goal,spatial,spatial_surface,-15.94202898550725,85.65217391304347,-0.8055129813331724,,,,2014-2024
NHL,LogisticGAM,Expected Goal,spatial,spatial_surface,-13.043478260869563,85.65217391304347,-0.8490431765212041,,,,2014-2024
NHL,LogisticGAM,Expected Goal,spatial,spatial_surface,-10.14492753623189,85.65217391304347,-0.8961769518294072,,,,2014-2024
NHL,LogisticGAM,Expected Goal,spatial,spatial_surface,-7.246376811594203,85.65217391304347,-0.9469011971732773,,,,2014-2024
NHL,LogisticGAM,Expected Goal,spatial,spatial_surface,-4.347826086956516,85.65217391304347,-1.001175712172471,,,,2014-2024
NHL,LogisticGAM,Expected Goal,spatial,spatial_surface,-1.4492753623188435,85.65217391304347,-1.0589602964466431,,,,2014-2024
NHL,LogisticGAM,Expected Goal,spatial,spatial_surface,1.4492753623188435,85.65217391304347,-1.120214749615451,,,,2014-2024
NHL,LogisticGAM,Expected Goal,spatial,spatial_surface,4.347826086956516,85.65217391304347,-1.1848988712985502,,,,2014-2024
NHL,LogisticGAM,Expected Goal,spatial,spatial_surface,7.246376811594203,85.65217391304347,-1.2529724611155963,,,,2014-2024
NHL,LogisticGAM,Expected Goal,spatial,spatial_surface,10.14492753623189,85.65217391304347,-1.324395318686247,,,,2014-2024
NHL,LogisticGAM,Expected Goal,spatial,spatial_surface,13.043478260869563,85.65217391304347,-1.3991272436301563,,,,2014-2024
NHL,LogisticGAM,Expected Goal,spatial,spatial_surface,15.94202898550725,85.65217391304347,-1.4771125042499256,,,,2014-2024
NHL,LogisticGAM,Expected Goal,spatial,spatial_surface,18.840579710144922,85.65217391304347,-1.5577678824047136,,,,2014-2024
NHL,LogisticGAM,Expected Goal,spatial,spatial_surface,21.73913043478261,85.65217391304347,-1.6398660701472165,,,,2014-2024
NHL,LogisticGAM,Expected Goal,spatial,spatial_surface,24.637681159420296,85.65217391304347,-1.7221406155655694,,,,2014-2024
NHL,LogisticGAM,Expected Goal,spatial,spatial_surface,27.53623188405797,85.65217391304347,-1.8033250667479093,,,,2014-2024
NHL,LogisticGAM,Expected Goal,spatial,spatial_surface,30.434782608695656,85.65217391304347,-1.8821529717823724,,,,2014-2024
NHL,LogisticGAM,Expected Goal,spatial,spatial_surface,33.33333333333334,85.65217391304347,-1.9573578787570962,,,,2014-2024
NHL,LogisticGAM,Expected Goal,spatial,spatial_surface,36.231884057971,85.65217391304347,-2.027673335760215,,,,2014-2024
NHL,LogisticGAM,Expected Goal,spatial,spatial_surface,39.13043478260869,85.65217391304347,-2.091832890879866,,,,2014-2024
NHL,LogisticGAM,Expected Goal,spatial,spatial_surface,42.028985507246375,85.65217391304347,-2.148570092204186,,,,2014-2024
NHL,LogisticGAM,Expected Goal,spatial,spatial_surface,44.92753623188406,85.65217391304347,-2.1966952576242638,,,,2014-2024
NHL,LogisticGAM,Expected Goal,spatial,spatial_surface,47.82608695652175,85.65217391304347,-2.2360988492967255,,,,2014-2024
NHL,LogisticGAM,Expected Goal,spatial,spatial_surface,50.72463768115941,85.65217391304347,-2.267469100238907,,,,2014-2024
NHL,LogisticGAM,Expected Goal,spatial,spatial_surface,53.623188405797094,85.65217391304347,-2.2915129079292664,,,,2014-2024
NHL,LogisticGAM,Expected Goal,spatial,spatial_surface,56.52173913043478,85.65217391304347,-2.3089371698462577,,,,2014-2024
NHL,LogisticGAM,Expected Goal,spatial,spatial_surface,59.42028985507247,85.65217391304347,-2.320448783468337,,,,2014-2024
NHL,LogisticGAM,Expected Goal,spatial,spatial_surface,62.318840579710155,85.65217391304347,-2.32675464627396,,,,2014-2024
NHL,LogisticGAM,Expected Goal,spatial,spatial_surface,65.21739130434781,85.65217391304347,-2.328561655741581,,,,2014-2024
NHL,LogisticGAM,Expected Goal,spatial,spatial_surface,68.1159420289855,85.65217391304347,-2.3265767093496557,,,,2014-2024
NHL,LogisticGAM,Expected Goal,spatial,spatial_surface,71.01449275362319,85.65217391304347,-2.32150670457664,,,,2014-2024
NHL,LogisticGAM,Expected Goal,spatial,spatial_surface,73.91304347826087,85.65217391304347,-2.314043487729751,,,,2014-2024
NHL,LogisticGAM,Expected Goal,spatial,spatial_surface,76.81159420289856,85.65217391304347,-2.304770431616888,,,,2014-2024
NHL,LogisticGAM,Expected Goal,spatial,spatial_surface,79.71014492753622,85.65217391304347,-2.2942233518118673,,,,2014-2024
NHL,LogisticGAM,Expected Goal,spatial,spatial_surface,82.6086956521739,85.65217391304347,-2.2829378613818423,,,,2014-2024
NHL,LogisticGAM,Expected Goal,spatial,spatial_surface,85.5072463768116,85.65217391304347,-2.2714495733939675,,,,2014-2024
NHL,LogisticGAM,Expected Goal,spatial,spatial_surface,88.40579710144928,85.65217391304347,-2.260294100915397,,,,2014-2024
NHL,LogisticGAM,Expected Goal,spatial,spatial_surface,91.30434782608697,85.65217391304347,-2.2500070570132826,,,,2014-2024
NHL,LogisticGAM,Expected Goal,spatial,spatial_surface,94.20289855072463,85.65217391304347,-2.2411240547547773,,,,2014-2024
NHL,LogisticGAM,Expected Goal,spatial,spatial_surface,97.10144927536231,85.65217391304347,-2.2341807072070368,,,,2014-2024
NHL,LogisticGAM,Expected Goal,spatial,spatial_surface,100.0,85.65217391304347,-2.229712627437213,,,,2014-2024
NHL,LogisticGAM,Expected Goal,spatial,spatial_surface,-100.0,87.2463768115942,0.4175817957335172,,,,2014-2024
NHL,LogisticGAM,Expected Goal,spatial,spatial_surface,-97.10144927536231,87.2463768115942,0.3405676669044676,,,,2014-2024
NHL,LogisticGAM,Expected Goal,spatial,spatial_surface,-94.20289855072464,87.2463768115942,0.26494805086169987,,,,2014-2024
NHL,LogisticGAM,Expected Goal,spatial,spatial_surface,-91.30434782608695,87.2463768115942,0.19117276861076543,,,,2014-2024
NHL,LogisticGAM,Expected Goal,spatial,spatial_surface,-88.40579710144928,87.2463768115942,0.11962191873434717,,,,2014-2024
NHL,LogisticGAM,Expected Goal,spatial,spatial_surface,-85.5072463768116,87.2463768115942,0.05067559981512612,,,,2014-2024
NHL,LogisticGAM,Expected Goal,spatial,spatial_surface,-82.6086956521739,87.2463768115942,-0.015286089564215424,,,,2014-2024
NHL,LogisticGAM,Expected Goal,spatial,spatial_surface,-79.71014492753623,87.2463768115942,-0.07788305082099518,,,,2014-2024
NHL,LogisticGAM,Expected Goal,spatial,spatial_surface,-76.81159420289855,87.2463768115942,-0.13673518537253196,,,,2014-2024
NHL,LogisticGAM,Expected Goal,spatial,spatial_surface,-73.91304347826087,87.2463768115942,-0.1914623946361429,,,,2014-2024
NHL,LogisticGAM,Expected Goal,spatial,spatial_surface,-71.01449275362319,87.2463768115942,-0.24168458002914706,,,,2014-2024
NHL,LogisticGAM,Expected Goal,spatial,spatial_surface,-68.1159420289855,87.2463768115942,-0.2871158526221074,,,,2014-2024
NHL,LogisticGAM,Expected Goal,spatial,spatial_surface,-65.21739130434783,87.2463768115942,-0.3280701077644694,,,,2014-2024
NHL,LogisticGAM,Expected Goal,spatial,spatial_surface,-62.31884057971015,87.2463768115942,-0.3650964659155093,,,,2014-2024
NHL,LogisticGAM,Expected Goal,spatial,spatial_surface,-59.42028985507246,87.2463768115942,-0.3987446009899401,,,,2014-2024
NHL,LogisticGAM,Expected Goal,spatial,spatial_surface,-56.52173913043478,87.2463768115942,-0.42956418690247433,,,,2014-2024
NHL,LogisticGAM,Expected Goal,spatial,spatial_surface,-53.6231884057971,87.2463768115942,-0.4581048975678253,,,,2014-2024
NHL,LogisticGAM,Expected Goal,spatial,spatial_surface,-50.72463768115942,87.2463768115942,-0.4849164069007057,,,,2014-2024
NHL,LogisticGAM,Expected Goal,spatial,spatial_surface,-47.82608695652174,87.2463768115942,-0.5105483888158289,,,,2014-2024
NHL,LogisticGAM,Expected Goal,spatial,spatial_surface,-44.927536231884055,87.2463768115942,-0.5355505172279075,,,,2014-2024
NHL,LogisticGAM,Expected Goal,spatial,spatial_surface,-42.028985507246375,87.2463768115942,-0.5604724639037784,,,,2014-2024
NHL,LogisticGAM,Expected Goal,spatial,spatial_surface,-39.130434782608695,87.2463768115942,-0.5858241433614454,,,,2014-2024
NHL,LogisticGAM,Expected Goal,spatial,spatial_surface,-36.231884057971016,87.2463768115942,-0.6119740932047882,,,,2014-2024
NHL,LogisticGAM,Expected Goal,spatial,spatial_surface,-33.33333333333333,87.2463768115942,-0.639259439583856,,,,2014-2024
NHL,LogisticGAM,Expected Goal,spatial,spatial_surface,-30.434782608695656,87.2463768115942,-0.6680173086486969,,,,2014-2024
NHL,LogisticGAM,Expected Goal,spatial,spatial_surface,-27.53623188405797,87.2463768115942,-0.6985848265493603,,,,2014-2024
NHL,LogisticGAM,Expected Goal,spatial,spatial_surface,-24.637681159420296,87.2463768115942,-0.731299119435895,,,,2014-2024
NHL,LogisticGAM,Expected Goal,spatial,spatial_surface,-21.73913043478261,87.2463768115942,-0.7664973134583503,,,,2014-2024
NHL,LogisticGAM,Expected Goal,spatial,spatial_surface,-18.840579710144922,87.2463768115942,-0.8045165347667748,,,,2014-2024
NHL,LogisticGAM,Expected Goal,spatial,spatial_surface,-15.94202898550725,87.2463768115942,-0.8456939095112168,,,,2014-2024
NHL,LogisticGAM,Expected Goal,spatial,spatial_surface,-13.043478260869563,87.2463768115942,-0.8903657956541834,,,,2014-2024
NHL,LogisticGAM,Expected Goal,spatial,spatial_surface,-10.14492753623189,87.2463768115942,-0.9387558944250405,,,,2014-2024
NHL,LogisticGAM,Expected Goal,spatial,spatial_surface,-7.246376811594203,87.2463768115942,-0.9908576185772844,,,,2014-2024
NHL,LogisticGAM,Expected Goal,spatial,spatial_surface,-4.347826086956516,87.2463768115942,-1.0466362444310995,,,,2014-2024
NHL,LogisticGAM,Expected Goal,spatial,spatial_surface,-1.4492753623188435,87.2463768115942,-1.1060570483066678,,,,2014-2024
NHL,LogisticGAM,Expected Goal,spatial,spatial_surface,1.4492753623188435,87.2463768115942,-1.1690853065241735,,,,2014-2024
NHL,LogisticGAM,Expected Goal,spatial,spatial_surface,4.347826086956516,87.2463768115942,-1.235686295403799,,,,2014-2024
NHL,LogisticGAM,Expected Goal,spatial,spatial_surface,7.246376811594203,87.2463768115942,-1.305825291265728,,,,2014-2024
NHL,LogisticGAM,Expected Goal,spatial,spatial_surface,10.14492753623189,87.2463768115942,-1.3794675704301438,,,,2014-2024
NHL,LogisticGAM,Expected Goal,spatial,spatial_surface,13.043478260869563,87.2463768115942,-1.4565784092172285,,,,2014-2024
NHL,LogisticGAM,Expected Goal,spatial,spatial_surface,15.94202898550725,87.2463768115942,-1.5371066278823924,,,,2014-2024
NHL,LogisticGAM,Expected Goal,spatial,spatial_surface,18.840579710144922,87.2463768115942,-1.620442153249823,,,,2014-2024
NHL,LogisticGAM,Expected Goal,spatial,spatial_surface,21.73913043478261,87.2463768115942,-1.7052924726868748,,,,2014-2024
NHL,LogisticGAM,Expected Goal,spatial,spatial_surface,24.637681159420296,87.2463768115942,-1.7903235989316744,,,,2014-2024
NHL,LogisticGAM,Expected Goal,spatial,spatial_surface,27.53623188405797,87.2463768115942,-1.8742015447223483,,,,2014-2024
NHL,LogisticGAM,Expected Goal,spatial,spatial_surface,30.434782608695656,87.2463768115942,-1.9555923227970253,,,,2014-2024
NHL,LogisticGAM,Expected Goal,spatial,spatial_surface,33.33333333333334,87.2463768115942,-2.0331619458938324,,,,2014-2024
NHL,LogisticGAM,Expected Goal,spatial,spatial_surface,36.231884057971,87.2463768115942,-2.1055764267508956,,,,2014-2024
NHL,LogisticGAM,Expected Goal,spatial,spatial_surface,39.13043478260869,87.2463768115942,-2.171501778106342,,,,2014-2024
NHL,LogisticGAM,Expected Goal,spatial,spatial_surface,42.028985507246375,87.2463768115942,-2.2296040126983008,,,,2014-2024
NHL,LogisticGAM,Expected Goal,spatial,spatial_surface,44.92753623188406,87.2463768115942,-2.278629799440877,,,,2014-2024
NHL,LogisticGAM,Expected Goal,spatial,spatial_surface,47.82608695652175,87.2463768115942,-2.3184606324348294,,,,2014-2024
NHL,LogisticGAM,Expected Goal,spatial,spatial_surface,50.72463768115941,87.2463768115942,-2.349816162770492,,,,2014-2024
NHL,LogisticGAM,Expected Goal,spatial,spatial_surface,53.623188405797094,87.2463768115942,-2.3734356508637777,,,,2014-2024
NHL,LogisticGAM,Expected Goal,spatial,spatial_surface,56.52173913043478,87.2463768115942,-2.3900583571305964,,,,2014-2024
NHL,LogisticGAM,Expected Goal,spatial,spatial_surface,59.42028985507247,87.2463768115942,-2.400423541986859,,,,2014-2024
NHL,LogisticGAM,Expected Goal,spatial,spatial_surface,62.318840579710155,87.2463768115942,-2.4052704658484765,,,,2014-2024
NHL,LogisticGAM,Expected Goal,spatial,spatial_surface,65.21739130434781,87.2463768115942,-2.4053383891313596,,,,2014-2024
NHL,LogisticGAM,Expected Goal,spatial,spatial_surface,68.1159420289855,87.2463768115942,-2.401366572251418,,,,2014-2024
NHL,LogisticGAM,Expected Goal,spatial,spatial_surface,71.01449275362319,87.2463768115942,-2.394094275624565,,,,2014-2024
NHL,LogisticGAM,Expected Goal,spatial,spatial_surface,73.91304347826087,87.2463768115942,-2.3842454818431036,,,,2014-2024
NHL,LogisticGAM,Expected Goal,spatial,spatial_surface,76.81159420289856,87.2463768115942,-2.3724340665207833,,,,2014-2024
NHL,LogisticGAM,Expected Goal,spatial,spatial_surface,79.71014492753622,87.2463768115942,-2.359225631883053,,,,2014-2024
NHL,LogisticGAM,Expected Goal,spatial,spatial_surface,82.6086956521739,87.2463768115942,-2.345185574599197,,,,2014-2024
NHL,LogisticGAM,Expected Goal,spatial,spatial_surface,85.5072463768116,87.2463768115942,-2.330879291338494,,,,2014-2024
NHL,LogisticGAM,Expected Goal,spatial,spatial_surface,88.40579710144928,87.2463768115942,-2.316872178770228,,,,2014-2024
NHL,LogisticGAM,Expected Goal,spatial,spatial_surface,91.30434782608697,87.2463768115942,-2.3037296335636785,,,,2014-2024
NHL,LogisticGAM,Expected Goal,spatial,spatial_surface,94.20289855072463,87.2463768115942,-2.292017052388127,,,,2014-2024
NHL,LogisticGAM,Expected Goal,spatial,spatial_surface,97.10144927536231,87.2463768115942,-2.2822998319128547,,,,2014-2024
NHL,LogisticGAM,Expected Goal,spatial,spatial_surface,100.0,87.2463768115942,-2.2751433688071443,,,,2014-2024
NHL,LogisticGAM,Expected Goal,spatial,spatial_surface,-100.0,88.84057971014492,0.4352287010943492,,,,2014-2024
NHL,LogisticGAM,Expected Goal,spatial,spatial_surface,-97.10144927536231,88.84057971014492,0.3543361055514324,,,,2014-2024
NHL,LogisticGAM,Expected Goal,spatial,spatial_surface,-94.20289855072464,88.84057971014492,0.27490310003069857,,,,2014-2024
NHL,LogisticGAM,Expected Goal,spatial,spatial_surface,-91.30434782608695,88.84057971014492,0.1974005669664515,,,,2014-2024
NHL,LogisticGAM,Expected Goal,spatial,spatial_surface,-88.40579710144928,88.84057971014492,0.12222641623311034,,,,2014-2024
NHL,LogisticGAM,Expected Goal,spatial,spatial_surface,-85.5072463768116,88.84057971014492,0.04977855770509248,,,,2014-2024
NHL,LogisticGAM,Expected Goal,spatial,spatial_surface,-82.6086956521739,88.84057971014492,-0.019545098743183668,,,,2014-2024
NHL,LogisticGAM,Expected Goal,spatial,spatial_surface,-79.71014492753623,88.84057971014492,-0.08534664323729943,,,,2014-2024
NHL,LogisticGAM,Expected Goal,spatial,spatial_surface,-76.81159420289855,88.84057971014492,-0.1472281659028374,,,,2014-2024
NHL,LogisticGAM,Expected Goal,spatial,spatial_surface,-73.91304347826087,88.84057971014492,-0.20479175686537865,,,,2014-2024
NHL,LogisticGAM,Expected Goal,spatial,spatial_surface,-71.01449275362319,88.84057971014492,-0.2576395062505058,,,,2014-2024
NHL,LogisticGAM,Expected Goal,spatial,spatial_surface,-68.1159420289855,88.84057971014492,-0.30547113484248173,,,,2014-2024
NHL,LogisticGAM,Expected Goal,spatial,spatial_surface,-65.21739130434783,88.84057971014492,-0.34860792748187186,,,,2014-2024
NHL,LogisticGAM,Expected Goal,spatial,spatial_surface,-62.31884057971015,88.84057971014492,-0.3876149357743242,,,,2014-2024
NHL,LogisticGAM,Expected Goal,spatial,spatial_surface,-59.42028985507246,88.84057971014492,-0.42305778487837686,,,,2014-2024
NHL,LogisticGAM,Expected Goal,spatial,spatial_surface,-56.52173913043478,88.84057971014492,-0.4555020999525664,,,,2014-2024
NHL,LogisticGAM,Expected Goal,spatial,spatial_surface,-53.6231884057971,88.84057971014492,-0.4855135061554312,,,,2014-2024
NHL,LogisticGAM,Expected Goal,spatial,spatial_surface,-50.72463768115942,88.84057971014492,-0.5136576286455088,,,,2014-2024
NHL,LogisticGAM,Expected Goal,spatial,spatial_surface,-47.82608695652174,88.84057971014492,-0.540500092581337,,,,2014-2024
NHL,LogisticGAM,Expected Goal,spatial,spatial_surface,-44.927536231884055,88.84057971014492,-0.5666065231214532,,,,2014-2024
NHL,LogisticGAM,Expected Goal,spatial,spatial_surface,-42.028985507246375,88.84057971014492,-0.5925425433103836,,,,2014-2024
NHL,LogisticGAM,Expected Goal,spatial,spatial_surface,-39.130434782608695,88.84057971014492,-0.6188346457817067,,,,2014-2024
NHL,LogisticGAM,Expected Goal,spatial,spatial_surface,-36.231884057971016,88.84057971014492,-0.6458701752925591,,,,2014-2024
NHL,LogisticGAM,Expected Goal,spatial,spatial_surface,-33.33333333333333,88.84057971014492,-0.674005560399059,,,,2014-2024
NHL,LogisticGAM,Expected Goal,spatial,spatial_surface,-30.434782608695656,88.84057971014492,-0.7035972296573241,,,,2014-2024
NHL,LogisticGAM,Expected Goal,spatial,spatial_surface,-27.53623188405797,88.84057971014492,-0.7350016116234726,,,,2014-2024
NHL,LogisticGAM,Expected Goal,spatial,spatial_surface,-24.637681159420296,88.84057971014492,-0.7685751348536225,,,,2014-2024
NHL,LogisticGAM,Expected Goal,spatial,spatial_surface,-21.73913043478261,88.84057971014492,-0.8046742279038921,,,,2014-2024
NHL,LogisticGAM,Expected Goal,spatial,spatial_surface,-18.840579710144922,88.84057971014492,-0.8436553193303995,,,,2014-2024
NHL,LogisticGAM,Expected Goal,spatial,spatial_surface,-15.94202898550725,88.84057971014492,-0.8858748376892625,,,,2014-2024
NHL,LogisticGAM,Expected Goal,spatial,spatial_surface,-13.043478260869563,88.84057971014492,-0.9316884147871641,,,,2014-2024
NHL,LogisticGAM,Expected Goal,spatial,spatial_surface,-10.14492753623189,88.84057971014492,-0.9813348370206745,,,,2014-2024
NHL,LogisticGAM,Expected Goal,spatial,spatial_surface,-7.246376811594203,88.84057971014492,-1.0348140399812924,,,,2014-2024
NHL,LogisticGAM,Expected Goal,spatial,spatial_surface,-4.347826086956516,88.84057971014492,-1.0920967766897292,,,,2014-2024
NHL,LogisticGAM,Expected Goal,spatial,spatial_surface,-1.4492753623188435,88.84057971014492,-1.1531538001666937,,,,2014-2024
NHL,LogisticGAM,Expected Goal,spatial,spatial_surface,1.4492753623188435,88.84057971014492,-1.217955863432897,,,,2014-2024
NHL,LogisticGAM,Expected Goal,spatial,spatial_surface,4.347826086956516,88.84057971014492,-1.2864737195090492,,,,2014-2024
NHL,LogisticGAM,Expected Goal,spatial,spatial_surface,7.246376811594203,88.84057971014492,-1.3586781214158608,,,,2014-2024
NHL,LogisticGAM,Expected Goal,spatial,spatial_surface,10.14492753623189,88.84057971014492,-1.4345398221740422,,,,2014-2024
NHL,LogisticGAM,Expected Goal,spatial,spatial_surface,13.043478260869563,88.84057971014492,-1.5140295748043027,,,,2014-2024
NHL,LogisticGAM,Expected Goal,spatial,spatial_surface,15.94202898550725,88.84057971014492,-1.5971007515148614,,,,2014-2024
NHL,LogisticGAM,Expected Goal,spatial,spatial_surface,18.840579710144922,88.84057971014492,-1.6831164240949341,,,,2014-2024
NHL,LogisticGAM,Expected Goal,spatial,spatial_surface,21.73913043478261,88.84057971014492,-1.7707188752265348,,,,2014-2024
NHL,LogisticGAM,Expected Goal,spatial,spatial_surface,24.637681159420296,88.84057971014492,-1.8585065822977802,,,,2014-2024
NHL,LogisticGAM,Expected Goal,spatial,spatial_surface,27.53623188405797,88.84057971014492,-1.9450780226967896,,,,2014-2024
NHL,LogisticGAM,Expected Goal,spatial,spatial_surface,30.434782608695656,88.84057971014492,-2.02903167381168,,,,2014-2024
NHL,LogisticGAM,Expected Goal,spatial,spatial_surface,33.33333333333334,88.84057971014492,-2.1089660130305705,,,,2014-2024
NHL,LogisticGAM,Expected Goal,spatial,spatial_surface,36.231884057971,88.84057971014492,-2.1834795177415782,,,,2014-2024
NHL,LogisticGAM,Expected Goal,spatial,spatial_surface,39.13043478260869,88.84057971014492,-2.2511706653328205,,,,2014-2024
NHL,LogisticGAM,Expected Goal,spatial,spatial_surface,42.028985507246375,88.84057971014492,-2.3106379331924174,,,,2014-2024
NHL,LogisticGAM,Expected Goal,spatial,spatial_surface,44.92753623188406,88.84057971014492,-2.3605643412574926,,,,2014-2024
NHL,LogisticGAM,Expected Goal,spatial,spatial_surface,47.82608695652175,88.84057971014492,-2.4008224155729354,,,,2014-2024
NHL,LogisticGAM,Expected Goal,spatial,spatial_surface,50.72463768115941,88.84057971014492,-2.4321632253020793,,,,2014-2024
NHL,LogisticGAM,Expected Goal,spatial,spatial_surface,53.623188405797094,88.84057971014492,-2.4553583937982904,,,,2014-2024
NHL,LogisticGAM,Expected Goal,spatial,spatial_surface,56.52173913043478,88.84057971014492,-2.4711795444149365,,,,2014-2024
NHL,LogisticGAM,Expected Goal,spatial,spatial_surface,59.42028985507247,88.84057971014492,-2.480398300505382,,,,2014-2024
NHL,LogisticGAM,Expected Goal,spatial,spatial_surface,62.318840579710155,88.84057971014492,-2.4837862854229944,,,,2014-2024
NHL,LogisticGAM,Expected Goal,spatial,spatial_surface,65.21739130434781,88.84057971014492,-2.4821151225211397,,,,2014-2024
NHL,LogisticGAM,Expected Goal,spatial,spatial_surface,68.1159420289855,88.84057971014492,-2.476156435153183,,,,2014-2024
NHL,LogisticGAM,Expected Goal,spatial,spatial_surface,71.01449275362319,88.84057971014492,-2.4666818466724925,,,,2014-2024
NHL,LogisticGAM,Expected Goal,spatial,spatial_surface,73.91304347826087,88.84057971014492,-2.454447475956457,,,,2014-2024
NHL,LogisticGAM,Expected Goal,spatial,spatial_surface,76.81159420289856,88.84057971014492,-2.4400977014246785,,,,2014-2024
NHL,LogisticGAM,Expected Goal,spatial,spatial_surface,79.71014492753622,88.84057971014492,-2.4242279119542416,,,,2014-2024
NHL,LogisticGAM,Expected Goal,spatial,spatial_surface,82.6086956521739,88.84057971014492,-2.4074332878165525,,,,2014-2024
NHL,LogisticGAM,Expected Goal,spatial,spatial_surface,85.5072463768116,88.84057971014492,-2.390309009283022,,,,2014-2024
NHL,LogisticGAM,Expected Goal,spatial,spatial_surface,88.40579710144928,88.84057971014492,-2.373450256625061,,,,2014-2024
NHL,LogisticGAM,Expected Goal,spatial,spatial_surface,91.30434782608697,88.84057971014492,-2.3574522101140762,,,,2014-2024
NHL,LogisticGAM,Expected Goal,spatial,spatial_surface,94.20289855072463,88.84057971014492,-2.342910050021478,,,,2014-2024
NHL,LogisticGAM,Expected Goal,spatial,spatial_surface,97.10144927536231,88.84057971014492,-2.3304189566186744,,,,2014-2024
NHL,LogisticGAM,Expected Goal,spatial,spatial_surface,100.0,88.84057971014492,-2.3205741101770765,,,,2014-2024
NHL,LogisticGAM,Expected Goal,spatial,spatial_surface,-100.0,90.43478260869566,0.45287560645518077,,,,2014-2024
NHL,LogisticGAM,Expected Goal,spatial,spatial_surface,-97.10144927536231,90.43478260869566,0.3681045441983968,,,,2014-2024
NHL,LogisticGAM,Expected Goal,spatial,spatial_surface,-94.20289855072464,90.43478260869566,0.2848581491996969,,,,2014-2024
NHL,LogisticGAM,Expected Goal,spatial,spatial_surface,-91.30434782608695,90.43478260869566,0.20362836532213732,,,,2014-2024
NHL,LogisticGAM,Expected Goal,spatial,spatial_surface,-88.40579710144928,90.43478260869566,0.1248309137318735,,,,2014-2024
NHL,LogisticGAM,Expected Goal,spatial,spatial_surface,-85.5072463768116,90.43478260869566,0.04888151559505885,,,,2014-2024
NHL,LogisticGAM,Expected Goal,spatial,spatial_surface,-82.6086956521739,90.43478260869566,-0.02380410792215178,,,,2014-2024
NHL,LogisticGAM,Expected Goal,spatial,spatial_surface,-79.71014492753623,90.43478260869566,-0.0928102356536035,,,,2014-2024
NHL,LogisticGAM,Expected Goal,spatial,spatial_surface,-76.81159420289855,90.43478260869566,-0.15772114643314272,,,,2014-2024
NHL,LogisticGAM,Expected Goal,spatial,spatial_surface,-73.91304347826087,90.43478260869566,-0.21812111909461407,,,,2014-2024
NHL,LogisticGAM,Expected Goal,spatial,spatial_surface,-71.01449275362319,90.43478260869566,-0.2735944324718642,,,,2014-2024
NHL,LogisticGAM,Expected Goal,spatial,spatial_surface,-68.1159420289855,90.43478260869566,-0.3238264170628557,,,,2014-2024
NHL,LogisticGAM,Expected Goal,spatial,spatial_surface,-65.21739130434783,90.43478260869566,-0.36914574719927384,,,,2014-2024
NHL,LogisticGAM,Expected Goal,spatial,spatial_surface,-62.31884057971015,90.43478260869566,-0.41013340563313866,,,,2014-2024
NHL,LogisticGAM,Expected Goal,spatial,spatial_surface,-59.42028985507246,90.43478260869566,-0.44737096876681276,,,,2014-2024
NHL,LogisticGAM,Expected Goal,spatial,spatial_surface,-56.52173913043478,90.43478260869566,-0.4814400130026578,,,,2014-2024
NHL,LogisticGAM,Expected Goal,spatial,spatial_surface,-53.6231884057971,90.43478260869566,-0.5129221147430368,,,,2014-2024
NHL,LogisticGAM,Expected Goal,spatial,spatial_surface,-50.72463768115942,90.43478260869566,-0.5423988503903113,,,,2014-2024
NHL,LogisticGAM,Expected Goal,spatial,spatial_surface,-47.82608695652174,90.43478260869566,-0.5704517963468445,,,,2014-2024
NHL,LogisticGAM,Expected Goal,spatial,spatial_surface,-44.927536231884055,90.43478260869566,-0.5976625290149982,,,,2014-2024
NHL,LogisticGAM,Expected Goal,spatial,spatial_surface,-42.028985507246375,90.43478260869566,-0.6246126227169883,,,,2014-2024
NHL,LogisticGAM,Expected Goal,spatial,spatial_surface,-39.130434782608695,90.43478260869566,-0.6518451482019673,,,,2014-2024
NHL,LogisticGAM,Expected Goal,spatial,spatial_surface,-36.231884057971016,90.43478260869566,-0.6797662573803289,,,,2014-2024
NHL,LogisticGAM,Expected Goal,spatial,spatial_surface,-33.33333333333333,90.43478260869566,-0.7087516812142611,,,,2014-2024
NHL,LogisticGAM,Expected Goal,spatial,spatial_surface,-30.434782608695656,90.43478260869566,-0.7391771506659506,,,,2014-2024
NHL,LogisticGAM,Expected Goal,spatial,spatial_surface,-27.53623188405797,90.43478260869566,-0.7714183966975839,,,,2014-2024
NHL,LogisticGAM,Expected Goal,spatial,spatial_surface,-24.637681159420296,90.43478260869566,-0.8058511502713493,,,,2014-2024
NHL,LogisticGAM,Expected Goal,spatial,spatial_surface,-21.73913043478261,90.43478260869566,-0.8428511423494333,,,,2014-2024
NHL,LogisticGAM,Expected Goal,spatial,spatial_surface,-18.840579710144922,90.43478260869566,-0.8827941038940237,,,,2014-2024
NHL,LogisticGAM,Expected Goal,spatial,spatial_surface,-15.94202898550725,90.43478260869566,-0.9260557658673071,,,,2014-2024
NHL,LogisticGAM,Expected Goal,spatial,spatial_surface,-13.043478260869563,90.43478260869566,-0.9730110339201438,,,,2014-2024
NHL,LogisticGAM,Expected Goal,spatial,spatial_surface,-10.14492753623189,90.43478260869566,-1.0239137796163076,,,,2014-2024
NHL,LogisticGAM,Expected Goal,spatial,spatial_surface,-7.246376811594203,90.43478260869566,-1.0787704613852998,,,,2014-2024
NHL,LogisticGAM,Expected Goal,spatial,spatial_surface,-4.347826086956516,90.43478260869566,-1.1375573089483577,,,,2014-2024
NHL,LogisticGAM,Expected Goal,spatial,spatial_surface,-1.4492753623188435,90.43478260869566,-1.200250552026718,,,,2014-2024
NHL,LogisticGAM,Expected Goal,spatial,spatial_surface,1.4492753623188435,90.43478260869566,-1.2668264203416195,,,,2014-2024
NHL,LogisticGAM,Expected Goal,spatial,spatial_surface,4.347826086956516,90.43478260869566,-1.3372611436142983,,,,2014-2024
NHL,LogisticGAM,Expected Goal,spatial,spatial_surface,7.246376811594203,90.43478260869566,-1.4115309515659924,,,,2014-2024
NHL,LogisticGAM,Expected Goal,spatial,spatial_surface,10.14492753623189,90.43478260869566,-1.4896120739179393,,,,2014-2024
NHL,LogisticGAM,Expected Goal,spatial,spatial_surface,13.043478260869563,90.43478260869566,-1.5714807403913755,,,,2014-2024
NHL,LogisticGAM,Expected Goal,spatial,spatial_surface,15.94202898550725,90.43478260869566,-1.6570948751473284,,,,2014-2024
NHL,LogisticGAM,Expected Goal,spatial,spatial_surface,18.840579710144922,90.43478260869566,-1.7457906949400435,,,,2014-2024
NHL,LogisticGAM,Expected Goal,spatial,spatial_surface,21.73913043478261,90.43478260869566,-1.8361452777661933,,,,2014-2024
NHL,LogisticGAM,Expected Goal,spatial,spatial_surface,24.637681159420296,90.43478260869566,-1.9266895656638854,,,,2014-2024
NHL,LogisticGAM,Expected Goal,spatial,spatial_surface,27.53623188405797,90.43478260869566,-2.0159545006712287,,,,2014-2024
NHL,LogisticGAM,Expected Goal,spatial,spatial_surface,30.434782608695656,90.43478260869566,-2.1024710248263334,,,,2014-2024
NHL,LogisticGAM,Expected Goal,spatial,spatial_surface,33.33333333333334,90.43478260869566,-2.184770080167307,,,,2014-2024
NHL,LogisticGAM,Expected Goal,spatial,spatial_surface,36.231884057971,90.43478260869566,-2.2613826087322586,,,,2014-2024
NHL,LogisticGAM,Expected Goal,spatial,spatial_surface,39.13043478260869,90.43478260869566,-2.330839552559297,,,,2014-2024
NHL,LogisticGAM,Expected Goal,spatial,spatial_surface,42.028985507246375,90.43478260869566,-2.391671853686532,,,,2014-2024
NHL,LogisticGAM,Expected Goal,spatial,spatial_surface,44.92753623188406,90.43478260869566,-2.442498883074105,,,,2014-2024
NHL,LogisticGAM,Expected Goal,spatial,spatial_surface,47.82608695652175,90.43478260869566,-2.4831841987110392,,,,2014-2024
NHL,LogisticGAM,Expected Goal,spatial,spatial_surface,50.72463768115941,90.43478260869566,-2.5145102878336636,,,,2014-2024
NHL,LogisticGAM,Expected Goal,spatial,spatial_surface,53.623188405797094,90.43478260869566,-2.537281136732802,,,,2014-2024
NHL,LogisticGAM,Expected Goal,spatial,spatial_surface,56.52173913043478,90.43478260869566,-2.5523007316992747,,,,2014-2024
NHL,LogisticGAM,Expected Goal,spatial,spatial_surface,59.42028985507247,90.43478260869566,-2.5603730590239033,,,,2014-2024
NHL,LogisticGAM,Expected Goal,spatial,spatial_surface,62.318840579710155,90.43478260869566,-2.5623021049975105,,,,2014-2024
NHL,LogisticGAM,Expected Goal,spatial,spatial_surface,65.21739130434781,90.43478260869566,-2.5588918559109177,,,,2014-2024
NHL,LogisticGAM,Expected Goal,spatial,spatial_surface,68.1159420289855,90.43478260869566,-2.5509462980549453,,,,2014-2024
NHL,LogisticGAM,Expected Goal,spatial,spatial_surface,71.01449275362319,90.43478260869566,-2.539269417720418,,,,2014-2024
NHL,LogisticGAM,Expected Goal,spatial,spatial_surface,73.91304347826087,90.43478260869566,-2.524649470069809,,,,2014-2024
NHL,LogisticGAM,Expected Goal,spatial,spatial_surface,76.81159420289856,90.43478260869566,-2.507761336328574,,,,2014-2024
NHL,LogisticGAM,Expected Goal,spatial,spatial_surface,79.71014492753622,90.43478260869566,-2.489230192025427,,,,2014-2024
NHL,LogisticGAM,Expected Goal,spatial,spatial_surface,82.6086956521739,90.43478260869566,-2.4696810010339063,,,,2014-2024
NHL,LogisticGAM,Expected Goal,spatial,spatial_surface,85.5072463768116,90.43478260869566,-2.449738727227549,,,,2014-2024
NHL,LogisticGAM,Expected Goal,spatial,spatial_surface,88.40579710144928,90.43478260869566,-2.430028334479892,,,,2014-2024
NHL,LogisticGAM,Expected Goal,spatial,spatial_surface,91.30434782608697,90.43478260869566,-2.411174786664472,,,,2014-2024
NHL,LogisticGAM,Expected Goal,spatial,spatial_surface,94.20289855072463,90.43478260869566,-2.3938030476548264,,,,2014-2024
NHL,LogisticGAM,Expected Goal,spatial,spatial_surface,97.10144927536231,90.43478260869566,-2.3785380813244923,,,,2014-2024
NHL,LogisticGAM,Expected Goal,spatial,spatial_surface,100.0,90.43478260869566,-2.366004851547007,,,,2014-2024
NHL,LogisticGAM,Expected Goal,spatial,spatial_surface,-100.0,92.02898550724638,0.4705225118160125,,,,2014-2024
NHL,LogisticGAM,Expected Goal,spatial,spatial_surface,-97.10144927536231,92.02898550724638,0.3818729828453612,,,,2014-2024
NHL,LogisticGAM,Expected Goal,spatial,spatial_surface,-94.20289855072464,92.02898550724638,0.29481319836869535,,,,2014-2024
NHL,LogisticGAM,Expected Goal,spatial,spatial_surface,-91.30434782608695,92.02898550724638,0.20985616367782323,,,,2014-2024
NHL,LogisticGAM,Expected Goal,spatial,spatial_surface,-88.40579710144928,92.02898550724638,0.12743541123063667,,,,2014-2024
NHL,LogisticGAM,Expected Goal,spatial,spatial_surface,-85.5072463768116,92.02898550724638,0.04798447348502526,,,,2014-2024
NHL,LogisticGAM,Expected Goal,spatial,spatial_surface,-82.6086956521739,92.02898550724638,-0.02806311710111987,,,,2014-2024
NHL,LogisticGAM,Expected Goal,spatial,spatial_surface,-79.71014492753623,92.02898550724638,-0.1002738280699076,,,,2014-2024
NHL,LogisticGAM,Expected Goal,spatial,spatial_surface,-76.81159420289855,92.02898550724638,-0.1682141269634481,,,,2014-2024
NHL,LogisticGAM,Expected Goal,spatial,spatial_surface,-73.91304347826087,92.02898550724638,-0.2314504813238496,,,,2014-2024
NHL,LogisticGAM,Expected Goal,spatial,spatial_surface,-71.01449275362319,92.02898550724638,-0.28954935869322274,,,,2014-2024
NHL,LogisticGAM,Expected Goal,spatial,spatial_surface,-68.1159420289855,92.02898550724638,-0.3421816992832297,,,,2014-2024
NHL,LogisticGAM,Expected Goal,spatial,spatial_surface,-65.21739130434783,92.02898550724638,-0.3896835669166758,,,,2014-2024
NHL,LogisticGAM,Expected Goal,spatial,spatial_surface,-62.31884057971015,92.02898550724638,-0.43265187549195344,,,,2014-2024
NHL,LogisticGAM,Expected Goal,spatial,spatial_surface,-59.42028985507246,92.02898550724638,-0.47168415265524893,,,,2014-2024
NHL,LogisticGAM,Expected Goal,spatial,spatial_surface,-56.52173913043478,92.02898550724638,-0.5073779260527493,,,,2014-2024
NHL,LogisticGAM,Expected Goal,spatial,spatial_surface,-53.6231884057971,92.02898550724638,-0.5403307233306422,,,,2014-2024
NHL,LogisticGAM,Expected Goal,spatial,spatial_surface,-50.72463768115942,92.02898550724638,-0.5711400721351139,,,,2014-2024
NHL,LogisticGAM,Expected Goal,spatial,spatial_surface,-47.82608695652174,92.02898550724638,-0.600403500112352,,,,2014-2024
NHL,LogisticGAM,Expected Goal,spatial,spatial_surface,-44.927536231884055,92.02898550724638,-0.6287185349085432,,,,2014-2024
NHL,LogisticGAM,Expected Goal,spatial,spatial_surface,-42.028985507246375,92.02898550724638,-0.6566827021235931,,,,2014-2024
NHL,LogisticGAM,Expected Goal,spatial,spatial_surface,-39.130434782608695,92.02898550724638,-0.684855650622228,,,,2014-2024
NHL,LogisticGAM,Expected Goal,spatial,spatial_surface,-36.231884057971016,92.02898550724638,-0.7136623394680992,,,,2014-2024
NHL,LogisticGAM,Expected Goal,spatial,spatial_surface,-33.33333333333333,92.02898550724638,-0.7434978020294637,,,,2014-2024
NHL,LogisticGAM,Expected Goal,spatial,spatial_surface,-30.434782608695656,92.02898550724638,-0.7747570716745769,,,,2014-2024
NHL,LogisticGAM,Expected Goal,spatial,spatial_surface,-27.53623188405797,92.02898550724638,-0.8078351817716956,,,,2014-2024
NHL,LogisticGAM,Expected Goal,spatial,spatial_surface,-24.637681159420296,92.02898550724638,-0.843127165689076,,,,2014-2024
NHL,LogisticGAM,Expected Goal,spatial,spatial_surface,-21.73913043478261,92.02898550724638,-0.8810280567949745,,,,2014-2024
NHL,LogisticGAM,Expected Goal,spatial,spatial_surface,-18.840579710144922,92.02898550724638,-0.9219328884576478,,,,2014-2024
NHL,LogisticGAM,Expected Goal,spatial,spatial_surface,-15.94202898550725,92.02898550724638,-0.9662366940453518,,,,2014-2024
NHL,LogisticGAM,Expected Goal,spatial,spatial_surface,-13.043478260869563,92.02898550724638,-1.0143336530531235,,,,2014-2024
NHL,LogisticGAM,Expected Goal,spatial,spatial_surface,-10.14492753623189,92.02898550724638,-1.0664927222119411,,,,2014-2024
NHL,LogisticGAM,Expected Goal,spatial,spatial_surface,-7.246376811594203,92.02898550724638,-1.1227268827893069,,,,2014-2024
NHL,LogisticGAM,Expected Goal,spatial,spatial_surface,-4.347826086956516,92.02898550724638,-1.1830178412069865,,,,2014-2024
NHL,LogisticGAM,Expected Goal,spatial,spatial_surface,-1.4492753623188435,92.02898550724638,-1.247347303886743,,,,2014-2024
NHL,LogisticGAM,Expected Goal,spatial,spatial_surface,1.4492753623188435,92.02898550724638,-1.3156969772503422,,,,2014-2024
NHL,LogisticGAM,Expected Goal,spatial,spatial_surface,4.347826086956516,92.02898550724638,-1.3880485677195475,,,,2014-2024
NHL,LogisticGAM,Expected Goal,spatial,spatial_surface,7.246376811594203,92.02898550724638,-1.464383781716124,,,,2014-2024
NHL,LogisticGAM,Expected Goal,spatial,spatial_surface,10.14492753623189,92.02898550724638,-1.5446843256618368,,,,2014-2024
NHL,LogisticGAM,Expected Goal,spatial,spatial_surface,13.043478260869563,92.02898550724638,-1.6289319059784482,,,,2014-2024
NHL,LogisticGAM,Expected Goal,spatial,spatial_surface,15.94202898550725,92.02898550724638,-1.7170889987797961,,,,2014-2024
NHL,LogisticGAM,Expected Goal,spatial,spatial_surface,18.840579710144922,92.02898550724638,-1.8084649657851535,,,,2014-2024
NHL,LogisticGAM,Expected Goal,spatial,spatial_surface,21.73913043478261,92.02898550724638,-1.9015716803058522,,,,2014-2024
NHL,LogisticGAM,Expected Goal,spatial,spatial_surface,24.637681159420296,92.02898550724638,-1.9948725490299906,,,,2014-2024
NHL,LogisticGAM,Expected Goal,spatial,spatial_surface,27.53623188405797,92.02898550724638,-2.086830978645668,,,,2014-2024
NHL,LogisticGAM,Expected Goal,spatial,spatial_surface,30.434782608695656,92.02898550724638,-2.1759103758409863,,,,2014-2024
NHL,LogisticGAM,Expected Goal,spatial,spatial_surface,33.33333333333334,92.02898550724638,-2.2605741473040437,,,,2014-2024
NHL,LogisticGAM,Expected Goal,spatial,spatial_surface,36.231884057971,92.02898550724638,-2.3392856997229394,,,,2014-2024
NHL,LogisticGAM,Expected Goal,spatial,spatial_surface,39.13043478260869,92.02898550724638,-2.410508439785774,,,,2014-2024
NHL,LogisticGAM,Expected Goal,spatial,spatial_surface,42.028985507246375,92.02898550724638,-2.4727057741806466,,,,2014-2024
NHL,LogisticGAM,Expected Goal,spatial,spatial_surface,44.92753623188406,92.02898550724638,-2.5244334248907196,,,,2014-2024
NHL,LogisticGAM,Expected Goal,spatial,spatial_surface,47.82608695652175,92.02898550724638,-2.5655459818491444,,,,2014-2024
NHL,LogisticGAM,Expected Goal,spatial,spatial_surface,50.72463768115941,92.02898550724638,-2.5968573503652497,,,,2014-2024
NHL,LogisticGAM,Expected Goal,spatial,spatial_surface,53.623188405797094,92.02898550724638,-2.619203879667314,,,,2014-2024
NHL,LogisticGAM,Expected Goal,spatial,spatial_surface,56.52173913043478,92.02898550724638,-2.6334219189836134,,,,2014-2024
NHL,LogisticGAM,Expected Goal,spatial,spatial_surface,59.42028985507247,92.02898550724638,-2.640347817542426,,,,2014-2024
NHL,LogisticGAM,Expected Goal,spatial,spatial_surface,62.318840579710155,92.02898550724638,-2.6408179245720276,,,,2014-2024
NHL,LogisticGAM,Expected Goal,spatial,spatial_surface,65.21739130434781,92.02898550724638,-2.635668589300696,,,,2014-2024
NHL,LogisticGAM,Expected Goal,spatial,spatial_surface,68.1159420289855,92.02898550724638,-2.6257361609567096,,,,2014-2024
NHL,LogisticGAM,Expected Goal,spatial,spatial_surface,71.01449275362319,92.02898550724638,-2.611856988768344,,,,2014-2024
NHL,LogisticGAM,Expected Goal,spatial,spatial_surface,73.91304347826087,92.02898550724638,-2.594851464183162,,,,2014-2024
NHL,LogisticGAM,Expected Goal,spatial,spatial_surface,76.81159420289856,92.02898550724638,-2.575424971232469,,,,2014-2024
NHL,LogisticGAM,Expected Goal,spatial,spatial_surface,79.71014492753622,92.02898550724638,-2.5542324720966145,,,,2014-2024
NHL,LogisticGAM,Expected Goal,spatial,spatial_surface,82.6086956521739,92.02898550724638,-2.5319287142512614,,,,2014-2024
NHL,LogisticGAM,Expected Goal,spatial,spatial_surface,85.5072463768116,92.02898550724638,-2.509168445172076,,,,2014-2024
NHL,LogisticGAM,Expected Goal,spatial,spatial_surface,88.40579710144928,92.02898550724638,-2.4866064123347233,,,,2014-2024
NHL,LogisticGAM,Expected Goal,spatial,spatial_surface,91.30434782608697,92.02898550724638,-2.464897363214869,,,,2014-2024
NHL,LogisticGAM,Expected Goal,spatial,spatial_surface,94.20289855072463,92.02898550724638,-2.444696045288176,,,,2014-2024
NHL,LogisticGAM,Expected Goal,spatial,spatial_surface,97.10144927536231,92.02898550724638,-2.426657206030311,,,,2014-2024
NHL,LogisticGAM,Expected Goal,spatial,spatial_surface,100.0,92.02898550724638,-2.411435592916939,,,,2014-2024
NHL,LogisticGAM,Expected Goal,spatial,spatial_surface,-100.0,93.6231884057971,0.48816941717684414,,,,2014-2024
NHL,LogisticGAM,Expected Goal,spatial,spatial_surface,-97.10144927536231,93.6231884057971,0.3956414214923257,,,,2014-2024
NHL,LogisticGAM,Expected Goal,spatial,spatial_surface,-94.20289855072464,93.6231884057971,0.30476824753769377,,,,2014-2024
NHL,LogisticGAM,Expected Goal,spatial,spatial_surface,-91.30434782608695,93.6231884057971,0.21608396203350913,,,,2014-2024
NHL,LogisticGAM,Expected Goal,spatial,spatial_surface,-88.40579710144928,93.6231884057971,0.13003990872939972,,,,2014-2024
NHL,LogisticGAM,Expected Goal,spatial,spatial_surface,-85.5072463768116,93.6231884057971,0.0470874313749916,,,,2014-2024
NHL,LogisticGAM,Expected Goal,spatial,spatial_surface,-82.6086956521739,93.6231884057971,-0.03232212628008802,,,,2014-2024
NHL,LogisticGAM,Expected Goal,spatial,spatial_surface,-79.71014492753623,93.6231884057971,-0.10773742048621164,,,,2014-2024
NHL,LogisticGAM,Expected Goal,spatial,spatial_surface,-76.81159420289855,93.6231884057971,-0.17870710749375338,,,,2014-2024
NHL,LogisticGAM,Expected Goal,spatial,spatial_surface,-73.91304347826087,93.6231884057971,-0.2447798435530851,,,,2014-2024
NHL,LogisticGAM,Expected Goal,spatial,spatial_surface,-71.01449275362319,93.6231884057971,-0.3055042849145812,,,,2014-2024
NHL,LogisticGAM,Expected Goal,spatial,spatial_surface,-68.1159420289855,93.6231884057971,-0.3605369815036037,,,,2014-2024
NHL,LogisticGAM,Expected Goal,spatial,spatial_surface,-65.21739130434783,93.6231884057971,-0.41022138663407787,,,,2014-2024
NHL,LogisticGAM,Expected Goal,spatial,spatial_surface,-62.31884057971015,93.6231884057971,-0.4551703453507678,,,,2014-2024
NHL,LogisticGAM,Expected Goal,spatial,spatial_surface,-59.42028985507246,93.6231884057971,-0.49599733654368494,,,,2014-2024
NHL,LogisticGAM,Expected Goal,spatial,spatial_surface,-56.52173913043478,93.6231884057971,-0.5333158391028411,,,,2014-2024
NHL,LogisticGAM,Expected Goal,spatial,spatial_surface,-53.6231884057971,93.6231884057971,-0.5677393319182475,,,,2014-2024
NHL,LogisticGAM,Expected Goal,spatial,spatial_surface,-50.72463768115942,93.6231884057971,-0.5998812938799164,,,,2014-2024
NHL,LogisticGAM,Expected Goal,spatial,spatial_surface,-47.82608695652174,93.6231884057971,-0.6303552038778594,,,,2014-2024
NHL,LogisticGAM,Expected Goal,spatial,spatial_surface,-44.927536231884055,93.6231884057971,-0.6597745408020884,,,,2014-2024
NHL,LogisticGAM,Expected Goal,spatial,spatial_surface,-42.028985507246375,93.6231884057971,-0.6887527815301976,,,,2014-2024
NHL,LogisticGAM,Expected Goal,spatial,spatial_surface,-39.130434782608695,93.6231884057971,-0.7178661530424885,,,,2014-2024
NHL,LogisticGAM,Expected Goal,spatial,spatial_surface,-36.231884057971016,93.6231884057971,-0.7475584215558694,,,,2014-2024
NHL,LogisticGAM,Expected Goal,spatial,spatial_surface,-33.33333333333333,93.6231884057971,-0.7782439228446657,,,,2014-2024
NHL,LogisticGAM,Expected Goal,spatial,spatial_surface,-30.434782608695656,93.6231884057971,-0.8103369926832031,,,,2014-2024
NHL,LogisticGAM,Expected Goal,spatial,spatial_surface,-27.53623188405797,93.6231884057971,-0.844251966845807,,,,2014-2024
NHL,LogisticGAM,Expected Goal,spatial,spatial_surface,-24.637681159420296,93.6231884057971,-0.8804031811068025,,,,2014-2024
NHL,LogisticGAM,Expected Goal,spatial,spatial_surface,-21.73913043478261,93.6231884057971,-0.9192049712405156,,,,2014-2024
NHL,LogisticGAM,Expected Goal,spatial,spatial_surface,-18.840579710144922,93.6231884057971,-0.961071673021272,,,,2014-2024
NHL,LogisticGAM,Expected Goal,spatial,spatial_surface,-15.94202898550725,93.6231884057971,-1.0064176222233963,,,,2014-2024
NHL,LogisticGAM,Expected Goal,spatial,spatial_surface,-13.043478260869563,93.6231884057971,-1.0556562721861031,,,,2014-2024
NHL,LogisticGAM,Expected Goal,spatial,spatial_surface,-10.14492753623189,93.6231884057971,-1.109071664807574,,,,2014-2024
NHL,LogisticGAM,Expected Goal,spatial,spatial_surface,-7.246376811594203,93.6231884057971,-1.1666833041933142,,,,2014-2024
NHL,LogisticGAM,Expected Goal,spatial,spatial_surface,-4.347826086956516,93.6231884057971,-1.228478373465615,,,,2014-2024
NHL,LogisticGAM,Expected Goal,spatial,spatial_surface,-1.4492753623188435,93.6231884057971,-1.2944440557467678,,,,2014-2024
NHL,LogisticGAM,Expected Goal,spatial,spatial_surface,1.4492753623188435,93.6231884057971,-1.3645675341590644,,,,2014-2024
NHL,LogisticGAM,Expected Goal,spatial,spatial_surface,4.347826086956516,93.6231884057971,-1.4388359918247966,,,,2014-2024
NHL,LogisticGAM,Expected Goal,spatial,spatial_surface,7.246376811594203,93.6231884057971,-1.5172366118662552,,,,2014-2024
NHL,LogisticGAM,Expected Goal,spatial,spatial_surface,10.14492753623189,93.6231884057971,-1.5997565774057336,,,,2014-2024
NHL,LogisticGAM,Expected Goal,spatial,spatial_surface,13.043478260869563,93.6231884057971,-1.6863830715655208,,,,2014-2024
NHL,LogisticGAM,Expected Goal,spatial,spatial_surface,15.94202898550725,93.6231884057971,-1.7770831224122632,,,,2014-2024
NHL,LogisticGAM,Expected Goal,spatial,spatial_surface,18.840579710144922,93.6231884057971,-1.871139236630263,,,,2014-2024
NHL,LogisticGAM,Expected Goal,spatial,spatial_surface,21.73913043478261,93.6231884057971,-1.9669980828455105,,,,2014-2024
NHL,LogisticGAM,Expected Goal,spatial,spatial_surface,24.637681159420296,93.6231884057971,-2.0630555323960946,,,,2014-2024
NHL,LogisticGAM,Expected Goal,spatial,spatial_surface,27.53623188405797,93.6231884057971,-2.1577074566201078,,,,2014-2024
NHL,LogisticGAM,Expected Goal,spatial,spatial_surface,30.434782608695656,93.6231884057971,-2.249349726855639,,,,2014-2024
NHL,LogisticGAM,Expected Goal,spatial,spatial_surface,33.33333333333334,93.6231884057971,-2.3363782144407805,,,,2014-2024
NHL,LogisticGAM,Expected Goal,spatial,spatial_surface,36.231884057971,93.6231884057971,-2.4171887907136203,,,,2014-2024
NHL,LogisticGAM,Expected Goal,spatial,spatial_surface,39.13043478260869,93.6231884057971,-2.4901773270122503,,,,2014-2024
NHL,LogisticGAM,Expected Goal,spatial,spatial_surface,42.028985507246375,93.6231884057971,-2.553739694674761,,,,2014-2024
NHL,LogisticGAM,Expected Goal,spatial,spatial_surface,44.92753623188406,93.6231884057971,-2.6063679667073325,,,,2014-2024
NHL,LogisticGAM,Expected Goal,spatial,spatial_surface,47.82608695652175,93.6231884057971,-2.6479077649872487,,,,2014-2024
NHL,LogisticGAM,Expected Goal,spatial,spatial_surface,50.72463768115941,93.6231884057971,-2.6792044128968344,,,,2014-2024
NHL,LogisticGAM,Expected Goal,spatial,spatial_surface,53.623188405797094,93.6231884057971,-2.7011266226018242,,,,2014-2024
NHL,LogisticGAM,Expected Goal,spatial,spatial_surface,56.52173913043478,93.6231884057971,-2.7145431062679513,,,,2014-2024
NHL,LogisticGAM,Expected Goal,spatial,spatial_surface,59.42028985507247,93.6231884057971,-2.720322576060946,,,,2014-2024
NHL,LogisticGAM,Expected Goal,spatial,spatial_surface,62.318840579710155,93.6231884057971,-2.7193337441465437,,,,2014-2024
NHL,LogisticGAM,Expected Goal,spatial,spatial_surface,65.21739130434781,93.6231884057971,-2.7124453226904746,,,,2014-2024
NHL,LogisticGAM,Expected Goal,spatial,spatial_surface,68.1159420289855,93.6231884057971,-2.700526023858472,,,,2014-2024
NHL,LogisticGAM,Expected Goal,spatial,spatial_surface,71.01449275362319,93.6231884057971,-2.684444559816269,,,,2014-2024
NHL,LogisticGAM,Expected Goal,spatial,spatial_surface,73.91304347826087,93.6231884057971,-2.665053458296513,,,,2014-2024
NHL,LogisticGAM,Expected Goal,spatial,spatial_surface,76.81159420289856,93.6231884057971,-2.643088606136364,,,,2014-2024
NHL,LogisticGAM,Expected Goal,spatial,spatial_surface,79.71014492753622,93.6231884057971,-2.6192347521678006,,,,2014-2024
NHL,LogisticGAM,Expected Goal,spatial,spatial_surface,82.6086956521739,93.6231884057971,-2.5941764274686157,,,,2014-2024
NHL,LogisticGAM,Expected Goal,spatial,spatial_surface,85.5072463768116,93.6231884057971,-2.5685981631166026,,,,2014-2024
NHL,LogisticGAM,Expected Goal,spatial,spatial_surface,88.40579710144928,93.6231884057971,-2.543184490189554,,,,2014-2024
NHL,LogisticGAM,Expected Goal,spatial,spatial_surface,91.30434782608697,93.6231884057971,-2.5186199397652644,,,,2014-2024
NHL,LogisticGAM,Expected Goal,spatial,spatial_surface,94.20289855072463,93.6231884057971,-2.495589042921525,,,,2014-2024
NHL,LogisticGAM,Expected Goal,spatial,spatial_surface,97.10144927536231,93.6231884057971,-2.474776330736129,,,,2014-2024
NHL,LogisticGAM,Expected Goal,spatial,spatial_surface,100.0,93.6231884057971,-2.45686633428687,,,,2014-2024
NHL,LogisticGAM,Expected Goal,spatial,spatial_surface,-100.0,95.21739130434783,0.5058163225376756,,,,2014-2024
NHL,LogisticGAM,Expected Goal,spatial,spatial_surface,-97.10144927536231,95.21739130434783,0.40940986013929004,,,,2014-2024
NHL,LogisticGAM,Expected Goal,spatial,spatial_surface,-94.20289855072464,95.21739130434783,0.31472329670669213,,,,2014-2024
NHL,LogisticGAM,Expected Goal,spatial,spatial_surface,-91.30434782608695,95.21739130434783,0.22231176038919492,,,,2014-2024
NHL,LogisticGAM,Expected Goal,spatial,spatial_surface,-88.40579710144928,95.21739130434783,0.13264440622816281,,,,2014-2024
NHL,LogisticGAM,Expected Goal,spatial,spatial_surface,-85.5072463768116,95.21739130434783,0.04619038926495794,,,,2014-2024
NHL,LogisticGAM,Expected Goal,spatial,spatial_surface,-82.6086956521739,95.21739130434783,-0.03658113545905609,,,,2014-2024
NHL,LogisticGAM,Expected Goal,spatial,spatial_surface,-79.71014492753623,95.21739130434783,-0.11520101290251576,,,,2014-2024
NHL,LogisticGAM,Expected Goal,spatial,spatial_surface,-76.81159420289855,95.21739130434783,-0.18920008802405855,,,,2014-2024
NHL,LogisticGAM,Expected Goal,spatial,spatial_surface,-73.91304347826087,95.21739130434783,-0.2581092057823206,,,,2014-2024
NHL,LogisticGAM,Expected Goal,spatial,spatial_surface,-71.01449275362319,95.21739130434783,-0.32145921113593967,,,,2014-2024
NHL,LogisticGAM,Expected Goal,spatial,spatial_surface,-68.1159420289855,95.21739130434783,-0.3788922637239777,,,,2014-2024
NHL,LogisticGAM,Expected Goal,spatial,spatial_surface,-65.21739130434783,95.21739130434783,-0.43075920635147996,,,,2014-2024
NHL,LogisticGAM,Expected Goal,spatial,spatial_surface,-62.31884057971015,95.21739130434783,-0.4776888152095823,,,,2014-2024
NHL,LogisticGAM,Expected Goal,spatial,spatial_surface,-59.42028985507246,95.21739130434783,-0.520310520432121,,,,2014-2024
NHL,LogisticGAM,Expected Goal,spatial,spatial_surface,-56.52173913043478,95.21739130434783,-0.5592537521529325,,,,2014-2024
NHL,LogisticGAM,Expected Goal,spatial,spatial_surface,-53.6231884057971,95.21739130434783,-0.595147940505853,,,,2014-2024
NHL,LogisticGAM,Expected Goal,spatial,spatial_surface,-50.72463768115942,95.21739130434783,-0.6286225156247189,,,,2014-2024
NHL,LogisticGAM,Expected Goal,spatial,spatial_surface,-47.82608695652174,95.21739130434783,-0.6603069076433671,,,,2014-2024
NHL,LogisticGAM,Expected Goal,spatial,spatial_surface,-44.927536231884055,95.21739130434783,-0.6908305466956334,,,,2014-2024
NHL,LogisticGAM,Expected Goal,spatial,spatial_surface,-42.028985507246375,95.21739130434783,-0.720822860936802,,,,2014-2024
NHL,LogisticGAM,Expected Goal,spatial,spatial_surface,-39.130434782608695,95.21739130434783,-0.750876655462749,,,,2014-2024
NHL,LogisticGAM,Expected Goal,spatial,spatial_surface,-36.231884057971016,95.21739130434783,-0.7814545036436394,,,,2014-2024
NHL,LogisticGAM,Expected Goal,spatial,spatial_surface,-33.33333333333333,95.21739130434783,-0.8129900436598682,,,,2014-2024
NHL,LogisticGAM,Expected Goal,spatial,spatial_surface,-30.434782608695656,95.21739130434783,-0.8459169136918294,,,,2014-2024
NHL,LogisticGAM,Expected Goal,spatial,spatial_surface,-27.53623188405797,95.21739130434783,-0.8806687519199183,,,,2014-2024
NHL,LogisticGAM,Expected Goal,spatial,spatial_surface,-24.637681159420296,95.21739130434783,-0.9176791965245291,,,,2014-2024
NHL,LogisticGAM,Expected Goal,spatial,spatial_surface,-21.73913043478261,95.21739130434783,-0.9573818856860568,,,,2014-2024
NHL,LogisticGAM,Expected Goal,spatial,spatial_surface,-18.840579710144922,95.21739130434783,-1.000210457584896,,,,2014-2024
NHL,LogisticGAM,Expected Goal,spatial,spatial_surface,-15.94202898550725,95.21739130434783,-1.046598550401441,,,,2014-2024
NHL,LogisticGAM,Expected Goal,spatial,spatial_surface,-13.043478260869563,95.21739130434783,-1.0969788913190825,,,,2014-2024
NHL,LogisticGAM,Expected Goal,spatial,spatial_surface,-10.14492753623189,95.21739130434783,-1.1516506074032073,,,,2014-2024
NHL,LogisticGAM,Expected Goal,spatial,spatial_surface,-7.246376811594203,95.21739130434783,-1.2106397255973214,,,,2014-2024
NHL,LogisticGAM,Expected Goal,spatial,spatial_surface,-4.347826086956516,95.21739130434783,-1.2739389057242436,,,,2014-2024
NHL,LogisticGAM,Expected Goal,spatial,spatial_surface,-1.4492753623188435,95.21739130434783,-1.3415408076067923,,,,2014-2024
NHL,LogisticGAM,Expected Goal,spatial,spatial_surface,1.4492753623188435,95.21739130434783,-1.4134380910677868,,,,2014-2024
NHL,LogisticGAM,Expected Goal,spatial,spatial_surface,4.347826086956516,95.21739130434783,-1.4896234159300454,,,,2014-2024
NHL,LogisticGAM,Expected Goal,spatial,spatial_surface,7.246376811594203,95.21739130434783,-1.5700894420163871,,,,2014-2024
NHL,LogisticGAM,Expected Goal,spatial,spatial_surface,10.14492753623189,95.21739130434783,-1.6548288291496303,,,,2014-2024
NHL,LogisticGAM,Expected Goal,spatial,spatial_surface,13.043478260869563,95.21739130434783,-1.7438342371525934,,,,2014-2024
NHL,LogisticGAM,Expected Goal,spatial,spatial_surface,15.94202898550725,95.21739130434783,-1.8370772460447304,,,,2014-2024
NHL,LogisticGAM,Expected Goal,spatial,spatial_surface,18.840579710144922,95.21739130434783,-1.9338135074753724,,,,2014-2024
NHL,LogisticGAM,Expected Goal,spatial,spatial_surface,21.73913043478261,95.21739130434783,-2.0324244853851687,,,,2014-2024
NHL,LogisticGAM,Expected Goal,spatial,spatial_surface,24.637681159420296,95.21739130434783,-2.1312385157621994,,,,2014-2024
NHL,LogisticGAM,Expected Goal,spatial,spatial_surface,27.53623188405797,95.21739130434783,-2.2285839345945466,,,,2014-2024
NHL,LogisticGAM,Expected Goal,spatial,spatial_surface,30.434782608695656,95.21739130434783,-2.3227890778702918,,,,2014-2024
NHL,LogisticGAM,Expected Goal,spatial,spatial_surface,33.33333333333334,95.21739130434783,-2.4121822815775165,,,,2014-2024
NHL,LogisticGAM,Expected Goal,spatial,spatial_surface,36.231884057971,95.21739130434783,-2.495091881704301,,,,2014-2024
NHL,LogisticGAM,Expected Goal,spatial,spatial_surface,39.13043478260869,95.21739130434783,-2.569846214238727,,,,2014-2024
NHL,LogisticGAM,Expected Goal,spatial,spatial_surface,42.028985507246375,95.21739130434783,-2.6347736151688754,,,,2014-2024
NHL,LogisticGAM,Expected Goal,spatial,spatial_surface,44.92753623188406,95.21739130434783,-2.6883025085239454,,,,2014-2024
NHL,LogisticGAM,Expected Goal,spatial,spatial_surface,47.82608695652175,95.21739130434783,-2.7302695481253525,,,,2014-2024
NHL,LogisticGAM,Expected Goal,spatial,spatial_surface,50.72463768115941,95.21739130434783,-2.76155147542842,,,,2014-2024
NHL,LogisticGAM,Expected Goal,spatial,spatial_surface,53.623188405797094,95.21739130434783,-2.783049365536336,,,,2014-2024
NHL,LogisticGAM,Expected Goal,spatial,spatial_surface,56.52173913043478,95.21739130434783,-2.7956642935522895,,,,2014-2024
NHL,LogisticGAM,Expected Goal,spatial,spatial_surface,59.42028985507247,95.21739130434783,-2.8002973345794677,,,,2014-2024
NHL,LogisticGAM,Expected Goal,spatial,spatial_surface,62.318840579710155,95.21739130434783,-2.79784956372106,,,,2014-2024
NHL,LogisticGAM,Expected Goal,spatial,spatial_surface,65.21739130434781,95.21739130434783,-2.7892220560802525,,,,2014-2024
NHL,LogisticGAM,Expected Goal,spatial,spatial_surface,68.1159420289855,95.21739130434783,-2.7753158867602346,,,,2014-2024
NHL,LogisticGAM,Expected Goal,spatial,spatial_surface,71.01449275362319,95.21739130434783,-2.7570321308641943,,,,2014-2024
NHL,LogisticGAM,Expected Goal,spatial,spatial_surface,73.91304347826087,95.21739130434783,-2.735255452409865,,,,2014-2024
NHL,LogisticGAM,Expected Goal,spatial,spatial_surface,76.81159420289856,95.21739130434783,-2.710752241040259,,,,2014-2024
NHL,LogisticGAM,Expected Goal,spatial,spatial_surface,79.71014492753622,95.21739130434783,-2.684237032238986,,,,2014-2024
NHL,LogisticGAM,Expected Goal,spatial,spatial_surface,82.6086956521739,95.21739130434783,-2.656424140685969,,,,2014-2024
NHL,LogisticGAM,Expected Goal,spatial,spatial_surface,85.5072463768116,95.21739130434783,-2.628027881061128,,,,2014-2024
NHL,LogisticGAM,Expected Goal,spatial,spatial_surface,88.40579710144928,95.21739130434783,-2.599762568044386,,,,2014-2024
NHL,LogisticGAM,Expected Goal,spatial,spatial_surface,91.30434782608697,95.21739130434783,-2.5723425163156604,,,,2014-2024
NHL,LogisticGAM,Expected Goal,spatial,spatial_surface,94.20289855072463,95.21739130434783,-2.546482040554874,,,,2014-2024
NHL,LogisticGAM,Expected Goal,spatial,spatial_surface,97.10144927536231,95.21739130434783,-2.522895455441947,,,,2014-2024
NHL,LogisticGAM,Expected Goal,spatial,spatial_surface,100.0,95.21739130434783,-2.502297075656801,,,,2014-2024
NHL,LogisticGAM,Expected Goal,spatial,spatial_surface,-100.0,96.81159420289855,0.5234632278985076,,,,2014-2024
NHL,LogisticGAM,Expected Goal,spatial,spatial_surface,-97.10144927536231,96.81159420289855,0.4231782987862549,,,,2014-2024
NHL,LogisticGAM,Expected Goal,spatial,spatial_surface,-94.20289855072464,96.81159420289855,0.3246783458756907,,,,2014-2024
NHL,LogisticGAM,Expected Goal,spatial,spatial_surface,-91.30434782608695,96.81159420289855,0.22853955874488108,,,,2014-2024
NHL,LogisticGAM,Expected Goal,spatial,spatial_surface,-88.40579710144928,96.81159420289855,0.13524890372692597,,,,2014-2024
NHL,LogisticGAM,Expected Goal,spatial,spatial_surface,-85.5072463768116,96.81159420289855,0.04529334715492431,,,,2014-2024
NHL,LogisticGAM,Expected Goal,spatial,spatial_surface,-82.6086956521739,96.81159420289855,-0.04084014463802427,,,,2014-2024
NHL,LogisticGAM,Expected Goal,spatial,spatial_surface,-79.71014492753623,96.81159420289855,-0.12266460531881995,,,,2014-2024
NHL,LogisticGAM,Expected Goal,spatial,spatial_surface,-76.81159420289855,96.81159420289855,-0.19969306855436417,,,,2014-2024
NHL,LogisticGAM,Expected Goal,spatial,spatial_surface,-73.91304347826087,96.81159420289855,-0.2714385680115564,,,,2014-2024
NHL,LogisticGAM,Expected Goal,spatial,spatial_surface,-71.01449275362319,96.81159420289855,-0.3374141373572986,,,,2014-2024
NHL,LogisticGAM,Expected Goal,spatial,spatial_surface,-68.1159420289855,96.81159420289855,-0.39724754594435213,,,,2014-2024
NHL,LogisticGAM,Expected Goal,spatial,spatial_surface,-65.21739130434783,96.81159420289855,-0.4512970260688825,,,,2014-2024
NHL,LogisticGAM,Expected Goal,spatial,spatial_surface,-62.31884057971015,96.81159420289855,-0.5002072850683974,,,,2014-2024
NHL,LogisticGAM,Expected Goal,spatial,spatial_surface,-59.42028985507246,96.81159420289855,-0.5446237043205577,,,,2014-2024
NHL,LogisticGAM,Expected Goal,spatial,spatial_surface,-56.52173913043478,96.81159420289855,-0.5851916652030247,,,,2014-2024
NHL,LogisticGAM,Expected Goal,spatial,spatial_surface,-53.6231884057971,96.81159420289855,-0.6225565490934589,,,,2014-2024
NHL,LogisticGAM,Expected Goal,spatial,spatial_surface,-50.72463768115942,96.81159420289855,-0.6573637373695222,,,,2014-2024
NHL,LogisticGAM,Expected Goal,spatial,spatial_surface,-47.82608695652174,96.81159420289855,-0.6902586114088753,,,,2014-2024
NHL,LogisticGAM,Expected Goal,spatial,spatial_surface,-44.927536231884055,96.81159420289855,-0.7218865525891791,,,,2014-2024
NHL,LogisticGAM,Expected Goal,spatial,spatial_surface,-42.028985507246375,96.81159420289855,-0.7528929403434075,,,,2014-2024
NHL,LogisticGAM,Expected Goal,spatial,spatial_surface,-39.130434782608695,96.81159420289855,-0.7838871578830103,,,,2014-2024
NHL,LogisticGAM,Expected Goal,spatial,spatial_surface,-36.231884057971016,96.81159420289855,-0.8153505857314103,,,,2014-2024
NHL,LogisticGAM,Expected Goal,spatial,spatial_surface,-33.33333333333333,96.81159420289855,-0.8477361644750713,,,,2014-2024
NHL,LogisticGAM,Expected Goal,spatial,spatial_surface,-30.434782608695656,96.81159420289855,-0.8814968347004568,,,,2014-2024
NHL,LogisticGAM,Expected Goal,spatial,spatial_surface,-27.53623188405797,96.81159420289855,-0.9170855369940307,,,,2014-2024
NHL,LogisticGAM,Expected Goal,spatial,spatial_surface,-24.637681159420296,96.81159420289855,-0.9549552119422567,,,,2014-2024
NHL,LogisticGAM,Expected Goal,spatial,spatial_surface,-21.73913043478261,96.81159420289855,-0.9955588001315988,,,,2014-2024
NHL,LogisticGAM,Expected Goal,spatial,spatial_surface,-18.840579710144922,96.81159420289855,-1.039349242148521,,,,2014-2024
NHL,LogisticGAM,Expected Goal,spatial,spatial_surface,-15.94202898550725,96.81159420289855,-1.0867794785794866,,,,2014-2024
NHL,LogisticGAM,Expected Goal,spatial,spatial_surface,-13.043478260869563,96.81159420289855,-1.1383015104520633,,,,2014-2024
NHL,LogisticGAM,Expected Goal,spatial,spatial_surface,-10.14492753623189,96.81159420289855,-1.1942295499988418,,,,2014-2024
NHL,LogisticGAM,Expected Goal,spatial,spatial_surface,-7.246376811594203,96.81159420289855,-1.2545961470013294,,,,2014-2024
NHL,LogisticGAM,Expected Goal,spatial,spatial_surface,-4.347826086956516,96.81159420289855,-1.3193994379828733,,,,2014-2024
NHL,LogisticGAM,Expected Goal,spatial,spatial_surface,-1.4492753623188435,96.81159420289855,-1.388637559466818,,,,2014-2024
NHL,LogisticGAM,Expected Goal,spatial,spatial_surface,1.4492753623188435,96.81159420289855,-1.4623086479765104,,,,2014-2024
NHL,LogisticGAM,Expected Goal,spatial,spatial_surface,4.347826086956516,96.81159420289855,-1.5404108400352958,,,,2014-2024
NHL,LogisticGAM,Expected Goal,spatial,spatial_surface,7.246376811594203,96.81159420289855,-1.6229422721665197,,,,2014-2024
NHL,LogisticGAM,Expected Goal,spatial,spatial_surface,10.14492753623189,96.81159420289855,-1.7099010808935289,,,,2014-2024
NHL,LogisticGAM,Expected Goal,spatial,spatial_surface,13.043478260869563,96.81159420289855,-1.8012854027396674,,,,2014-2024
NHL,LogisticGAM,Expected Goal,spatial,spatial_surface,15.94202898550725,96.81159420289855,-1.897071369677199,,,,2014-2024
NHL,LogisticGAM,Expected Goal,spatial,spatial_surface,18.840579710144922,96.81159420289855,-1.9964877783204835,,,,2014-2024
NHL,LogisticGAM,Expected Goal,spatial,spatial_surface,21.73913043478261,96.81159420289855,-2.0978508879248285,,,,2014-2024
NHL,LogisticGAM,Expected Goal,spatial,spatial_surface,24.637681159420296,96.81159420289855,-2.1994214991283063,,,,2014-2024
NHL,LogisticGAM,Expected Goal,spatial,spatial_surface,27.53623188405797,96.81159420289855,-2.2994604125689877,,,,2014-2024
NHL,LogisticGAM,Expected Goal,spatial,spatial_surface,30.434782608695656,96.81159420289855,-2.396228428884947,,,,2014-2024
NHL,LogisticGAM,Expected Goal,spatial,spatial_surface,33.33333333333334,96.81159420289855,-2.487986348714255,,,,2014-2024
NHL,LogisticGAM,Expected Goal,spatial,spatial_surface,36.231884057971,96.81159420289855,-2.5729949726949837,,,,2014-2024
NHL,LogisticGAM,Expected Goal,spatial,spatial_surface,39.13043478260869,96.81159420289855,-2.6495151014652056,,,,2014-2024
NHL,LogisticGAM,Expected Goal,spatial,spatial_surface,42.028985507246375,96.81159420289855,-2.715807535662992,,,,2014-2024
NHL,LogisticGAM,Expected Goal,spatial,spatial_surface,44.92753623188406,96.81159420289855,-2.770237050340561,,,,2014-2024
NHL,LogisticGAM,Expected Goal,spatial,spatial_surface,47.82608695652175,96.81159420289855,-2.812631331263459,,,,2014-2024
NHL,LogisticGAM,Expected Goal,spatial,spatial_surface,50.72463768115941,96.81159420289855,-2.843898537960007,,,,2014-2024
NHL,LogisticGAM,Expected Goal,spatial,spatial_surface,53.623188405797094,96.81159420289855,-2.8649721084708495,,,,2014-2024
NHL,LogisticGAM,Expected Goal,spatial,spatial_surface,56.52173913043478,96.81159420289855,-2.8767854808366304,,,,2014-2024
NHL,LogisticGAM,Expected Goal,spatial,spatial_surface,59.42028985507247,96.81159420289855,-2.880272093097991,,,,2014-2024
NHL,LogisticGAM,Expected Goal,spatial,spatial_surface,62.318840579710155,96.81159420289855,-2.8763653832955782,,,,2014-2024
NHL,LogisticGAM,Expected Goal,spatial,spatial_surface,65.21739130434781,96.81159420289855,-2.8659987894700327,,,,2014-2024
NHL,LogisticGAM,Expected Goal,spatial,spatial_surface,68.1159420289855,96.81159420289855,-2.8501057496619993,,,,2014-2024
NHL,LogisticGAM,Expected Goal,spatial,spatial_surface,71.01449275362319,96.81159420289855,-2.8296197019121214,,,,2014-2024
NHL,LogisticGAM,Expected Goal,spatial,spatial_surface,73.91304347826087,96.81159420289855,-2.805457446523219,,,,2014-2024
NHL,LogisticGAM,Expected Goal,spatial,spatial_surface,76.81159420289856,96.81159420289855,-2.778415875944155,,,,2014-2024
NHL,LogisticGAM,Expected Goal,spatial,spatial_surface,79.71014492753622,96.81159420289855,-2.749239312310174,,,,2014-2024
NHL,LogisticGAM,Expected Goal,spatial,spatial_surface,82.6086956521739,96.81159420289855,-2.718671853903325,,,,2014-2024
NHL,LogisticGAM,Expected Goal,spatial,spatial_surface,85.5072463768116,96.81159420289855,-2.6874575990056564,,,,2014-2024
NHL,LogisticGAM,Expected Goal,spatial,spatial_surface,88.40579710144928,96.81159420289855,-2.6563406458992183,,,,2014-2024
NHL,LogisticGAM,Expected Goal,spatial,spatial_surface,91.30434782608697,96.81159420289855,-2.626065092866058,,,,2014-2024
NHL,LogisticGAM,Expected Goal,spatial,spatial_surface,94.20289855072463,96.81159420289855,-2.597375038188224,,,,2014-2024
NHL,LogisticGAM,Expected Goal,spatial,spatial_surface,97.10144927536231,96.81159420289855,-2.5710145801477657,,,,2014-2024
NHL,LogisticGAM,Expected Goal,spatial,spatial_surface,100.0,96.81159420289855,-2.5477278170267326,,,,2014-2024
NHL,LogisticGAM,Expected Goal,spatial,spatial_surface,-100.0,98.40579710144928,0.5411101332593391,,,,2014-2024
NHL,LogisticGAM,Expected Goal,spatial,spatial_surface,-97.10144927536231,98.40579710144928,0.43694673743321927,,,,2014-2024
NHL,LogisticGAM,Expected Goal,spatial,spatial_surface,-94.20289855072464,98.40579710144928,0.33463339504468914,,,,2014-2024
NHL,LogisticGAM,Expected Goal,spatial,spatial_surface,-91.30434782608695,98.40579710144928,0.2347673571005668,,,,2014-2024
NHL,LogisticGAM,Expected Goal,spatial,spatial_surface,-88.40579710144928,98.40579710144928,0.13785340122568912,,,,2014-2024
NHL,LogisticGAM,Expected Goal,spatial,spatial_surface,-85.5072463768116,98.40579710144928,0.044396305044890616,,,,2014-2024
NHL,LogisticGAM,Expected Goal,spatial,spatial_surface,-82.6086956521739,98.40579710144928,-0.04509915381699248,,,,2014-2024
NHL,LogisticGAM,Expected Goal,spatial,spatial_surface,-79.71014492753623,98.40579710144928,-0.130128197735124,,,,2014-2024
NHL,LogisticGAM,Expected Goal,spatial,spatial_surface,-76.81159420289855,98.40579710144928,-0.21018604908466942,,,,2014-2024
NHL,LogisticGAM,Expected Goal,spatial,spatial_surface,-73.91304347826087,98.40579710144928,-0.28476793024079194,,,,2014-2024
NHL,LogisticGAM,Expected Goal,spatial,spatial_surface,-71.01449275362319,98.40579710144928,-0.35336906357865694,,,,2014-2024
NHL,LogisticGAM,Expected Goal,spatial,spatial_surface,-68.1159420289855,98.40579710144928,-0.41560282816472605,,,,2014-2024
NHL,LogisticGAM,Expected Goal,spatial,spatial_surface,-65.21739130434783,98.40579710144928,-0.4718348457862846,,,,2014-2024
NHL,LogisticGAM,Expected Goal,spatial,spatial_surface,-62.31884057971015,98.40579710144928,-0.5227257549272117,,,,2014-2024
NHL,LogisticGAM,Expected Goal,spatial,spatial_surface,-59.42028985507246,98.40579710144928,-0.5689368882089938,,,,2014-2024
NHL,LogisticGAM,Expected Goal,spatial,spatial_surface,-56.52173913043478,98.40579710144928,-0.6111295782531161,,,,2014-2024
NHL,LogisticGAM,Expected Goal,spatial,spatial_surface,-53.6231884057971,98.40579710144928,-0.6499651576810644,,,,2014-2024
NHL,LogisticGAM,Expected Goal,spatial,spatial_surface,-50.72463768115942,98.40579710144928,-0.6861049591143245,,,,2014-2024
NHL,LogisticGAM,Expected Goal,spatial,spatial_surface,-47.82608695652174,98.40579710144928,-0.7202103151743827,,,,2014-2024
NHL,LogisticGAM,Expected Goal,spatial,spatial_surface,-44.927536231884055,98.40579710144928,-0.7529425584827241,,,,2014-2024
NHL,LogisticGAM,Expected Goal,spatial,spatial_surface,-42.028985507246375,98.40579710144928,-0.784963019750012,,,,2014-2024
NHL,LogisticGAM,Expected Goal,spatial,spatial_surface,-39.130434782608695,98.40579710144928,-0.816897660303271,,,,2014-2024
NHL,LogisticGAM,Expected Goal,spatial,spatial_surface,-36.231884057971016,98.40579710144928,-0.8492466678191805,,,,2014-2024
NHL,LogisticGAM,Expected Goal,spatial,spatial_surface,-33.33333333333333,98.40579710144928,-0.8824822852902735,,,,2014-2024
NHL,LogisticGAM,Expected Goal,spatial,spatial_surface,-30.434782608695656,98.40579710144928,-0.917076755709083,,,,2014-2024
NHL,LogisticGAM,Expected Goal,spatial,spatial_surface,-27.53623188405797,98.40579710144928,-0.9535023220681419,,,,2014-2024
NHL,LogisticGAM,Expected Goal,spatial,spatial_surface,-24.637681159420296,98.40579710144928,-0.9922312273599833,,,,2014-2024
NHL,LogisticGAM,Expected Goal,spatial,spatial_surface,-21.73913043478261,98.40579710144928,-1.03373571457714,,,,2014-2024
NHL,LogisticGAM,Expected Goal,spatial,spatial_surface,-18.840579710144922,98.40579710144928,-1.0784880267121455,,,,2014-2024
NHL,LogisticGAM,Expected Goal,spatial,spatial_surface,-15.94202898550725,98.40579710144928,-1.1269604067575312,,,,2014-2024
NHL,LogisticGAM,Expected Goal,spatial,spatial_surface,-13.043478260869563,98.40579710144928,-1.179624129585043,,,,2014-2024
NHL,LogisticGAM,Expected Goal,spatial,spatial_surface,-10.14492753623189,98.40579710144928,-1.2368084925944747,,,,2014-2024
NHL,LogisticGAM,Expected Goal,spatial,spatial_surface,-7.246376811594203,98.40579710144928,-1.2985525684053367,,,,2014-2024
NHL,LogisticGAM,Expected Goal,spatial,spatial_surface,-4.347826086956516,98.40579710144928,-1.364859970241502,,,,2014-2024
NHL,LogisticGAM,Expected Goal,spatial,spatial_surface,-1.4492753623188435,98.40579710144928,-1.4357343113268428,,,,2014-2024
NHL,LogisticGAM,Expected Goal,spatial,spatial_surface,1.4492753623188435,98.40579710144928,-1.5111792048852333,,,,2014-2024
NHL,LogisticGAM,Expected Goal,spatial,spatial_surface,4.347826086956516,98.40579710144928,-1.5911982641405449,,,,2014-2024
NHL,LogisticGAM,Expected Goal,spatial,spatial_surface,7.246376811594203,98.40579710144928,-1.6757951023166513,,,,2014-2024
NHL,LogisticGAM,Expected Goal,spatial,spatial_surface,10.14492753623189,98.40579710144928,-1.7649733326374257,,,,2014-2024
NHL,LogisticGAM,Expected Goal,spatial,spatial_surface,13.043478260869563,98.40579710144928,-1.8587365683267398,,,,2014-2024
NHL,LogisticGAM,Expected Goal,spatial,spatial_surface,15.94202898550725,98.40579710144928,-1.9570654933096665,,,,2014-2024
NHL,LogisticGAM,Expected Goal,spatial,spatial_surface,18.840579710144922,98.40579710144928,-2.0591620491655926,,,,2014-2024
NHL,LogisticGAM,Expected Goal,spatial,spatial_surface,21.73913043478261,98.40579710144928,-2.1632772904644875,,,,2014-2024
NHL,LogisticGAM,Expected Goal,spatial,spatial_surface,24.637681159420296,98.40579710144928,-2.267604482494411,,,,2014-2024
NHL,LogisticGAM,Expected Goal,spatial,spatial_surface,27.53623188405797,98.40579710144928,-2.3703368905434266,,,,2014-2024
NHL,LogisticGAM,Expected Goal,spatial,spatial_surface,30.434782608695656,98.40579710144928,-2.4696677798995994,,,,2014-2024
NHL,LogisticGAM,Expected Goal,spatial,spatial_surface,33.33333333333334,98.40579710144928,-2.5637904158509914,,,,2014-2024
NHL,LogisticGAM,Expected Goal,spatial,spatial_surface,36.231884057971,98.40579710144928,-2.650898063685663,,,,2014-2024
NHL,LogisticGAM,Expected Goal,spatial,spatial_surface,39.13043478260869,98.40579710144928,-2.7291839886916813,,,,2014-2024
NHL,LogisticGAM,Expected Goal,spatial,spatial_surface,42.028985507246375,98.40579710144928,-2.7968414561571064,,,,2014-2024
NHL,LogisticGAM,Expected Goal,spatial,spatial_surface,44.92753623188406,98.40579710144928,-2.8521715921571733,,,,2014-2024
NHL,LogisticGAM,Expected Goal,spatial,spatial_surface,47.82608695652175,98.40579710144928,-2.8949931144015637,,,,2014-2024
NHL,LogisticGAM,Expected Goal,spatial,spatial_surface,50.72463768115941,98.40579710144928,-2.9262456004915918,,,,2014-2024
NHL,LogisticGAM,Expected Goal,spatial,spatial_surface,53.623188405797094,98.40579710144928,-2.946894851405361,,,,2014-2024
NHL,LogisticGAM,Expected Goal,spatial,spatial_surface,56.52173913043478,98.40579710144928,-2.9579066681209674,,,,2014-2024
NHL,LogisticGAM,Expected Goal,spatial,spatial_surface,59.42028985507247,98.40579710144928,-2.960246851616512,,,,2014-2024
NHL,LogisticGAM,Expected Goal,spatial,spatial_surface,62.318840579710155,98.40579710144928,-2.9548812028700944,,,,2014-2024
NHL,LogisticGAM,Expected Goal,spatial,spatial_surface,65.21739130434781,98.40579710144928,-2.9427755228598107,,,,2014-2024
NHL,LogisticGAM,Expected Goal,spatial,spatial_surface,68.1159420289855,98.40579710144928,-2.9248956125637617,,,,2014-2024
NHL,LogisticGAM,Expected Goal,spatial,spatial_surface,71.01449275362319,98.40579710144928,-2.9022072729600468,,,,2014-2024
NHL,LogisticGAM,Expected Goal,spatial,spatial_surface,73.91304347826087,98.40579710144928,-2.8756594406365705,,,,2014-2024
NHL,LogisticGAM,Expected Goal,spatial,spatial_surface,76.81159420289856,98.40579710144928,-2.846079510848049,,,,2014-2024
NHL,LogisticGAM,Expected Goal,spatial,spatial_surface,79.71014492753622,98.40579710144928,-2.81424159238136,,,,2014-2024
NHL,LogisticGAM,Expected Goal,spatial,spatial_surface,82.6086956521739,98.40579710144928,-2.7809195671206783,,,,2014-2024
NHL,LogisticGAM,Expected Goal,spatial,spatial_surface,85.5072463768116,98.40579710144928,-2.7468873169501826,,,,2014-2024
NHL,LogisticGAM,Expected Goal,spatial,spatial_surface,88.40579710144928,98.40579710144928,-2.7129187237540493,,,,2014-2024
NHL,LogisticGAM,Expected Goal,spatial,spatial_surface,91.30434782608697,98.40579710144928,-2.6797876694164535,,,,2014-2024
NHL,LogisticGAM,Expected Goal,spatial,spatial_surface,94.20289855072463,98.40579710144928,-2.6482680358215727,,,,2014-2024
NHL,LogisticGAM,Expected Goal,spatial,spatial_surface,97.10144927536231,98.40579710144928,-2.619133704853583,,,,2014-2024
NHL,LogisticGAM,Expected Goal,spatial,spatial_surface,100.0,98.40579710144928,-2.593158558396663,,,,2014-2024
NHL,LogisticGAM,Expected Goal,spatial,spatial_surface,-100.0,100.0,0.5587570386201707,,,,2014-2024
NHL,LogisticGAM,Expected Goal,spatial,spatial_surface,-97.10144927536231,100.0,0.45071517608018363,,,,2014-2024
NHL,LogisticGAM,Expected Goal,spatial,spatial_surface,-94.20289855072464,100.0,0.34458844421368745,,,,2014-2024
NHL,LogisticGAM,Expected Goal,spatial,spatial_surface,-91.30434782608695,100.0,0.2409951554562526,,,,2014-2024
NHL,LogisticGAM,Expected Goal,spatial,spatial_surface,-88.40579710144928,100.0,0.1404578987244522,,,,2014-2024
NHL,LogisticGAM,Expected Goal,spatial,spatial_surface,-85.5072463768116,100.0,0.04349926293485705,,,,2014-2024
NHL,LogisticGAM,Expected Goal,spatial,spatial_surface,-82.6086956521739,100.0,-0.04935816299596051,,,,2014-2024
NHL,LogisticGAM,Expected Goal,spatial,spatial_surface,-79.71014492753623,100.0,-0.137591790151428,,,,2014-2024
NHL,LogisticGAM,Expected Goal,spatial,spatial_surface,-76.81159420289855,100.0,-0.2206790296149746,,,,2014-2024
NHL,LogisticGAM,Expected Goal,spatial,spatial_surface,-73.91304347826087,100.0,-0.29809729247002725,,,,2014-2024
NHL,LogisticGAM,Expected Goal,spatial,spatial_surface,-71.01449275362319,100.0,-0.3693239898000152,,,,2014-2024
NHL,LogisticGAM,Expected Goal,spatial,spatial_surface,-68.1159420289855,100.0,-0.4339581103850999,,,,2014-2024
NHL,LogisticGAM,Expected Goal,spatial,spatial_surface,-65.21739130434783,100.0,-0.4923726655036863,,,,2014-2024
NHL,LogisticGAM,Expected Goal,spatial,spatial_surface,-62.31884057971015,100.0,-0.5452442247860261,,,,2014-2024
NHL,LogisticGAM,Expected Goal,spatial,spatial_surface,-59.42028985507246,100.0,-0.5932500720974299,,,,2014-2024
NHL,LogisticGAM,Expected Goal,spatial,spatial_surface,-56.52173913043478,100.0,-0.6370674913032074,,,,2014-2024
NHL,LogisticGAM,Expected Goal,spatial,spatial_surface,-53.6231884057971,100.0,-0.6773737662686695,,,,2014-2024
NHL,LogisticGAM,Expected Goal,spatial,spatial_surface,-50.72463768115942,100.0,-0.7148461808591268,,,,2014-2024
NHL,LogisticGAM,Expected Goal,spatial,spatial_surface,-47.82608695652174,100.0,-0.75016201893989,,,,2014-2024
NHL,LogisticGAM,Expected Goal,spatial,spatial_surface,-44.927536231884055,100.0,-0.7839985643762689,,,,2014-2024
NHL,LogisticGAM,Expected Goal,spatial,spatial_surface,-42.028985507246375,100.0,-0.8170330991566167,,,,2014-2024
NHL,LogisticGAM,Expected Goal,spatial,spatial_surface,-39.130434782608695,100.0,-0.8499081627235311,,,,2014-2024
NHL,LogisticGAM,Expected Goal,spatial,spatial_surface,-36.231884057971016,100.0,-0.8831427499069502,,,,2014-2024
NHL,LogisticGAM,Expected Goal,spatial,spatial_surface,-33.33333333333333,100.0,-0.9172284061054755,,,,2014-2024
NHL,LogisticGAM,Expected Goal,spatial,spatial_surface,-30.434782608695656,100.0,-0.9526566767177093,,,,2014-2024
NHL,LogisticGAM,Expected Goal,spatial,spatial_surface,-27.53623188405797,100.0,-0.9899191071422531,,,,2014-2024
NHL,LogisticGAM,Expected Goal,spatial,spatial_surface,-24.637681159420296,100.0,-1.0295072427777097,,,,2014-2024
NHL,LogisticGAM,Expected Goal,spatial,spatial_surface,-21.73913043478261,100.0,-1.071912629022681,,,,2014-2024
NHL,LogisticGAM,Expected Goal,spatial,spatial_surface,-18.840579710144922,100.0,-1.117626811275769,,,,2014-2024
NHL,LogisticGAM,Expected Goal,spatial,spatial_surface,-15.94202898550725,100.0,-1.1671413349355755,,,,2014-2024
NHL,LogisticGAM,Expected Goal,spatial,spatial_surface,-13.043478260869563,100.0,-1.2209467487180223,,,,2014-2024
NHL,LogisticGAM,Expected Goal,spatial,spatial_surface,-10.14492753623189,100.0,-1.2793874351901076,,,,2014-2024
NHL,LogisticGAM,Expected Goal,spatial,spatial_surface,-7.246376811594203,100.0,-1.3425089898093436,,,,2014-2024
NHL,LogisticGAM,Expected Goal,spatial,spatial_surface,-4.347826086956516,100.0,-1.4103205025001304,,,,2014-2024
NHL,LogisticGAM,Expected Goal,spatial,spatial_surface,-1.4492753623188435,100.0,-1.482831063186867,,,,2014-2024
NHL,LogisticGAM,Expected Goal,spatial,spatial_surface,1.4492753623188435,100.0,-1.560049761793955,,,,2014-2024
NHL,LogisticGAM,Expected Goal,spatial,spatial_surface,4.347826086956516,100.0,-1.6419856882457937,,,,2014-2024
NHL,LogisticGAM,Expected Goal,spatial,spatial_surface,7.246376811594203,100.0,-1.7286479324667825,,,,2014-2024
NHL,LogisticGAM,Expected Goal,spatial,spatial_surface,10.14492753623189,100.0,-1.8200455843813224,,,,2014-2024
NHL,LogisticGAM,Expected Goal,spatial,spatial_surface,13.043478260869563,100.0,-1.9161877339138125,,,,2014-2024
NHL,LogisticGAM,Expected Goal,spatial,spatial_surface,15.94202898550725,100.0,-2.0170596169421326,,,,2014-2024
NHL,LogisticGAM,Expected Goal,spatial,spatial_surface,18.840579710144922,100.0,-2.121836320010702,,,,2014-2024
NHL,LogisticGAM,Expected Goal,spatial,spatial_surface,21.73913043478261,100.0,-2.2287036930041455,,,,2014-2024
NHL,LogisticGAM,Expected Goal,spatial,spatial_surface,24.637681159420296,100.0,-2.3357874658605153,,,,2014-2024
NHL,LogisticGAM,Expected Goal,spatial,spatial_surface,27.53623188405797,100.0,-2.4412133685178663,,,,2014-2024
NHL,LogisticGAM,Expected Goal,spatial,spatial_surface,30.434782608695656,100.0,-2.543107130914252,,,,2014-2024
NHL,LogisticGAM,Expected Goal,spatial,spatial_surface,33.33333333333334,100.0,-2.6395944829877274,,,,2014-2024
NHL,LogisticGAM,Expected Goal,spatial,spatial_surface,36.231884057971,100.0,-2.7288011546763435,,,,2014-2024
NHL,LogisticGAM,Expected Goal,spatial,spatial_surface,39.13043478260869,100.0,-2.8088528759181575,,,,2014-2024
NHL,LogisticGAM,Expected Goal,spatial,spatial_surface,42.028985507246375,100.0,-2.8778753766512204,,,,2014-2024
NHL,LogisticGAM,Expected Goal,spatial,spatial_surface,44.92753623188406,100.0,-2.9341061339737866,,,,2014-2024
NHL,LogisticGAM,Expected Goal,spatial,spatial_surface,47.82608695652175,100.0,-2.977354897539667,,,,2014-2024
NHL,LogisticGAM,Expected Goal,spatial,spatial_surface,50.72463768115941,100.0,-3.008592663023177,,,,2014-2024
NHL,LogisticGAM,Expected Goal,spatial,spatial_surface,53.623188405797094,100.0,-3.028817594339871,,,,2014-2024
NHL,LogisticGAM,Expected Goal,spatial,spatial_surface,56.52173913043478,100.0,-3.0390278554053056,,,,2014-2024
NHL,LogisticGAM,Expected Goal,spatial,spatial_surface,59.42028985507247,100.0,-3.0402216101350334,,,,2014-2024
NHL,LogisticGAM,Expected Goal,spatial,spatial_surface,62.318840579710155,100.0,-3.03339702244461,,,,2014-2024
NHL,LogisticGAM,Expected Goal,spatial,spatial_surface,65.21739130434781,100.0,-3.0195522562495882,,,,2014-2024
NHL,LogisticGAM,Expected Goal,spatial,spatial_surface,68.1159420289855,100.0,-2.999685475465524,,,,2014-2024
NHL,LogisticGAM,Expected Goal,spatial,spatial_surface,71.01449275362319,100.0,-2.9747948440079726,,,,2014-2024
NHL,LogisticGAM,Expected Goal,spatial,spatial_surface,73.91304347826087,100.0,-2.945861434749922,,,,2014-2024
NHL,LogisticGAM,Expected Goal,spatial,spatial_surface,76.81159420289856,100.0,-2.913743145751944,,,,2014-2024
NHL,LogisticGAM,Expected Goal,spatial,spatial_surface,79.71014492753622,100.0,-2.8792438724525455,,,,2014-2024
NHL,LogisticGAM,Expected Goal,spatial,spatial_surface,82.6086956521739,100.0,-2.8431672803380326,,,,2014-2024
NHL,LogisticGAM,Expected Goal,spatial,spatial_surface,85.5072463768116,100.0,-2.806317034894709,,,,2014-2024
NHL,LogisticGAM,Expected Goal,spatial,spatial_surface,88.40579710144928,100.0,-2.7694968016088803,,,,2014-2024
NHL,LogisticGAM,Expected Goal,spatial,spatial_surface,91.30434782608697,100.0,-2.73351024596685,,,,2014-2024
NHL,LogisticGAM,Expected Goal,spatial,spatial_surface,94.20289855072463,100.0,-2.699161033454922,,,,2014-2024
NHL,LogisticGAM,Expected Goal,spatial,spatial_surface,97.10144927536231,100.0,-2.667252829559402,,,,2014-2024
NHL,LogisticGAM,Expected Goal,spatial,spatial_surface,100.0,100.0,-2.6385892997665943,,,,2014-2024
